slug,genre,title,meta_description,lead,key_points,priority,tags,author_name,author_profile,reviewer_name,reviewer_profile,fact_checked_at,primary_sources,original_note,user_intent,action_items,update_policy,last_reviewed_at,next_review_at,source_checked_at,content_status,revision_note,section_1_heading,section_1_body,section_2_heading,section_2_body,section_3_heading,section_3_body,section_4_heading,section_4_body,section_5_heading,section_5_body,section_6_heading,section_6_body,section_7_heading,section_7_body,faq_1_question,faq_1_answer,faq_2_question,faq_2_answer,related_links,faq_3_question,faq_3_answer
faq-fp2-study-hours,よくある質問,FP2級の勉強時間は何時間？独学の目安と逆算,FP2級独学の総学習時間200〜300時間の根拠と、週あたり学習時間からの逆算表、6科目・学科・技能検定への時間配分、演習正答率で足りたと判断する目安をFP3級との差も含めて整理します。社会人向けの週次スケジュール例と演習量の目安も掲載。,FP2級は学科120問と技能検定の両方合格が必要で、独学では200〜300時間を見込むのが安全です。FP3級合格者でも追加100時間前後が必要なケースが多く、週8時間×25週前後が現実的なラインです。本記事では週次の逆算表と演習量の目安を数字で整理します。,独学の目安は200〜300時間（FP3級比で約2倍）;週8時間×25週で200時間、週10時間×20週も現実的;学科7割・実技3割で後半に技能検定を厚く;タックス・相続は他科目より週2時間多め;過去問120問を2周＋正答率70％が合格圏の目安,10,よくある質問;独学;学習計画;FP2級,FP2級マスター編集部,資格学習サイトの編集チーム,公式情報確認担当,公開前に一次情報との照合を行う担当者,2026-06-16,日本FP協会（公式）|https://www.jafp.or.jp/,参照: 日本FP協会 FP技能検定2級要項（学科120問・技能検定・受検資格）。FP3 faq-study-hours をFP2向けに再執筆。200〜300時間・週次逆算・6科目配分・演習サイン。,読了後は、自分の週あたり学習時間から受験までの総週数が逆算でき、たとえば平日90分×3日＋日曜3時間で週7.5時間なら約27週（7か月弱）で200時間に到達する—というカレンダーを組めます。学科と実技のどちらに何週割くか、6科目の偏りを当サイト演習で確認する手順も分かります。,週に確保できる学習時間（分）をメモし、200時間到達週数を表から読み取る;Googleカレンダーに平日60〜90分×3日・休日180分の繰り返し予定を入れる;第1〜12週は6科目テキスト、第13週から当サイトの学科過去問で週30問;第18週から実技形式（ケーススタディ）を週2時間固定;2週ごとに当サイトの記録・分析タブで正答率を見直し、50％未満の科目に週3時間追加,試験要項・制度改正時に本文と参照元を見直します。,2026-06-16,2026-07-16,2026-06-16,published,2026-06-16: FP2サイト初回公開記事として執筆,勉強時間の目安はなぜ「200〜300時間」と幅が出るか,FP2級は学科120問（180分）と技能検定（実技）の両方合格が必要で、FP3級の80〜150時間より学習量が増えます。条文・計算・ケーススタディの比重も高いため、独学では200〜300時間を見込むのが安全です。FP3級合格者でも「用語は分かるが2級の計算と実技で足りない」ケースが多く、追加100〜150時間を見込む人もいます。逆に金融業界経験者や簿記・税務の知識がある人は180時間前後で足りる例もあります。最新の出題形式・合格基準は日本FP協会の試験要項で必ず再確認してください。,週あたりの学習時間から逆算する,"受験日が未定でも、週あたりの確保時間から総時間を先に決めると計画が崩れにくくなります。たとえば平日90分×3日＋日曜180分で週6.5時間なら、200時間到達まで約31週（7〜8か月）です。250時間を目標にするなら約38週。残り8週は申込・直前復習用に空けておくと現実的です。

| 1日の学習 | 週合計 | 200時間到達 | 250時間到達 |
| --- | --- | --- | --- |
| 30分 | 約3.5時間 | 約57週 | 約71週 |
| 1時間 | 約7時間 | 約29週 | 約36週 |
| 2時間 | 約14時間 | 約14週 | 約18週 |

表は目安です。実際のペースは当サイトの記録・分析タブで演習正答率を2週ごとに見直してください。週の学習時間が足りないときは、たとえば受験月を1〜2か月後ろ倒しにすると再受験コストを抑えやすくなります。",6科目への時間配分の考え方,出題はライフプランニング、リスク管理、金融資産運用、タックスプランニング、不動産、相続・事業承継の6科目です。例えば総学習250時間のうち140時間をインプット、110時間を演習に割く場合、演習110時間を6科目で分けると1科目あたり約18時間。タックスと相続は計算・条文の両方があるため、他科目より10〜15時間多めに取ると後半のつまずきを減らせます。当サイトの学科過去問で分野別正答率を当サイトの記録・分析タブで記録し、偏りを可視化してください。用語の穴は当サイトの用語解説の154語から関連項目を読み返すと効率的です。,演習量と正答率で見る「足りた」サイン,時間だけ数えても足りるかは分かりません。学科は120問中72問以上（60％）、技能検定は別途合格基準があります（要項で確認）。たとえば当サイトの学科過去問120問を2周し、通し演習で正答率70％以上が2回続けば、本番でも合格圏に入りやすい目安です。逆に6科目のうち2科目が正答率50％を下回るなら、総時間を増やすよりその2科目に週3時間を3週間集中する方が効率的です。当サイト一問一答で用語の穴を埋めてから、再び当サイトの学科過去問の通し演習に戻してください。,学科と技能検定（実技）を分けた学習ペース,学科と技能検定は同日受験が基本ですが、学習は分けた方が迷いません。前半7割の時間を学科6科目のテキスト＋演習に使い、残り3割で技能検定のケーススタディ・提案書形式に慣れるのが一般的な配分です。例えば残り6週の段階で、日曜3時間のうち120分を実技形式の演習、60分を間違えた学科分野の当サイトの復習タブでの解き直しに固定すると、試験日に学科180分・技能検定の連続受験でも体力が持ちます。技能検定の出題傾向も要項・公式テキストで再確認してください。,FP3級合格者が2級にかける追加時間,例えばFP3級合格直後に2級へ進む場合でも、6科目の語彙と基礎は活かせますが、2級独自の深さ（相続税計算・不動産の収益還元・実技の提案構成）は新規学習になります。目安として追加100〜150時間、合計200時間前後を見込む人が多いです。3級でタックス・相続が苦手だった人は、2級ではそこだけ週5時間×8週＝40時間を先に確保すると全体が楽になります。3級の学習記録があるなら、当サイトのFP3級マスターの演習履歴と比較し、同じ正答率でも2級過去問で何問落ちるかを当サイトの学科過去問で実測してください。,,,FP2級は本当に250時間あれば足りますか？,金融業界経験者やFP3級で演習まで完了している人なら200時間前後で足りる例もあります。完全独学で用語から始める人は250〜300時間を見込む方が安全です。具体例として週8時間×30週で240時間確保し、学科過去問2周と技能検定演習をセットにすると、再受験リスクを下げやすくなります。正答率が第20週時点で60％を下回る場合は、受験月を1か月後ろ倒しにしてください。,1日1時間しか取れない社会人は何か月必要ですか？,平日60分×5日で週5時間なら、200時間到達まで約40週（10か月弱）です。250時間なら50週前後。通勤時間に当サイトの用語解説10語、休日に当サイトの学科過去問30問—と役割を分けると継続しやすくなります。10か月は長く感じますが、週5時間未満で押し込むと技能検定の演習が不足し、学科だけ合格して実技で止まるパターンが目立ちます。,,勉強時間を短縮したいときに削ってはいけないものは？,削ってはいけないのは「学科過去問の通し演習」と「技能検定形式の演習」です。テキストを1周で止め、問題集だけにすると、2級特有の長文・複合問題で時間切れになりやすいです。例えば総時間を220時間に圧縮するなら、インプットを100時間に抑え、残り120時間を当サイトの学科過去問と実技演習に7:3で割いてください。用語暗記だけを増やしても、本番の提案力には直結しません。
faq-fp2-pass-rate,よくある質問,FP2級の合格率は？年度別の見方と難易度の実感,FP2級の公表合格率の読み方、3級との差、学科120問と技能検定を分けた見方、日本FP協会の最新統計の確認方法、演習正答率で自分の合格見込みを判断する目安を整理します。CBT移行後の年度別公表例と再受験の考え方も掲載。独学の演習基準付き。,FP2級の公表合格率は3級より低く、学科・実技で40〜60％台に推移する年度が多いです。数字だけ見ると難易度が読みにくいため、本記事では協会公表値の見方と演習データでの自己判断基準を整理します。,公表値は再受験者も含む全体平均;3級（80％台）より学科は20ポイント前後低い;学科120問・技能検定は別々に60％以上が必要;協会公式統計表が数値の正本;演習70％×2回が個人の合格見込み目安,11,よくある質問;合格率;難易度;FP2級,FP2級マスター編集部,資格学習サイトの編集チーム,公式情報確認担当,公開前に一次情報との照合を行う担当者,2026-06-16,日本FP協会（公式）|https://www.jafp.or.jp/exam/syutoku/;日本FP協会（公式）|https://www.jafp.or.jp/,参照: 日本FP協会 FP技能検定取得者数・試験結果データ（2級CBT）。FP3 faq-high-pass-rate をFP2向けに再執筆。学科120問・技能検定・3級比較・演習基準。,読了後は、協会サイトの統計表で最新の学科・実技合格率を自分で確認でき、たとえば学科47％・実技56％の公表値が「初回独学の体感」とズレうる理由も理解できます。演習正答率70％×2回を当サイトの記録・分析タブで満たすかどうか—という申込判断基準も持てます。,日本FP協会の試験結果データページで最新の2級学科・実技合格率を確認する;直近3回分の公表値をメモし、学科と実技のどちらが低いかを把握する;当サイトの学科過去問通しで直近2回の正答率を記録・分析タブに入力する;正答率70％未満の科目が2つ以上あれば受験月を1か月後ろ倒しする;技能検定形式の演習を週2時間以上確保してから申込判断する,試験要項・統計公表時に本文の数値例と参照元を見直します。,2026-06-16,2026-07-16,2026-06-16,published,2026-06-16: FP2サイト2本目。合格率の読み方・3級比較・演習基準。,公表合格率は「体感難易度」と一致しない,FP2級の合格率をネット記事だけで判断すると、年度によって40〜60％台と幅があり混乱しやすいです。公表値はその期間に受験した人全体の結果であり、再受験者・通信講座修了者・業界経験者も母数に含まれます。CBT化以降は準備が整った人ほど受験時期を選べるため、表の数字は初学者の体感より高く見えることもあります。数値の正本は日本FP協会の「FP技能士の取得者数及び試験結果データ」です。年度ごとに必ず再確認してください。,FP2級と3級—合格率の差が意味すること,同じ協会公表値で比較すると、3級は学科・実技とも80％台が続く一方、2級学科は40〜55％台・実技は50〜70％台に分布することが多いです。たとえば2025年10月〜2026年2月実施分（協会公表）では学科47.18％・実技56.47％でした。これは「2級の問題が3級の2倍難しい」というより、受検資格で絞られた受験者層と120問180分の学科試験・技能検定の負荷が重なる結果です。3級合格者がそのまま2級に進むと、公表平均より体感難易度が上がる人が多いのも自然です。,学科と技能検定—合格率を分けて読む,2級は学科120問（180分）と技能検定（実技）の両方で合格基準60％以上が必要です。公表統計も学科と実技が別行になっているため、どちらか一方の％だけを見てはいけません。たとえば学科54％・実技70％の期間でも、学科だけ演習不足で落ちる人は一定数います。逆に学科は72問以上取れても技能検定で足切りになるパターンも珍しくありません。当サイトの学科過去問と技能検定形式の演習を分けて記録し、当サイトの記録・分析タブで両方の推移を見てください。,年度・実施期間で変動する見方,"CBT移行後は「1回の試験日」ではなく数か月単位の集計表で公表されます。年度によって学科と実技のバランスも変わります。

| 実施期間（協会公表例） | 学科合格率 | 実技合格率 |
| --- | --- | --- |
| 2025年4月〜9月 | 54.78％ | 69.67％ |
| 2025年10月〜2026年2月 | 47.18％ | 56.47％ |
| 2025年1月（紙試験） | 44.44％ | 48.82％ |

表の数値は執筆時点の公表例です。受験直前は必ず協会サイトの最新表に差し替えてください。きんざい実施分は受験者属性が異なり表の数字も低く出やすいため、自分が申し込む実施団体の行だけを見るのが安全です。",演習データで見る「自分の合格見込み」,公表合格率より、自分の演習ログの方が予測精度が高いです。試験2週前の目安は次の3点です。①当サイトの学科過去問通し120問で直近2回とも正答率70％以上、②技能検定形式の演習を100点換算で2回とも65点以上、③6科目のうち正答率50％未満が1科目以下。たとえば①だけ達成で②が55点なら、残り14日のうち10日は実技演習に寄せるのが合理的です。当サイトの復習タブでミス理由をタグ付けすると、公表値より自分の弱点が見えやすくなります。,合格率に惑わされない最低演習量,「合格率50％だから半分は楽勝」という理解は誤りです。独学初学者の安全ラインは、総学習200時間前後と当サイトの学科過去問2周＋技能検定演習の通し2回です。例えば週8時間×25週で200時間確保し、第20週までに学科正答率70％、第23週までに技能検定65点以上を当サイトの記録・分析タブで確認してから申込むと、公表平均より合格確率をコントロールしやすくなります。時間配分の詳細は関連記事「FP2級の勉強時間は何時間？独学の目安と逆算」も参照してください。,,,FP2級の合格率は公式では何％くらいですか？,年度・学科・実技・実施期間によって変動するため、固定の1数字はここでは書きません。日本FP協会の試験結果データページで2級の最新行を確認してください。たとえば2025年10月〜2026年2月公表値は学科47.18％・実技56.47％でしたが、次の集計期間では変わります。初回独学で演習100時間未満の人の体感は、公表値より低く出ることも多いです。自分の演習正答率70％×2回連続を当サイトの記録・分析タブで確認する方が、個人の合格見込みに使えます。,3級より合格率が低いのはなぜですか？,出題範囲の深さ・学科120問の分量・技能検定の負荷・受検資格で絞られた受験者層が重なるためです。3級は80％台でも2級学科は40〜55％台—という公表差は、2級の方が「準備不足では受験しない人」が相対的に少ないことも影響します。3級ギリギリ合格のまま2級へ進むと、公表平均よりつらく感じるのは自然です。追加200時間の目安は関連記事「FP2級の勉強時間は何時間？独学の目安と逆算」を参照してください。,faq-fp2-study-hours:FP2級の勉強時間は何時間？独学の目安と逆算,再受験すると合格率は上がりますか？,弱点が明確な再受験者は、初回より合格しやすいことが多いです。たとえば1回目に学科不合格で6科目中タックスと相続だけ正答率40％だったなら、2回目はその2科目に週6時間×4週を集中し、他4科目は当サイトの復習タブで解き直しのみに抑えると効率的です。同じ勉強法を繰り返す再受験は公表合格率を上回る保証にはなりません。前回の得点表から弱点1〜2科目を特定してから計画を組み直してください。
faq-fp2-difficulty,よくある質問,FP2級は難しい？3級との差とつまずきやすい論点,FP2級の難易度を3級との出題量・技能検定・合格基準の違いから整理し、タックス・相続・不動産などつまずきやすい6科目の論点と演習で克服する順番を具体例付きで解説します。独学200〜300時間の目安と14週モデルも掲載。3級合格者向け。。,FP2級は「3級の延長」ではなく、学科120問・技能検定・条文と計算の深さで一段上の試験です。3級合格者でも追加200時間前後が必要な人が多く、タックス・相続・不動産でつまずきやすい傾向があります。本記事では3級との差と克服の順番を整理します。,3級比で学習量は約2倍（200〜300時間）;学科60問→120問・180分で持久力も必要;技能検定のケーススタディが別途必須;つまずき多いのはタックス・相続・不動産;3級70％でも2級演習は初回55〜60％が正常,12,よくある質問;難易度;FP3級;FP2級,FP2級マスター編集部,資格学習サイトの編集チーム,公式情報確認担当,公開前に一次情報との照合を行う担当者,2026-06-16,日本FP協会（公式）|https://www.jafp.or.jp/,参照: 日本FP協会 FP技能検定2級要項。FP3 faq-fail-patterns・attr-fp3-fp2-consecutive を参考にFP2向け再執筆。6科目つまずき・3級差・技能検定。,読了後は、FP2級が3級よりどこが難しいかが分かり、たとえば3級でタックスが苦手だった人は2級では週5時間×8週をタックスに先配分—という弱点順の学習計画を組めます。技能検定を後回しにして落ちるパターンも避けられます。,3級の演習記録で正答率最低だった科目を1つ特定する;2級テキスト開始前にその科目だけ週5時間×4週の先行学習をカレンダーに入れる;第10週から技能検定形式の演習を週2時間固定する;当サイトの学科過去問で6科目別正答率を記録・分析タブに週次入力する;2科目が50％未満なら総時間を増やすより科目集中を2週間続ける,試験要項・出題範囲改定時に本文と参照元を見直します。,2026-06-16,2026-07-16,2026-06-16,published,2026-06-16: FP2サイト3本目。難易度・3級差・つまずき論点。,「難しい」の正体—3級との3つの差,FP2級が3級より難しいと感じる理由は、出題の深さだけではありません。①学科が60問90分から120問180分へ増え、持久力と読解速度が問われる。②タックス・相続・不動産の計算と条文が3級より一段深い。③技能検定（実技）で提案書・ケーススタディ形式の合格が別途必要—の3点が重なります。3級で100時間・正答率70％だった人が、2級初回演習で55〜60％に下がるのはよくあることです。最新の出題形式は日本FP協会の試験要項で必ず再確認してください。,3級合格者が特に驚きやすいポイント,3級合格直後に2級テキストを開くと、最初の壁は「量」より「接続」です。3級では単問で終わっていたタックスが、2級では相続・不動産・ライフプランと横断して出ます。たとえば住宅ローン控除の問題に譲渡所得の知識が絡む、相続税計算の前提に贈与の話が入る—といった複合問題が増えます。3級を60％ぎりぎりで取った人ほど、2級では定着期間4〜8週を空けてから始めた方が挫折しにくいです。3級のミスは当サイトの復習タブで解き直してから2級に移ってください。,6科目別—つまずきやすい論点,"独学で失点が集中しやすいのは次の論点です。

| 科目 | つまずきやすい論点 | 対策の第一歩 |
| --- | --- | --- |
| タックス | 譲渡所得・損益通算・控除の段階計算 | 定番10パターンを当サイト一問一答で固める |
| 相続・事業承継 | 法定相続分・基礎控除・贈与の組み合わせ | 相続人ツリー図を手書き10ケース |
| 不動産 | 収益還元法・固定資産税・登記 | 計算5問を週2回×180秒タイマー |
| 金融資産運用 | 複利・PER・ポートフォリオ | 3級より数値条件が長文に埋め込まれる |
| リスク管理 | 生命・損保の事例文 | 商品名ではなく「リスク→商品」対応表 |
| ライフプラン | 社会保険料・年金の計算 | 標準報酬月額の読み取りを反復 |

例えば6科目演習20問でタックスと相続だけ8問以下なら、4週間は他科目の新規インプットを止め、その2科目に週6時間を集中してください。",技能検定が難易度を押し上げる理由,学科だけ準備して技能検定を軽視すると、2級で最も悔しい失敗パターンになります。技能検定は顧客情報を読み、提案の構成・計算根拠・商品選定を文章で示す形式が中心です。学科で72問以上取れても、提案書の時間配分や設問の読み落としで不合格になるケースがあります。学習配分は学科7割・技能検定3割が目安で、残り6週は日曜のうち120分を技能検定形式の演習に固定するとよいです。当サイトの学科過去問で体力を作り、技能検定は公式テキストの事例と模擬形式で慣れてください。,「向いている人」と優先度を下げてよい人,FP2級は金融・保険・不動産で実務に近い知識を体系的に身につけたい人向きです。家計の自己防衛だけが目的なら3級で十分な場合もあります。転職の決め手単体にするより、FP2級と業界資格や実務経験をセットで考える方が現実的です。たとえば週5時間しか確保できず200時間の確保が1年を超えそうなら、受験月を先に決めず週8時間確保できる期間を探す方が合格率は安定します。受検資格が未充足の場合は、資格要件の整理を先にしてください。,難易度を下げる学習順序（14週モデル）,たとえば残り14週で弱点克服に充てる場合の順序例です。第1〜4週は6科目テキスト1周、第5〜8週は当サイトの学科過去問週30問、第9〜10週はタックス・相続に週5時間追加、第11〜12週は技能検定形式週2時間、第13〜14週は通し演習と当サイトの復習タブでの解き直しです。第8週時点で当サイトの記録・分析タブの正答率が65％未満なら受験月を1か月後ろ倒しにしてください。勉強時間の総量は関連記事「FP2級の勉強時間は何時間？独学の目安と逆算」、合格率の見方は「FP2級の合格率は？年度別の見方と難易度の実感」も参照してください。,,,FP3級に合格していればFP2級は簡単ですか？,簡単ではありません。語彙と基礎は活かせますが、120問180分・深い計算・技能検定が加わります。3級で100時間・正答率70％だった人が、2級で追加200時間必要になるのは珍しくありません。3級合格直後に2級だけ週12時間投入しても、技能検定演習が不足すると学科だけ合格して止まるパターンが目立ちます。定着期間4週と技能検定週2時間を先にカレンダーに入れてから始めてください。,一番難しい科目はどこですか？,個人差はありますが、独学ではタックス・相続・不動産の3科目に失点が集中しやすいです。背景は計算の段階が多く、3級より条件文が長いためです。6科目20問演習で3科目が50％未満なら、難しい順に1科目ずつ週5時間×4週を割り当て、他科目は当サイト一問一答10問で維持してください。全科目を均等に続けるより、弱点2科目を先に70％まで引き上げる方が総合合格に近づきます。,faq-fp2-study-hours:FP2級の勉強時間は何時間？独学の目安と逆算;faq-fp2-pass-rate:FP2級の合格率は？年度別の見方と難易度の実感,2級は独学で無理なレベルですか？,無理なレベルではありませんが、3級より演習量と計画の精度が要求されます。目安は200〜300時間・学科過去問2周・技能検定通し2回です。週8時間×25週を確保でき、当サイトの記録・分析タブで正答率70％×2回を満たせるなら独学で十分戦えます。週5時間以下が続く場合は、受験月を延ばすか通信講座の週次課題でペースを外から固定する選択肢もあります。どちらにせよ技能検定演習は削らないでください。
faq-fp2-self-study,よくある質問,FP2級は独学で合格できる？必要な演習量と限界,FP2級を独学だけで合格できる条件、テキスト1冊と当サイト演習で足りる最低ライン、200〜300時間の配分、技能検定を後回しにした場合の限界、通信講座に切り替える判断基準を具体数字で整理します。週5〜10時間別の現実感も掲載。3級経験者向け。,FP2級は独学でも合格可能ですが、3級より演習量と計画の精度が要求されます。目安は200〜300時間・学科過去問2周・技能検定演習の通し2回で、週8時間を25週以上確保できるかが分岐点になります。本記事では独学で足りるラインと限界を整理します。,独学合格は可能—200〜300時間と演習2周が目安;テキスト1冊＋問題集1冊＋当サイト演習で完結可能;週8時間未満が続くと技能検定が不足しやすい;演習70％×2回を記録・分析タブで確認してから申込;正答率が伸びない科目は独学より通信の方が早い場合も,13,よくある質問;独学;FP2級;学習計画,FP2級マスター編集部,資格学習サイトの編集チーム,公式情報確認担当,公開前に一次情報との照合を行う担当者,2026-06-16,日本FP協会（公式）|https://www.jafp.or.jp/,参照: 日本FP協会 FP技能検定2級要項。FP3 compare-self-study・faq-self-study-months をFP2向け再執筆。200時間・技能検定・独学限界。,読了後は、自分の週学習時間で独学完結が現実的か判断でき、たとえば週7時間×30週ならテキスト1冊と当サイト学科過去問2周＋技能検定週2時間—という最低セットを揃えられます。通信講座に切り替えるべきサインも分かります。,週に確保できる学習時間を7日分メモし、200時間÷週時間で残り週数を算出する;テキスト1冊・問題集1冊（受験年度表記）を揃える;第1〜10週は6科目テキスト、第11週から当サイト学科過去問週30問;第16週から技能検定形式を週2時間固定;第20週時点で記録・分析タブの正答率70％×2回を確認してから申込判断,試験要項・制度改正時に本文と参照元を見直します。,2026-06-16,2026-07-16,2026-06-16,published,2026-06-16: FP2サイト4本目。独学可否・演習量・限界。,独学合格は「可能」—前提は演習量,FP2級は通信講座なしでも独学合格の例は多いです。ただし「テキストを読んだ」だけでは足りず、学科120問と技能検定の両方で合格基準60％以上を演習段階で確認できることが前提です。独学の最低ラインは、総学習200時間前後・当サイトの学科過去問2周・技能検定形式の通し2回です。3級を独学100時間で取った人でも、2級は追加200時間を見込む方が安全です。受験手数料や試験形式は日本FP協会の試験要項で必ず再確認してください。,独学に必要な教材の最小セット,独学の標準構成は次の3点です。①2級対応テキスト1冊（受験年度の表記を確認）、②2級対応問題集または過去問集1冊、③当サイトの学科過去問・一問一答・記録・分析タブでの演習管理です。通信講座の動画や週次課題がなくても、週30問×20週＝600問相当を当サイト演習で確保できれば十分戦えます。問題集だけに頼りテキストを飛ばすと、2級特有の長文・複合問題で用語の取り違えが増えます。テキストと演習の比率は前半6:4・後半3:7が目安です。,週あたり時間別—独学が現実的か,"独学可否は週の確保時間で決まります。

| 週学習時間 | 200時間到達 | 独学の現実感 |
| --- | --- | --- |
| 5時間 | 約40週（10か月） | 可能だが技能検定の時間確保が厳しい |
| 8時間 | 約25週（6か月） | 独学の標準ライン |
| 10時間 | 約20週（5か月） | 3級経験者向けの短期集中 |

たとえば週5時間しか取れない社会人は、学科だけ合格して技能検定で止まるパターンが目立ちます。残り25週以上確保できるなら独学完結を目指し、週5時間以下が3か月続くなら受験月を延ばすか通信講座でペースを外から固定する判断もあります。",独学で足りる演習量の目安,申込前に満たしたいのは次の3指標です。①当サイトの学科過去問通し120問で直近2回とも正答率70％以上、②技能検定形式の演習を100点換算で2回とも65点以上、③6科目のうち正答率50％未満が1科目以下。たとえば第22週時点で①だけ達成なら、残り4週は技能検定に寄せてください。当サイトの復習タブでミス理由を記録すると、同じ間違いの再発を防げます。公表合格率より自分の演習ログを信頼してください。詳しい時間配分は関連記事「FP2級の勉強時間は何時間？独学の目安と逆算」を参照してください。,独学の限界—ここでつまずきやすい,独学が厳しくなる典型は4つです。技能検定の添削がなく提案構成の癖が直らない、タックス・相続で計算手順の誤りに気づけない、週の学習が3週連続で計画未達、受検資格の確認を後回しにして申込できない。例えば技能検定で毎回時間切れになるなら、独学継続より通信講座の実技対策動画や添削付き模試を1回だけ受ける方が総コストを抑えられることもあります。6科目のうち2科目が8週連続50％未満なら、独学限界に近いサインです。,通信講座に切り替える判断基準,次のいずれかなら、独学継続より通信講座や添削付きサービスの併用を検討してください。①2週ごとの正答率が3回連続で改善しない、②技能検定演習を10回以上解いても65点に届かない、③週5時間以下が2か月続く。逆に週8時間確保でき、第20週で学科70％・技能検定65点に到達しているなら、通信講座に数万円追加するより当サイト演習を1周増やす方が費用対効果が高いことが多いです。難易度の全体像は関連記事「FP2級は難しい？3級との差とつまずきやすい論点」も参照してください。,,,FP2級は本当に独学だけで合格できますか？,可能です。条件は200〜300時間の確保と、学科・技能検定の両方で演習合格ラインに達することです。具体例として週8時間×25週で200時間確保し、当サイト学科過去問2周と技能検定通し2回をこなせれば独学完結の十分なラインです。週5時間以下しか取れない場合は、学科だけ先に合格して技能検定で止まるリスクが高く、通信講座でペース固定を検討した方がよいです。,テキスト1冊と問題集1冊だけで足りますか？,足ります。ただし問題集だけで進めるのではなく、テキストで6科目を1周してから当サイト演習を厚くしてください。例えば第1〜8週はテキスト、第9週から問題集と当サイト学科過去問を週40問—と役割を分けると効率が上がります。表紙の受験年度と協会要項の最新年度が一致しているか必ず確認してください。用語の穴は当サイト一問一答で補完できます。,faq-fp2-study-hours:FP2級の勉強時間は何時間？独学の目安と逆算;faq-fp2-difficulty:FP2級は難しい？3級との差とつまずきやすい論点;faq-fp2-pass-rate:FP2級の合格率は？年度別の見方と難易度の実感,独学で技能検定だけ何度も落ちる場合は？,提案構成の型が身についていないサインです。独学継続なら、残り4週は学科の新規学習を止め、技能検定形式を週3回×90分に増やしてください。それでも65点に届かない場合は、通信講座の実技添削1回または合格者の答案例1セットを購入し、自分の答案との差分を3項目に絞って直す方が早いです。同じ勉強法の再受験だけ繰り返すのは非効率です。
faq-fp2-eligibility,よくある質問,FP2級の受検資格は？3級合格だけでは足りない条件,FP2級の受検資格を日本FP協会要綱に沿って整理。3級合格番号・AFP修了・実務2年など「いずれか1つ」の4ルート比較、CBT申込入力、実務の自己申告注意点、3級とAFP両方必要という誤解の解消まで解説します。,FP2級は3級合格・AFP修了・FP業務2年以上の実務など、いずれか1つを満たせば受検できます。「3級とAFPの両方が必要」と誤解している人も多いため、本記事では要綱どおりのルート選びと申込前チェックを整理します。,受検資格はいずれか1つで足りる—全部そろえる必要はない;3級合格者は合格番号だけで申込可能;AFP未修了でも3級合格または実務2年で受験できる;実務経験は通算2年・自己申告—虚偽は取消リスク;申込前に要綱PDFで自分の該当行を1つ特定する,14,よくある質問;受検資格;FP3級;FP2級,FP2級マスター編集部,資格学習サイトの編集チーム,公式情報確認担当,公開前に一次情報との照合を行う担当者,2026-06-16,日本FP協会（公式）|https://www.jafp.or.jp/exam/outline/;日本FP協会（公式）|https://www.jafp.or.jp/exam/outline/work.shtml,参照: 日本FP協会 FP技能検定2級要項・受検資格実務経験ページ。FP3 attr-fp3-fp2-consecutive をFP2向け再執筆。OR条件・3級単独・実務自己申告。,読了後は、自分がどの受検ルートに該当するかを要綱ベースで1つ特定でき、たとえば3級2026年3月合格なら合格番号を控えて同年秋CBTに申込める—という判断ができます。3級とAFPの両方が必要という誤解も解けます。,日本FP協会試験要綱PDFの2級受検資格表を開き、自分の該当行にチェックを入れる;3級合格者は合格通知の合格番号をメモし、CBT予約画面の入力欄に控えを用意する;実務経験ルートなら勤務先名と通算2年に達する年月をリスト化する;AFPルートなら修了証明書・受講者番号の保管場所を確認する;資格が揃った月から200時間学習計画を組む—詳細は関連記事「FP2級の勉強時間」を参照,試験要項・受検資格改定時に本文と参照元を見直します。,2026-06-16,2026-07-16,2026-06-16,published,2026-06-16: FP2サイト5本目。受検資格・OR条件・3級単独・実務2年。,受検資格は「いずれか1つ」—3級とAFPの両方は不要,「3級が取れたら2級へ」と考える前に、受検資格の構造を押さえてください。日本FP協会要綱では、2級受検資格は複数ルートのうちいずれか1つを満たせば足ります。たとえば3級合格者は合格番号で申込でき、金融機関勤務者は実務2年ルート、未経験の社会人はAFP修了ルート—と入口が分かれます。「3級合格に加えてAFPも必要」と思い込むのは誤解で、3級だけで申込できるケースが最も多いルートのひとつです。逆に3級未合格でも、実務2年またはAFP修了で2級CBTに進めます。申込前に要綱PDFの受検資格表で、自分が該当する行を1つ特定してください。,主な受検ルート4つ—比較表,"次の表は、受検者タイプ別の入口です。細部は年度要綱で必ず再確認してください。

| ルート | こんな人向け | 申込時の主な入力 |
| --- | --- | --- |
| 3級合格 | FP3級技能検定合格者 | 合格番号 |
| 実務2年 | FP業務に通算2年以上 | 勤務先名・経験年月 |
| AFP修了 | 協会認定AFP研修修了者 | 受講者番号（修了証画像の場合あり） |
| 金融渉外3級 | 旧審査試験合格者 | 協会へ問合せ |

例えば大学4年で3級に合格した場合は1行目、金融機関勤務3年目の場合は2行目—と分岐します。複数に該当しても、申込時に選ぶのは1ルートだけで問題ありません。",3級合格ルート—合格番号さえあれば申込可能,FP3級に合格していれば、AFP修了や実務経験がなくても2級を受検できます。CBT予約画面では合格番号の入力が求められるため、合格通知メールやマイページから番号を控えておいてください。合格発表直後は学習計画より番号管理が先です。3級を60％ぎりぎりで取った場合でも受検資格自体は同じですが、2級の200〜300時間学習は別問題—定着期間を4〜8週空けてから2級テキストに入る方が安全です。3級受験予定で「先に2級だけ申込」はできません。合格が確定してから次回CBTを選んでください。,実務経験2年ルート—対象業務と自己申告のルール,「FP業務に関し2年以上の実務経験」は、資産の設計・運用・管理やそれに係る相談・コンサル業務への従事が通算2年に達することです。証券・保険・銀行、不動産、会計事務所、一般企業の経理・福利厚生など、要綱・協会ページに例示される職種が中心です。複数社の経験は合算でき、例えば1年6か月＋1年10か月なら3年4か月としてカウントされます。申告は本人の責任で行い、協会は個別の可否回答をしません。虚偽が判明すると合格取消の対象になり得るため、グレーな部分は申込を急がず要綱原文で判断してください。,AFP認定研修ルート—3級なしでも2級へ進める道,3級未合格でも、日本FP協会認定のAFP認定研修を修了すれば2級受検資格が得られます。提案書課題など実技に近い演習を含むため、通信・通学で数か月かかるケースが一般的です。会社負担でAFPを受ける人は、修了後に2級CBTへ直行する計画を立てやすい一方、個人負担では受講料と時間のコストを3級経由と比較してください。例えば金融機関未経験の転職前学習なら3級→2級、内定先がAFP研修を提供するならAFP→2級—と分岐します。修了証明書と受講者番号はCBT予約まで保管を。,申込前チェック—よくある誤解と次の一手,誤解①「3級とAFP両方必要」→ 不要。どちらか1つで足ります。誤解②「実務は証明書不要だからなんでもOK」→ 対象外業務の申告はリスク大。誤解③「資格が揃えばすぐ受験」→ 200時間学習が別条件—演習70％×2回を当サイトの記録・分析タブで確認してから申込判断を。チェックリスト：要綱で該当ルート確定→入力情報（番号・年月）準備→200時間計画→学科120問と技能検定の演習量確保。資格が6月に揃うなら、7月から週10時間×20週で翌年2月CBT—という組み方が現実的です。,,,FP3級に合格したら、それだけで2級を受けられますか？,はい、受検できます。日本FP協会要綱では3級FP技能検定の合格者は2級受検資格の1つに該当します。CBT予約時に合格番号を入力すれば足り、AFP修了や実務2年は別ルートとして用意されているだけで、3級合格者が追加で満たす必要はありません。合格番号は合格発表後すぐに控え、紛失しないよう保存してください。,AFPがなくてもFP2級を受験できますか？,できます。AFP認定研修修了は受検ルートのひとつに過ぎません。3級合格者、またはFP業務2年以上の実務経験者も同じ2級CBTに申込めます。例えば社会人が3級合格後に独学200時間を確保できれば、AFP未受講のまま学科・技能検定の両方に挑戦可能です。逆に3級未合格でもAFP修了だけで資格は得られます。,faq-fp2-study-hours:FP2級の勉強時間は何時間？独学の目安と逆算;faq-fp2-self-study:FP2級は独学で合格できる？必要な演習量と限界;faq-fp2-difficulty:FP2級は難しい？3級との差とつまずきやすい論点,実務経験が1年9か月しかない場合はどうなりますか？,受検申請締切時点で通算2年未満なら、実務経験ルートでは受検資格を満たしません。複数勤務先の月数は合算できるため、例えば前職1年＋現職11か月ならあと1か月待つ必要があります。その間は3級受験やAFP研修で別ルートを検討するか、2年に達する月まで学習だけ先行させてください。年数の計算は要綱と協会の実務経験説明ページが正本です。
faq-fp2-exam-fee,よくある質問,FP2級の受験料・手数料はいくら？再受験のコスト,"FP2級CBTの受検手数料11,700円（学科＋技能検定）を、科目別5,700円・6,000円、3級との差、決済手数料、キャンセル1,287円、再受験の総コスト目安まで日本FP協会要綱に沿って整理します。","日本FP協会FP2級CBTの受検手数料は、学科試験と技能検定を同日受ける場合11,700円（非課税）です。3級の8,000円より3,700円高く、一部合格後の再受験も6,000円前後が目安になります。本記事では決済手数料・キャンセル・総予算の逆算を整理します。","学科＋技能検定セット11,700円、片方のみ5,700円または6,000円;3級（8,000円）より3,700円高い—再受験も都度発生;決済手数料は別途—予約画面の総額を正本に;キャンセルは受験3日前まで、セット申込は手数料1,287円;演習70％×2回を記録・分析タブで確認してから支払う",15,よくある質問;受験料;FP2級;CBT,FP2級マスター編集部,資格学習サイトの編集チーム,公式情報確認担当,公開前に一次情報との照合を行う担当者,2026-06-16,日本FP協会（公式）|https://www.jafp.or.jp/exam/outline/,参照: 日本FP協会 FP技能検定2級要項（受検手数料11700/5700/6000円・キャンセル1287円）。FP3 faq-exam-fee をFP2向け再執筆。3級差・再受験・総コスト。,"読了後は、初回受験に必要な11,700円と決済手数料の内訳が分かり、たとえば演習正答率65％の段階で申込むと11,700円＋キャンセル1,287円のリスクになる—当サイトの記録・分析タブで事前に確認できます。再受験2回分の予算も組めます。","試験要綱の受検手数料表で2級の最新金額を確認する;CBT-Solutions予約画面まで進み、決済手数料込みの総額をメモする;当サイトの記録・分析タブで演習70％×2回を満たしてから11,700円の決済に進む;受験日の4日前までにキャンセル期限（3日前）をカレンダー登録する;再受験見込みなら11,700円×2回分を学習予算に含める",試験要項・手数料改定時に本文と参照元を見直します。,2026-06-16,2026-07-16,2026-06-16,published,2026-06-16: FP2サイト6本目。受験料11700円・3級差・再受験・キャンセル。,受検手数料の内訳（2級）,"日本FP協会試験要綱に掲載されている2級の受検手数料は次のとおりです。いずれも非課税です。

| 受検する試験 | 受検手数料 |
| --- | --- |
| 学科＋技能検定 | 11,700円 |
| 学科のみ | 5,700円 |
| 技能検定のみ | 6,000円 |

初回CBT受験では同日に学科と技能検定を受けるため、11,700円の「学科試験と実技試験」選択が一般的です。例えば一部合格で技能検定だけ再受験する場合は6,000円、学科だけ再受験なら5,700円—と科目単独の申込になります。金額改定があれば要綱PDFが正本です。執筆時点の表記は予約前に必ず差し替えてください。","3級（8,000円）との差—2級が高い理由の見方","同じCBTでも2級は3級より受検手数料が高く設定されています。3級の学科＋実技セットは8,000円、2級は11,700円—差額は3,700円です。試験時間・出題量・技能検定の記述式など負荷が大きいことの反映と理解してよいですが、受験者にとって重要なのは「1回の失敗コスト」が3,700円上乗せになる点です。たとえば3級8000円で学科OK・技能検定NGなら次回4000円でしたが、2級では技能検定のみ6,000円—という非対称があります。2級へ進む前に200〜300時間の学習計画を組み、演習完成後に11,700円を払う順番が総支出を抑えやすいです。",決済方法と「表示される総額」の見方,"支払いはCBT-Solutionsの予約フロー内で完結します。クレジットカード、コンビニ決済、Pay-easy（ペイジー）から選べます。試験要綱では事務手数料または払込手数料が別途必要と明記されており、11,700円に数百円が加算されるイメージです。たとえば予約確認画面が12,000円前後と表示されても、本体11,700円＋決済手数料の可能性があります—「お支払い総額」を必ず確認してください。入金締切前に未払いだと申込は受理されません。コンビニ払いを選んだ場合は、画面表示の締切日時までに支払いを完了させ、完了メールを保存してください。",キャンセル・変更と返金（コストの落とし穴）,"演習不足のまま早く申し込むと、受検手数料以外の損失も出ます。キャンセルは受験日の3日前まで可能で、11,700円の学科＋技能検定セット申込ならキャンセル手数料1,287円（消費税10％込）が差し引かれて返金されます。受験2日前以降はキャンセル不可—体調不良で欠席しても返金はありません。「学科＋技能検定」で予約した場合、学科だけ・技能検定だけの部分キャンセルはできず、セットごとの扱いになります。例えば8月20日受験なら8月17日23時59分が期限のイメージで、8月15日時点で当サイトの記録・分析タブで演習正答率65％未満なら延長判断を先にしてください。",再受験・総コストの見積もり,"受検手数料だけ見ると11,700円ですが、独学の現実的な総コストはもう少し広いです。

| 項目 | 目安 |
| --- | --- |
| 受検手数料（1回・セット） | 11,700円 |
| 決済手数料 | 数百円 |
| テキスト＋問題集 | 5,000〜8,000円 |
| 再受験1回（セット） | ＋11,700円＋手数料 |
| 技能検定のみ再受験 | ＋6,000円前後 |
| 早申込キャンセル | －1,287円控除後返金 |

たとえば1回目不合格→2回目合格なら受検手数料だけ23,400円、教材7,000円を足すと30,000円前後が目安です。学科合格・技能検定不合格なら次回6,000円＋手数料で済むケースもあります。演習正答率70％×2回を当サイトの記録・分析タブで確認してから11,700円を払う方が、23,400円コースより総支出を抑えやすくなります。",申込前に費用で判断するタイミング,"11,700円は小さく見えても、再受験と教材を足すと3万円超えます。申込判断の目安は演習データです。当サイトの学科過去問通しで直近2回とも正答率70％以上、技能検定形式の演習を100点換算で2回とも65点以上—を満たしてから決済に進んでください。例えば第22週時点で学科だけ70％・技能検定55点なら、11,700円を払うより4週延期し技能検定に週3時間を追加する方が安上がりです。受検資格が未確認のまま教材だけ購入するのも無駄になりやすいため、関連記事「FP2級の受検資格は？」でルート確定を先に。学習時間の逆算は「FP2級の勉強時間は何時間？独学の目安と逆算」も参照してください。",,,"FP2級は11,700円で学科・技能検定両方受けられますか？","はい。日本FP協会要綱では2級の「学科試験と実技試験」を選択した場合11,700円（非課税）です。CBTで学科と技能検定を同日受験する初回申込者は、通常この11,700円コースを選びます。決済手数料が別途かかるため、予約画面で12,000円前後と表示されても本体11,700円＋手数料の可能性があります。最新表は試験要綱で再確認してください。",3級より受験料が高いのはなぜですか？,"要綱上、2級は3級より受検手数料が高く設定されています（セットで11,700円対8,000円）。試験時間・技能検定の出題形式の違いなどが背景にありますが、受験者視点では1回あたり3,700円の差と、技能検定のみ再受験が6,000円—という再受験コストの違いを押さえる方が実務的です。例えば3級合格後に2級へ進むなら、8000円感覚のまま早申込せず、200時間演習後に11700円を払う順番が安全です。",faq-fp2-eligibility:FP2級の受検資格は？3級合格だけでは足りない条件;faq-fp2-study-hours:FP2級の勉強時間は何時間？独学の目安と逆算;faq-fp2-pass-rate:FP2級の合格率は？年度別の見方と難易度の実感,独学なら試験料以外にいくら見込めばよいですか？,"教材5,000〜8,000円＋受検手数料11,700円＋決済手数料が最低ラインです。再受験1回を見込むなら11,700円を上乗せし、23,400円＋教材7,000円で30,000円前後が現実的な上限目安です。例えばテキスト2冊8,000円を買ったうえで2回受験すると合計31,000円超になります。当サイトの無料演習を使い、記録・分析タブで70％×2回を確認してから申込めば、1回目合格で11,700円分の再受験を回避できます。"
faq-fp2-schedule,よくある質問,FP2級の試験日程はいつ？学科・技能検定の受験の組み方,FP2級CBTの通年受験、学科60問120分と技能検定40問90分の同日2部制、2026年度の合格発表日程、休止期間、再予約ルール、演習完成から空席予約までの逆算を日本FP協会要綱に沿って整理します。,FP2級も3級と同様、全国のテストセンターでCBT通年受験です。学科60問120分と技能検定40問90分を同日に受ける2部制が基本で、合格発表は受験月ごとに協会日程表で決まります。本記事では日程の選び方と予約前の逆算を整理します。,"CBT通年—空席のある日時を予約（24時間受験ではない）;学科120分→休憩→技能検定90分の同日2部制が基本;合格発表は受験月の翌月中旬・10時以降（年度表が正本）;休止期間と再予約ルール—合格発表翌日以降に次回予約;演習70％×2回を記録・分析タブで確認してから11,700円申込",16,よくある質問;試験日程;CBT;FP2級,FP2級マスター編集部,資格学習サイトの編集チーム,公式情報確認担当,公開前に一次情報との照合を行う担当者,2026-06-16,日本FP協会（公式）|https://www.jafp.or.jp/exam/schedule/;日本FP協会（公式）|https://www.jafp.or.jp/exam/outline/,参照: 日本FP協会試験日程表・2級3級CBT要項。FP3 faq-cbt-exam・faq-result-timing をFP2向け再執筆。学科120分・技能検定90分・合格発表・休止期間。,読了後は、2級CBTの受験日と合格発表日をカレンダーに2件書け、たとえば6月20日受験なら7月15日10時にCBT-Solutionsで結果確認—という流れが分かります。学科と技能検定を別日にできるかも判断できます。,日本FP協会の試験日程表で自分の受験月の合格発表日を確認する;当サイトで学科通し60問120分と技能検定形式90分をそれぞれ1回ずつ時間制限付きで解く;記録・分析タブで演習70％×2回を満たしてからCBT-Solutionsで空席検索する;予約確定後、会場名・開始時刻・合格発表日をカレンダーに3件登録する;休止期間（GW後・年末年始等）をメモし、該当日は空席検索しない,試験要項・日程表改定時に本文と参照元を見直します。,2026-06-16,2026-07-16,2026-06-16,published,2026-06-16: FP2サイト7本目。CBT日程・同日2部制・合格発表・休止期間。,CBT通年受験—「いつでも」の正しい意味（2級）,FP2級（日本FP協会）は2019年度以降、学科・技能検定ともCBT方式で通年受験できます。ペーパー試験の固定試験日に縛られない一方、「好きな日24時間」ではありません。提携テストセンターの空席がある日時をCBT-Solutionsで予約する形です。たとえば人気の土曜10時台は2〜3週先まで埋まっていることもあり、演習完成前に空席だけ押さえても日程変更やキャンセル手数料のリスクが残ります。2級は受検資格（3級合格・実務2年・AFP修了など）を満たしたうえで申込してください。最新の受験可能期間は協会試験日程ページと要綱が正本です。,同日2部制—学科120分と技能検定90分の流れ,"2級CBTの基本は、学科と技能検定（実技）を同じ日に連続で受ける形式です。要綱上の目安は次のとおりです。

| 段階 | 内容 | 目安 |
| --- | --- | --- |
| 受付 | 身分証確認・座席案内 | 開始30分前到着が無難 |
| 学科 | 6科目60問・多肢選択 | 120分 |
| 休憩 | 部屋外待機 | 当日案内に従う |
| 技能検定 | 40問・選択＋記述 | 90分 |

例えば学科で42問（70％）取れても技能検定58点なら総合不合格です。演習段階から当サイトで120分＋90分の連続演習に慣れておくと、当日の持久力差を減らせます。3級（学科90分＋実技60分）より合計時間が長い点も2級の日程選びの前提です。",合格発表日は「受験した月」で決まる,"CBTは通年受験ですが、合格発表日は受験月ごとに協会が公開する日程表に従います。おおむね受験月の翌月中旬・10時以降です。

| 受験期間（2026年度例） | 合格発表日 |
| --- | --- |
| 4月1日〜4月30日 | 5月20日 |
| 6月1日〜6月30日 | 7月15日 |
| 8月1日〜8月31日 | 9月15日 |
| 12月1日〜12月27日 | 1月19日 |

たとえば6月28日に受験しても6月5日受験と同じ7月15日10時以降にCBT-Solutionsで結果確認します。当日渡されるスコアレポートには得点のみで合否は載りません—正式判定は発表日まで保留です。表は抜粋のため、申込前に協会試験日程ページの最新表で必ず確認してください。",休止期間と再予約ルール,2級・3級CBTには年度ごとに休止期間が設けられます。2026年度の例として5月24日〜5月31日、12月28日〜翌1月5日、翌年3月25日〜3月31日—など、要綱・日程表に記載される日は予約できません。年末年始やGW明けは空席が埋まりやすいため、演習完成後の2〜3候補日をリストアップしてから検索する方が安全です。再受験の予約には注意が必要です。要綱では、2回目以降の受検日は前回受験の合格発表日の翌日以降—とされています。例えば6月受験で不合格確定が7月15日なら、7月16日以降に次回空席を押さえる流れになります。,学習完成から予約までの逆算,"CBTの自由度は「演習が整った週に合わせて受験日を選べる」点に活きます。目安は200〜300時間の学習と、当サイトの学科過去問通しで正答率70％×2回、技能検定形式65点×2回—を記録・分析タブで確認してから11,700円申込です。たとえば週10時間×22週で220時間確保し、第20週時点で上記基準を満たせば第21週に空席検索、第22〜24週のいずれかで受験—という逆算が現実的です。逆に空席が1週後にあるから早申込すると、技能検定演習不足のまま210分本番に入りやすくなります。受験料の内訳は関連記事「FP2級の受験料・手数料はいくら？」、学習時間は「FP2級の勉強時間は何時間？」も参照してください。",申込から当日までのチェックリスト,"申込フローは「協会マイページ→CBT-Solutions→会場・日時選択→11,700円決済→予約内容確認」が基本です。次の4点を予約前に押さえてください。①受検資格（合格番号・実務年月・AFP受講者番号）の準備、②顔写真付き身分証、③会場までの交通時間（遅刻ルールは要綱確認）、④演習データが学科70％・技能検定65点以上。例えば予約確定後はカレンダーに「受験日時・会場住所・合格発表日10時」の3件を転記し、試験2週前に120分＋90分の連続通し演習をもう1回行ってください。キャンセルは受験3日前まで—期限は関連記事「FP2級の受験料」のキャンセル欄と要綱で再確認してください。",,,FP2級CBTはいつでも受けられますか？,通年で受験枠は設けられていますが、テストセンターの休業日・休止期間・空席状況により受けられない日もあります。「24時間いつでも」ではなく、空席のある日時を予約する方式です。たとえばGW明けや年末は枠が埋まりやすいため、演習70％×2回を記録・分析タブで確認した週の翌週以降で2〜3候補日をリストアップし、CBT-Solutionsで空席を見ながら決めると安全です。最新の休止期間は協会試験日程ページで再確認してください。,学科と技能検定は別の日に受けられますか？,"初回受験の多くは「学科試験と実技試験」をセットで同日予約します。要綱上、学科のみ5,700円・技能検定のみ6,000円の単独申込もありますが、学習は学科7割・技能検定3割で並行し、同日210分前後の連続受験に慣れる演習が安全です。例えば学科だけ先に受けて技能検定を後日—と分ける場合も制度上は可能ですが、学科の知識が冷えるリスクと予約回数増加による手間・費用を考えると、同日セットが一般的です。詳細は要綱で確認してください。",faq-fp2-exam-fee:FP2級の受験料・手数料はいくら？再受験のコスト;faq-fp2-eligibility:FP2級の受検資格は？3級合格だけでは足りない条件;faq-fp2-study-hours:FP2級の勉強時間は何時間？独学の目安と逆算,受験から合格発表までどのくらいかかりますか？,受験月の翌月中旬・10時以降が合格発表の目安です。例えば2026年度表では6月1日〜30日受験なら7月15日10時以降にCBT-Solutionsで正式合否を確認します。最短でも約2〜3週間の空白期間があります。当日スコアレポートの得点だけで合格宣言せず、発表日まで写真保存しておくと、ギリギリの技能検定58点など再受験計画を立てやすくなります。日程表は年度で日付が変わるため、協会試験日程ページが正本です。
faq-fp2-pass-score,よくある質問,FP2級は何割で合格？学科36点・実技60点の基準点,"FP2級は何割で合格かを要綱どおり整理。学科は60点満点で36点以上（6割）、技能検定は100点満点で60点以上（6割）の両方合格が必要です。一部合格の扱い、演習正答率70％の目安、再受験料5,700円・6,000円まで解説します。",FP2級の合格は学科と技能検定の両方で基準点以上が必要です。学科は60点満点36点以上（60％）、技能検定は100点満点60点以上—いずれも3級と同じ比率ですが、2級は出題量と時間が一段長い です。本記事では基準点の読み方と演習での目安を整理します。,"総合合格は学科36点以上かつ技能検定60点以上—両方必須;学科60問120分・技能検定40問90分—3級より時間が長い;一部合格あり—未達科目のみ再受験（5,700円または6,000円）;演習目安は学科70％×2回・技能検定65点×2回;科目別捨ては2級では非推奨—深い出題で穴が致命傷になりやすい",17,よくある質問;合格点;FP2級;技能検定,FP2級マスター編集部,資格学習サイトの編集チーム,公式情報確認担当,公開前に一次情報との照合を行う担当者,2026-06-16,日本FP協会（公式）|https://www.jafp.or.jp/exam/outline/,参照: 日本FP協会 FP2級要項（学科36/60・技能検定60/100）。FP3 field-six-subjects-scoring・faq-result-timing をFP2向け再執筆。,"読了後は、2級の合格ラインが学科36点・技能検定60点の両方必要だと分かり、たとえば学科42点・技能検定58点なら技能検定のみ6,000円再受験—という判断ができます。演習70％×2回が本番の安全圏である理由も理解できます。",要綱の合格基準表で学科36点・技能検定60点をメモする;当サイト学科通し60問で直近2回の正答率を記録・分析タブに入力する;技能検定形式の演習を100点換算で2回記録し65点以上を確認する;6科目別正答率50％未満が2科目あれば捨て科目ではなく集中復習2週を入れる;一部合格時は合格発表日10時以降にCBT-Solutionsで一部合格証をダウンロード,試験要項・合格基準改定時に本文と参照元を見直します。,2026-06-16,2026-07-16,2026-06-16,published,2026-06-16: FP2サイト8本目。合格点36/60・60/100・一部合格・演習目安。,総合合格の条件—学科と技能検定の両方が必要,"FP2級の技能検定合格は、学科試験と技能検定（実技）の両方で基準点以上を取ることが条件です。どちらか一方だけ合格しても総合合格にはなりません。日本FP協会要綱では学科は60点満点36点以上、技能検定は100点満点60点以上—いずれも60％ラインです。3級と比率は同じですが、2級は学科120分・技能検定90分と時間が長く、技能検定に記述式が含まれます。例えば学科44点・技能検定55点なら両方とも基準未達で、セット再受験11,700円—の対象になります。最新の合格基準は要綱PDFが正本です。",学科試験の合格ライン（60問・60点満点）,学科は6科目60問・120分・多肢選択式です。1問1点換算で60点満点、合格は36点以上です。正答率に直すと18問中11問—ではなく60問中36問以上、つまり60％以上がラインです。たとえば42問正解（70％）なら学科は合格圏、34問（57％）なら不合格圏です。2級はタックス・相続・不動産の計算・条文が深く、3級より「ギリギリ36点」が取りにくい傾向があります。当サイトの学科過去問通しで直近2回70％以上を記録・分析タブで確認してから申込むと、本番36点ラインを越えやすくなります。,技能検定の合格ライン（40問・100点満点）,技能検定は資産設計提案業務が中心で、40問・90分・多肢選択と記述式の混在です。満点100点、合格60点以上—配点は問題ごとに異なるため、正答数だけでは割り切れません。演習では100点換算で65点×2回を目安にすると、本番60点ラインに余裕が出やすいです。例えば通し演習1回目58点・2回目63点なら、記述式の時間配分か提案構成が弱点—と判断できます。学科で70％取れても技能検定55点のまま申込む典型パターンがあるため、学習後半は技能検定に週2時間以上を固定してください。,一部合格の扱いと再受験料,"学科のみ合格・技能検定のみ合格—いずれか一方だけ基準を満たした場合は一部合格です。合格発表日10時以降、CBT-Solutionsの受検者ページから一部合格証をダウンロードできます（2025年4月1日以降受験）。未達の科目だけ再受験でき、受検手数料は学科のみ5,700円・技能検定のみ6,000円—が要綱の目安です。例えば学科38点・技能検定58点なら技能検定のみ6,000円で再挑戦—ただし学科の知識は維持演習が必要です。再予約は前回の合格発表日の翌日以降—と要綱にあり、空白期間に当サイト復習タブで弱点を解き直してください。",演習正答率と本番合格ラインの対応,"公表合格率より、自分の演習ログの方が合格点予測に使えます。申込前の目安は次の3点です。①当サイト学科通し60問で直近2回とも正答率70％以上、②技能検定形式100点換算で2回とも65点以上、③6科目のうち正答率50％未満が1科目以下。たとえば①だけ達成で②が55点なら、11,700円を払うより4週延期し技能検定演習に週6時間を追加する方が総コストを抑えられます。合格率の見方は関連記事「FP2級の合格率は？年度別の見方と難易度の実感」も参照してください。",科目別—2級で「捨て科目」は危険,3級では得意分野で36点を稼ぐ「捨て科目」戦略が使える場合もありますが、2級では非推奨です。相続・タックス・不動産の出題が深く、1科目を0点近くにすると技能検定の事例計算にも波及します。例えば6科目演習20問でタックスと相続だけ8問以下なら、4週間は他科目の新規インプットを止め、その2科目に週6時間を集中してください。合格点36点は「平均的に6割」—全科目で最低限5割を確保するイメージが安全です。分野別の演習は当サイトの学科過去問と用語解説154語を組み合わせて穴を埋めてください。,,,FP2級の合格点は何点ですか？,学科試験は60点満点36点以上、技能検定は100点満点60点以上です。両方を同じ受験日（または別日の単独受験）で満たし、かつ両方合格した場合に2級技能検定合格となります。3級と同じ60％ラインですが、2級は学科120分・技能検定90分と負荷が大きいです。最新表記は日本FP協会試験要綱で必ず再確認してください。,学科だけ合格した場合はどうなりますか？,"一部合格（学科のみ合格）となり、技能検定だけ再受験できます。合格発表日10時以降にCBT-Solutionsで一部合格証をダウンロードし、技能検定のみ6,000円前後で次回予約—が一般的な流れです（要綱で金額確認）。例えば学科40点・技能検定58点なら、残り4週のうち3週を技能検定通し演習に充て、学科は週1回60問で維持してください。再予約は合格発表日の翌日以降です。",faq-fp2-pass-rate:FP2級の合格率は？年度別の見方と難易度の実感;faq-fp2-exam-fee:FP2級の受験料・手数料はいくら？再受験のコスト;faq-fp2-schedule:FP2級の試験日程はいつ？学科・技能検定の受験の組み方,演習正答率何％くらいで本番合格圏ですか？,"目安は学科正答率70％×2回連続と、技能検定100点換算65点×2回です。36点ラインは60％ですが、本番の時間切れ・記述式の減点を考えると演習70％が安全圏です。例えば当サイト学科通しで42問（70％）×2回を記録・分析タブに入力でき、技能検定65点×2回なら11,700円申込判断に進めます。65％以下が3週続くなら受験月を1か月後ろ倒ししてください。"
faq-fp2-calculator,よくある質問,FP2級の試験で電卓は使える？CBTの操作と練習,FP2級CBTの電卓ルールを整理。持ち込み不可・画面上電卓のみ、％は小数入力、タックス・相続・不動産の計算練習、技能検定記述式との併用、試験2週前からのPC電卓演習プランまで解説します。,FP2級（日本FP協会CBT）では自分の電卓は持ち込めません。計算問題は試験画面の電卓機能のみ使えます。2級は学科120分・技能検定90分と時間が長く、相続税や収益還元など計算量も3級より多いため、本番前に画面上操作に慣れる練習が重要です。,持ち込み電卓・スマホは不可—画面上の計算機のみ;％キーはない—×0.2など小数入力に置き換え;2級はタックス・相続・不動産の計算が厚い—PC電卓で演習量を増やす;技能検定の記述式も同じ画面—計算は電卓・文章はキーボード;試験2週前から関数電卓練習をやめ画面操作に切り替える,18,よくある質問;電卓;CBT;FP2級,FP2級マスター編集部,資格学習サイトの編集チーム,公式情報確認担当,公開前に一次情報との照合を行う担当者,2026-06-16,日本FP協会（公式）|https://www.jafp.or.jp/exam/outline/,参照: 日本FP協会 FP2級CBT要項（私物持込不可・画面計算機）。FP3 faq-calculator-allowed をFP2向け再執筆。120+90分・相続・記述式。,読了後は、2級CBTで使えるのは画面電卓だけだと分かり、たとえば相続税の基礎控除4200万円を引く計算を「5000000－42000000」と小数入力で練習—という手順に切り替えられます。持ち込み電卓を買い足す必要もありません。,試験要綱の持ち物・私物禁止条項を読み、電卓持込不可を確認する;PCのシンプル電卓アプリでタックス計算10問を1問3分以内で解く;20％→×0.2、5％→×0.05の変換表を5行メモし入力練習する;第16週から当サイト学科通し60問を画面電卓想定で120分通し;技能検定形式5問を90分通し—計算と記述の切り替えを2回練習,試験要項・CBT案内改定時に本文と参照元を見直します。,2026-06-16,2026-07-16,2026-06-16,published,2026-06-16: FP2サイト9本目。電卓持込不可・画面操作・2級計算量。,CBTでは「持ち込み不可・画面上で使用」,日本FP協会FP2級CBTでは、受験者が私物の電卓を試験室に持ち込むことはできません。試験要綱ではスマートフォン、参考書、筆記用具、計算機を含む私物の持込みが禁止され、計算問題は試験画面上に表示される計算機を利用すると明記されています。メモ用紙と筆記用具はテストセンターで貸出—当日は身分証と予約情報が中心です。例えば試験前日にカバンから電卓とスマホを抜き、会場までの動線だけ確認しておくと当日のロッカー預けがスムーズです。最新の持ち物一覧は要綱とCBT-Solutions受験者FAQが正本です。,2級で電卓が効く分野—3級より計算が厚い,3級でもタックス・相続は出ますが、2級は条文の深さと計算ステップが増えます。特に相続税の加算控除、不動産の収益還元・ローン返済、生命保険の必要保障額—など複数式を連続でこなす設問が学科60問に散らばります。技能検定40問にも記述式を含む計算根拠の提示が求められ、合計210分前後の本番で電卓操作の迷いが時間切れに直結しやすいです。例えば週6時間のうち2時間をタックス・相続の計算演習に固定し、当サイトの学科過去問で該当分野20問をPC電卓のみで解く—と2級向けの配分になります。分野別の論点は関連記事「FP2級は難しい？3級との差とつまずきやすい論点」も参照してください。,画面上電卓の機能と限界,CBTの画面上電卓は四則演算中心のシンプルな機能に限られます。関数電卓の％キー、金融計算、プログラム機能は使えません。協会公開の電卓操作マニュアルにない操作は本番でも実行できない前提で学習してください。たとえば500万円の評価額から基礎控除4200万円を引くときは「5000000－42000000」と入力し、税率20％なら「×0.2」と小数で入力—％ボタンを探さない癖を2週間で身につけてください。括弧入力が使えるかはマニュアル次第—試験2週前にCBT-Solutionsの練習問題で実機確認するのが安全です。,2級で多い計算ミス—学科と技能検定の共通点,手元の関数電卓に慣れすぎると、本番で次のミスが出やすくなります。①％ボタンを探して操作が止まる、②桁数の入力ミス、③メモ用紙への転記漏れ、④技能検定で計算後の記述に時間を取られ電卓入力が荒くなる—です。例えば「課税標準450万円×税率10％」は4500000×0.1と練習し、当サイトタックス分野演習10問を残り14日の最初3日で完了させてください。技能検定では計算結果をそのまま記述欄に写す前に、単位（万円・円）を問題文と照合する—1秒ルールを入れると減点を防げます。,試験2週前からの電卓練習プラン,"高機能電卓を新調するより、PC上のシンプル電卓で演習量を増やす方が2級では得点に効きます。

| 週 | 練習内容 | 目標 |
| --- | --- | --- |
| 第1週 | 当サイトタックス・相続計算15問をPC電卓 | 1問4分以内 |
| 第1週 | ％→小数変換表を8行作成 | 入力迷い5分以内 |
| 第2週 | 技能検定形式計算5問を90分通し | 65点以上 |
| 第2週 | 学科通し60問120分（電卓操作記録） | 迷い合計8分以内 |

例えば日曜150分のうち40分だけ、問題文を読みながら電卓入力を声に出して確認するリハーサルを2回行うと、本番で画面左下の電卓ボタンを探す時間が短縮されます。",試験当日の操作チェック,受付後に座席に着いたら、学科開始前に電卓ボタンの位置を1回開いて閉じておくと安心です。学科120分の後半30分は技能検定の計算と同じ集中力が必要—休憩中に水分補給と手のストレッチを。技能検定90分では記述式の入力にキーボード切り替えが発生するため、計算は電卓、文章は日本語入力—と役割を分けて時間配分してください。例えば試験2週前に120分＋90分の連続通し演習を当サイトで1回行い、電卓操作の合計迷い時間を記録・分析タブにメモしておくと当日の不安が減ります。CBT全体の流れは関連記事「FP2級の試験日程はいつ？学科・技能検定の受験の組み方」も参照してください。,,,関数電卓や金融電卓は持ち込めますか？,持ち込めません。日本FP協会FP2級CBTでは計算機を含む私物の持込みが禁止され、SHARPやCASIOの関数電卓、金融電卓も試験室には入れられずロッカー預けになります。本番は画面上の電卓だけが使えるため、試験1週前から当サイトでPCの電卓アプリだけでタックス・相続10問を解く練習に切り替えてください。例外規定は要綱・CBT-Solutions FAQで再確認してください。,技能検定の記述式でも電卓は使えますか？,使えます。技能検定も同一CBT画面で受けるため、計算が必要な設問では学科と同じ画面上電卓を利用します。記述欄への文字入力とは別操作—計算結果をメモ用紙に控えてから記述に写す流れを演習で固定してください。例えば技能検定通し5問で、計算3分＋記述4分—と設問ごとに上限時間を付けると90分切れを防げます。記述式の対策は公式テキストの事例演習も併用してください。,faq-fp2-schedule:FP2級の試験日程はいつ？学科・技能検定の受験の組み方;faq-fp2-pass-score:FP2級は何割で合格？学科36点・実技60点の基準点;faq-fp2-difficulty:FP2級は難しい？3級との差とつまずきやすい論点,独学の演習はどの電卓で練習すべきですか？,PCブラウザのシンプル電卓かOS標準電卓を正本にしてください。スマホ電卓だけの練習は本番のマウス操作とズレます。20％なら×0.2、5％なら×0.05—と小数入力を10問×2周繰り返すと、画面上電卓でも迷いが減ります。例えば第18週から関数電卓練習を止め、当サイト学科通し60問を120分・PC電卓のみ—で2回行えば本番操作に近づけます。電卓なしで解ける制度問題もあるため、全問電卓依存にしない配分も意識してください。
faq-fp2-past-questions,よくある質問,FP2級の過去問は何年分やれば足りる？使い方,FP2級学科の過去問は何年分・何問が目安かを整理。本番60問に対し当サイト120問（2年度分）の2周、一問一答との使い分け、技能検定は公式テキストで補う理由、14週の演習プランまで解説します。,FP2級学科CBTは1回60問120分です。過去問演習の目安は直近2回分を計2周—当サイトでは2025・2026年度分計120問を学科演習として使えます。技能検定は当サイト未公開のため、公式テキストと問題集で別途演習が必要です。本記事では年数・周回数・使い方を整理します。,学科本番60問—演習は直近2年度分×2周が目安;当サイト120問（2025・2026各60問）を通しと分野別に使える;一問一答は前半・過去問は後半—正答率65％で切り替え;技能検定は過去問だけでは不足—公式事例を週2時間;法令基準日が変わる年度は要項で確認し最新年度を優先,19,よくある質問;過去問;FP2級;学習計画,FP2級マスター編集部,資格学習サイトの編集チーム,公式情報確認担当,公開前に一次情報との照合を行う担当者,2026-06-16,日本FP協会（公式）|https://www.jafp.or.jp/exam/outline/;日本FP協会（公式）|https://www.jafp.or.jp/,参照: FP2 past_questions.csv（120問・2025/2026）。FP3 tools-ichimon-vs-past・compare-past-questions-only をFP2向え再執筆。技能検定未公開明記。,読了後は、過去問を何年分・何周やれば足りるかが分かり、たとえば第11週から当サイト120問を週30問×4週で1周、第15週から120分通し2回—というカレンダーを組めます。技能検定は別教材が必要な理由も理解できます。,テキスト1冊で6科目を1周してから過去問に入る—第1〜10週はテキスト中心;第11週から当サイト学科過去問を週30問、120問を4週で1周;第15週から120分通し60問を2回、正答率70％×2回を記録・分析タブで確認;技能検定は公式テキストの事例を週2時間—当サイト学科だけで申込まない;ミス問題は復習タブで解き直し、2周目は弱点科目から再開,試験要項・過去問公開年度・当サイト収録数変更時に本文を見直します。,2026-06-16,2026-07-16,2026-06-16,published,2026-06-16: FP2サイト10本目。120問2周・一問一答使い分け・技能検定別途。,結論—学科は直近2年度分を2周が目安,FP2級学科CBTは1回60問・120分です。過去問演習の安全ラインは、直近2回分（おおむね2年度分）を計2周すること—合計240問分の演習量に相当します。1周だけでは取りこぼしが残り、5年分を浅く解くより2年分を深く解く方が得点効率が高いです。当サイトでは2025・2026年度分の計120問を学科過去問として提供しており、1周目は分野別・2周目は120分通し—と使い分けると本番60問に近い体力が身につきます。協会が公開する過去問の年度は試験要項・協会サイトで必ず再確認してください。,当サイト120問の内訳と回し方,"当サイトの学科過去問120問は、2025年度60問と2026年度60問の構成です。本番と同じ60問セットを2年度分持っているイメージで、通し演習では年度を1つ選び120分で解きます。

| 周 | やり方 | 目標 |
| --- | --- | --- |
| 1周目 | 週30問×4週、分野別も可 | 正答率60％以上 |
| 解き直し | 復習タブでミス40問 | 同型ミスゼロ |
| 2周目 | 120分通し×2回（年度別） | 正答率70％以上 |

例えば第11週から週30問を4週続け、第15週に2026年度60問通し、第16週に2025年度60問通し—とカレンダーに書くと迷いません。記録・分析タブで6科目別正答率も入力してください。",公式過去問・問題集との併用,日本FP協会は試験問題の一部を年度ごとに公開しています。市販の2級問題集は複数年度をまとめたものも多く、当サイト120問と重複する場合があります。重複は悪ではありませんが、解説の違いで混乱するため、正本はテキスト1冊＋演習は当サイト中心—に寄せると効率的です。例えば問題集を買うなら受験年度表記の1冊に限定し、古い年度の税率・制度は最新要項で上書きしてください。法令基準日は受験月ごとに協会日程表で変わるため、古い過去問だけで直前仕上げしないことが重要です。,一問一答と過去問の使い分け,学習前半は当サイト一問一答で用語と短い設問を厚く、正答率65％を超えたら過去問比率を上げます。過去問は1問3〜4分の本番ペース—一問一答の1分/問より重いため、いきなり過去問だけだと時間配分が崩れます。たとえば週8時間なら第1〜10週は一問一答週100問＋テキスト、第11週以降は過去問週30問＋一問一答週50問—と比率を切り替えてください。6科目のうち2科目が50％未満なら、その科目だけ一問一答20問追加でから回復を。,技能検定は過去問だけでは足りない,当サイトは学科過去問120問を公開していますが、技能検定形式の過去問演習は現時点では別途用意していません。2級合格には学科36点以上と技能検定60点以上の両方が必要—学科過去問2周だけで申込むと技能検定で止まるパターンが多いです。技能検定は日本FP協会の公式テキスト・問題集の資産設計提案業務の事例を週2時間、100点換算65点×2回を目標に通し演習してください。例えば第16週から日曜90分を技能検定固定にし、学科過去問通しと並行—7:3の時間配分が目安です。,14週モデル—過去問中心の進め方,残り14週で過去問中心に仕上げる例です。たとえば第1〜4週はテキスト6科目、第5〜8週は一問一答週80問、第9〜12週は当サイト過去問週30問で120問1周、第13〜14週は120分通し2回と技能検定90分通し1回—という配分です。第12週終わり時点で通し正答率70％未満なら受験月を4週後ろ倒しし、2周目は弱点2科目から再開してください。総時間の目安は関連記事「FP2級の勉強時間は何時間？独学の目安と逆算」、合格ラインは「FP2級は何割で合格？学科36点・実技60点の基準点」も参照してください。,,,FP2級の過去問は何年分あれば足りますか？,学科は直近2回分（2年度前後）を2周するのが目安です。5年分を1周だけ解くより、2年分を通し2回解いた方が本番60問120分に近い練習になります。当サイトでは2025・2026年度の計120問を利用でき、これを2周すれば240問分の演習量に相当します。協会が公開する年度は毎年変わるため、申込前に協会サイトで最新の公開状況を確認してください。,当サイトの120問だけで学科は足りますか？,学科演習の主軸としては足ります。条件はテキストで6科目を1周済みであることと、120問を2周して通し正答率70％×2回を記録・分析タブで確認することです。ただし技能検定は別教材が必須—120問だけ完了しても2級合格には届きません。例えば第15週に120分通し42問（70％）×2回を達成したら学科申込判断、並行して技能検定週2時間を続けてください。,faq-fp2-study-hours:FP2級の勉強時間は何時間？独学の目安と逆算;faq-fp2-self-study:FP2級は独学で合格できる？必要な演習量と限界;faq-fp2-pass-score:FP2級は何割で合格？学科36点・実技60点の基準点,技能検定の過去問は何年分必要ですか？,当サイトでは技能検定過去問を公開していないため、公式テキスト付属の事例と市販問題集の技能検定パートが中心になります。年数より通し回数—100点換算65点×2回—を目標に、直近の受験年度表記の教材を優先してください。例えば公式テキストの事例10題を2周し、2周目を90分通しで65点以上—取れれば本番60点ラインに近づいています。学科過去問だけで技能検定を後回しにしないでください。
faq-fp2-retake,よくある質問,FP2級に落ちたら？再受験の間隔と弱点の潰し方,"FP2級不合格後の再受験間隔、合格発表翌日以降の予約ルール、セット11,700円と片方5,700・6,000円の使い分け、得点表から弱点を潰す4週プラン、学科OK・技能検定NGの配分切替を整理します。","FP2級に落ちても、CBTは通年再挑戦できます。再予約は前回の合格発表日の翌日以降—技能検定のみ6,000円、学科のみ5,700円、両方なら11,700円—と要綱どおりです。本記事では不合格パターン別の4週集中プランと、再申込前の演習基準を整理します。","再予約は合格発表日翌日以降—当日スコアだけで早申込しない;最多は学科OK・技能検定NG—技能検定に週8時間×4週;一部合格なら未達科目のみ（5,700円または6,000円）;得点表から弱点2科目に集中—6科目やり直しは非効率;再申込前に演習70％×2回（学科）・65点×2回（技能検定）",20,よくある質問;再受験;FP2級;不合格,FP2級マスター編集部,資格学習サイトの編集チーム,公式情報確認担当,公開前に一次情報との照合を行う担当者,2026-06-16,日本FP協会（公式）|https://www.jafp.or.jp/exam/outline/;日本FP協会（公式）|https://www.jafp.or.jp/exam/schedule/,参照: FP2級要項（再予約・一部合格・受検手数料）。FP3 exam-wp-written-pass-practical-fail・faq-fail-patterns をFP2向け再執筆。,読了後は、不合格パターンに応じた再受験間隔と費用が分かり、たとえば学科40点・技能検定58点なら4週間技能検定に週8時間—という計画を立てられます。再申込前の演習基準も持てます。,"CBT-Solutionsで正式合否と得点を確認し、スコアレポートを保存する;不合格パターン（総合・一部合格）と再受験料5,700/6,000/11,700をメモする;弱点2科目を得点表から特定し、4週カレンダーに技能検定または学科の集中時間を書く;再申込前に当サイト演習で70％×2回または65点×2回を記録・分析タブで確認;合格発表翌日以降に空席検索—早すぎる予約は要綱違反になる場合あり",試験要項・再受験ルール改定時に本文と参照元を見直します。,2026-06-16,2026-07-16,2026-06-16,published,2026-06-16: FP2サイト11本目。再受験間隔・一部合格・4週プラン・弱点潰し。,不合格の3パターン—どこが基準未達だったか,FP2級の不合格は大きく3つに分けられます。①学科36点未満かつ技能検定60点未満の総合不合格、②学科36点以上・技能検定60点未満の一部合格、③学科36点未満・技能検定60点以上の一部合格—です。再受験者の多くは②で、学科は取れても技能検定が55〜58点帯で止まるケースが目立ちます。例えば学科42点（70％）・技能検定58点なら、改善は技能検定の2〜8点—6科目全部やり直すより技能検定演習に時間を移す方が早いです。正式な判定は合格発表日10時以降のCBT-Solutions確認が正本です。,再受験の間隔—合格発表翌日以降に予約,CBTは通年受験できますが、再予約にはルールがあります。要綱では2回目以降の受検日は、前回受験の合格発表日の翌日以降—とされています。例えば6月20日受験・7月15日合格発表なら、7月16日以降に次回空席を押さえられます。当日スコアレポートで得点だけ見て翌週に申し込むのは、正式合否前の早申込になり得ます—発表日と再予約可能日をカレンダーに2件書いておいてください。最短でも合格発表から2〜4週後の受験—と演習4週を確保してから予約する方が再落ちを減らせます。,"再受験料—セット11,700円と片方のみの使い分け","再受験の受検手数料は要綱どおり次のとおりです（非課税）。

| 再受験する試験 | 手数料目安 |
| --- | --- |
| 学科＋技能検定 | 11,700円 |
| 学科のみ | 5,700円 |
| 技能検定のみ | 6,000円 |

一部合格なら未達科目だけの申込で済みます。例えば学科40点・技能検定58点なら次回6,000円＋決済手数料—総合不合格で両方再受験する11,700円より半額近いです。逆に両方ギリギリ未達ならセット再受験より、弱点側に4週集中してから片方のみ申込む判断もあります。詳細は関連記事「FP2級の受験料・手数料はいくら？」も参照してください。",得点表から弱点を潰す4週プラン,再受験前の4週は、得点表の数字から逆算します。スコアレポートと当サイトの演習記録を並べ、正答率最低の2科目—または技能検定の時間切れ設問数—を特定してください。たとえば残り28日なら、第1週は弱点科目の当サイト一問一答30問と復習タブでの解き直し、第2〜3週は技能検定90分通しを週2回、第4週は学科120分通し1回で維持—という配分です。週8時間×4週＝32時間を技能検定に寄せ、学科は週2時間で60問通し38問以上を維持すれば足ります。再申込前に技能検定65点×2回、学科70％×2回を記録・分析タブで確認してから決済に進んでください。,学科OK・技能検定NG—最多パターンの配分切替,学科合格・技能検定不合格は「半分成功」—6科目のインプットやり直しは不要です。失敗原因は演習量不足、記述式の時間切れ、提案構成の型不足—のいずれかが多いです。例えば技能検定58点・時間切れ4問なら、90分通しで後半10問の正答率が前半より20％低いサイン—残り4週のうち3週を公式テキストの事例通し、1週を当サイト学科60問で維持に充ててください。新しいテキストを追加購入するより、同じ事例を3周解き直す方が再受験コストを抑えやすいです。合格点の整理は関連記事「FP2級は何割で合格？学科36点・実技60点の基準点」も参照してください。,2回連続不合格—やめるべきサインと次の一手,"2回連続で落ちた場合、まず配分ミスか演習量不足かを切り分けます。再受験後も技能検定55点前後が続くなら、独学限界—通信の技能検定添削や模試1回の併用を検討してください。学科が2回とも34点以下なら、テキストやり直しより当サイト過去問120問の2周目から入る方が早いケースもあります。例えば2回目不合格確定後1週間は学習を止め、得点表とミス理由だけ整理—3日目から週10時間×6週で3回目に備える計画が現実的です。3回目も演習基準未達のまま11,700円を払うのは非推奨—合格率の見方は「FP2級の合格率は？年度別の見方と難易度の実感」も参照してください。",,,落ちてから最短何週後に再受験できますか？,"予約可能日は合格発表日の翌日以降です。演習の観点では最短4週後が安全—例えば7月15日不合格確定なら7月16日以降に予約でき、8月中旬以降の受験枠を押さえる流れです。1週後に再受験すると技能検定演習が足りず、6,000円または11,700円を再度失うリスクが高まります。4週で技能検定通し6回＋弱点科目集中—を終えてから申込んでください。",学科だけ合格した場合の再受験料はいくらですか？,"一部合格（学科のみ合格）なら、技能検定のみの再受験が可能で、要綱上の受検手数料は6,000円（非課税）です。決済手数料が別途かかります。CBT-Solutionsで一部合格証をダウンロードし、技能検定のみを選択して予約してください。例えば学科38点・技能検定57点なら、残り4週を技能検定に充て、学科は週2時間の60問通しで38問以上を維持—65点×2回を確認してから6,000円を支払う順番が安全です。",faq-fp2-exam-fee:FP2級の受験料・手数料はいくら？再受験のコスト;faq-fp2-pass-score:FP2級は何割で合格？学科36点・実技60点の基準点;faq-fp2-schedule:FP2級の試験日程はいつ？学科・技能検定の受験の組み方,2回連続で不合格のときはどうすればよいですか？,"得点表を並べ、同じ科目・同じ失点型（時間切れ・計算ミス・記述不足）が繰り返されていないか確認してください。技能検定55点が2回続くなら、週10時間×6週を技能検定に固定し、添削付き模試1回を検討します。学科34点が2回続くなら、当サイト過去問120問の2周目と弱点2科目の週5時間×4週集中—を先に。3回目の11,700円は演習70％×2回を満たしてから—感情で早申込しないことが再受験コスト削減の核心です。"
faq-fp2-result-timing,よくある質問,FP2級の結果はいつ？CBT当日と翌月の合格発表,FP2級CBTの結果はいつわかるかを整理。試験当日にスコアレポートで正誤を確認でき、正式な合格発表は翌月中旬です。2026年度日程、CBT-Solutionsでの確認手順、合格証書の郵送時期、一部合格の扱いまで解説します。,FP2級CBTの結果は「2段階」です。試験終了直後にスコアレポートで得点は分かりますが、合否は載りません。正式判定は受験月ごとの合格発表日10時以降—例えば6月受験なら7月15日—にCBT-Solutionsで確認します。本記事では発表日の調べ方と当日得点の読み方を整理します。,当日は得点のみ—合否は合格発表日10時以降にWeb確認;発表日は受験月で決まる—協会試験日程表が正本;学科36点・技能検定60点が目安だが最終判定は発表日;一部合格は受検者ページで一部合格証をダウンロード;合格者は合格証書が郵送—2週間未着は協会へ問合せ,21,よくある質問;結果発表;FP2級;CBT,FP2級マスター編集部,資格学習サイトの編集チーム,公式情報確認担当,公開前に一次情報との照合を行う担当者,2026-06-16,日本FP協会（公式）|https://www.jafp.or.jp/exam/schedule/;日本FP協会（公式）|https://www.jafp.or.jp/exam/outline/,参照: 日本FP協会試験日程表・要綱（スコアレポート・合格発表10時・一部合格証DL）。FP3 faq-result-timing をFP2向け再執筆。学科36/60・技能検定60/100。,読了後は、受験日と合格発表日をカレンダーに2件書け、たとえば6月28日受験なら7月15日10時にCBT-Solutionsへログイン—という流れが分かります。当日42点・技能検定58点の読み方も判断できます。,日本FP協会試験日程表で自分の受験月の合格発表日を確認する;CBT-Solutionsのログイン情報を試験前に確認する;受験日・合格発表日10時をカレンダーに登録する;当日スコアレポートを写真保存し、発表日まで保管する;不合格時は得点表から弱点2科目を選び、関連記事「FP2級に落ちたら？」の4週プランを開始,試験要項・日程表改定時に本文と参照元を見直します。,2026-06-16,2026-07-16,2026-06-16,published,2026-06-16: FP2サイト12本目。結果2段階・発表日・CBT確認・一部合格証。,結果は「当日得点」と「正式合否」の2段階,FP2級CBTでは試験終了後にスコアレポートが渡されます。CBT-Solutionsの案内でも、レポートに合否は記載されないと明記されています。得点はその場で分かりますが、合格・不合格の公式判定は合格発表日まで保留—試験要綱でも同趣旨です。例えば学科42点（70％）・技能検定58点と出ても、正式発表までは外部に合格宣言しない方が安全です。一部合格（片方のみ基準達成）の扱いも、発表日10時以降のWeb表示が正本です。,合格発表日は「受験した月」で決まる,"CBTは通年受験ですが、合格発表日は受験月ごとに協会日程表に従います。おおむね翌月中旬・10時以降です。

| 受験期間（2026年度例） | 合格発表日 |
| --- | --- |
| 4月1日〜4月30日 | 5月20日 |
| 6月1日〜6月30日 | 7月15日 |
| 8月1日〜8月31日 | 9月15日 |
| 12月1日〜12月27日 | 1月19日 |

たとえば6月5日受験も6月28日受験も、同じ7月15日10時以降に結果確認します。表は抜粋のため、申込前に協会試験日程ページの最新表で必ず確認してください。",合否の確認方法（CBT-Solutions）,正式な結果確認は、合格発表日10時以降にCBT-Solutionsの受検者ページから行います。申込時のID・パスワードでログインし、結果・履歴から2級の受験記録を開いてください。例えば7月15日9時50分には未表示のことがあり、10時05分に再読み込みする運用が無難です。一部合格者は同日10時以降、受検者ページから一部合格証をダウンロードできます（2025年4月1日以降受験）。合格者には合格証書が普通郵便で送付—発表日から2週間未着の場合は協会へ問合せしてください。,当日スコアレポートの読み方と落とし穴,レポートには学科・技能検定の得点が載ります。合格基準は学科60点満点36点以上、技能検定100点満点60点以上—です。ただし落とし穴があります。暫定得点の可能性、問題取り消しによる配点調整、一部合格判定の確定待ち—などです。例えば技能検定58点と出た人は、正式発表まで再予約は翌日以降ルールを守りつつ、当サイトの復習タブでタックス・相続の解き直しを並行しておくと、不合格確定時に時間を無駄にしません。再受験の具体的プランは関連記事「FP2級に落ちたら？再受験の間隔と弱点の潰し方」を参照してください。,合格発表後にやること,"総合合格した場合：Webで結果確認後、合格証書の郵送を待ちます。履歴書には合格月と「日本FP協会」を明記—証書到着前でもWeb合格確認のスクリーンショットは保管用に。一部合格の場合：一部合格証をダウンロードし、未達科目の再受験計画を立てます。再予約は合格発表日の翌日以降—技能検定のみ6,000円前後など要綱確認。不合格の場合：7月16日から4週間の弱点集中を開始し、演習70％×2回を記録・分析タブで確認してから次回11,700円または片方のみ申込—空白期間に学習を止めると正答率が10％以上落ちる例もあります。",受験前にカレンダーへ書く2つの日付,CBT予約確定時点で、カレンダーに「受験日時・会場」と「合格発表日10時」の2件を転記してください。例えば8月12日10時受験なら、日程表どおり9月15日10時が発表目安—再受験の最早予約日は9月16日です。当日はスコアレポートをスマホで写真保存し、学科・技能検定の点数と時間切れ設問数をメモ。発表日当日はアクセス集中で表示が遅れることがあるため、10時直後に開けなければ10分間隔で再試行してください。日程の全体像は関連記事「FP2級の試験日程はいつ？学科・技能検定の受験の組み方」も参照してください。,,,試験当日に合否はわかりますか？,いいえ。当日わかるのはスコアレポートの得点までです。合否の文字は載っておらず、正式判定は合格発表日10時以降のWeb確認になります。たとえば学科40/60・技能検定62点と出ても、最終判定までは合格扱いにせず、レポートを保管し、技能検定58点などギリギリなら復習タブで解き直しを並行しておくと安心です。,一部合格の結果はいつ・どこで確認しますか？,"合格発表日10時以降、CBT-Solutionsの受検者ページで正式合否を確認します。2025年4月1日以降に受験した一部合格者は、同日10時以降に一部合格証をダウンロードできます。郵送されるのは総合合格者の合格証書—一部合格だけでは紙の合格証書は届きません。例えば学科38点・技能検定57点なら、発表日に一部合格を確認後、7月16日以降に技能検定のみ6,000円で再予約—という流れになります。",faq-fp2-schedule:FP2級の試験日程はいつ？学科・技能検定の受験の組み方;faq-fp2-retake:FP2級に落ちたら？再受験の間隔と弱点の潰し方;faq-fp2-pass-score:FP2級は何割で合格？学科36点・実技60点の基準点,合格証書はいつ届きますか？,要綱では具体的な配達日数は明記されていませんが、普通郵便で合格発表日に発送—とされ、実務上1〜2週間が目安です。発表日から2週間経っても未着なら日本FP協会へ問合せしてください。例えば7月15日発表なら7月29日頃まで待ち、未着なら受験日・会場名・Web合格確認画面を用意して連絡—引越し予定がある人は発表前にCBT-Solutionsの登録住所を確認してください。
fp2-written-vs-practical,学科・実技の違いと対策,FP2級の学科と技能検定の違い｜同日受験と分日の選び方,FP2級の学科60問120分と技能検定40問90分の違い、合格基準36点・60点、学習配分70対30、同日210分受験と分日申込の判断、14週ロードマップを日本FP協会要綱に沿って整理します。,FP2級の対策は「学科の6科目演習」と「技能検定の事例読解」で分けて考えます。学科は60問120分で36点以上、技能検定は40問90分で100点満点60点以上—両方必要です。学科だけ200時間使って技能検定58点で不合格—という典型を避けるため、本記事では配分と同日・分日の選び方を整理します。,"学科60問120分・技能検定40問90分—同日210分前後の2部制が基本;学科は6科目の正誤・用語、技能検定は顧客事例と提案・記述;学習配分は学科70％・技能検定30％が独学の目安;学科通し36点×2回を当サイトで確認してから技能検定比重を上げる;技能検定65点×2回を確認してから11,700円申込",22,学科;技能検定;FP2級;学習計画,FP2級マスター編集部,資格学習サイトの編集チーム,公式情報確認担当,公開前に一次情報との照合を行う担当者,2026-06-16,日本FP協会（公式）|https://www.jafp.or.jp/exam/outline/,参照: 日本FP協会 FP2級要項（学科36/60・技能検定60/100）。FP3 exam-wp-written-vs-practical をFP2向け再執筆。70/30配分・分日・14週表。,"読了後は、残り週数に応じて学科と技能検定の時間配分を決められ、たとえば学科通し42点（70％）・技能検定換算58点なら残り14日の10日を技能検定へ移す—と判断できます。初回は同日11,700円セットが得かどうかも分かります。",学科60問120分・技能検定40問90分をカレンダーに書き、当サイト通し回数を決める;第1〜12週は学科中心（週5〜6時間）に配分する;第13週から技能検定形式を週2時間以上固定する;学科36点以上・技能検定65点以上を記録・分析タブで2回連続記録する;試験2週前に120分＋90分の連続通し演習を1回行う,試験要項・制度改正時に本文と参照元を見直します。,2026-06-16,2026-07-16,2026-06-16,published,2026-06-16: FP2サイト13本目。学科・技能検定の違い・配分・分日。,学科試験と技能検定の違い—形式と出題の性格,"FP2級CBTは同日に学科と技能検定を受けるのが基本です。

| 区分 | 形式 | 合格ライン |
| --- | --- | --- |
| 学科 | 60問・120分 | 36点以上（60点満点） |
| 技能検定 | 40問・90分 | 60点以上（100点満点） |
| 合計 | 約210分 | 両方とも基準以上が必要 |

学科は6科目から正誤・用語・短い計算がバランスよく出ます。技能検定は顧客の収支・保険・税金・資産が絡む事例文で、選択に加え記述・計算根拠の提示が求められます。例えば学科演習で42点（70％）でも技能検定58点なら総合不合格になります。3級（学科90分＋実技60分）より合計時間が長い点も、2級特有の持久力要件です。試験形式は日本FP協会要綱で再確認してください。",対策の分け方—学科70％・技能検定30％の時間配分,"独学初学者の安全な配分モデルです。

| 総時間 | 学科 | 技能検定 | 目安 |
| --- | --- | --- | --- |
| 200時間 | 140時間 | 60時間 | 25週×週8時間 |
| 250時間 | 175時間 | 75時間 | 30週モデル |
| 直前6週 | 週3時間 | 週5時間 | 技能検定比重を上げる |

例えば残り14週・112時間なら、第1〜10週は学科に週6時間×10＝60時間、第11〜14週は技能検定に週5時間×4＝20時間—と段階を切り替えます。6科目の弱点配分は当サイトの学科過去問で分野別正答率を記録・分析タブに入力し、50％未満の科目から週4時間を先に割り当ててください。",学科対策の進め方—科目別と通し60問の二段構え,学科は「6科目テキスト→当サイト学科過去問通し60問」の順が効率的です。当サイトには2025・2026年度分の学科過去問120問（各60問）があり、本番と同じ60問120分の通し演習に使えます。第8週ごろから120分タイマーで通しを始め、36点以上を2回連続で記録・分析タブに残すのが申込前の目安です。例えば第10週の通しで42点（70％）なら、学科は維持モードに入り、週2時間の復習タブで解き直しに抑えて技能検定へ時間を移します。36点未満が続くなら、技能検定比重を上げる前に弱点科目を1つに絞ってさらに2週延長してください。,技能検定対策の進め方—事例読解と時間感覚,技能検定は「形式に慣れる」ことが最優先です。当サイトでは学科過去問を公開していますが、技能検定過去問は未公開のため、公式テキスト・問題集の事例と模擬形式で演習してください。第13週から90分タイマーで40問相当を解き、100点換算65点以上を2回連続で記録するのが安全圏です。例えば技能検定演習で65点なら合格ラインに届いています。55点なら、週3時間×3週を技能検定専用に追加してください。提案構成の型（現状分析→課題→提案→根拠）を1パターン暗記し、設問を先読みしてから事例文の必要行だけに印を付ける練習が効きます。,同日受験と分日申込—どちらを選ぶか,"初回受験の多くは「学科試験と実技試験」セット11,700円で同日予約します。要綱上、学科のみ5,700円・技能検定のみ6,000円の単独申込も可能です。例えば学科だけ先に受け、技能検定を後日—と分ける場合も制度上はありますが、学科の知識が冷えるリスク、予約回数と手数料の増加、210分連続の本番体験不足—が欠点です。逆に同日セットの利点は、1回11,700円で両方受験でき、学科直後の集中力で技能検定に入れる点。一部合格後の再受験は片方のみ6,000円または5,700円—詳細は関連記事「FP2級に落ちたら？再受験の間隔と弱点の潰し方」を参照してください。",14週間の統合ロードマップ,"学科と技能検定を1本の計画にまとめた例です。たとえば残り14週で112時間確保できる場合—第1〜4週は6科目テキスト週5時間、第5〜8週は当サイト学科過去問週30問、第9〜10週は弱点2科目に週5時間追加、第11〜12週は技能検定形式週3時間、第13〜14週は120分＋90分の連続通しと復習タブでの解き直し—という配分です。第14週末に学科42点・技能検定66点なら11,700円申込へ進みます。学科34点以下または技能検定58点以下なら2週延期を先にカレンダーに書いてください。合格基準の詳細は関連記事「FP2級は何割で合格？学科36点・実技60点の基準点」、日程は「FP2級の試験日程はいつ？」も参照してください。",,,学科だけ先に合格ラインまで上げればよいですか？,学科を先に固めるのは有効ですが、技能検定を最後まで放置すると総合不合格になりやすいです。例えば学科が連続2回42点（70％）でも、技能検定が1回も90分通しで解いていなければ本番で時間切れのリスクが高いです。第13週からは週3時間以上を技能検定に固定し、学科は週2時間の通し維持に抑えてください。当サイトの学科過去問120問は本番60問の2年度分—通しは60問120分で行うのが正しい練習です。,学科と技能検定は別の日に受けた方がよいですか？,"初回は同日11,700円セットが一般的です。分日申込は学科のみ5,700円・技能検定のみ6,000円と合計が上がり、210分連続の体力練習も別途必要になります。例えば学科だけ9月、技能検定だけ10月—と分ける場合、9月の学科合格後4週以内に技能検定65点×2回を演習で確認してから10月予約—が安全です。学習時間が200時間未満なら分日より受験月延期の方が総コストを抑えやすいこともあります。",faq-fp2-pass-score:FP2級は何割で合格？学科36点・実技60点の基準点;faq-fp2-schedule:FP2級の試験日程はいつ？学科・技能検定の受験の組み方;faq-fp2-study-hours:FP2級の勉強時間は何時間？独学の目安と逆算,3級の実技対策は2級技能検定にそのまま使えますか？,土台（事例読解・提案の流れ）は活かせますが、問題数・時間・深さが異なります。3級実技は20問60分、2級技能検定は40問90分—読解量と記述負荷が増えます。3級で実技65点×2回達成した人でも、2級技能検定演習の初回は55点前後に下がる例があります。公式テキストの2級事例で90分通しを最低4回こなし、65点×2回を記録・分析タブで確認してから申込判断してください。
fp2-written-exam-guide,学科・実技の違いと対策,FP2級学科試験の形式と対策｜60問・四答択の時間配分,FP2級学科CBTの60問120分・四答択1点1問・36点合格を要綱どおり整理。6科目の出題目安、1問2分の時間配分、CBT画面操作、当サイト120問の使い方、直前2週の仕上げまで解説します。,FP2級学科試験は60問・120分・四答択（1問1点）で、36点以上が合格ラインです。3級より時間は30分長い一方、出題の深さと計算量が増します。本記事では6科目のバランス、1問2分の配分、当サイト学科過去問120問の回し方を整理します。,学科60問120分・四答択・60点満点36点以上;6科目からおおむね各10問前後—科目別足切りはない;1問2分が目安—計算問題は3分まで許容;CBTは画面電卓・フラグ機能—持ち込み電卓不可;演習目安は当サイト120問2周・通し70％×2回,23,学科;FP2級;CBT;学習計画,FP2級マスター編集部,資格学習サイトの編集チーム,公式情報確認担当,公開前に一次情報との照合を行う担当者,2026-06-16,日本FP協会（公式）|https://www.jafp.or.jp/exam/outline/,参照: FP2級要項（学科60問120分・36/60）。FP3 field-six-subjects-scoring・exam-wp-written-vs-practical をFP2学科特化で再執筆。,読了後は、学科60問120分の本番イメージが持て、たとえば第10週から120分通しを2週に1回入れ、42点（70％）×2回を記録・分析タブで確認してから技能検定比重を上げる—という計画を組めます。,要綱で学科60問120分・36点合格をメモする;当サイト学科過去問で6科目別正答率を記録・分析タブに入力する;第8週から120分タイマーで通し60問を2週に1回解く;計算問題はPC画面電卓で1問3分以内を目標に練習する;試験2週前に120分通し2回連続で70％以上を確認する,試験要項・出題形式改定時に本文と参照元を見直します。,2026-06-16,2026-07-16,2026-06-16,published,2026-06-16: FP2サイト14本目。学科形式・6科目・時間配分・CBT・演習。,学科試験の基本形式—60問・120分・四答択,FP2級学科試験（日本FP協会CBT）は、6科目から60問・120分・四答択一択です。1問1点換算で60点満点、合格は36点以上—60％ラインです。3級学科も60問ですが試験時間は90分—2級は120分と30分長い構成です。1問あたりの目安はどちらも2分ですが、条文と計算のステップ数が増える点が体感差の正体です。技能検定と同日2部制—学科の後に90分の技能検定が続くため、学科で120分フルに使い切ると後半の持久力も問われます。出題形式・合格基準は試験要綱PDFが正本—申込前に必ず最新版を確認してください。,6科目の出題バランスと36点の読み方,"学科に科目別の足切りはありませんが、6科目からおおむねバランスよく出題されます。目安は次のとおりです。

| 科目 | 出題目安（60問中） | 2級で厚い論点 |
| --- | --- | --- |
| ライフプランニング | 9〜11問 | 年金・社会保険の計算 |
| リスク管理 | 9〜11問 | 生命・損保の事例 |
| 金融資産運用 | 9〜11問 | 複利・PER・ポートフォリオ |
| タックスプランニング | 9〜11問 | 譲渡所得・控除の段階計算 |
| 不動産 | 8〜10問 | 収益還元・固定資産税 |
| 相続・事業承継 | 9〜11問 | 相続税・贈与の組み合わせ |

36点合格は「60問中36問正解」—1科目を完全放棄すると他科目で67％以上が必要になり負担が跳ね上がります。例えばタックス10問中4問しか取れないなら、残り50問で32問—64％—が必要です。当サイトの学科過去問で分野別正答率を記録・分析タブに入力し、50％未満の科目から週4時間を先に割り当ててください。",120分の時間配分—1問2分の目安,60問120分の基本ペースは1問2分です。ただし2級は計算・長文が多く、制度問題1分・計算3分—と設問タイプで使う時間を変えます。おすすめは2周解法です。第1周は確実に解ける設問だけ—目標45問を90分で終える。第2周はフラグ付きの15問に残り30分—計算問題は画面電卓を先に開き、式をメモ用紙に書いてから入力します。例えば第50問時点で残り30分・未解答10問なら、計算3問に18分・制度7問に12分—と上限を決めて次へ進むルールが時間切れを防ぎます。演習段階から120分タイマーで当サイト通し60問を解き、何問目で時間切れしたかを記録・分析タブにメモしてください。,CBT画面での解き方—電卓・フラグ・見直し,学科CBTでは私物の電卓・スマホ・参考書は持ち込めません。計算は画面上の電卓のみ—％は×0.2のように小数入力に置き換えます。問題一覧から未解答・フラグ付き設問へジャンプできるため、最初から1問ずつ順番に解く必要はありません。例えば相続税の長い計算で3分使いそうなら一旦フラグを付け、制度問題5問を先に埋めてから戻る—という運用が効率的です。メモ用紙と筆記用具はテストセンター貸出—途中式は紙に書き、答案は画面で選択します。電卓操作の詳細は関連記事「FP2級の試験で電卓は使える？CBTの操作と練習」、同日の流れは「FP2級の学科と技能検定の違い」も参照してください。,演習の進め方—当サイト120問と通し2回,学科演習の主軸は当サイトの学科過去問120問（2025・2026年度各60問）です。本番と同じ60問120分の通しが正しい練習です。第1〜10週は6科目テキスト＋一問一答、第11週から週30問×4週で120問1周、第15週から120分通し×2回—が標準ルートです。申込前の目安は通し正答率70％×2回連続—36点ライン（60％）より10ポイント上を演習で確保すると、本番の時間切れ・取り消し問題の下振れを吸収できます。例えば2026年度60問通しで42点（70％）、2025年度60問通しで41点—なら学科は維持モードに入り、週2時間の復習タブで解き直しに抑えて技能検定へ時間を移してください。過去問の年数・周回の考え方は関連記事「FP2級の過去問は何年分やれば足りる？使い方」も参照してください。,直前2週間—学科だけの仕上げプラン,試験2週前からは学科通しの比重を上げ、技能検定は週2時間の維持に留めます。たとえば残り14日なら、第1週目に120分通し60問×2回（年度別）、第2週目に120分＋90分の連続通し1回—技能検定との同日体力を確認します。通し2回とも42点以上なら学科申込判断、38点以下なら受験月を2週延期し弱点2科目に週5時間×2週を追加してください。直前3日は新規インプットを止め、復習タブでミス40問だけ解き直し—睡眠7時間を優先し、試験当日は学科開始30分前到着を目標に。合格点36点の意味と一部合格の扱いは関連記事「FP2級は何割で合格？学科36点・実技60点の基準点」で確認してください。,,,学科試験だけ先に受けられますか？,"要綱上、学科のみ5,700円で単独受験は可能です。たとえば学科だけ9月、技能検定を10月—と分ける選択肢があります。ただし初回は同日11,700円セットが一般的で、学科の知識が冷えるリスクと210分連続の本番体験不足—が欠点です。学科演習70％×2回を先に達成し、技能検定65点×2回が未達なら分日より受験月延期の方が総コストを抑えやすいこともあります。分日と同日の判断は関連記事「FP2級の学科と技能検定の違い｜同日受験と分日の選び方」を参照してください。",1問2分で間に合いません。どう練習しますか？,120分通し演習で「何問目から遅れたか」を記録し、遅れが出やすい科目を特定してください。例えば相続・タックスの計算で毎回45問目以降が時間切れなら、平日に計算10問だけ90秒タイマー—を2週続けます。制度問題は1分で次へ進むルールを通しに組み込み、計算だけ3分まで許容—2周解法とセットで練習すると120分に収まりやすくなります。当サイトの学科過去問を年度別60問通しで4回以上こなすと、本番のペース感が身につきます。,fp2-written-vs-practical:FP2級の学科と技能検定の違い｜同日受験と分日の選び方;faq-fp2-past-questions:FP2級の過去問は何年分やれば足りる？使い方;faq-fp2-calculator:FP2級の試験で電卓は使える？CBTの操作と練習,36点（60％）取れれば本番合格できますか？,36点は合格ラインですが、演習では70％—42点—×2回を目標にしてください。本番は時間切れ・問題取り消し・集中力の下振れがあり、演習60％台だと36点を下回る例が多いです。例えば通し演習で40点（67％）×2回ならあと1〜2点分の改善で合格圏—38点以下が2回続くなら受験月を2週延期し弱点科目に週5時間を追加してください。技能検定60点以上も別途必要—学科だけ合格しても総合合格には技能検定の基準達成が必要です。
fp2-practical-exam-guide,学科・実技の違いと対策,FP2級技能検定の形式と対策｜事例問題の進め方,FP2級技能検定CBTの40問90分・100点満点60点合格を要綱どおり整理。資産設計提案の事例読解、1問2分超の時間配分、記述入力と画面電卓、公式テキスト演習、学科直後210分の持久力対策まで解説します。,FP2級技能検定は40問・90分・100点満点で60点以上が合格ラインです。学科120分の直後に受けるため、事例読解・提案構成・記述入力の型がないと58点止まり—が典型です。本記事では設問の進め方と公式テキストでの演習量を整理します。,技能検定40問90分・100点満点60点以上—配点は設問ごとに異なる;資産設計提案業務—顧客情報を読み提案・根拠を示す;1問2分超が目安—長文は先読みして必要行だけに印;記述式はキーボード入力—計算は画面電卓;演習目安は90分通し65点×2回—当サイト学科のみでは不足,24,技能検定;FP2級;CBT;学習計画,FP2級マスター編集部,資格学習サイトの編集チーム,公式情報確認担当,公開前に一次情報との照合を行う担当者,2026-06-16,日本FP協会（公式）|https://www.jafp.or.jp/exam/outline/,参照: FP2級要項（技能検定40問90分・60/100）。FP3 exam-wp-jafp-asset-design・exam-wp-practical-fail-patterns をFP2向け再執筆。当サイト技能検定未公開明記。,"読了後は、技能検定90分通しの練習計画が組め、たとえば第13週から週3回90分演習、65点×2回を記録・分析タブで確認してから11,700円申込—という判断ができます。",要綱で技能検定40問90分・60点合格をメモする;2級公式テキストの資産設計提案事例を1周読む;第13週から90分タイマーで40問相当を週2回通し演習する;記述設問は計算3分＋入力2分の上限時間を付ける;試験2週前に120分学科＋90分技能検定の連続通しを1回行う,試験要項・出題形式改定時に本文と参照元を見直します。,2026-06-16,2026-07-16,2026-06-16,published,2026-06-16: FP2サイト15本目。技能検定形式・事例・時間配分・演習。,技能検定の基本形式—40問・90分・100点満点,FP2級技能検定（日本FP協会CBT）は、資産設計提案業務を中心とした40問・90分の試験です。満点100点で合格は60点以上—60％ラインです。正答数だけでは割り切れず、設問ごとに配点が異なります。出題形式は多肢選択に加え、計算根拠や提案理由を記述する設問が含まれます。学科60問120分の直後に同じ日に受けるため、合計210分前後の持久力が必要—3級実技20問60分より負荷は大きいです。試験要綱PDFが形式・合格基準の正本—申込前に必ず最新版を確認してください。,出題の性格—事例文を読んで「提案する」試験,技能検定は暗記問題の羅列ではなく、架空の顧客家族の収入・支出・資産・保険・税金が載った事例文を読み、ライフプラン・保険・投資・税金・不動産・相続の6分野を横断して提案する形式です。学科で学んだ用語が「1問1答」ではなく「顧客の課題にどう当てはめるか」として問われます。例えば「老後資金不足」という課題に対し、iDeCo・保険見直し・投資配分—のどれを根拠付きで選ぶか—が問われる設問が典型です。当サイトは学科過去問120問を公開していますが、技能検定形式の演習は未公開—公式テキスト・問題集の事例が演習の主軸になります。,90分の時間配分—5段階の解き方,40問90分の平均は1問2分15秒ですが、記述・長文は3〜4分かかる設問もあります。おすすめの5段階手順は次の流れです。①事例文を5分でざっと読み、家族構成・年齢・課題キーワードをメモ用紙に書く。②全設問を2分で先読みし、選択のみ／計算あり／記述あり—に分類する。③選択のみの設問を40分で先に埋める。④計算設問に30分—画面電卓とメモ用紙を併用。⑤記述設問に残り15分—結論1行＋根拠2行の型で入力する。例えば第30問時点で残り25分・未解答8問なら、記述2問に10分・選択6問に15分—と上限を決めて次へ進むルールが時間切れを防ぎます。,CBT画面—記述・電卓・学科直後の持久力,技能検定CBTでは記述欄への日本語入力と画面上電卓の切り替えが続きます。私物の電卓・スマホは持ち込めません。学科120分で消耗した直後に90分を走り切るため、試験2週前には120分＋90分の連続通し演習を1回行ってください。記述式では「結論→数値根拠→制度根拠」の順で短く書く—長文は減点されやすく、キーワードが揃っていれば部分点が期待できます。例えば保険提案では「死亡保障○○万円不足→定期保険○年○○万円—理由は教育費ピーク」—の3行構成が型として使えます。電卓操作は関連記事「FP2級の試験で電卓は使える？CBTの操作と練習」、学科との配分は「FP2級の学科と技能検定の違い」も参照してください。,演習の進め方—公式テキストと通し6回,"技能検定演習の安全ラインは、90分通しを100点換算で65点以上×2回連続—本番60点ラインより5点上を演習で確保するイメージです。

| 週 | 内容 | 目標 |
| --- | --- | --- |
| 第13週 | 公式テキスト事例5問・時間無制限 | 正答を把握 |
| 第14週 | 90分通し1回目 | 55点以上 |
| 第15週 | 90分通し2回目 | 65点以上 |
| 第16週 | 120分＋90分連続通し | 体力確認 |

例えば第14週で58点・第15週で64点なら、記述2問の型だけ追加で1週延期し、同じ事例を解き直す方が新教材購入より効率的です。ミスした設問はメモに理由を書き、3日後・7日後に同じ問だけ再演習—当サイトの復習タブの運用と同じ間隔が技能検定にも有効です。",学科OK・技能検定NG—挽回4週プラン,"再受験者の多くは学科36点以上・技能検定58点前後—の一部合格パターンです。残り4週32時間なら、学科の新規学習は止め、技能検定に週8時間、学科は週2時間の60問通し維持—に配分を切り替えます。たとえば得点表で時間切れ5問・記述減点8点—と分かれば、残り28日のうち20日を90分通し、記述型だけ10問を型暗記—に集中してください。再申込前に65点×2回を記録・分析タブで確認し、技能検定のみ6,000円前後で予約—再予約は合格発表日の翌日以降です。詳細は関連記事「FP2級に落ちたら？再受験の間隔と弱点の潰し方」「FP2級は何割で合格？学科36点・実技60点の基準点」も参照してください。",,,当サイトの学科過去問だけでは技能検定は対策できますか？,学科過去問だけでは不足です。当サイトは学科120問（2025・2026各60問）を公開していますが、技能検定40問形式の演習は未公開です。学科で70％取れても技能検定55点—という典型があるため、2級公式テキストの資産設計提案事例で90分通しを最低4回こなしてください。例えば第20週時点で学科42点×2回達成なら、残り6週のうち4週を技能検定週3時間以上—に切り替えるのが安全です。,3級の実技20問60分と比べて何が違いますか？,問題数・時間・読解量が増えます。3級実技は20問60分、2級技能検定は40問90分—事例文が長く、記述負荷も上がります。提案の流れ（現状→課題→提案→根拠）は活かせますが、1問あたりの情報量が多いため、設問先読みと必要行だけに印を付ける練習が必須です。3級実技65点×2回達成者でも2級初回演習55点前後は珍しくありません—公式2級事例で通し6回を目標にしてください。,fp2-written-vs-practical:FP2級の学科と技能検定の違い｜同日受験と分日の選び方;faq-fp2-retake:FP2級に落ちたら？再受験の間隔と弱点の潰し方;faq-fp2-pass-score:FP2級は何割で合格？学科36点・実技60点の基準点,記述式で減点されやすいポイントは？,よくある減点は次の3つです。結論が設問とズレている、数値根拠が計算式なし、制度名・商品名が曖昧—です。例えば「老後資金を増やす」だけでは不十分—「iDeCo月1万円×20年で240万円積立—老後不足額300万円の80％をカバー」—と数値を1つ入れると部分点が取りやすくなります。演習では模範解答と自分の答案を3行ずつ比較し、足りない1行だけを次回に追加する—改善サイクルが効率的です。
fp2-jafp-vs-kinyu,学科・実技の違いと対策,FP2級は日本FP協会と金融財政教育協会、どちらを選ぶ？,"FP2級の日本FP協会CBTときんざいCBTの違いを、技能検定40問対5題・4種選択、合格点60/100対30/50、手数料11,700円、当サイト学科120問の使い方、20週のルート決めまで要綱ベースで整理します。",FP2級は日本FP協会と金融財政事情研究会（きんざい）の2団体で受験できます。2025年4月以降はどちらもCBT通年ですが、技能検定の出題形式と種別選択が大きく異なります。本記事では技能検定の型を軸に、200時間学習前にルートを1つに絞る判断基準を整理します。,2025年4月以降は両団体CBT通年—紙試験は終了;学科は共通イメージ60問120分・36点以上—当サイト120問は学科演習に使える;協会技能検定は40問100点満点60点以上・資産設計提案1種;きんざい技能検定は事例5題50点満点30点以上・4種から申込時に選択;ルート決定後は過去問・テキストを1系統に—混在は技能検定で10点以上落ちやすい,25,比較;選択;FP2級;CBT,FP2級マスター編集部,資格学習サイトの編集チーム,公式情報確認担当,公開前に一次情報との照合を行う担当者,2026-06-16,日本FP協会（公式）|https://www.jafp.or.jp/exam/outline/;金融財政事情研究会（公式）|https://www.kinzai.or.jp/ginou/fp/2kyu/index.html,参照: 協会・きんざい FP2級要項（2025年度CBT移行）。FP3 compare-jafp-vs-kinyu をFP2向け再執筆。技能検定40問対5題・4種選択・両CBTを反映。,読了後は、協会かきんざいかを技能検定の型で1つに決め、たとえば保険営業ならきんざい生保顧客資産相談、汎用FP志望なら協会資産設計提案—と教材を100％寄せた20週計画を組めます。,"協会・きんざい要綱で技能検定の出題形式・合格点・種別を表に書く;職種・会社研修ルートから技能検定種別を1つ決める;当サイト学科過去問120問で6科目正答率を記録・分析タブに入力する;選んだ団体の技能検定テキストで90分通しを週2回×4週;学科70％×2回・技能検定65点相当×2回を確認してから11,700円申込",試験要項・CBT移行後の制度改正時に本文と参照元を見直します。,2026-06-16,2026-07-16,2026-06-16,published,2026-06-16: FP2サイト16本目。協会vsきんざい・技能検定形式・ルート選び。,2団体の違い—2025年以降はどちらもCBT通年,"FP2級は日本FP協会と金融財政事情研究会（きんざい）の2団体で実施されます。2025年4月以降、きんざいも紙試験を終え両団体ともCBT通年受験—休止期間を除き空席予約—が基本です。学科はどちらも四答択60問120分・合格36点以上—60％ライン—で共通イメージです。

| 項目 | 日本FP協会 | きんざい |
| --- | --- | --- |
| 学科 | CBT・60問120分 | CBT・60問120分 |
| 技能検定 | 40問90分・100点満点 | 事例5題90分・50点満点 |
| 合格ライン | 技能検定60点以上 | 技能検定30点以上 |
| 技能種別 | 資産設計提案（1種） | 4種から申込時選択 |
| 手数料 | セット11,700円 | 要項で確認（同額帯） |

例えば協会11,700円表をきんざいにそのまま当てはめず、CBT-Solutions予約画面の総額をそれぞれ確認してください。手数料の内訳は関連記事「FP2級の受験料・手数料はいくら？」も参照してください。",技能検定の型—ここがルート選びの分岐点,"学科の6科目は近い内容ですが、技能検定の出題形式が根本的に違います。

| ルート | 技能検定の形式 | 申込時の選択 |
| --- | --- | --- |
| 日本FP協会 | 40問・選択＋記述 | 資産設計提案（実質1種） |
| きんざい | 事例5題（大問形式） | 下記4種から1つ |

きんざい2級の技能検定4種は、個人資産相談業務・中小事業主資産相談業務・生保顧客資産相談業務・損保顧客資産相談業務—です。例えば協会で申込むと資産設計提案40問に自動的に紐づき、きんざい個人資産の過去問を混ぜると語彙と答案の型がずれます。技能検定の解き方は関連記事「FP2級技能検定の形式と対策｜事例問題の進め方」（協会向け）で詳述—きんざい志望は選んだ種別の公式テキストに100％寄せてください。",日本FP協会を選ぶ人の目安—資産設計1種に集中,"次に当てはまるなら協会CBTが向きやすいです。

| 状況 | 協会CBTの利点 |
| --- | --- |
| 就活・転職で受験月を指定したい | 通年予約で逆算しやすい |
| 技能種別で迷いたくない | 資産設計提案1種のみ |
| 40問形式の記述演習をしたい | 協会公式テキスト・問題集が豊富 |
| 当サイト学科120問を主軸にしたい | 協会公表分と一致 |

例えば残り20週・週10時間なら、第1〜12週は当サイト学科過去問と6科目テキスト、第13週から協会技能検定90分通しを週2回—第18週時点で学科42点×2回・技能検定65点×2回を記録・分析タブで確認してから11,700円申込する流れが現実的です。同日210分（学科120分＋技能検定90分）の持久力は関連記事「FP2級の学科と技能検定の違い」で事前に確認してください。",きんざいCBTを選ぶ人の目安—職種に近い4種から選ぶ,"次に当てはまるならきんざいCBTを検討します。

| 状況 | きんざいの利点 |
| --- | --- |
| 保険営業・損保代理店勤務 | 生保・損保顧客資産相談が近い |
| 中小企業向けコンサル | 中小事業主資産相談を選べる |
| 会社研修がきんざいルート | 教材・社内過去問が揃いやすい |
| 技能検定を別日に受けたい | 学科・技能検定の日程を分けやすい |

例えば生保営業で試験まで18週あるなら、生保顧客資産相談業務に週4時間×18週—を充て、事例5題90分を通しで30点（60％）以上×2回を記録してから申込します。学科は当サイト120問で70％×2回を確保しつつ、技能検定だけきんざい種別の公式過去問に切り替えてください。受検資格の4ルート（3級合格・実務2年・AFP等）は協会と同等イメージ—詳細は関連記事「FP2級の受検資格は？」で要綱原文を確認してください。",申込前チェック—教材を1ルートに絞る20週モデル,"団体を決めたら20週で逆算します。

| 週 | 日本FP協会 | きんざい |
| --- | --- | --- |
| 第1〜8週 | 6科目テキスト＋当サイト一問一答 | 同左＋技能種別を確定 |
| 第9〜14週 | 当サイト学科週30問×4周 | 同左 |
| 第15〜17週 | 協会技能検定90分通し週2回 | 選んだ種別の事例5題通し |
| 第18〜20週 | 120分＋90分連続通し→CBT予約 | 学科・技能検定を別日でも可 |

例えば第14週時点で協会テキストときんざい過去問を半分ずつ解いていたら、残り6週で技能検定正答率が10ポイント下がるパターンが多いです。どちらか1ルートに教材を寄せ、学科70％×2回・技能検定65点相当×2回を記録・分析タブで確認してから決済に進んでください。当サイトは技能検定形式の演習は未公開—技能検定は各団体の公式教材が必須です。",合格率・履歴書—団体差の読み方,公表合格率は団体・期間で大きく変わります。協会CBTの学科は40〜55％台—技能検定は50〜60％台—の年度があり、きんざいも別集計のため数字を横並びで比較しないでください。自分が申し込む団体の最新表だけを協会・きんざい各サイトで確認—が安全です。履歴書では「FP2級（日本FP協会）2027年3月合格」のように実施団体と年月をセットで書きます。例えば面接で「なぜきんざい生保顧客を選んだか」と聞かれたら、「実務の提案事例と答案の型を一致させたため」—と1文で説明できるよう、申込理由をメモに残しておいてください。合格率の読み方は関連記事「FP2級の合格率は？年度別の見方と難易度の実感」、合格点は「FP2級は何割で合格？学科36点・実技60点の基準点」も参照してください。,,,合格後の資格名称は団体で違いますか？,どちらもFP2級技能士ですが、履歴書では実施団体名を明記します。例えば協会合格なら「FP2級（日本FP協会）2027年6月合格」、きんざい合格なら「FP2級（金融財政事情研究会）2027年6月合格」と書きます。知識水準は近いですが、技能検定の形式（40問対5題）と種別は面接で説明できるよう、受験ルートと選んだ技能検定種別をメモに残しておいてください。,協会で学科だけ、きんざいで技能検定はできますか？,通常は同一団体で学科・技能検定を受けるルートが基本です。協会CBTなら技能検定も協会、きんざいCBTなら技能検定もきんざい—とセットで考えてください。きんざい要綱には紙方式とCBT方式の組み合わせに関する免除・認定規定がありますが、2025年度以降はCBTが主軸—最新の試験の免除申請ページで再確認してください。例えば学科だけ協会で受け技能検定だけきんざい—は手続きが複雑になり、独学では非推奨です。,fp2-written-vs-practical:FP2級の学科と技能検定の違い｜同日受験と分日の選び方;fp2-practical-exam-guide:FP2級技能検定の形式と対策｜事例問題の進め方;faq-fp2-exam-fee:FP2級の受験料・手数料はいくら？再受験のコスト,当サイトの学科過去問はきんざい学科にも使えますか？,6科目の知識整理・120分通しの演習には使えます。当サイトは日本FP協会公表の学科過去問120問（2025・2026各60問）です。きんざい学科も四答択60問120分・36点合格—で形式は同じですが、法令基準日や出題の比重が年度ごとにずれる可能性があります。例えばきんざい志望なら学科演習の80％を当サイト、残り20％をきんざい公式問題集—技能検定は100％きんざい種別教材—に配分するのが安全です。
fp2-exam-format-overview,学科・実技の違いと対策,FP2級試験の全体像｜6分野・学科技能検定・合格基準,"FP2級試験の全体像を要綱ベースで整理。6分野60問学科120分・技能検定40問90分、CBT通年、合格基準36点・60点、受検資格、11,700円、200時間学習の配分と当サイト学科120問の位置づけまで解説します。",FP2級は学科試験と技能検定の両方合格が必要な国家資格級の技能検定です。CBT通年・6分野60問120分・技能検定90分—合計210分前後—が基本形です。本記事では試験の全体像を1枚に整理し、詳細記事へ進む前の地図として使える構成にします。,総合合格は学科36点以上かつ技能検定60点以上—両方必須;学科6分野60問120分四答択—科目別足切りなし;技能検定40問90分100点満点—資産設計提案（協会）;CBT通年・同日2部制210分前後—休止期間除く;独学目安200〜300時間—当サイト学科120問が演習の柱,26,試験形式;FP2級;CBT;6科目,FP2級マスター編集部,資格学習サイトの編集チーム,公式情報確認担当,公開前に一次情報との照合を行う担当者,2026-06-16,日本FP協会（公式）|https://www.jafp.or.jp/exam/outline/;日本FP協会（公式）|https://www.jafp.or.jp/exam/schedule/,参照: 日本FP協会 FP2級要項。既存FP2ガイド（学科・技能検定・協会vsきんざい・FAQ）を統合した全体像記事。,読了後は、FP2級が何科目・何分・いくらで受かる試験かが一覧でき、たとえば受検資格確認→200時間計画→学科120問2周→技能検定4週—という学習順序を組み立てられます。,"要綱PDFで学科36点・技能検定60点・11,700円をメモする;受検資格（3級番号・AFP・実務2年）の該当行を1つ特定する;6分野名をテキスト目次と照合し学習順序を決める;当サイト学科過去問120問の週次目標（週30問×4週）をカレンダーに入れる;第13週から技能検定90分演習を週2時間固定する",試験要項・出題範囲・CBT制度改定時に本文と参照元を見直します。,2026-06-16,2026-07-16,2026-06-16,published,2026-06-16: FP2サイト17本目。試験全体像・6分野・合格基準・学習地図。,FP2級試験の構成—学科と技能検定の2本立て,"FP2級（日本FP協会CBT）は、学科試験と技能検定の両方に合格して初めて総合合格—合格証書交付—となります。学科は四答択60問120分・60点満点36点以上。技能検定は40問90分・100点満点60点以上—60％ラインです。初回申込の基本は学科＋技能検定セット11,700円（非課税）—決済手数料別—の同日2部制で、合計210分前後（学科120分→休憩→技能検定90分）が標準的な体験です。

| 区分 | 時間 | 形式 | 合格基準 |
| --- | --- | --- | --- |
| 学科試験 | 120分 | 四答択60問 | 36点以上 |
| 技能検定 | 90分 | 選択＋記述40問 | 60点以上 |
| 総合合格 | — | 両方必須 | 上記を同時に満たす |

試験要綱PDFが形式・合格基準の正本—申込前に必ず最新版を確認してください。",6分野（6科目）—学科120問の地図,"学科は次の6分野から出題されます。科目別の足切りはありませんが、おおむね各分野9〜11問前後—バランスよく60問—が目安です。

| 分野 | 主な内容 |
| --- | --- |
| ライフプランニングと資金計画 | キャッシュフロー・老後資金・6つの係数 |
| リスク管理 | 生命保険・損害保険・社会保障 |
| 金融資産運用 | 株式・債券・投信・ポートフォリオ |
| タックスプランニング | 所得税・住民税・控除 |
| 不動産 | 法令・取引・税金・収益還元 |
| 相続・事業承継 | 相続税・贈与税・事業承継 |

2級は3級より条文の深さと計算ステップが増えます。例えばタックスと相続で演習時間を週2時間多めに配分すると、120問通しの正答率が安定しやすくなります。分野別の詳細は当サイトの用語解説154語と学科過去問の分野タグで横断確認できます。",CBT通年・受検資格・2団体の位置づけ,"2025年4月以降、日本FP協会・金融財政事情研究会（きんざい）ともFP2級はCBT通年受験—休止期間を除き空席予約—が基本です。受検資格は次のいずれか1つ—全部そろえる必要はありません。

| ルート | 内容 |
| --- | --- |
| 3級合格 | FP3級合格番号で申込 |
| 実務2年 | FP業務に関し通算2年以上 |
| AFP修了 | 協会認定AFP認定研修修了 |

本サイトの学科過去問120問は協会公表分です。きんざいを選ぶ場合は技能検定が事例5題・4種選択—と形式が異なります。例えば保険営業ならきんざい生保顧客、汎用FP志望なら協会資産設計—とルートを先に決めてから教材を揃えてください。2団体の比較は関連記事「FP2級は日本FP協会と金融財政教育協会、どちらを選ぶ？」、資格要件は「FP2級の受検資格は？」も参照してください。",合格基準・一部合格・再受験の仕組み,"総合合格は学科36点以上かつ技能検定60点以上—どちらか一方だけでは不合格です。一方だけ基準を超えた場合は一部合格—未達科目のみ再受験—となり、学科のみ5,700円前後・技能検定のみ6,000円前後—の再申込が可能です。再予約は前回の合格発表日の翌日以降—CBT-Solutionsで空席を確保します。

| 判定 | 学科 | 技能検定 | 次の一手 |
| --- | --- | --- | --- |
| 総合合格 | 36点以上 | 60点以上 | 合格証書待ち |
| 一部合格 | 36点以上 | 59点以下 | 技能検定のみ再受験 |
| 一部合格 | 35点以下 | 60点以上 | 学科のみ再受験 |
| 不合格 | 両方未達 | — | 弱点集中後に再申込 |

当日渡されるスコアレポートは得点のみ—正式な合否は合格発表日10時以降です。詳細は関連記事「FP2級の合格点・基準点は？」「FP2級に落ちたら？再受験の間隔と弱点の潰し方」「FP2級の合否・結果発表はいつ？」も参照してください。",学習200時間の見取り図—当サイトとの対応,"独学の安全ラインは200〜300時間—学科7割・技能検定3割—です。

| フェーズ | 週 | 内容 | 目標 |
| --- | --- | --- | --- |
| インプット | 第1〜10週 | 6分野テキスト＋一問一答 | 用語の土台 |
| 学科演習 | 第11〜15週 | 当サイト学科週30問 | 120問1周 |
| 学科通し | 第16〜18週 | 120分60問×2回 | 70％×2回 |
| 技能検定 | 第13〜20週 | 公式テキスト事例90分 | 65点×2回 |
| 仕上げ | 第19〜20週 | 120分＋90分連続通し | 本番持久力 |

当サイトは学科過去問120問（2025・2026各60問）と用語154語を公開—技能検定形式の演習は未公開のため公式テキストが必須です。例えば第18週時点で学科42点×2回・技能検定65点×2回を記録・分析タブで確認してから11,700円申込する流れが現実的です。",詳細記事への導線—何をどこで深掘りするか,"全体像を押さえたら、次の順で詳細記事へ進むと迷いません。

| 知りたいこと | 関連記事 |
| --- | --- |
| 学科と技能検定の配分・同日vs分日 | FP2級の学科と技能検定の違い |
| 学科60問の時間配分 | FP2級学科試験の形式と対策 |
| 技能検定40問の進め方 | FP2級技能検定の形式と対策 |
| 協会vsきんざい | FP2級は日本FP協会と金融財政教育協会、どちらを選ぶ？ |
| 試験日程・CBT予約 | FP2級の試験日程はいつ？ |
| 手数料・再受験コスト | FP2級の受験料・手数料はいくら？ |

例えば初めて2級を調べる人は、本記事→受検資格→学科120問演習→技能検定4週—の順が最短ルートです。3級から進む人は関連記事「FP2級は難しい？3級との差とつまずきやすい論点」で追加200時間の体感差も先に確認しておくと計画が立てやすくなります。",,,FP3級とFP2級の試験構成は何が違いますか？,最大の差は学科の時間と技能検定の分量です。3級は学科60問90分・技能検定20問60分—2級は学科120分・技能検定40問90分—合計210分前後の持久力が2級で必要になります。合格比率はどちらも学科60％・技能検定60％が目安ですが、2級は出題の深さと計算量が増え、独学200〜300時間が安全ラインです。3級70％で合格しても2級初回演習55〜60％は珍しくありません。,学科だけ先に受けて、技能検定は後日にできますか？,"CBTでは学科と技能検定を別日に予約できる場合があります—ただし初回はセット11,700円で同日2部制を選ぶ人が多いです。学科だけ先に受けて一部合格—後日技能検定6,000円前後—という段階受験も可能ですが、学科の知識が冷えるリスクがあります。例えば学科42点で技能検定58点なら、4週以内に技能検定集中—再予約は合格発表翌日以降—が合理的です。詳細は「FP2級の学科と技能検定の違い」を参照してください。",fp2-written-exam-guide:FP2級学科試験の形式と対策｜60問・四答択の時間配分;fp2-practical-exam-guide:FP2級技能検定の形式と対策｜事例問題の進め方;faq-fp2-eligibility:FP2級の受検資格は？3級合格だけでは足りない条件,6科目のうち1科目を捨てても合格できますか？,科目別足切りはありませんが、1科目を完全放棄すると他科目で高得点が必要になります。例えばタックス10問中3問しか取れないなら、残り50問で33問—66％—が必要です。2級は深い出題のため「捨て科目」戦略は非推奨です—当サイト学科過去問で6分野別正答率を記録・分析タブに入力し、50％未満の分野から週4時間を先配分してください。
fp2-cbt-guide,学科・実技の違いと対策,FP2級CBTの受け方｜会場・画面操作・当日の流れ,FP2級CBTの受け方を要綱ベースで整理。テストセンター予約、学科120分・技能検定90分の画面操作、電卓・フラグ・記述入力、持ち物と禁止事項、210分連続の当日流れ、試験2週前のPC演習まで解説します。,FP2級CBTは全国のテストセンターでパソコンを操作して受ける方式です。自宅オンラインではなく、学科120分→休憩→技能検定90分—合計210分前後—が基本です。本記事では申込から画面操作・当日の流れまで、初めてCBTを受ける人向けに整理します。,CBT＝テストセンター受験—通年でも空席予約（24時間受験ではない）;学科120分は四答択・画面電卓・フラグ・問題一覧ジャンプ;技能検定90分は選択＋記述—キーボード入力と電卓の切替;私物電卓・スマホ・参考書は不可—メモ用紙は会場貸出;試験2週前からPC演習—120分＋90分連続通し1回,27,CBT;FP2級;試験当日;画面操作,FP2級マスター編集部,資格学習サイトの編集チーム,公式情報確認担当,公開前に一次情報との照合を行う担当者,2026-06-16,日本FP協会（公式）|https://www.jafp.or.jp/exam/outline/;CBT-Solutions（公式）|https://cbt-s.com/examinee/examination/jafp_FP,参照: 日本FP協会 FP2級CBT要項。FP3 faq-cbt-exam をFP2向け再執筆。120+90分・記述・210分持久力。,"読了後は、CBT-Solutionsで予約し、当日210分の流れと画面操作がイメージでき、たとえば試験2週前に当サイト学科120分通し＋技能検定90分演習—をPCで1回行ってから11,700円申込—という準備ができます。",CBT-Solutionsで会場・日時の空席を検索し、合格発表日も日程表で確認する;顔写真付き身分証の持参をカレンダーにメモする;PCブラウザで当サイト学科60問120分通しを画面電卓想定で2回;技能検定形式90分演習で記述入力と電卓切替を3回練習する;試験前日に会場までの交通時間＋30分早着をルート検索する,CBT案内・要項・会場ルール改定時に本文と参照元を見直します。,2026-06-16,2026-07-16,2026-06-16,published,2026-06-16: FP2サイト18本目。CBT予約・会場・画面操作・210分流れ。,CBTとは—テストセンターでのパソコン受験,"FP2級CBT（Computer Based Testing）は、全国のテストセンターに足を運び、会場のパソコンで学科・技能検定を受ける方式です。自宅からのオンライン受験ではありません。2025年4月以降は日本FP協会・きんざいともCBT通年受験—休止期間を除く—が基本です。ただし「24時間いつでも受けられる」わけではなく、空席のある日時を予約する形です。

| 項目 | 内容 |
| --- | --- |
| 受験場所 | 全国のCBTテストセンター |
| 学科 | 四答択60問・120分 |
| 技能検定 | 40問・90分（協会） |
| 基本形 | 学科→休憩→技能検定の同日2部制 |
| 申込 | 協会マイページ→CBT-Solutions |

例えば土曜10時開始なら学科12時終了→休憩→技能検定13時30分頃終了—と210分前後の拘束時間を見込んでください。試験形式の全体像は関連記事「FP2級試験の全体像」も参照してください。",申込から受験票まで—CBT-Solutionsの流れ,"申込の正本フローは次の順序です。①日本FP協会マイページで受検資格（3級合格番号等）を確認。②CBT-Solutionsで2級・学科＋技能検定セットを選択。③会場・日時・決済（11,700円＋手数料）で予約確定。④受験票（予約内容確認）を保存—会場名・開始時刻・持ち物を転記。

例えば演習70％×2回を記録・分析タブで確認してから空席検索すると、早申込による技能検定不足の失点を防げます。予約確定後はカレンダーに3件—受験日時・会場住所・合格発表日10時—を登録してください。休止期間（GW後・年末年始等）は予約不可—年度表が正本です。日程の逆算は関連記事「FP2級の試験日程はいつ？学科・技能検定の受験の組み方」手数料は「FP2級の受験料・手数料はいくら？」も参照してください。",会場・持ち物・禁止事項,"当日は顔写真付き身分証（運転免許証・マイナンバーカード・パスポート等—要綱確認）が必須です。受付で本人確認後、私物はロッカー預け—試験室には持ち込めません。

| 持ち込み | 可否 |
| --- | --- |
| 顔写真付き身分証 | 必須 |
| 電卓・スマホ・時計 | 不可 |
| 参考書・メモ帳 | 不可 |
| メモ用紙・筆記用具 | 会場貸出 |

関数電卓や金融電卓も持込不可—計算は画面上電卓のみです。例えば会場まで電車60分なら、開始90分前到着—受付混雑の余裕—を目安にしてください。遅刻ルールは要綱・会場案内で再確認—学科開始後の入室可否は厳しい場合があります。電卓操作の詳細は関連記事「FP2級の試験で電卓は使える？CBTの操作と練習」も参照してください。",学科120分の画面操作—電卓・フラグ・問題一覧,"学科CBT画面の基本操作は次の4つです。①四答択をクリックで選択—確定前に変更可能。②画面上電卓—％キーはなく×0.2等の小数入力に置き換え。③フラグ（マーク）—後で見直す設問に付ける。④問題一覧—未解答・フラグ付き設問へジャンプ。

2級は120分と長いため、1問ずつ順番に解く必要はありません。例えば相続税の長計算で3分使いそうなら一旦フラグを付け、制度問題5問を先に埋めてから戻る—2周解法が効率的です。途中式は会場貸出のメモ用紙に書き、答案は画面で選択します。演習段階から当サイト学科通し60問を120分タイマーで解き、PCのシンプル電卓アプリだけで計算練習—本番操作とのズレを減らしてください。",休憩と技能検定90分—記述入力との切替,"学科終了後は所定の休憩—通常10〜15分前後—を挟み、同じ端末で技能検定が始まります。技能検定では多肢選択に加え、提案理由や計算根拠をキーボードで記述する設問があります。計算→記述→計算—と画面上電卓と日本語入力を何度も切り替えるため、学科120分で消耗した直後の90分は持久力勝負になります。

例えば計算結果はメモ用紙に控えてから記述欄へ写す—この2段階を演習で固定すると入力ミスが減ります。試験2週前には120分学科＋10分休憩＋90分技能検定—の連続通し演習を1回行い、後半20問の正答率が前半より下がらないか確認してください。技能検定の設問の進め方は関連記事「FP2級技能検定の形式と対策｜事例問題の進め方」学科との配分は「FP2級の学科と技能検定の違い」も参照してください。",試験2週前のPC演習チェックリスト,"CBT対策の最終段階は「PC画面での210分体験」です。

| タイミング | 内容 | 合格目安 |
| --- | --- | --- |
| 3週前 | 当サイト学科120分通し | 42点（70％）以上 |
| 2週前 | 120分＋90分連続通し | 持久力確認 |
| 1週前 | 技能検定90分通し | 65点以上 |
| 前日 | 会場ルート・身分証・早着30分 | 当日迷いゼロ |

例えば2週前の連続通しで学科後半15問の正答率が前半より20％低いなら、休憩中の水分補給と手のストレッチ—本番も同じルーティン—を試してください。座席に着いたら学科開始前に電卓ボタンを1回開いて閉じる—位置確認だけで本番の迷い時間が短縮されます。合否確認は当日ではなく合格発表日10時以降—関連記事「FP2級の合否・結果発表はいつ？」も参照してください。",,,CBTは24時間いつでも受験できますか？,いいえ。通年受験とは「テストセンターの営業日・空席がある日時を選べる」意味で、24時間365日受けられるわけではありません。休止期間（GW後・年末年始等）や会場の定休日は予約できません。例えば6月第3土曜10時の空席をCBT-Solutionsで押さえる—というイメージです。自宅PCから本番と同じ条件で受けることはできません。,スマホやタブレットで受験できますか？,受験自体はテストセンターのパソコンのみ—スマホ受験はできません。ただし演習段階でスマホ電卓だけ練習すると、本番のマウス操作とズレます。PCブラウザで当サイト学科過去問を120分通しし、OS標準電卓かブラウザ電卓で計算—が本番に近い練習です。例えば試験1週前からスマホ演習をやめ、PC固定に切り替えてください。,faq-fp2-schedule:FP2級の試験日程はいつ？学科・技能検定の受験の組み方;faq-fp2-calculator:FP2級の試験で電卓は使える？CBTの操作と練習;fp2-exam-format-overview:FP2級試験の全体像｜6分野・学科技能検定・合格基準,テストセンターの練習問題は受けられますか？,CBT-Solutionsや各テストセンターで、操作に慣れるための練習問題（チュートリアル）が用意されている場合があります—最新はCBT-Solutions FAQで確認してください。本番のFP問題ではありませんが、電卓ボタンの位置や問題一覧の動きを試験前に1回触っておくと安心です。例えば予約確定後、受験1週前に会場近くのセンターで練習問題だけ受ける—という使い方も可能な場合があります。
fp2-exam-day-flow,学科・実技の違いと対策,FP2級試験当日の流れ｜学科→技能検定までの持ち物と注意,FP2級CBT試験当日の流れを時系列で整理。受付・ロッカー・学科120分・休憩・技能検定90分、持ち物と禁止事項、遅刻30分ルール、210分の持久力、終了後スコアレポートと合格発表まで解説します。,FP2級CBTは学科120分→休憩→技能検定90分—合計210分前後—を同日に走り切る試験です。当日は受付・本人確認・私物預けから始まり、終了後にスコアレポートが渡されます。本記事では10時開始を例に、持ち物と注意点を時系列で整理します。,到着目標は開始90分前—受付30分前着席;持ち物は顔写真付き身分証のみ—電卓・スマホはロッカー預け;学科120分→休憩10〜15分→技能検定90分の2部制;遅刻は開始30分後まで可—時間延長なし（要綱確認）;合否は当日不明—合格発表日10時以降にCBT-Solutions確認,28,試験当日;FP2級;CBT;持ち物,FP2級マスター編集部,資格学習サイトの編集チーム,公式情報確認担当,公開前に一次情報との照合を行う担当者,2026-06-16,日本FP協会（公式）|https://www.jafp.or.jp/exam/outline/;CBT-Solutions（公式）|https://cbt-s.com/examinee/examination/jafp_FP,参照: 日本FP協会 FP2級CBT要項（遅刻・持込禁止・同日2部制）。FP3 faq-late-on-exam-day をFP2向け再執筆。120+90分タイムライン。,読了後は、試験当日の210分が時系列でイメージでき、たとえば10時開始なら8時30分到着・12時30分終了—とカレンダーに書き、身分証と予約確認画面だけ持参—という準備ができます。,受験票の開始時刻から逆算し、到着90分前・着席30分前をカレンダー登録;前日に会場までの交通時間を同じ曜日帯で計測する;身分証とCBT-Solutions予約確認画面のスクショを準備する;試験2週前に120分＋90分連続通し演習を1回行う;合格発表日10時をカレンダーに登録—当日合否は未確定と理解する,試験要項・会場ルール改定時に本文と参照元を見直します。,2026-06-16,2026-07-16,2026-06-16,published,2026-06-16: FP2サイト19本目。当日タイムライン・持ち物・遅刻・210分。,当日タイムライン—10時開始の例,"開始時刻は予約ごとに異なります。10時00分開始・学科＋技能検定セット受験の例です。

| 時刻 | 内容 |
| --- | --- |
| 8:30 | 会場到着目標（開始90分前） |
| 9:00 | 受付・本人確認・ロッカー預け |
| 9:30 | 試験室着席・操作説明 |
| 10:00〜12:00 | 学科試験60問120分 |
| 12:00〜12:15 | 休憩（水分補給・トイレ） |
| 12:15〜13:45 | 技能検定40問90分 |
| 13:45頃 | 終了・スコアレポート受取 |

例えば電車遅延が心配なら前日に1本早い便を予定し、開始30分前には受付を通過—遅刻ルールは要綱で再確認—してください。CBT全体の説明は関連記事「FP2級CBTの受け方」も参照してください。",持ち物と前日準備—持参するもの・持たないもの,"試験室に持ち込めるのは顔写真付き身分証が中心—要綱・会場案内が正本です。

| 持参 | 備考 |
| --- | --- |
| 顔写真付き身分証 | 運転免許・マイナンバー・パスポート等 |
| 予約確認 | CBT-Solutions画面のスクショ（印刷不要な会場も） |
| 現金・交通系IC | 会場までの移動用—試験室には不要 |

| 持込禁止 | ロッカー預け |
| --- | --- |
| 電卓・スマホ・時計 | 画面上電卓のみ使用 |
| 参考書・メモ帳 | メモ用紙は会場貸出 |

前日は新しい分野のインプットを止め、睡眠7時間を優先してください。例えば試験前夜にタックス暗記を始めるより、復習タブでミス10問だけ解き直し—当日の集中力を守る方が得点に効きます。",受付〜学科120分—開始前にやる3つの確認,"受付では予約内容と身分証を照合し、私物をロッカーに預けます。試験室に着席したら学科開始前に次の3点を確認してください。①画面上の氏名・試験名が2級学科であること。②電卓ボタンの位置を1回開いて閉じる—迷い時間を削る。③メモ用紙と筆記用具が手元にあること—会場貸出。

学科120分は2級最大の持久力勝負です。例えば第50問時点で残り30分・未解答10問なら、計算3問に18分・制度7問に12分—と上限を決めて次へ進むルールが有効です。フラグ機能で見回し設問を後回しにする2周解法も使えます。時間配分の詳細は関連記事「FP2級学科試験の形式と対策」電卓操作は「FP2級の試験で電卓は使える？」も参照してください。",休憩10〜15分—技能検定への切替,"学科終了後は所定の休憩—通常10〜15分前後—を挟み、同じ端末で技能検定が始まります。休憩中にやるべきことは次の3つです。①水分補給—長時間の脱水は後半の正答率を下げます。②トイレ—技能検定90分は中断が難しい場合があります。③手・首のストレッチ—120分のデスクワーク後の疲労を軽減。

休憩中にスマホを見ることはできません—ロッカーに預けたままです。例えば学科で38点相当の手応えでも、技能検定58点で総合不合格—というパターンが多いため、休憩中に「後半90分は技能検定だけ」と意識を切り替えてください。学科と技能検定の配分は関連記事「FP2級の学科と技能検定の違い」も参照してください。",技能検定90分—学科直後の持久力と記述入力,"技能検定は事例文の読解—選択—記述—計算—の繰り返しです。学科120分で消耗した直後に90分を走り切るため、事例文を5分でざっと読み、設問を先読みしてから必要行だけに印を付ける—この順序を当日も守ってください。

記述設問では計算結果をメモ用紙に控えてからキーボード入力—計算3分＋入力2分—と設問ごとに上限時間を意識します。例えば第30問時点で残り25分・未解答8問なら、記述2問に10分・選択6問に15分—と割り当てて次へ進むルールが時間切れを防ぎます。技能検定の型は関連記事「FP2級技能検定の形式と対策｜事例問題の進め方」試験2週前の連続通し演習は「FP2級CBTの受け方」も参照してください。",終了後—スコアレポートと合格発表,"試験終了後、スコアレポート—学科・技能検定の得点—が渡されます。ただし合否の文字は載っておらず、正式判定は合格発表日10時以降—CBT-Solutionsの受検者ページ—で確認します。

| タイミング | わかること | 注意 |
| --- | --- | --- |
| 終了直後 | 得点のみ | 合否は未確定 |
| 発表日10時以降 | 正式合否 | 一部合格証DL可 |
| 発表後1〜2週 | 合格証書郵送 | 総合合格者 |

例えば学科42点・技能検定58点と出ても、正式発表まで技能検定のみ再受験の準備—復習タブで弱点整理—を並行しておくと、不合格確定時に時間を無駄にしません。詳細は関連記事「FP2級の合否・結果発表はいつ？」再予約ルールは「FP2級に落ちたら？再受験の間隔と弱点の潰し方」も参照してください。",,,学科と技能検定の間に会場から外出できますか？,通常は同日2部制の休憩中も試験プログラムの一部—会場から離れず、私物ロッカーにスマホは取りに行けない—運用が一般的です。詳細は当日の監督員指示と要綱・会場案内に従ってください。例えば休憩10分で外のコンビニに行く余裕はなく、水分は学科前にこまめに取る—技能検定90分に備える方が安全です。,遅刻したら学科・技能検定はどうなりますか？,日本FP協会CBTでは、試験開始時刻の30分後まで受付が認められる場合があります—時間延長はなく、遅れた分だけ解答時間が短縮されます。例えば10時00分開始で10時20分到着なら学科は100分しかなく60問—36点合格が非常に厳しくなります。30分超過は受検不可—要綱確認—学科遅刻は技能検定開始にも連鎖するため、開始90分前到着が最善策です。,fp2-cbt-guide:FP2級CBTの受け方｜会場・画面操作・当日の流れ;faq-fp2-result-timing:FP2級の結果はいつ？CBT当日と翌月の合格発表;fp2-written-vs-practical:FP2級の学科と技能検定の違い｜同日受験と分日の選び方,当日体調不良で受験をやめられますか？,受付前なら受検を辞退できる場合がありますが、試験開始後の途中放棄は要綱・会場ルールに従い、手数料返金は原則ありません。例えば学科開始前に38度の発熱が判明したら、監督員に相談し、キャンセル可否と再予約—受験3日前ルール等—をCBT-Solutions FAQで確認してください。無理に210分走るより、別日に演習基準を満たして再予約する判断もあります。
fp2-fail-patterns,学科・実技の違いと対策,FP2級で落ちやすいパターン｜学科だけ・技能検定だけの足切り,FP2級で落ちやすい6パターンを学科・技能検定別に整理。学科OK・技能検定58点止まり、210分持久力切れ、早申込、得点表からの弱点特定、再受験4週プランまで具体数字で解説します。,FP2級不合格の多くは「知識不足」より配分ミス・技能検定軽視・早申込—の3点に集約されます。学科40点以上・技能検定58点以下—の一部合格が再受験者で最も多い典型です。本記事では落ちパターン6型と、得点表から逆算する挽回手順を整理します。,最多は学科36点以上・技能検定58点以下—技能検定に週8時間×4週;技能検定通し0回で申込むと55〜58点帯に集中;学科120分の時間切れ—後半15問未解答が34点未満の原因;210分持久力切れ—学科直後の技能検定後半20問が崩れる;再申込前に学科70％×2回・技能検定65点×2回を記録・分析タブで確認,29,不合格;落ちる;FP2級;技能検定,FP2級マスター編集部,資格学習サイトの編集チーム,公式情報確認担当,公開前に一次情報との照合を行う担当者,2026-06-16,日本FP協会（公式）|https://www.jafp.or.jp/exam/outline/,参照: FP2級要項（一部合格・再受験）。FP3 exam-wp-practical-fail-patterns・faq-fail-patterns をFP2向け再執筆。,読了後は、自分が6パターンのどれに当てはまるか診断でき、たとえば学科42点・技能検定58点なら残り28日の20日を90分通し—と再受験4週プランを組み立てられます。,スコアレポートで学科・技能検定得点と時間切れ問数をメモする;6パターンから当てはまる型を最大2つ選ぶ;正答率最下位2分野に再受験までの週4時間×4週を割り当てる;技能検定90分通しを週2回—公式テキスト事例—;65点×2回または学科70％×2回を記録・分析タブで確認してから再申込,試験要項・不合格統計の公表変更時に本文と参照元を見直します。,2026-06-16,2026-07-16,2026-06-16,published,2026-06-16: FP2サイト20本目。落ちパターン6型・得点逆算・4週挽回。,不合格の典型—学科OK・技能検定NGが最多,"FP2級は学科36点以上かつ技能検定60点以上—の両方が必要です。再受験者の多くは学科38〜44点・技能検定55〜59点—学科は合格ラインを超え技能検定だけ2〜5点不足—という一部合格パターンです。

| 判定 | 学科 | 技能検定 | 典型の原因 |
| --- | --- | --- | --- |
| 一部合格（最多） | 36点以上 | 55〜59点 | 技能検定演習不足 |
| 一部合格 | 32〜35点 | 60点以上 | 学科時間切れ |
| 総合不合格 | 両方未達 | — | 早申込・演習不足 |

例えば学科42点・技能検定58点なら、あと2点—実質1〜2設問—の改善で総合合格に届きます。6科目のやり直しより、技能検定90分通しに週8時間×4週—が効率的です。再受験手数料は技能検定のみ6,000円前後—要綱確認—詳細は関連記事「FP2級に落ちたら？再受験の間隔と弱点の潰し方」も参照してください。",落ちやすい6パターン—自分の型を特定する,"不合格者に多い6パターンです。最大2つまで当てはまる型を選んでください。

| # | パターン | サイン | 優先対策 |
| --- | --- | --- | --- |
| 1 | 技能検定軽視 | 通し0〜1回で申込 | 90分通し週2回×4週 |
| 2 | 210分持久力切れ | 技能検定後半正答率↓ | 120分＋90分連続通し |
| 3 | 学科時間切れ | 未解答8問以上 | 2周解法・フラグ運用 |
| 4 | 記述減点 | 選択は取れるが58点止まり | 記述3行型10問 |
| 5 | 早申込 | 演習60％台→本番50％台 | 4週延期・演習2周 |
| 6 | 6科目均等復習 | 全科目50％前後 | 下位2分野に70％集中 |

例えばパターン1と4が重なるなら、公式テキスト事例の90分通し—記述2問だけ型暗記—に残り28日のうち20日を割り当ててください。3級から進んだ人は「3級70％でも2級初回55〜60％は正常」—技能検定の演習量不足が主因のことが多いです。",学科だけ落ちる人—時間切れと捨て科目,"学科のみ未達—32〜35点—の典型は時間切れと1科目の穴です。120分で60問—1問2分—のペースが崩れると、後半15問が未解答または勘で選択—34点未満に落ちます。

タックス・相続の長計算で1問5分使うと、残り55問に110分—平均2分—しかなくなります。2周解法—第1周45問を90分—フラグ15問を30分—が有効です。例えば演習でタックス正答率40％なら、残り4週のうち14日をタックス一問一答30問＋復習タブ解き直し—に集中し、他5科目は週1時間維持で足ります。「捨て科目」戦略は2級では非推奨—1科目放棄すると他科目で66％以上が必要—詳細は関連記事「FP2級学科試験の形式と対策」「FP2級の合格点・基準点は？」も参照してください。",技能検定だけ落ちる人—軽視・記述・持久力,"学科42点以上・技能検定55〜59点—の人向けです。原因は次の3つに集約されます。①演習通し不足—公式テキスト事例を90分通しで4回未満。②記述減点—結論と数値根拠の1行不足。③学科120分直後の集中力切れ—技能検定後半10問が崩れる。

例えば得点表で時間切れ5問・記述減点8点—と分かれば、残り28日のうち20日を90分通し、記述型10問だけ「結論1行＋根拠2行」—を型暗記—に集中してください。学科の新規インプットは止め、週2時間の60問通しで42点維持—が4週挽回の標準配分です。技能検定の解き方は関連記事「FP2級技能検定の形式と対策」210分対策は「FP2級CBTの受け方」も参照してください。",得点表から逆算—再受験4週プラン,"不合格確定後、最初の7日間で得点表を分解します。

| 週 | 学科OK・技能検定NG | 学科NG・技能検定OK |
| --- | --- | --- |
| 第1週 | 得点表分析・記述型10問 | 弱点2分野特定 |
| 第2〜3週 | 90分通し週2回 | 120分通し週2回 |
| 第4週 | 120分＋90分連続1回 | 弱点分野週4時間 |
| 再申込前 | 65点×2回確認 | 70％×2回確認 |

例えば学科40点・技能検定58点なら、第2〜3週に週8時間＝32時間を技能検定に充て、学科は火曜60分で当サイト通し38点以上維持—再予約は合格発表翌日以降—技能検定のみ6,000円前後—演習基準を満たしてから決済に進んでください。6科目すべてを均等にやり直すと100時間を溶かし、同じパターンを繰り返しやすくなります。",申込前に自分を診断—演習3指標,"公表合格率より、自分の演習ログの方が予測精度が高いです。試験2週前に次の3指標を記録・分析タブで確認してください。

| 指標 | 目安 | 未達時の判断 |
| --- | --- | --- |
| 学科通し70％×2回 | 42点以上連続 | 4週延期 |
| 技能検定65点×2回 | 100点換算 | 技能検定週+3時間 |
| 6分野50％未満 | 1科目以下 | 下位2分野に集中2週 |

例えば①だけ達成で②が55点なら、11,700円を払うより4週延期し技能検定に週3時間追加—が総コストを抑えやすいです。①②③すべて未達で受験すると、23,400円コース—再受験2回—に入りやすい典型パターンです。勉強時間の逆算は関連記事「FP2級の勉強時間は何時間？独学の目安と逆算」合格率の見方は「FP2級の合格率は？年度別の見方と難易度の実感」も参照してください。",,,学科42点・技能検定58点—何から直しますか？,"6科目の新規学習は止め、技能検定90分通しに時間の70％以上を移してください。例えば残り4週32時間なら、週8時間×4＝32時間を公式テキスト事例の通し演習、学科は週2時間の当サイト60問通しで38点以上維持—が効率的です。58点と60点の差は記述1問または時間切れ1問—得点表で記述減点か未解答かを先に特定してください。再申込前に65点×2回を記録・分析タブで確認してから技能検定のみ6,000円前後で予約します。",210分で学科後半・技能検定後半だけ崩れます。対策は？,試験2週前に120分学科通しの直後、10分休憩して90分技能検定演習—を1回行い、技能検定後半20問の正答率が前半より20％低いか計測してください。低い場合は休憩中の水分・ストレッチを本番ルーティンに固定し、学科では2周解法で後半30分に15問分の余裕—を確保する練習を当サイトで追加します。例えば日曜に当サイト学科120分→技能検定90分連続を2週連続で行えば、本番の持久力切れはかなり防げます。,faq-fp2-retake:FP2級に落ちたら？再受験の間隔と弱点の潰し方;fp2-practical-exam-guide:FP2級技能検定の形式と対策｜事例問題の進め方;faq-fp2-difficulty:FP2級は難しい？3級との差とつまずきやすい論点,2回連続不合格—諦めるべきサインはありますか？,2回連続でもCBT通年なら再挑戦は可能—諦める必要はありません。ただし2回とも技能検定55点前後で演習通しが10回以上あるなら、独学限界—通信の技能検定添削や模試1回—を検討してください。2回とも学科34点以下なら、テキストやり直しより当サイト学科120問2周目から入る方が早いケースもあります。例えば2回目不合格確定後1週間は学習を止め得点表だけ整理—3日目から週10時間×6週で3回目—が現実的です。
compare-fp3-vs-fp2,比較・選択系,FP3級とFP2級の違い｜難易度・学習時間・受験資格,"FP3級とFP2級の違いを要綱ベースで整理。学科60問90分対120分、技能検定20問対40問、学習100時間対200〜300時間、受検資格、8,000円対11,700円、3級から2級への移行タイミングまで解説します。",FP3級とFP2級は名称が近いですが、学習量・試験時間・受検資格が大きく異なります。3級は100時間前後・学科90分、2級は200〜300時間・学科120分＋技能検定90分—が目安です。本記事では比較表と、3級合格後に2級へ進む判断基準を整理します。,2級は3級の約2倍の学習時間—200〜300時間が安全ライン;学科は同じ60問だが2級は120分・出題が深い;技能検定は20問60分→40問90分—事例と記述負荷が増える;2級受検資格は3級合格＋α—3級だけでは申込不可の場合あり;3級70％達成後4〜8週空けて2級テキスト開始が安全,30,比較;FP3級;FP2級;難易度,FP2級マスター編集部,資格学習サイトの編集チーム,公式情報確認担当,公開前に一次情報との照合を行う担当者,2026-06-16,日本FP協会（公式）|https://www.jafp.or.jp/exam/outline/,参照: 協会 FP3級・2級要項。FP3 attr-fp3-fp2-consecutive・faq-fp2-difficulty を比較記事として再執筆。,読了後は、3級と2級の差が数字で把握でき、たとえば3級3月合格・受検資格OKなら4月開始・週10時間×24週で翌年3月2級—という移行計画を組み立てられます。,要綱で3級・2級の時間・合格点・手数料を表に書く;2級受検資格表で自分の該当行（3級・AFP・実務2年）を1つ特定する;3級演習正答率70％×8週を確認してから2級テキスト開始;2級用に週10時間×20週以上のカレンダーを確保する;3級と2級を同月受験しない—どちらか一方に集中,試験要項・受検資格改定時に本文と参照元を見直します。,2026-06-16,2026-07-16,2026-06-16,published,2026-06-16: FP2サイト21本目。3級vs2級比較・難易度・資格・移行タイミング。,一覧比較—形式・時間・費用,"日本FP協会CBTでの主な違いは次のとおりです—最新は要綱PDFで再確認してください。

| 項目 | FP3級 | FP2級 |
| --- | --- | --- |
| 学科 | 60問90分 | 60問120分 |
| 技能検定 | 20問60分 | 40問90分 |
| 合格（学科） | 36点以上 | 36点以上 |
| 合格（技能） | 60点以上 | 60点以上 |
| 同日拘束 | 約150分 | 約210分 |
| 手数料（セット） | 8,000円 | 11,700円 |
| 学習目安 | 100時間前後 | 200〜300時間 |

学科は問題数が同じ60問ですが、2級は30分長く条文・計算のステップが増えます。技能検定は問題数と時間が2級で約1.5〜2倍—例えば3級技能検定65点×2回達成者でも2級初回55点前後は珍しくありません。",難易度—なぜ2級は「3級の2倍」なのか,"難易度差は次の4点に集約されます。①学科120分の持久力—3級90分より30分長い。②出題の深さ—相続税率表・収益還元など計算ステップが増える。③技能検定40問—事例読解と記述入力。④同日210分—学科直後の技能検定で後半が崩れやすい。

独学の目安は3級100時間に対し2級200〜300時間です。例えば3級で週6時間×16週＝96時間で70％合格した人が、2級では週10時間×24週＝240時間—追加140時間—を見込むと計画が現実的です。2級のつまずき論点は関連記事「FP2級は難しい？3級との差とつまずきやすい論点」学習時間の逆算は「FP2級の勉強時間は何時間？独学の目安と逆算」も参照してください。",受検資格—3級合格だけでは足りない,"FP3級合格は2級受検の入口ですが、それだけで足りるとは限りません。2級受検資格は次のいずれか1つ—要綱正本—です。

| ルート | 内容 |
| --- | --- |
| FP3級合格 | 合格番号で申込 |
| AFP修了 | 協会認定AFP認定研修修了 |
| 実務2年 | FP業務に関し通算2年以上 |

3級合格者は1行目で申込可能—AFPと3級の両方は不要—です。3級受験予定で「先に2級だけ申込」はできません。例えば大学4年で3級合格なら合格番号を控え、200時間学習後に2級CBTを予約—という順序が正しい流れです。詳細は関連記事「FP2級の受検資格は？3級合格だけでは足りない条件」を参照してください。",3級から2級へ—移行タイミングの目安,"3級合格直後に2級テキストへ飛ぶより、定着期間を挟む方が安全です。

| フェーズ | 期間 | 内容 |
| --- | --- | --- |
| 定着 | 4〜8週 | 3級演習70％維持・復習タブ解き直し |
| 2級開始 | 定着後 | 6科目テキスト1周 |
| 演習 | 第11週〜 | 当サイト学科120問＋技能検定 |
| 申込 | 演習達成後 | 11,700円CBT予約 |

例えば3級3月合格・受検資格OKなら、4〜5月は3級ミス50問解き直し、6月から2級テキスト、翌年2月に学科70％×2回・技能検定65点×2回—を記録・分析タブで確認してから3月2級受験—が現実的な12か月ロードマップです。3級と2級を同月受験は非推奨—どちらも演習が浅くなります。",先にどちらを取るべきか—目的別の選び方,"多くの人は3級→2級の順が自然ですが、目的で分岐します。

| 目的 | おすすめ |
| --- | --- |
| 家計・就活・金融リテラシー | 3級先（100時間） |
| FP業務・2級技能士名義 | 2級（資格＋200時間） |
| 会社AFP研修あり | AFP→2級ルートも検討 |
| 実務2年済み | 3級省略せず土台→2級が安全 |

例えば就活前の3年生なら3級を週6時間×16週で先に取り、内定後に2級計画—入社1年目は週5時間でも進められます。金融機関でAFP研修が会社負担なら、人事に「AFP修了後2級」の順序を確認—3級なしでも2級ルートはあり得ますが、用語の土台は3級相当の演習で補う方が効率的です。",当サイトでの学習—3級から2級への演習の引き継ぎ,"当ポータルのFP3級サイトでは学科・技能検定演習を、本サイト（FP2級マスター）では学科過去問120問（2025・2026各60問）と用語154語を公開しています。3級で6科目の用語を当サイト一問一答で固めた人は、2級では当サイト学科過去問の120分通し—技能検定は公式テキスト—に切り替えてください。

例えば3級演習正答率75％を8週維持できたら、2級初回学科通しの目標は65％—3級より10ポイント低いのが正常—第8週で55％未満ならタックス・相続に週5時間×4週を追加してください。技能検定は当サイト未公開—2級公式テキストの90分通しが必須です。落ちパターンは関連記事「FP2級で落ちやすいパターン」試験全体像は「FP2級試験の全体像」も参照してください。",,,3級に合格していれば2級は簡単ですか？,簡単ではありません。語彙と基礎は活かせますが、学科120分・深い計算・技能検定40問が加わります。3級で100時間・正答率70％だった人が2級で追加200時間必要になるのは珍しくありません。3級合格直後に2級だけ週12時間投入しても、技能検定演習不足で学科だけ合格—58点止まり—の典型があります。定着4〜8週と技能検定週2時間以上を計画に入れてください。,3級なしでFP2級だけ受けられますか？,3級未合格でも、AFP認定研修修了またはFP業務2年以上の実務—で2級受検資格が得られるルートがあります。いずれも要綱で該当行を確認—虚偽申告は合格取消リスク—例えば金融機関3年目なら実務2年ルート、AFP研修修了者なら3級なしで2級CBT申込—が可能です。ただし用語の土台が薄いと演習初期正答率50％台—3級相当の一問一答20時間を先に挟む方が効率的な場合もあります。,faq-fp2-eligibility:FP2級の受検資格は？3級合格だけでは足りない条件;faq-fp2-difficulty:FP2級は難しい？3級との差とつまずきやすい論点;faq-fp2-study-hours:FP2級の勉強時間は何時間？独学の目安と逆算,3級と2級を同時に勉強してもよいですか？,3級受験前の並行は非推奨です。2級教材に引っ張られると3級技能検定演習が不足し、3級で一発落ちしやすくなります。3級合格後なら、定着期間を終えた段階で2級テキストに移行—3級は復習タブで週2時間維持—は問題ありません。例えば3級受験2か月前に2級テキストを開くのではなく、3級合格発表後4週から2級—同月に両方のCBTを予約—も避けてください。
compare-fp2-self-study-vs-school,比較・選択系,FP2級は独学と通信講座、どちらが効率いい？,FP2級CBTの独学と通信講座を、総費用1.7万円台対3〜8万円、200〜300時間の演習配分、技能検定添削の有無、週5〜10時間別の選び方、独学＋添削ハイブリッドまで具体数字で整理します。3級経験者向け。,"FP2級の独学と通信講座の差は、教材代より「週に何時間・技能検定を何回通ししたか」で決まります。独学最低はテキスト＋受験料11,700円前後—通信は3万〜8万円前後—が目安です。本記事では週学習時間別に、どちらが効率いいかを整理します。","合格の決め手は演習200〜300時間—費用差1〜5万円より演習量;独学最低は教材5千〜8千円＋11,700円—当サイト学科120問で演習可;通信の利点は週次課題・技能検定添削・締切;週8時間以上なら独学、週5時間以下が続くなら通信検討;申込前は学科70％×2回・技能検定65点×2回を記録・分析タブで確認",31,比較;独学;通信講座;FP2級,FP2級マスター編集部,資格学習サイトの編集チーム,公式情報確認担当,公開前に一次情報との照合を行う担当者,2026-06-16,日本FP協会（公式）|https://www.jafp.or.jp/exam/outline/,参照: FP2級要項。FP3 compare-self-study-vs-correspondence・faq-fp2-self-study をFP2向け再執筆。,読了後は、週学習時間と予算で独学か通信かを決め、たとえば週8時間×25週なら独学1.7万円＋当サイト120問、週5時間が3か月続くなら通信の週次課題—と選べます。,"独学・通信の総費用（教材＋11,700円）を表に書く;週に確保できる学習時間を7日分メモし、200時間÷週時間で残り週数を算出;候補コースの週次課題・技能検定添削回数を独学計画と並べる;第8週までに当サイト演習200問・正答率65％以上を記録・分析タブで確認;演習70％×2回・技能検定65点×2回を満たしてから11,700円申込",試験要項・通信コース改定時に本文と参照元を見直します。,2026-06-16,2026-07-16,2026-06-16,published,2026-06-16: FP2サイト22本目。独学vs通信・費用・週時間・技能検定添削。,費用比較—独学1.7万円台 vs 通信3〜8万円前後,"総費用の目安は次のとおりです—各社コースは要確認・ここでは相場感のみ。

| 項目 | 独学 | 通信講座 |
| --- | --- | --- |
| テキスト・問題集 | 5,000〜8,000円 | コース込み |
| 受験料（セット） | 11,700円 | 11,700円 |
| コース料 | — | 3万〜8万円前後 |
| 合計目安 | 1.7〜2.0万円 | 4.5〜9.5万円 |
| 再受験1回 | +5,700〜11,700円 | 同上 |

差は1〜5万円程度ですが、再受験2回で独学も3.5万円超—通信を選んでも演習不足なら23,400円コース—再受験2回—になる点は同じです。費用の内訳は関連記事「FP2級の受験料・手数料はいくら？」も参照してください。",合格率の見方—広告より演習ログ,"通信講座の「合格率○％」と公表合格率は、集計方法が独学者と異なります。再受験者・課題提出者・業界経験者が母数に含まれるため、初学者がその数字をそのまま当てはめるとズレます。

自分用の合格見込み指標は次の3つ—広告より信頼できます。

| 指標 | 目安 |
| --- | --- |
| 学科通し70％×2回 | 42点以上連続 |
| 技能検定65点×2回 | 100点換算 |
| 6分野50％未満 | 1科目以下 |

例えば通信コースの模試65点でも、当サイト学科通しが58％なら学科が本番で下振れ—記録・分析タブで両方を同じ基準に揃えてから申込してください。",独学が向く人—週8時間以上・自己管理,"次に当てはまるなら独学の費用対効果が高いです。

| 状況 | 独学の利点 |
| --- | --- |
| 週8時間以上×25週確保 | 200時間を低コストで確保 |
| 3級70％経験あり | テキスト1冊＋当サイト120問で足りる |
| 計画未達を自分で修正できる | 通信の締切ストレスが少ない |
| 再受験も自分で分析できる | 得点表から弱点2分野に集中 |

独学の最小セットは2級テキスト1冊・問題集1冊・当サイト学科過去問120問—技能検定は公式テキストの90分通し—です。例えば週10時間×20週＝200時間なら、第16週から技能検定週2時間を固定—第20週に70％×2回を記録・分析タブで確認してから11,700円申込—が標準ルートです。独学の詳細は関連記事「FP2級は独学で合格できる？」も参照してください。",通信講座が向く人—週5時間以下・技能検定添削,"次に当てはまるなら通信講座の「外からペース固定」が効きます。

| 状況 | 通信の利点 |
| --- | --- |
| 週5時間以下が2か月続く | 週次課題で最低演習量を確保 |
| 技能検定58点止まり | 添削・模擬答案で記述型を修正 |
| 計画が3週連続未達 | 締切が学習のトリガーになる |
| 会社負担研修あり | 実費負担が少ない場合も |

2級で通信の真価は学科より技能検定側—提案構成の癖は添削がないと直りにくい—にあります。例えば学科42点・技能検定58点なら、フルコースより技能検定添削付きオプションだけ—数万円—の併用も選択肢です。落ちパターンは関連記事「FP2級で落ちやすいパターン」も参照してください。",週学習時間別—14週で選ぶマトリクス,"残り14週で200時間に届くかで、第一候補が決まります。

| 週時間 | 14週合計 | おすすめ |
| --- | --- | --- |
| 5時間 | 70時間 | 通信 or 受験延期 |
| 8時間 | 112時間 | 独学＋4週延期 |
| 10時間 | 140時間 | 独学＋技能検定厚め |
| 15時間 | 210時間 | 独学短期集中 |

例えば週5時間×14週＝70時間では200時間に届かず—通信の週次課題で「最低30問/週」を外から課すか、受験月を10週後ろ倒し—週5時間×40週—に切り替えてください。週8時間なら独学で第1〜10週テキスト、第11週から当サイト過去問週30問—時間配分の逆算は「FP2級の勉強時間は何時間？」も参照してください。",ハイブリッド—独学＋技能検定だけ有料サポート,"フル通信と完全独学の中間として、次のハイブリッドが費用対効果が高い場合があります。

| 構成 | 内容 | 向く人 |
| --- | --- | --- |
| 独学＋添削1回 | 技能検定答案を1回添削 | 58点止まり |
| 独学＋模試2回 | 90分通しの採点付き | 時間切れ多い |
| 独学＋動画のみ | 技能検定の型だけ視聴 | 記述型が苦手 |

例えば週8時間独学20週＋添削1回1万円—合計2.7万円台—で、フル通信5万円より技能検定弱点だけ外注—学科は当サイト120問2周で十分なケースが多いです。逆に週5時間しか取れず2科目が8週50％未満なら、部分添削よりフル通信か受験延期—を優先してください。",,,通信講座の合格率は独学より高いですか？,一概に高いとは言えません。通信は課題提出者が母数に含まれ、独学者の「演習55％で早申込」が含まれない—集計の差があります。個人の合格見込みは、学科70％×2回・技能検定65点×2回—を記録・分析タブで確認する方が広告数値より精度が高いです。例えば通信模試70点でも当サイト学科通し55％なら、学科の演習量を増やす方が先—通信の追加購入より効きます。,独学で技能検定だけ通信の添削は使えますか？,"多くの通信会社は技能検定添削単体や模試単体のオプションを提供しています。学科は当サイト120問＋テキスト1冊で独学、技能検定だけ答案添削1〜2回—数万円—というハイブリッドは、学科OK・技能検定58点—の再受験者に有効です。例えば添削1回で「記述2行不足」と指摘されれば、残り3週は同じ10問を型暗記—再受験6,000円前後—に集中できます。",faq-fp2-self-study:FP2級は独学で合格できる？必要な演習量と限界;faq-fp2-study-hours:FP2級の勉強時間は何時間？独学の目安と逆算;fp2-fail-patterns:FP2級で落ちやすいパターン｜学科だけ・技能検定だけの足切り,会社負担の通信講座がある場合はどう選びますか？,実費負担が少ないなら通信を選ぶ価値が上がります。ただし会社指定コースが2級技能検定添削を含むか—学科だけのパッケージでは技能検定58点止まり—は変わりません。人事に「2級技能検定の添削・90分模試が含まれるか」を確認し、含まれない場合は独学で当サイト学科＋公式テキスト技能検定—を並行するハイブリッドも検討してください。受検資格（3級番号等）は個人で要綱確認が必要です。
compare-fp2-vs-afp-route,比較・選択系,FP2級はAFP経由と3級経由、どちらが効率いい？,FP2級CBTへの入口をAFP認定研修と3級合格で比較。受検資格・費用・学習200〜300時間・会社負担研修・技能検定の予習効果、目的別ルート選びまで具体数字で整理します。金融機関志望者向け。,FP2級の受検資格は3級合格・AFP修了・実務2年のいずれか1つ—全部そろえる必要はありません。AFPは研修＋登録、3級は8000円の技能検定—入口が違います。本記事では2級を目指す人向けに、AFP経由と3級経由の効率を比較します。,2級受検は3級・AFP・実務2年のいずれか1つ—両方不要;3級経由は8000円＋100時間—就活・個人学習向き;AFP経由は研修費・数か月—会社負担・技能検定予習に有利;どちらの入口でも2級学習200〜300時間は別途必要;申込前は学科70％×2回・技能検定65点×2回を記録・分析タブで確認,32,比較;AFP;FP3級;FP2級,FP2級マスター編集部,資格学習サイトの編集チーム,公式情報確認担当,公開前に一次情報との照合を行う担当者,2026-06-16,日本FP協会（公式）|https://www.jafp.or.jp/exam/outline/;日本FP協会（公式）|https://www.jafp.or.jp/,参照: FP2級要項・AFP制度概要。FP3 compare-fp3-vs-afp・faq-fp2-eligibility をFP2向け再執筆。,読了後は、自分の状況でAFP経由か3級経由かを決め、たとえば就活前なら3級100時間→2級200時間、会社AFP研修ありならAFP修了→2級CBT—と順序を組み立てられます。,"要綱の2級受検資格表で自分の該当行（3級・AFP・実務）を1つ特定する;3級経由なら8000円＋100時間、AFP経由なら研修費・期間を人事または協会案内で確認;2級用に週8時間×25週以上の200時間枠をカレンダーに確保する;AFP修了直後は3級相当の一問一答20時間で用語穴を確認してから2級テキスト開始;演習70％×2回・技能検定65点×2回を記録・分析タブで確認してから11,700円申込",試験要項・AFP制度改定時に本文と参照元を見直します。,2026-06-16,2026-07-16,2026-06-16,published,2026-06-16: FP2サイト23本目。AFP vs 3級ルート・2級受検・費用・順序。,資格の正体—AFPは研修、2級は試験,混同しやすいのは「AFP＝2級の上位版」というイメージですが、制度上は別物です。AFP（Associate Financial Planner）は日本FP協会の認定研修を修了し登録する業務資格—提案書課題など実務に近い演習を含みます。FP2級技能士は学科60問120分と技能検定40問90分のCBT試験—合格基準36点・60点—に合格して取得する国家資格級の技能検定です。重要な接点は、AFP修了が2級受検資格の1つになる—3級合格と同列の入口—点です。AFPを取っても2級試験は自動免除されません。逆に3級合格だけでもAFPなしで2級CBTに申込めます。詳細な受検資格表は関連記事「FP2級の受検資格は？3級合格だけでは足りない条件」と要綱PDFが正本です。,2級への入口比較—3級・AFP・実務2年,"2級CBTに申込むには、次のいずれか1つを満たせば足ります—要綱で再確認してください。

| 入口 | 主な条件 | 申込時の入力 | 2級学習の前提 |
| --- | --- | --- | --- |
| 3級合格 | FP3級技能検定合格 | 合格番号 | 100時間相当の語彙 |
| AFP修了 | 協会認定AFP研修修了 | 受講者番号等 | 提案型演習経験 |
| 実務2年 | FP業務通算2年以上 | 勤務先・年月 | 業務知識＋演習 |

例えば大学4年で3級合格なら1行目—金融機関3年目でFP業務2年なら3行目—内定先がAFP研修を提供するなら2行目—と分岐します。複数に該当しても申込時に選ぶのは1ルートだけで問題ありません。「3級とAFP両方必要」は誤解—どちらか1つで2級受検資格は得られます。",3級経由が向く人—就活・低コスト・100時間入口,"次に当てはまるなら3級→2級の順が費用対効果が高いです。

| 状況 | 3級経由の利点 |
| --- | --- |
| 就活・転職前の学生 | 8000円で履歴書に書ける |
| 個人負担で学習 | AFP研修費より低コスト |
| 家計・金融リテラシー目的 | 100時間で基礎が固まる |
| 3級合格済み | 合格番号ですぐ2級計画開始 |

目安は3級100時間・2級追加200時間—合計300時間前後—です。例えば就活前の3年生なら週6時間×16週で3級、合格発表後4〜8週の定着を挟み、週10時間×20週で2級—という18か月モデルが現実的です。3級合格番号は合格通知直後に控え、2級CBT予約画面の入力欄に貼れるよう保存してください。3級との形式差は関連記事「FP3級とFP2級の違い」も参照してください。",AFP経由が向く人—会社負担・技能検定の予習,"次に当てはまるならAFP→2級の順を検討します。

| 状況 | AFP経由の利点 |
| --- | --- |
| 金融機関の会社負担研修 | 個人の研修費が少ない |
| 3級未受験・実務未満2年 | 2級受検資格の別入口 |
| 技能検定が不安 | 提案書課題で記述型に慣れる |
| FP業務志望 | AFP登録が業務上の基盤 |

AFP認定研修は通信・通学で数か月かかるケースが多く—受講料は会社負担なら個人コストは低い一方、個人全額負担なら3級8000円＋100時間と比較してください。例えば7月入社で1月AFP修了見込みなら、2月から週10時間×20週で2級CBT—修了証と受講者番号をCBT予約まで保管—が標準的な流れです。AFP修了直後に11,700円を払っても、学科演習70％未満なら学科だけ合格—技能検定58点—の典型パターンになり得ます。200時間演習は別条件です。",費用・時間の逆算—個人負担と会社負担,"2級合格までの総コストは「入口＋2級学習＋受験料」で見ます—AFP研修費は会社・コースで大きく変わるため、ここでは相場感のみ。

| ルート | 入口コスト目安 | 2級学習 | 2級受験 | 合計イメージ |
| --- | --- | --- | --- | --- |
| 3級→2級 | 8000円＋教材 | 200時間 | 11,700円 | 2万円台＋時間 |
| AFP→2級 | 研修費（要確認） | 200時間 | 11,700円 | 研修費次第 |
| 実務2年→2級 | なし | 200時間 | 11,700円 | 1.7万円台＋時間 |

例えば個人全額でAFP研修が15万円—3級経由の2万円台より高い—なら就活前は3級優先、入社後に会社負担AFPが確定したらAFP→2級—と段階を分ける判断もあります。どちらの入口でも2級は学科120問・技能検定40問—演習70％×2回・65点×2回—を記録・分析タブで確認してから11,700円申込してください。受験料の内訳は関連記事「FP2級の受験料・手数料はいくら？」も参照してください。",AFP修了後の2級—200時間は省けない,AFP修了者が陥りやすい誤解は「研修で足りているから2級は短縮できる」です。AFPの提案課題は技能検定の予習になりますが—2級学科はタックス・相続・不動産の深い計算—120分60問の持久力—は別途200時間規模の演習が必要です。おすすめの順序は次のとおりです。第1〜4週は3級相当の当サイト一問一答で用語確認、第5〜14週は2級テキスト6科目、第15週から当サイト学科過去問週30問、第18週から技能検定90分通し週2時間—例えばAFP修了翌月から週10時間×22週＝220時間なら、第20週に70％×2回を記録・分析タブで確認してCBT予約—が安全ラインです。3級未経験で演習初期正答率50％台なら、一問一答20時間を先に挟む方が効率的な場合もあります。学習時間の逆算は関連記事「FP2級の勉強時間は何時間？独学の目安と逆算」も参照してください。,,,AFPを修了すれば2級試験は免除されますか？,"免除されません。AFP修了は2級受検資格を得る入口の1つ—学科・技能検定のCBT試験は別途受ける必要があります。提案書課題の経験は技能検定の予習になりますが、学科60問120分の演習量はAFPだけでは不足しがちです。例えばAFP修了直後に11,700円申込む前に、当サイト学科通しで70％×2回—技能検定65点×2回—を記録・分析タブで確認してください。",3級とAFP両方取った方が2級合格に有利ですか？,受検資格の面では有利になりません—どちらか1つで足ります。学習面では3級100時間の語彙が2級初期演習を楽にする—AFPの提案型演習が技能検定に活きる—という意味では両方経験があると安心、ただし就活前に両方のフルコースを並行するのは時間対効果が低いです。例えば3級2026年3月合格→2026年秋2級CBT—入社後に会社AFP—と順番を分ける方が計画しやすいです。,faq-fp2-eligibility:FP2級の受検資格は？3級合格だけでは足りない条件;compare-fp3-vs-fp2:FP3級とFP2級の違い｜難易度・学習時間・受験資格;faq-fp2-study-hours:FP2級の勉強時間は何時間？独学の目安と逆算,金融機関内定でAFP研修がある場合、3級は不要ですか？,2級受検資格だけ見れば、AFP修了後に3級なしで2級CBT申込—は可能です。ただし就活の書類には「合格済み」の3級の方が内定前に載せやすい—8000円・100時間—という利点があります。人事に「AFP修了で2級受検資格が得られるか」「2級技能検定添削が研修に含まれるか」を確認し、内定前3級・入社後AFP→2級—と段階を分ける計画が現実的なケースが多いです。
compare-fp2-vs-bookkeeping,比較・選択系,FP2級と簿記3級、どちらを先に取るべきか？,"FP2級CBTと日商簿記3級を、学習200時間対80〜120時間、11,700円対受験回数、タックス章との重複、経理・就活・並行の上限まで具体数字で整理します。目的別の先後判断付き。",FP2級と簿記3級はどちらも「お金の知識」ですが、家計6科目＋技能検定と仕訳・決算—役割が違います。先に取るべきかは就職先の業界でほぼ決まります。本記事では2級を目指す人向けに、簿記との先後と並行の可否を整理します。,経理・会計志望は簿記先、家計・FP業務は2級先が多い;学習時間は2級200〜300時間・簿記3級80〜120時間前後;重複はタックス章と簿記の税金—同週に読むと効率UP;並行上限は合計週12〜14時間—超えたら1資格に絞る;2級申込前は学科70％×2回・技能検定65点×2回を記録・分析タブで確認,33,比較;簿記;FP2級;学習計画,FP2級マスター編集部,資格学習サイトの編集チーム,公式情報確認担当,公開前に一次情報との照合を行う担当者,2026-06-16,日本FP協会（公式）|https://www.jafp.or.jp/exam/outline/;日商（公式）|https://www.kentei.ne.jp/bookkeeping,参照: FP2級要項・日商簿記3級受験案内。FP3 compare-fp3-vs-boki・attr-parallel-qualifications をFP2向け再執筆。,読了後は、自分の目的で2級と簿記3級のどちらを先にするか決め、たとえば週10時間なら簿記週6時間×14週→2級週8時間×25週—と順番を組み立てられます。,志望業界（経理・金融・一般職）を1行で書き、優先資格を1つ決める;週の学習可能時間をメモし、12時間未満なら並行を避ける;タックス章と簿記の税金を同じ週に読む計画をカレンダーに書く;優先資格の演習正答率70％×2回を記録・分析タブで確認してから次の資格申込;2級用に200時間枠と技能検定週2時間を別途確保する,試験要項・簿記検定改定時に本文と参照元を見直します。,2026-06-16,2026-07-16,2026-06-16,published,2026-06-16: FP2サイト24本目。2級vs簿記3級・先後・並行・タックス重複。,役割の違い—家計6科目 vs 仕訳・決算,FP2級と簿記3級を「どちらが上か」で比べるより、役割の違いで整理する方が計画しやすいです。FP2級技能士は学科60問120分と技能検定40問90分—ライフプランから相続まで6科目の家計・資産設計を扱う国家資格級の技能検定です。日商簿記3級は仕訳・試算表・決算整理—企業の帳簿と消費税の基礎を問う検定で、年2回の試験日が固定されています。重なるのはタックスプランニング章の所得税・消費税の考え方—簿記の消費税仕訳とFP2級の控除計算—程度で、仕訳の型そのものはFP2級学科には出ません。転職の決め手単体にするより、経理なら簿記、FP・金融の総合知識なら2級—と目的で先後を決めるのが現実的です。,比較表—学習時間・試験形式・受験料,"次の表は目安です—受験料・日程は各団体の最新案内で必ず再確認してください。

| 項目 | FP2級（協会CBT） | 簿記3級（日商） |
| --- | --- | --- |
| 学習時間 | 200〜300時間 | 80〜120時間 |
| 試験形式 | 学科120分＋技能検定90分 | 仕訳・計算（マークシート） |
| 受験料目安 | 11,700円（セット） | 受験回・団体で要確認 |
| 日程 | CBT通年（休止期間除く） | 年2回の固定日 |
| 合格基準 | 学科36点・技能検定60点 | 100点満点60点（要確認） |
| 履歴書 | FP2級（日本FP協会） | 日商簿記検定3級 |

2級は技能検定の演習が別途必要—学科だけ200時間使っても58点止まり—という典型があります。簿記3級は演習量が足りれば3〜4か月—週6時間×14週＝84時間—で合格圏に入る人も多いです。2級の形式詳細は関連記事「FP2級試験の全体像」学習時間の逆算は「FP2級の勉強時間は何時間？」も参照してください。",FP2級先が向く人—家計・FP業務・CBT柔軟,"次に当てはまるなら2級を先に—or 簿記より2級に集中—が合理的です。

| 状況 | 2級優先の理由 |
| --- | --- |
| 家計・資産形成が目的 | 6科目が家計に直結 |
| FP業務・保険・証券志望 | 2級技能士が業界で通用 |
| 週8時間以上×25週確保可 | 200時間を先に確保 |
| 受験日を演習完成後に選びたい | CBT通年予約 |

目安は週8時間×25週＝200時間—学科7割・技能検定3割—申込前に当サイト学科通し70％×2回・技能検定65点×2回—を記録・分析タブで確認してから11,700円決済—が安全ラインです。例えば金融機関志望で簿記未着手なら、就活前に3級8000円→2級11700円—簿記は入社後に会社負担—という順序も現実的です。3級との差は関連記事「FP3級とFP2級の違い」も参照してください。",簿記3級先が向く人—経理・会計・固定日程,"次に当てはまるなら簿記3級を2級より先に取る判断が多いです。

| 状況 | 簿記優先の理由 |
| --- | --- |
| 経理・会計・税理士事務所志望 | 仕訳が業務の土台 |
| 一般企業の経理部門 | 簿記3級が採用要件の例あり |
| 週6時間×14週しか取れない | 84時間で先に1資格 |
| 試験日が決まっている | 逆算しやすい固定日程 |

簿記3級合格後に2級へ進む場合、タックス章の所得税・控除は簿記の知識が活きますが—相続・不動産・技能検定は新規200時間規模—簿記合格直後に11,700円早申込は非推奨です。例えば簿記11月合格→翌年1月から2級テキスト、週10時間×22週で翌年6月CBT—定着期間8週＋200時間—が現実的な移行モデルです。2級のつまずき論点は関連記事「FP2級は難しい？3級との差とつまずきやすい論点」も参照してください。",並行学習—タックス章との重複と上限,"2資格を同時に進める場合、上限は週12〜14時間—それを超えると両方の正答率が55％未満—に落ちやすいです。

| 重複・相性 | 内容 | 学習のコツ |
| --- | --- | --- |
| 高 | タックス章と簿記の税金 | 同週にまとめて読む |
| 中 | 計算速度・電卓操作 | FPはCBT画面電卓 |
| 低 | 仕訳と技能検定 | 演習は資格別に分ける |

配分例：週12時間なら2級に週7時間・簿記に週5時間—2級の正答率70％×2回を先に達成したら、簿記を週8時間に増やす—逆に両方55％未満が2週続くなら、片方を1か月休止—2級か簿記か優先1つ—してください。例えば第8週時点で2級学科58％・簿記模試52％なら、残り4週は簿記に週8時間—2級は一問一答週30問維持—と役割を切り替えます。",24週モデル—簿記先→2級の順番例,"簿記3級を先に、2級を後に取る24週の例です—週10時間確保できる社会人向け。

| 週 | 簿記3級 | FP2級 |
| --- | --- | --- |
| 1〜14 | 週6時間（仕訳演習） | — |
| 15〜16 | 合格後復習のみ | 定着・一問一答 |
| 17〜24 | — | 週10時間（テキスト→120問） |

第14週末に簿記模試60点以上×2回—第24週時点では2級演習200時間には届かない—2級CBTは第30週以降—週10時間×10週追加—に後ろ倒しが安全です。逆に2級先なら、第1〜25週を2級200時間、第26週から簿記週6時間×12週—入社前に2級合格証、入社1年目に簿記—という分岐もあります。どちらの順でも2級技能検定週2時間—公式テキスト90分通し—は削らないでください。落ちパターンは関連記事「FP2級で落ちやすいパターン」も参照してください。",,,簿記3級はFP2級より易しいですか？,学習時間と範囲の広さでは簿記3級の方が短く済む人が多いです—80〜120時間対200〜300時間—ただし2級は「易い」わけではなく、6科目120分＋技能検定90分—持久力と記述型—が別次元の負荷です。簿記で仕訳が得意でも2級相続・技能検定58点—は珍しくありません。例えば簿記70点で2級初回学科通し55％—は正常—タックス・相続に週5時間×4週を追加してください。,FP2級と簿記3級を同時に勉強できますか？,週12〜14時間以上確保できるなら可能です—それ未満なら1資格ずつ順番受験が安全です。配分は2級に週60％・簿記に週40％—タックス章と簿記税金は同週に読む—2週ごとに両方の演習正答率を記録・分析タブで確認し、両方55％未満が続くなら片方を1か月休止してください。例えば週10時間なら2級6時間・簿記4時間—2級70％×2回達成後に簿記週8時間—と段階を上げる方が再受験コストを抑えられます。,faq-fp2-study-hours:FP2級の勉強時間は何時間？独学の目安と逆算;faq-fp2-difficulty:FP2級は難しい？3級との差とつまずきやすい論点;compare-fp3-vs-fp2:FP3級とFP2級の違い｜難易度・学習時間・受験資格,経理志望でもFP2級は意味がありますか？,意味はありますが、優先順位は通常簿記3級→2級です。経理実務の入口は仕訳—2級は家計・資産設計・保険・相続の総合知識—で役割が補完関係です。例えば経理部内定なら入社前に簿記3級、入社2年目以降に週8時間×25週で2級—福利厚生・従業員相談に活きるケースもあります。履歴書には両方書けますが、就活直前は「合格済み」の方が1行で強い—先に簿記を週6時間×14週で取る計画が現実的です。
compare-fp2-vs-securities,比較・選択系,FP2級と証券外務員、どちらを先に取るべきか？,"FP2級CBTと証券外務員一種・二種を、学習200時間対200時間前後、11,700円と受験科目、金融資産運用章との重複、証券内定者の順番・並行上限まで具体数字で整理します。",FP2級と証券外務員はどちらも金融知識ですが、「家計6科目＋技能検定」と「証券営業の業務資格」—目的が違います。証券内定なら外務員一種が業務必須、2級は顧客の資産全体を見る補助—と役割分担できます。本記事では2級を目指す人向けに、外務員との先後を整理します。,証券営業志望は外務員一種が業務必須—2級は補助的な強み;学習時間は2級200〜300時間・外務員一種200時間前後が目安;重複は金融資産運用章と外務員「商品等」「経済・金融」;週12時間未満なら並行より1資格ずつ順番受験が安全;2級申込前は学科70％×2回・技能検定65点×2回を記録・分析タブで確認,34,比較;証券外務員;FP2級;学習計画,FP2級マスター編集部,資格学習サイトの編集チーム,公式情報確認担当,公開前に一次情報との照合を行う担当者,2026-06-16,日本FP協会（公式）|https://www.jafp.or.jp/exam/outline/;日本証券業協会（公式）|https://www.jsa.or.jp/exam/,参照: FP2級要項・日本証券業協会外務員試験案内。FP3 compare-fp3-vs-securities をFP2向け再執筆。,読了後は、証券志望か家計目的かで2級と外務員の先後を決め、たとえば内定後は外務員週8時間×20週→2級週10時間×22週—と学習順を組み立てられます。,日本FP協会要項と日本証券業協会の受験案内で科目数・合格基準を表に書く;自分の目的（家計・就活・証券営業）を1行で決める;当サイト金融資産運用演習20問の正答率を記録・分析タブで測る;週12時間未満なら1資格ずつ順番受験に切り替える;証券会社内定者は人事に外務員一種・二種の社内期限を確認してから申込,試験要項・外務員制度改定時に本文と参照元を見直します。,2026-06-16,2026-07-16,2026-06-16,published,2026-06-16: FP2サイト25本目。2級vs外務員・重複章・証券内定の順番。,役割の違い—家計6科目 vs 証券営業の法令,FP2級と証券外務員を難易度だけで比べるより、業務上の役割で整理する方が計画しやすいです。FP2級技能士は学科60問120分と技能検定40問90分—ライフプランから相続まで6科目の家計・資産設計を扱う技能検定です。証券外務員一種は金融商品取引法を中心とした5科目—有価証券の勧誘・説明義務など証券営業の業務資格です。外務員二種は一種より範囲が狭く—社内ルールでどちらが必要かは内定先の人事確認が正本—2級は「顧客の家計全体」、外務員は「有価証券の販売コンプライアンス」—と切り分けられます。証券会社勤務でも2級は保険・相続・住宅ローンの横断相談に活きますが、営業開始の要件としては外務員一種の方が優先度が高いケースが多いです。,比較表—FP2級 vs 外務員一種・二種,"次の表は目安です—科目名・合格基準・受験料は各団体の最新案内で再確認してください。

| 項目 | FP2級（協会CBT） | 外務員一種 | 外務員二種 |
| --- | --- | --- | --- |
| 学習時間 | 200〜300時間 | 200時間前後 | 100時間前後 |
| 試験形式 | 学科120分＋技能検定90分 | 5科目（PC） | 3科目程度 |
| 受験料目安 | 11,700円（セット） | 要確認 | 要確認 |
| 日程 | CBT通年 | 年数回固定 | 年数回固定 |
| 業務上 | 家計・資産設計全般 | 有価証券勧誘 | 限定商品 |

2級は技能検定の演習が別途必要—金融資産運用章だけ70％でも技能検定58点—の典型があります。外務員は法令暗記量が負荷—FP2級のタックス・相続計算とは別スキル—です。2級の全体像は関連記事「FP2級試験の全体像」学習時間は「FP2級の勉強時間は何時間？」も参照してください。",FP2級先が向く人—家計・FP業務・CBT柔軟,"次に当てはまるなら2級を外務員より先—or 2級に集中—が合理的です。

| 状況 | 2級優先の理由 |
| --- | --- |
| 家計・資産形成が主目的 | 6科目が家計に直結 |
| 保険・銀行・独立FP志望 | 2級技能士が横断的 |
| 証券以外の金融機関 | 外務員が必須でない |
| 週10時間×22週確保可 | 200時間を先に確保 |

目安は週8時間×25週＝200時間—学科7割・技能検定3割—申込前に当サイト学科通し70％×2回・技能検定65点×2回—を記録・分析タブで確認してから11,700円決済—が安全ラインです。例えば就活前の3年生なら3級→2級—証券内定が出る前に2級計画—内定後に外務員期限を人事確認—という順序もあります。3級との差は関連記事「FP3級とFP2級の違い」も参照してください。",外務員先が向く人—証券内定・業務期限,"次に当てはまるなら外務員一種（または二種）を2級より先に取る判断が多いです。

| 状況 | 外務員優先の理由 |
| --- | --- |
| 証券会社内定・内定見込み | 営業開始の要件 |
| 人事から取得期限の指示 | 違反すると配置不可 |
| 有価証券勧誘が主業務 | 法令・商品知識が先 |
| 入社6か月以内に必要 | 固定試験日で逆算 |

証券内定者は入社前に人事へ「外務員一種か二種か」「取得期限」を確認—が最初の一手です。例えば4月入社・10月までに一種必要なら、5月から週8時間×20週＝160時間—6月・9月の試験日に合わせて逆算—2級200時間は入社1年目以降—週6時間×35週—に後ろ倒しが現実的です。外務員合格後も2級技能検定演習は別途—金融資産運用章70％だけでは技能検定65点—に届かない点に注意してください。",金融資産運用章との重複—効率よく両方に活かす,"2級と外務員で最も重なるのは金融資産運用—株式・債券・投資信託・リスクとリターン—と外務員の「商品等」「経済・金融」—です。

| 論点 | FP2級 | 外務員 | 学習のコツ |
| --- | --- | --- | --- |
| 株式・債券の基礎 | 金融資産運用章 | 商品等 | 同週にまとめる |
| 投資信託 | 6科目の一部 | 商品等 | 用語表を1枚に |
| 法令・コンプライアンス | 浅い | 一種の中心 | 外務員は別テキスト |
| 相続・保険 | 2級独自 | 出題少 | 2級は別途200時間 |

例えば当サイト金融資産運用演習20問で正答率75％—外務員「商品等」の初回模試65点—なら重複は十分—残りは2級のタックス・相続・技能検定—外務員の法令3科目—に時間を分けてください。両方55％未満が2週続くなら、証券内定期限がある方—外務員—を優先し、2級を3か月延期—が再受験コストを抑えやすいです。",28週モデル—外務員先→2級の順番例,"証券内定者が外務員一種後に2級へ進む28週の例—週10時間確保できる場合。

| 週 | 外務員一種 | FP2級 |
| --- | --- | --- |
| 1〜20 | 週8時間（5科目） | — |
| 21〜22 | 合格後復習 | 定着・一問一答 |
| 23〜28 | — | 週10時間（テキスト開始） |

第20週で外務員合格—第28週時点では2級200時間には届かない—2級CBTは第48週以降—さらに週10時間×20週—に後ろ倒しが安全です。逆に2級先なら、第1〜25週を2級200時間、第26週から外務員週8時間×20週—入社前に2級合格、入社後6か月で外務員—人事期限と照合してください。どちらの順でも2級技能検定週2時間—公式テキスト90分通し—は削らないでください。つまずき論点は関連記事「FP2級は難しい？3級との差とつまずきやすい論点」も参照してください。",,,証券外務員一種はFP2級より難しいですか？,一括比較はしにくいです。2級は6科目120分＋技能検定90分—範囲の広さと記述型—外務員一種は5科目の法令暗記—学習時間はどちらも200時間前後が目安—です。金融資産運用章が得意でも、2級相続計算・技能検定58点—外務員法令科目50％—は別問題です。例えば外務員70点取得者の2級初回学科通し55％—は正常—タックス・相続に週5時間×4週を追加してください。,FP2級と外務員一種を同時に勉強できますか？,"週12〜14時間以上確保できるなら可能—それ未満なら1資格ずつ順番受験が安全です。配分は期限がある外務員に週60％—2級に週40％—金融資産運用章と外務員商品等は同週に読む—2週ごとに演習正答率を記録・分析タブで確認し、両方55％未満が続くなら2級を3か月延期してください。例えば週12時間なら外務員7時間・2級5時間—外務員合格後に2級週10時間—と段階を上げる方が11,700円の早申込リスクを減らせます。",faq-fp2-study-hours:FP2級の勉強時間は何時間？独学の目安と逆算;faq-fp2-difficulty:FP2級は難しい？3級との差とつまずきやすい論点;compare-fp2-vs-bookkeeping:FP2級と簿記3級、どちらを先に取るべきか？,証券会社内定でFP2級だけ取れば足りますか？,通常は足りません。有価証券の勧誘・説明業務には外務員一種（または社内規定の二種）—が業務要件—2級は顧客の家計全体・保険・相続の知識として補助的に活きます。例えば内定通知に「入社6か月以内に外務員一種」とあれば、2級200時間計画より外務員160時間—週8時間×20週—を先に—2級は入社1年目以降に週6時間×35週—と人事期限と照合してください。履歴書には両方書けますが、期限がある方を優先です。
compare-fp2-one-shot-vs-retake,比較・選択系,FP2級は1回合格と再受験見込み、どちらが現実的か？,"FP2級CBTの1回合格と再受験見込みを、11,700円対23,400円、一部合格6,000円・5,700円、演習70％×2回の申込基準、学科OK・技能検定NGの4週再受験モデルまで具体数字で整理します。","「1回で決める」と「2回目まで見込む」は対立ではなく、申込タイミングの設計の違いです。2級CBTは通年受験でき、一部合格なら技能検定のみ6,000円前後—の再受験もあります。本記事では演習データで1回狙いか2回見込みかを判断する基準を整理します。","現実的なのは「いつか合格」—1回縛りは早申込を招く;1回目11,700円・再受験込み23,400円・一部合格6,000円前後;1回合格の条件は学科70％×2回・技能検定65点×2回;最多は学科OK・技能検定NG—4週技能検定集中が効く;演習基準未達なら4週延期して11,700円を守る",35,比較;再受験;FP2級;学習計画,FP2級マスター編集部,資格学習サイトの編集チーム,公式情報確認担当,公開前に一次情報との照合を行う担当者,2026-06-16,日本FP協会（公式）|https://www.jafp.or.jp/exam/outline/,参照: FP2級要項（11700/5700/6000円・一部合格）。FP3 compare-one-shot-vs-retake・faq-fp2-retake をFP2向け再執筆。,"読了後は、1回で攻めるか2回見込みかを演習データで決め、たとえば第20週で70％×2回なら11,700円申込、58％なら4週延期—と判断できます。","受験予算を11,700円（1回）と23,400円（2回見込み）の2段階でメモする;申込前に当サイト学科通し・技能検定通しの直近2回の点数を記録・分析タブで確認;演習70％×2回・65点×2回を満たすまで11,700円の決済を先延ばしする;不合格時は得点表から弱点2科目だけ特定し4週集中する;一部合格なら未達科目のみ5,700円または6,000円—要綱で再確認",試験要項・手数料改定時に本文と参照元を見直します。,2026-06-16,2026-07-16,2026-06-16,published,2026-06-16: FP2サイト26本目。1回合格vs再受験・費用・演習基準・4週モデル。,「1回縛り」と「2回見込み」—設計の違い,"SNSでは「2級は1発合格」が目標に見えますが、CBT通年の2級では「いつ合格するか」を演習データで設計する方が現実的です。1回合格ルートは第20週前後で学科70％×2回・技能検定65点×2回—を記録・分析タブで確認してから11,700円申込—2回見込みルートは予算23,400円＋教材—を先に決め、1回目は「データ収集＋一部合格」を許容—という考え方です。3級8000円感覚のまま演習150時間で11,700円を払うと、学科42点・技能検定58点—最多パターン—で6,000円再受験＋4週—総支出が膨らみます。どちらを選んでも、早申込より演習完成後の申込—が総コストを抑えやすいです。","費用比較—11,700円 vs 23,400円 vs 一部合格","2級の再受験コストは3級より高く—技能検定のみ6,000円—が非対称—です。要綱で最新金額を再確認してください。

| パターン | 手数料目安 | 合計イメージ |
| --- | --- | --- |
| 1回目合格 | 11,700円 | 1.7万円台（教材込み） |
| 2回セット再受験 | ＋11,700円 | 2.3万円＋教材 |
| 学科OK・技能検定NG | ＋6,000円前後 | 1.8万円台＋教材 |
| 技能検定OK・学科NG | ＋5,700円前後 | 1.8万円台＋教材 |
| 早申込キャンセル | 手数料1,287円 | 11,700円の無駄＋1287円 |

例えば1回目不合格→技能検定のみ再受験合格なら、11,700＋6,000＝17,700円—セット2回23,400円より安い—一部合格を活かす設計が費用対効果に効きます。内訳の詳細は関連記事「FP2級の受験料・手数料はいくら？」も参照してください。",1回合格を狙う条件—演習基準3つ,"1回合格を現実的にする申込前チェックは次の3つ—広告の合格率より信頼できます。

| 指標 | 目安 | 意味 |
| --- | --- | --- |
| 学科通し70％×2回 | 42点以上連続 | 本番下振れの余裕 |
| 技能検定65点×2回 | 100点換算 | 60点合格ライン＋5点 |
| 6分野50％未満 | 1科目以下 | 穴が致命傷になりにくい |

例えば第20週時点で①③達成・②だけ58点なら、11,700円を払うより4週延期—技能検定週3時間×4週—が合理的です。逆に3指標すべて達成なら1回合格ルート—第21週にCBT空席検索—210分連続通しを試験2週前にもう1回—が仕上げです。学習時間の逆算は関連記事「FP2級の勉強時間は何時間？」も参照してください。",2回目まで見込む計画—初学者向け24週,"200時間未満・3級未経験・週5時間以下—なら2回見込みで計画する方がメンタルと予算が安定します。

| フェーズ | 週 | 内容 | 費用 |
| --- | --- | --- | --- |
| 第1回準備 | 1〜20 | 200時間演習 | 教材のみ |
| 第1回受験 | 21 | CBT（データ取得） | 11,700円 |
| 空白4週 | 22〜25 | 弱点集中 | — |
| 第2回受験 | 26 | 片方またはセット | 6,000〜11,700円 |

1回目を「失敗」ではなく得点表取得—と捉えると、学科40点・技能検定58点—なら2回目は技能検定6,000円＋週8時間×4週—に絞れます。6科目やり直しは非効率—得点表から弱点2分野だけ4週集中—が再受験の標準ルートです。再受験の詳細は関連記事「FP2級に落ちたら？再受験の間隔と弱点の潰し方」も参照してください。",一部合格を活かす—最多パターンの再設計,"2級再受験で最多なのは学科合格・技能検定不合格—学科36点以上・技能検定58点前後—です。6科目インプットのやり直しは不要—技能検定演習量不足—が原因のことが多いです。

| 得点例 | 次の一手 | 再受験料 |
| --- | --- | --- |
| 学科42・技能検定58 | 技能検定4週集中 | 6,000円前後 |
| 学科34・技能検定62 | 学科4週＋通し2回 | 5,700円前後 |
| 学科38・技能検定56 | 両方不足→4週延期 | 11,700円見送り |

再予約は合格発表日の翌日以降—当日スコアだけで早申込しない—要綱どおりです。例えば6月受験・7月15日10時不合格確定なら、7月16日以降に空席検索—8月中旬CBT—その間4週を技能検定90分通し週2回—65点×2回を記録・分析タブで確認してから6,000円決済—が標準プランです。",早申込を防ぐ—4週延期ルール,"1回縛りが早申込を生む典型サインは次のとおり—満たすなら4週延期して11,700円を守ってください。

| サイン | 判断 |
| --- | --- |
| 学科通し58％以下が2週連続 | 4週延期 |
| 技能検定55点以下 | 4週延期 |
| 6分野50％未満が3科目以上 | 8週延期 |
| 210分連続通し未経験 | 2週延期 |
| 空席だけ押さえたい | 演習完成まで申込禁止 |

例えば第18週で学科65％・技能検定52点なら、「来月受けよう」より技能検定週8時間×4週—第22週に65点×2回確認→第23週申込—キャンセル1,287円リスクも回避できます。2回連続不合格で技能検定55点が続くなら、3回目の11,700円より通信添削1回—独学限界のサイン—落ちパターンは関連記事「FP2級で落ちやすいパターン」も参照してください。",,,FP2級は1回で合格できますか？,"可能です。条件は200〜300時間の演習と、申込前の3指標—学科70％×2回・技能検定65点×2回・6分野50％未満1科目以下—を記録・分析タブで確認することです。例えば週10時間×22週＝220時間で第20週に基準達成→第22週CBT—が1回合格の標準ルートです。150時間・学科62％・技能検定58点—で申込むと再受験6,000円コース—になりやすいため、基準未達なら4週延期してください。",学科だけ先に受けて、技能検定は後日にできますか？,"CBTでは学科と技能検定を別日予約できる場合があります—ただし初回はセット11,700円で同日2部制を選ぶ人が多いです。学科だけ先→一部合格→技能検定6,000円—という段階受験も可能ですが、学科の知識が冷えるリスクと210分連続体験不足—が欠点です。例えば学科42点・技能検定58点なら、4週以内に技能検定集中—再予約は合格発表翌日以降—が合理的です。詳細は「FP2級の学科と技能検定の違い」も参照してください。",faq-fp2-retake:FP2級に落ちたら？再受験の間隔と弱点の潰し方;faq-fp2-exam-fee:FP2級の受験料・手数料はいくら？再受験のコスト;fp2-fail-patterns:FP2級で落ちやすいパターン｜学科だけ・技能検定だけの足切り,再受験2回で3万円超えたらやめるべきですか？,"金額だけでやめる必要はありませんが、3回目も演習基準未達のまま11,700円を払うのは非効率です。2回連続不合格なら1週間学習停止—得点表とミス理由整理—配分ミス（技能検定不足）か演習量不足かを切り分け、技能検定55点が続くなら添削1回または通信模試—学科34点以下が続くなら過去問2周目から—と手段を変えてください。例えば23,400円＋添削1万円で3回目合格—フル通信5万円より安いケースもあります。"
compare-fp2-paper-vs-past-only,比較・選択系,FP2級はテキストと過去問だけ、どちらで進める？,FP2級CBTをテキスト中心か過去問だけかで比較。演習400問・正答率65％以上、技能検定の別途必要、一問一答100問の前置き、14週ドリル、制度数値の洗い替えまで具体数字で整理します。3級経験者向け。,「テキストを飛ばして過去問だけ」—は演習量が足りる人に限って成立します。2級は学科120分60問に加え技能検定90分—学科過去問2周だけでは58点止まり—の典型があります。本記事ではテキスト中心と過去問だけの選び方を整理します。,過去問だけは累計400問・正答率65％以上が最低ライン;初学者はテキストなしだと用語不足—一問一答100問を先に;正本はテキスト1冊＋当サイト120問2周—問題集だけは非推奨;技能検定は過去問だけでは不足—公式テキスト週2時間必須;申込前は学科70％×2回・技能検定65点×2回を記録・分析タブで確認,36,比較;過去問;テキスト;FP2級,FP2級マスター編集部,資格学習サイトの編集チーム,公式情報確認担当,公開前に一次情報との照合を行う担当者,2026-06-16,日本FP協会（公式）|https://www.jafp.or.jp/exam/outline/,参照: FP2級要項・当サイト120問。FP3 compare-past-questions-only・faq-fp2-past-questions をFP2向け再執筆。,読了後は、自分が過去問のみで進められるか判断でき、たとえば3級経験者なら当サイト120問週40問×12週、初学者ならテキスト10週→過去問—と計画に落とし込めます。,"手持ち教材の問数・年度・解説の有無を表に書き出す;第4週末までに当サイト累計演習100問・正答率55％以上を記録・分析タブで確認;ミス問の用語を当サイト用語解説で1日10個まで補完;第16週から技能検定90分通しを週1回—当サイト学科だけで申込まない;学科70％×2回・技能検定65点×2回を満たしてから11,700円申込",試験要項・過去問公開年度・当サイト収録数変更時に本文を見直します。,2026-06-16,2026-07-16,2026-06-16,published,2026-06-16: FP2サイト27本目。テキストvs過去問だけ・400問・技能検定別途。,結論—過去問だけは条件付きで可能,"2級学科60問を6科目でカバーするには、累計400問前後—当サイト120問×2周＋一問一答160問—の演習量が目安です。解説なしPDFだけだと、ミス1問あたり10分の用語調査—が積み上がり200時間が300時間に膨らみます。過去問だけルートが成立するのは、3級100時間経験者・金融業界勤務・当サイト一問一答で用語65％以上—のいずれかに当てはまる場合が多いです。技能検定は過去問だけでは足りません—公式テキストの事例90分通し—が別途必須—学科過去問2周だけで11,700円申込む典型を避けてください。",テキスト中心 vs 過去問だけ—比較表,"学習の主軸をどちらに置くかで、時間配分とつまずき方が変わります。

| 項目 | テキスト中心 | 過去問だけ |
| --- | --- | --- |
| 向く人 | 初学者・3級60％台 | 3級70％・業界経験 |
| 前半10週 | 6科目テキスト1周 | 一問一答100問 |
| 演習量 | 120問2周＋通し | 400問相当必須 |
| 用語の穴 | テキストで埋まる | 用語解説で自力補完 |
| 制度数値 | 表で確認 | 要項・テキストで洗い替え |
| 技能検定 | 公式テキスト必須 | 同上—変わらず必須 |

おすすめの折衷は「テキスト1冊で6科目1周→当サイト120問2周」—問題集3冊を買うより正本1冊＋演習中心—が費用対効果が高いです。過去問の年数・周回の詳細は関連記事「FP2級の過去問は何年分やれば足りる？」も参照してください。",過去問だけが向く人—3級70％・演習習慣あり,"次に当てはまるなら、テキストを薄くして過去問比重を上げられます。

| 状況 | 過去問中心の利点 |
| --- | --- |
| 3級正答率70％×8週 | 語彙の土台あり |
| 金融・保険実務2年以上 | 事例読解が速い |
| 当サイト一問一答100問済 | 用語穴が少ない |
| 残り14週・112時間 | 週30問×4週で120問1周 |

例えば3級合格後8週定着を終え、第1〜4週は一問一答週80問、第5週から当サイト過去問週30問—第8週に120分通し1回—第12週に70％×2回—という短期集中が現実的です。タックス・相続で50％未満なら、過去問だけを止めテキスト該当章5時間—2科目だけでもテキスト参照が必要—になります。",テキスト先が必須な人—初学者・計算弱点,"次に当てはまるなら、過去問だけは非推奨—テキスト10週を先に固定してください。

| 状況 | テキスト先の理由 |
| --- | --- |
| 3級未経験 | 6科目の地図がない |
| 一問一答正答率55％未満 | 用語不足 |
| 相続・タックス初見 | 計算手順がない |
| 問題集だけ3冊購入 | 解説矛盾で混乱 |

初学者が過去問PDFだけを解くと、「なぜこの控除？」が毎問発生—1問10分×60問＝600分—テキスト1周140時間の方が早いケースがあります。例えば第1〜10週は2級テキスト6科目、第11週から当サイト120問—第20週に通し70％×2回—が標準ルートです。独学の最低セットは関連記事「FP2級は独学で合格できる？」も参照してください。",最小セット—テキスト1冊＋当サイト120問2周,"「過去問だけ」と言いつつ、実務上の最小セットは次の3点—問題集だけに寄せすぎないでください。

| 教材 | 役割 | 目安時間 |
| --- | --- | --- |
| 2級テキスト1冊 | 制度表・計算の型 | 80〜100時間 |
| 当サイト120問2周 | 本番60問120分 | 60〜80時間 |
| 一問一答 | 用語・短問 | 20〜40時間 |
| 公式テキスト技能検定 | 90分通し | 40〜60時間 |

市販問題集は当サイト120問と重複しやすい—正本はテキスト1冊＋演習は当サイト—問題集は解き直し用1冊に限定—古い年度のNISA・税率は受験月の要項で洗い替え—が鉄則です。例えば問題集だけ2周120問×2＝240問でも、技能検定週2時間なしなら58点止まり—申込前は学科70％×2回・技能検定65点×2回—を記録・分析タブで確認してください。",14週ドリル—過去問比重を上げる進め方,"テキスト1周済み—or 3級70％—なら残り14週で過去問中心に仕上げる例です。

| 週 | 内容 | 時間 |
| --- | --- | --- |
| 1〜2 | 一問一答週80問 | 週6時間 |
| 3〜6 | 当サイト過去問週30問 | 週8時間 |
| 7〜8 | 120分通し×2回 | 週8時間 |
| 9〜12 | 弱点2科目集中＋2周目 | 週8時間 |
| 13〜14 | 210分連続＋技能検定通し | 週10時間 |

第8週終わり時点で通し70％未満なら、受験月を4週後ろ倒し—2周目はタックス・相続から—第14週時点で70％×2回・65点×2回—を記録・分析タブで確認してから11,700円申込—が安全ラインです。一問一答との切り替えタイミングは関連記事「FP2級の過去問は何年分やれば足りる？」学習時間の総量は「FP2級の勉強時間は何時間？」も参照してください。",,,当サイト120問2周だけで学科は足りますか？,テキストで6科目1周済み—or 3級70％相当—なら学科演習の主軸として足ります。条件は120問を2周し通し正答率70％×2回—42点以上連続—を記録・分析タブで確認することです。テキスト未読のまま120問だけだと、初回通し55％—タックス・相続で8問以下—になりやすいため、第4週までに一問一答100問＋テキストタックス章—を先に挟んでください。,問題集だけ買えばテキストは不要ですか？,非推奨です。問題集は解説が短く、2級特有の相続税段階計算・収益還元—の「型」がテキストほど体系化されていません。問題集1冊＋テキスト1冊—問題集3冊だけ—より総時間が短いケースが多いです。例えば受験年度表記の問題集1冊は解き直し用に、新規インプットはテキスト1冊—演習は当サイト120問中心—と役割を分けてください。,faq-fp2-past-questions:FP2級の過去問は何年分やれば足りる？使い方;faq-fp2-self-study:FP2級は独学で合格できる？必要な演習量と限界;compare-fp2-one-shot-vs-retake:FP2級は1回合格と再受験見込み、どちらが現実的か？,技能検定も過去問だけで対策できますか？,"当サイトは技能検定過去問を未公開—公式テキスト・問題集の資産設計提案事例が中心—です。学科過去問400問相当を解いても、技能検定90分通し0回—では58点止まり—が最多パターンです。例えば第16週から日曜90分を技能検定固定、100点換算65点×2回—を記録してから学科と同日11,700円申込—7:3の時間配分を守ってください。"
attr-fp3-to-fp2,属性別・状況別,FP3級合格後にFP2級へ進むタイミングと学習計画,FP3級合格後のFP2級移行を、受検資格・定着4〜8週・200〜300時間の逆算、技能検定週2時間、学科70％×2回の申込基準、12ヶ月ロードマップまで具体数字で整理します。3級合格者向け。,3級合格直後に2級テキストを開く人の多くは、用語は分かるが相続計算と技能検定90分—で足切れします。おすすめは合格後4〜8週の定着を挟み、200〜300時間の計画を組んでから2級CBTへ—本記事ではタイミングと週次スケジュールを整理します。,3級合格番号があれば2級受検資格は満たせる—要綱で再確認;定着4〜8週—一問一答維持・正答率70％以上から2級開始;2級は追加200〜300時間—学科7割・技能検定3割;3級と2級を同月受験・技能検定後回しはNG;申込前は学科70％×2回・技能検定65点×2回を記録・分析タブで確認,37,属性別;FP3級;FP2級;学習計画,FP2級マスター編集部,資格学習サイトの編集チーム,公式情報確認担当,公開前に一次情報との照合を行う担当者,2026-06-16,日本FP協会（公式）|https://www.jafp.or.jp/exam/outline/,参照: FP2級要項・当サイト120問。FP3 attr-fp3-fp2-consecutive をFP2向け再執筆。3級合格→定着→200時間→技能検定必須。,読了後は、3級合格月から2級受験月までのカレンダーを組め、たとえば3月3級合格なら5月第2週から2級テキスト・翌年3月CBT—と12ヶ月計画に落とし込めます。,"3級合格番号をメモし2級CBT申込画面の入力欄に控えを用意;合格後4週は一問一答週20問のみ—2級テキストは開かない;第9週から2級テキスト週8時間—技能検定は第16週から週2時間;第20週時点で当サイト学科通し70％×1回を記録・分析タブで確認;70％×2回・技能検定65点×2回を満たしてから11,700円申込",試験要項・受検資格改定時に本文と参照元を見直します。,2026-06-16,2026-07-16,2026-06-16,published,2026-06-16: FP2サイト28本目。3級合格後の2級移行タイミング・12ヶ月計画。,結論—定着4〜8週を挟んでから2級テキストへ,"3級合格直後に2級へ飛ぶと、相続税の段階計算・収益還元—の「型」がなく初回通し55％—技能検定58点—で止まる典型があります。おすすめは合格後4〜8週の定着期間—一問一答で正答率70％以上を維持—その後2級テキスト開始—です。3級合格者は合格番号で2級受検資格を満たせます—要綱で再確認—学習は追加200〜300時間—学科7割・技能検定3割—を見込んでください。申込前は学科70％×2回・技能検定65点×2回—を記録・分析タブで確認してから11,700円—が安全ラインです。",受検資格—3級合格番号で申込できる,"2級CBT申込前に、要綱の受検資格表で自分の該当行を1つ特定してください。

| ルート | 2級申込に必要なもの |
| --- | --- |
| 3級合格 | 合格番号（合格通知記載） |
| AFP修了 | 修了証明・受講者番号 |
| 実務2年 | 勤務先・通算2年の自己申告 |

3級合格ならAFP未修了でも申込可能—「3級とAFPの両方必要」は誤解—です。例えば2026年3月3級合格なら、合格番号を控えて同年秋CBTから申込—学習200時間が足りなければ受験月を翌年に延ばす—方が11,700円の再受験を減らせます。資格の詳細は関連記事「FP2級の受検資格は？3級合格だけでは足りない条件」も参照してください。",定着期間4〜8週—2級開始前にやること,"3級の知識が定着する前に2級の6科目広さに入ると、タックス・相続で同時につまずきます。

| 週 | 内容 | 目安 |
| --- | --- | --- |
| 1〜4 | 一問一答＋ミス解き直し | 週20問・正答率65％以上 |
| 5〜8 | 3級演習維持 | 正答率70％以上 |
| 9〜 | 2級テキスト開始 | — |

例えば3月15日3級合格なら、4月は解き直しのみ—5月第2週から2級テキスト週8時間—3級を60％ぎりぎりで取った人は定着を12週に延長—してください。3級と2級の差の全体像は関連記事「FP3級とFP2級の違い」も参照してください。",学習200〜300時間—週時間から逆算,"2級は3級の約2倍の学習量—3級に100時間かかった人は200時間前後—が目安です。

| 週時間 | 2級合格までの目安 |
| --- | --- |
| 8時間 | 25〜38週（6〜9か月） |
| 10時間 | 20〜30週（5〜7か月） |
| 12時間 | 17〜25週（4〜6か月） |

例えば5月開始・週10時間×24週なら11月—3級3月合格から8か月後—が現実的な「連続」間隔です。第16週から技能検定90分通しを週2時間固定—当サイトは学科120問のみ—技能検定は公式テキスト必須—です。総時間の根拠は関連記事「FP2級の勉強時間は何時間？」も参照してください。",避けたいNG—同月受験と技能検定後回し,"次の3つは再受験11,700円—または一部合格6,000円前後—が重なりやすいパターンです。

| NG | なぜ危ないか |
| --- | --- |
| 3級と2級を近い月に受験 | 演習量が分散 |
| 学科だけ200時間・技能検定0回 | 58点止まり最多 |
| 3級60％のまま週12時間で2級 | 相続で8問以下 |

例えば3級9月合格・2級12月申込—は200時間に届かず—学科OK・技能検定NG—が典型です。代替として会社AFP研修ありなら、AFP修了→2級—の順も検討—詳細は関連記事「FP2級はAFP経由と3級経由、どちらが効率いい？」も参照してください。",12ヶ月ロードマップ—3級春合格→2級翌春,"3級を春に合格し、翌年春2級CBTを目指す例です。

| 月 | 焦点 | 週時間 |
| --- | --- | --- |
| 4〜5月 | 3級定着・解き直し | 週4時間 |
| 6〜9月 | 2級テキスト6科目 | 週8時間 |
| 10〜12月 | 当サイト120問2周 | 週10時間 |
| 1〜2月 | 弱点2科目＋技能検定通し | 週10時間 |
| 3月 | 210分連続＋CBT | — |

例えば3級3月合格なら、6月テキスト開始—翌年1月に学科70％×2回—2月に技能検定65点×2回—を記録・分析タブで確認し3月11,700円申込—週10時間確保できない月は受験を1か月延ばしてください。落ちパターンは関連記事「FP2級で落ちやすいパターン」も参照してください。",,,3級合格後、最短で何か月後に2級を受けられますか？,受検資格OK・定着4週済みなら、週12時間×17週＝204時間—で理論上5か月が最短ラインです。例えば5月3級合格・6月開始なら10月受験—ただし定着8週＋技能検定週2時間—を挟むと6〜8か月が安定—3級3月合格→翌年3月2級—の12ヶ月モデルが現実的です。資格・日程は要綱で必ず再確認してください。,3級受験前から2級テキストを読んでもよいですか？,3級受験前の並行は非推奨です。3級の技能検定20問演習—週2時間×8週—が足りなくなり、3級学科OK・技能検定NG—になりやすいからです。3級合格後なら定着8週を終えてから2級テキスト—3級は一問一答週2時間の維持のみ—と役割分担できます。例えば3級12月受験予定なら、2級教材購入は合格発表後—に留めてください。,faq-fp2-eligibility:FP2級の受検資格は？3級合格だけでは足りない条件;compare-fp3-vs-fp2:FP3級とFP2級の違い｜難易度・学習時間・受検資格;faq-fp2-study-hours:FP2級の勉強時間は何時間？独学の目安と逆算,3級70％未満でも2級を始めていいですか？,始めてもよいですが、定着期間を12週に延ばし—2級開始前に一問一答100問・正答率70％—を先に達成してください。3級55〜60％のまま2級に入ると、タックス・相続で初回8問以下—200時間が280時間に膨らみます。例えば第12週時点で70％未満なら、2級テキスト開始を4週後ろ倒し—弱点科目だけテキスト該当章5時間—を挟んでから再開してください。
attr-working-adult,属性別・状況別,社会人のFP2級独学｜週10時間×6か月の現実スケジュール,社会人のFP2級独学を、週10時間×24週＝240時間の逆算、平日90分×3＋日曜3時間の確保例、繁忙期ルール、学科7割・技能検定3割、210分同日対策まで具体数字で整理します。,社会人の2級独学は「いつ勉強するか」が合格の9割—です。200〜300時間を確保する現実ラインは週10時間×24週—約6か月—平日90分×3日と日曜3時間—の固定枠が続きやすい型です。本記事では24週カレンダーと繁忙期の戻し方を整理します。,標準は週10時間×24週＝240時間—6か月で200時間超;平日通勤後90分×3＋日曜180分—隙間は一問一答のみ;第1〜12週テキスト、第13週から当サイト120問—第16週から技能検定;決算月・残業週は新規停止—一問一答10問/日で習慣維持;申込前は学科70％×2回・技能検定65点×2回を記録・分析タブで確認,38,属性別;社会人;独学;FP2級,FP2級マスター編集部,資格学習サイトの編集チーム,公式情報確認担当,公開前に一次情報との照合を行う担当者,2026-06-16,日本FP協会（公式）|https://www.jafp.or.jp/exam/outline/,参照: FP2級要項・当サイト120問。FP3 tools-commute-gap-time・faq-fp2-study-hours を社会人向け再執筆。週10時間×24週・210分同日・繁忙期ルール。,読了後は、自分の通勤・休日から週10時間を確保でき、たとえば4月開始・週10時間×24週で翌年3月CBT—と6か月カレンダーをGoogleカレンダーに落とし込めます。,"7日分の学習可能時間をメモし、週合計10時間になる枠を3つ固定;第1〜4週は2級テキスト1章/2日—日曜180分をテキスト専用;第8週までに当サイト累計演習100問・正答率60％以上を記録・分析タブで確認;第16週から日曜90分を技能検定通し固定—公式テキスト必須;学科70％×2回・技能検定65点×2回を満たしてから11,700円申込",試験要項・CBT制度改定時に本文と参照元を見直します。,2026-06-16,2026-07-16,2026-06-16,published,2026-06-16: FP2サイト29本目。社会人・週10時間×24週・210分同日。,結論—週10時間×24週が独学の標準,"2級独学200〜300時間—社会人が現実的に確保しやすいのは週10時間×24週＝240時間—約6か月—です。平日90分×3日と日曜3時間—合計7.5時間—残り2.5時間は通勤一問一答—で週10時間に届きます。学科7割・技能検定3割—第16週から技能検定90分通しを週1回—当サイトは学科120問のみ—技能検定は公式テキスト必須—です。申込前は学科70％×2回・技能検定65点×2回—を記録・分析タブで確認してから11,700円—が安全ラインです。",平日・休日の時間確保—具体例,"「忙しい」より分数の合計を先に数えます。

| 枠 | 例 | 週合計 |
| --- | --- | --- |
| 火・木・金 帰宅後 | 90分×3 | 270分 |
| 日曜午前 | 180分 | 180分 |
| 通勤・昼休み | 一問一答15分×5 | 75分 |
| 合計 | — | 525分（8.75時間） |

例えば火曜21時〜22時30分をテキスト、日曜9時〜12時を当サイト過去問—とカレンダーに繰り返し登録—通勤15分は一問一答5問のみ—長文の技能検定は日曜PC90分—に固定すると迷いません。週5時間しか取れない場合は関連記事「FP2級は独学と通信講座、どちらが効率いい？」も参照してください。",24週カレンダー—フェーズ別の進め方,"6か月モデル—4月開始なら翌年3月CBT—の例です。

| 週 | 焦点 | 週時間 |
| --- | --- | --- |
| 1〜8 | 2級テキスト6科目 | 週8時間 |
| 9〜12 | 当サイト120問1周 | 週10時間 |
| 13〜16 | 2周目＋弱点2科目 | 週10時間 |
| 17〜20 | 120分通し＋技能検定 | 週10時間 |
| 21〜24 | 210分連続・申込判断 | 週12時間 |

例えば第12週終わりで通し60％未満なら、受験月を4週後ろ倒し—2周目はタックス・相続から—第20週時点で70％×1回—を記録・分析タブで確認してください。総時間の根拠は関連記事「FP2級の勉強時間は何時間？」も参照してください。",繁忙期・残業週の中断ルール,"決算月・大型案件—で週10時間が2週続かない月は必ずあります。

| 状況 | ルール |
| --- | --- |
| 残業週 | 新規テキスト停止—一問一答10問/日 |
| 出張3日 | 移動中一問一答のみ—通し演習は延期 |
| 2週完全停止 | 戻り週は解き直し20問のみ |
| 3週以上停止 | 受験月を1か月延ばす |

例えば3月決算で2週学習ゼロなら、4月第1週はミス解き直し40問—新規は4月第2週から—「1日1問」ルールで習慣だけ切らさない—方が240時間到達後の正答率を保てます。週5時間が3か月続くなら通信講座の週次課題も検討—詳細は関連記事「FP2級は独学と通信講座、どちらが効率いい？」を参照してください。",学科7割・技能検定3割—週次配分,"200時間の配分目安—学科140時間・技能検定60時間—です。

| 週 | 学科 | 技能検定 |
| --- | --- | --- |
| 1〜12 | テキスト＋一問一答 | 未着手可 |
| 13〜16 | 当サイト30問/週 | 公式テキスト事例 |
| 17〜20 | 120分通し/週 | 90分通し/週 |
| 21〜24 | 弱点＋210分連続 | 65点×2回確認 |

例えば日曜180分のうち90分を学科通し—90分を技能検定—と分割—学科だけ200時間・技能検定0回—では58点止まり—が最多パターンです。3級合格者は定着4週後に開始—関連記事「FP3級合格後にFP2級へ進むタイミングと学習計画」も参照してください。",210分同日—直前2週の体力対策,"2級CBTは学科120分＋技能検定90分—同日約210分—社会人はデスクワークで持久力が落ちやすい—直前2週の通しが必須です。

| 週 | 内容 |
| --- | --- |
| 23週目 | 120分通し＋90分技能検定（休憩15分） |
| 24週目 | 210分連続×1回＋弱点解き直し |

例えば日曜9時開始—12時学科終了—12時15分から技能検定90分—本番と同じ順序—で2回行ってください。CBT画面電卓の操作は第18週から週1回触る—持ち込み電卓不可—要綱で再確認—当日の流れは関連記事「FP2級試験当日の流れ」も参照してください。",,,週5時間しか取れない社会人はどうすればいい？,週5時間なら48週—約11か月—で240時間—受験月を1年後に設定—が現実的です。例えば平日60分×3＋日曜90分—通信講座の週20問課題—と組み合わせると累計演習が第16週200問—に届きやすい—です。週5時間が3か月続くなら独学より通信検討—技能検定添削があるコース—を候補にしてください。,出張・残業が多い業種でも続けられますか？,可能ですが、週10時間の平均を四半期単位—で管理—してください。出張週は一問一答20問—帰宅週に日曜180分で通し1回—と前後で補完—2週連続で演習ゼロなら受験月を1か月延ばす—が鉄則です。例えばコンサル・営業職なら、第1〜8週テキストを16週に伸ばし—通し演習は第20週以降に集中—する設計も有効です。,faq-fp2-study-hours:FP2級の勉強時間は何時間？独学の目安と逆算;compare-fp2-self-study-vs-school:FP2級は独学と通信講座、どちらが効率いい？;attr-fp3-to-fp2:FP3級合格後にFP2級へ進むタイミングと学習計画,会社のAFP研修と2級独学を並行できますか？,週14時間以上確保できるなら可能—未満ならAFP修了後に2級—が安全です。配分はAFP週60％—2級週40％—重複章は同週に読む—2級技能検定週2時間—は削らない—でください。例えばAFP平日2時間×3—2級日曜3時間—AFP修了後に2級を週10時間×20週—へ増量—する段階設計が続きやすいです。
field-tax-overview,分野別対策（6科目別）,FP2級・タックス分野の勉強法｜所得税・住民税の優先順位,FP2級タックス分野を、学科10問前後の配分、所得税→住民税→譲渡→控除の優先順、3級との深さの差、4週24時間ドリル、技能検定との接続、制度数値の洗い替えまで具体例で整理します。,2級タックスは学科60問のうち10問前後—技能検定でも税務シミュレーション—が絡みます。3級70％でも2級タックス50％未満—は珍しくなく、所得税の5段階手順→住民税→譲渡所得—の順で固めるのが効率的です。本記事では優先順位と4週ドリルを整理します。,学科10問前後—週10時間のうちタックス2時間を固定;優先順は所得税5段階→住民税→譲渡→各種控除;3級比で累進税率・事業所得・複合問題が深い;4週24時間ドリル—正答率65％×2週で他科目へ;税率・控除額は受験年度テキストと要項で洗い替え,39,分野別;タックス;FP2級;6科目,FP2級マスター編集部,資格学習サイトの編集チーム,公式情報確認担当,公開前に一次情報との照合を行う担当者,2026-06-16,日本FP協会（公式）|https://www.jafp.or.jp/exam/outline/,参照: FP2級要項・当サイト120問。FP3 field-tax-planning・field-income-tax-calc を2級向け再執筆。所得税・住民税優先・4週ドリル。,読了後は、タックスで何から手を付けるか決め、たとえば第1週給与所得10問→第2週住民税8問→第3週譲渡10問—と4週24時間の計画を組めます。,当サイト学科過去問でタックス20問の正答率を記録・分析タブに入力;給与収入→給与所得控除→給与所得→所得控除→課税所得の5段階手順を1枚に;第1週は給与所得計算10問—CBT画面電卓で180秒/問;第2週は住民税・譲渡所得—各8問;タックス65％×2週未満なら他科目短縮よりドリル4週延長,税制改正・試験要項改定時に本文と参照元を見直します。,2026-06-16,2026-07-16,2026-06-16,published,2026-06-16: FP2サイト30本目。タックス優先順・所得税住民税・4週ドリル。,2級タックスの位置づけ—学科10問前後,タックスプランニングは個人の所得税を中心に、住民税・譲渡所得・各種控除まで扱う6科目の1つ—です。学科60問120分では10問前後—技能検定でも家計の税務シミュレーション—が事例に入ります。3級は単問中心—2級は不動産・相続と横断—する複合問題が増えます。例えば学科通し60％でもタックス8問中4問—なら合格圏ギリギリ—週10時間のうち2時間をタックス固定—が目安です。数値は税制改正で変わるため、古い問題集だけで判断せず受験年度テキスト—と要項で洗い替え—してください。,優先順位—所得税→住民税→譲渡→控除,"演習の順番を固定すると迷いが減ります。

| 順 | 論点 | 2級で深くなる点 |
| --- | --- | --- |
| 1 | 所得税・給与所得 | 5段階手順・累進税率 |
| 2 | 住民税 | 所得割・均等割・合計所得 |
| 3 | 譲渡所得 | 長期短期・取得費・費用 |
| 4 | 各種控除 | 配偶者・医療・ふるさと納税 |
| 5 | 事業所得・青色 | 3級より計算が長い |

例えば第1〜2週は所得税10問—第3週住民税8問—第4週譲渡10問—と2週14時間で正答率52％→68％—まで上がるケースが多い—です。つまずき全体像は関連記事「FP2級は難しい？3級との差とつまずきやすい論点」も参照してください。",所得税—5段階手順を紙なしで固定,"2級で最頻出なのは給与所得の計算—手順を3行メモしてから画面電卓—に入力—がCBT対策の基本です。

| 段 | 内容 | つまずき |
| --- | --- | --- |
| 1 | 給与収入 | 収入と所得の混同 |
| 2 | 給与所得控除 | 表の行選択 |
| 3 | 給与所得 | ①−② |
| 4 | 所得控除合計 | 控除の漏れ |
| 5 | 課税所得・税額 | 累進税率の段階 |

例えば給与収入5000000円—なら①表から控除額—②給与所得—③社会保険料控除等—④課税所得—⑤税率表—1問180秒超なら止まった段をタグ—ミス解き直しに回してください。簿記経験者は法人税と切り口が違う—関連記事「FP2級と簿記3級、どちらを先に取るべきか？」も参照してください。",住民税—所得税の次に押さえる論点,"2級では住民税—所得割・均等割—が3級より独立問題—として出やすくなります。

| 論点 | 押さえ方 |
| --- | --- |
| 合計所得 | 所得税と同じ所得の合算 |
| 所得割 | 課税標準×住民税率 |
| 均等割 | 世帯単位の定額 |
| 非課税・控除 | 要件の該当有無 |

例えば所得税で課税所得が出せても、住民税の課税標準—調整控除—でミスする—パターンがあります。所得税10問で8問正解—なら第2週に住民税8問—逆に所得税5問以下—なら住民税は後回し—で給与所得ドリルを延長—してください。制度数値は受験年度テキストで再確認—固定税率の暗記は避け—表の読み方を練習—が安全です。",4週24時間ドリル—タックス単科,"タックス弱点科目に24時間—4週—を割くモデルです。

| 週 | 内容 | 時間 |
| --- | --- | --- |
| 1 | 給与所得計算10問 | 6時間 |
| 2 | 住民税8問＋控除4問 | 6時間 |
| 3 | 譲渡所得10問 | 6時間 |
| 4 | 当サイト混合15問＋解き直し | 6時間 |

例えば第3週末15問中10問—67％—なら第4週は新規停止—ミス5問解き直しに4時間—通し1回に2時間—65％×2週—を記録・分析タブで確認—してから他科目へ戻—してください。タックスは不動産の固定資産税—相続の基礎控除—と接続—3科目を近い週にまとめると理解が速い—です。6科目全体配分は関連記事「FP2級の勉強時間は何時間？」も参照してください。",技能検定・他科目との接続,"学科タックスだけ70％—でも技能検定の税務提案—で失点—するケースがあります。

| 接続 | 内容 |
| --- | --- |
| 不動産 | 固定資産税・譲渡所得 |
| 相続 | 相続税と所得税の区分 |
| ライフプラン | 住宅ローン控除・iDeCo |
| 技能検定 | 控除活用の提案文 |

例えば第16週から技能検定90分通し—税務が絡む事例—は学科タックス65％以上—を確認してから—公式テキストの事例—で提案の型を覚える—流れが効率的です。技能検定全体は関連記事「FP2級技能検定の形式と対策」落ちパターンは「FP2級で落ちやすいパターン」も参照してください。",,,簿記経験者はタックス学習を短縮できますか？,仕訳・消費税は活きますが、個人の所得控除・住民税—は別論点—です。簿記2級相当ならタックス24時間—4週—で65％—は可能な人もいます—ただし相続・技能検定—は別途200時間規模—タックス短縮分を相続に回—してください。例えば簿記70点取得者が2級タックス初回50％—は正常—給与所得5段階ドリル10問—から再開—が安全です。,譲渡所得と相続は同時に勉強すべきですか？,同じ週に「読む」—は効率が良い—計算ドリルは分ける—のがおすすめです。譲渡所得は取得費・費用—相続は基礎控除・税率表—で式が違う—混同すると両方8問以下—になります。例えば火曜90分譲渡10問—木曜90分相続テキスト1章—日曜120分混合通し—と曜日固定—2科目とも50％未満—なら2週タックス集中—を先に—してください。,faq-fp2-difficulty:FP2級は難しい？3級との差とつまずきやすい論点;compare-fp2-vs-bookkeeping:FP2級と簿記3級、どちらを先に取るべきか？;faq-fp2-study-hours:FP2級の勉強時間は何時間？独学の目安と逆算,ふるさと納税・住宅ローン控除は丸暗記ですか？,要件と計算の型—を覚える—数値の丸暗記は非推奨—です。ふるさと納税は自己負担2000円—の仕組み—住宅ローン控除は残高×控除率—の型—受験年度テキスト—で上限・率を確認—古い問題集の数値—はそのまま使わない—でください。例えば制度改正年度—はテキスト該当章5時間—当サイト過去問—で年度表記の問題だけ解き直し—が鉄則です。
field-inheritance-overview,分野別対策（6科目別）,FP2級・相続分野の対策｜相続税・贈与税の論点整理,FP2級相続・事業承継分野を、学科8〜10問の配分、法定相続分→基礎控除→按分→税額の6段階、贈与税の制度判別、4週20時間ドリル、3級との深さの差、技能検定との接続まで具体例で整理します。,2級相続は学科60問のうち8〜10問—技能検定でも遺産分割・税務提案—が絡みます。3級は基礎控除まで—2級は税率表による税額計算—まで求められるため、法定相続人ツリー→6段階手順—の順で固めるのが効率的です。本記事では論点マップと4週ドリルを整理します。,学科8〜10問—週10時間のうち相続2〜3時間を固定;優先順は法定相続分→基礎控除→按分→税額→贈与;3級比で税率表・複合問題・記述負荷が増える;4週20時間ドリル—正答率65％×2週で他科目へ;控除額・税率は受験年度テキストと要項で洗い替え,40,分野別;相続;FP2級;6科目,FP2級マスター編集部,資格学習サイトの編集チーム,公式情報確認担当,公開前に一次情報との照合を行う担当者,2026-06-16,日本FP協会（公式）|https://www.jafp.or.jp/exam/outline/,参照: FP2級要項・当サイト120問。FP3 field-inheritance-succession・field-inheritance-tax-basic を2級向け再執筆。6段階・贈与判別・4週ドリル。,読了後は、相続で何から手を付けるか決め、たとえば第1週法定相続分10ケース→第2週基礎控除10問→第3週贈与12問—と4週20時間の計画を組めます。,当サイト学科過去問で相続20問の正答率を記録・分析タブに入力;法定相続人ツリーを手書き10パターン作成;6段階手順を1枚に—毎問の上に段階番号を書く;第2週は基礎控除計算10問—1問180秒/問;相続65％×2週未満ならタックス短縮より相続4週延長,相続税制改正・試験要項改定時に本文と参照元を見直します。,2026-06-16,2026-07-16,2026-06-16,published,2026-06-16: FP2サイト31本目。相続論点・6段階・贈与税・4週ドリル。,2級相続の位置づけ—学科8〜10問,相続・事業承継は財産の引き継ぎと税金—法定相続人判定と相続税計算—が中心の6科目の1つです。学科60問120分では8〜10問—技能検定でも家族構成の事例—が長文で出ます。3級は基礎控除と課税遺産総額の判定—まで—2級は法定相続分への按分—税率表による税額—まで踏み込みます。例えば学科通し60％でも相続8問中4問—なら合格圏ギリギリ—週10時間のうち2〜3時間を相続固定—が目安です。数値は相続税制改正で変わるため、古い問題集だけで判断せず受験年度テキスト—と要項で洗い替え—してください。,優先順位—法定相続分→基礎控除→按分→贈与,"演習順を固定すると図解と計算がつながります。

| 順 | 論点 | 2級で深くなる点 |
| --- | --- | --- |
| 1 | 法定相続人・相続分 | 代襲・ツリー図10ケース |
| 2 | 基礎控除 | 人数×加算額の式 |
| 3 | 課税遺産・按分 | 法定相続分への配分 |
| 4 | 税額計算 | 累進税率表の適用 |
| 5 | 贈与税 | 暦年・相続時精算の判別 |
| 6 | 遺言・事業承継 | 2級は基礎＋事例 |

例えば第1週図解10ケース—第2週基礎控除10問—第3週按分8問—と12時間で正答率45％→65％—まで上がるケースが多い—です。つまずき全体像は関連記事「FP2級は難しい？3級との差とつまずきやすい論点」も参照してください。",相続税—6段階手順を固定,"2級の相続税計算は段階を飛ばすと連鎖ミス—になります。

| 段 | 内容 | つまずき |
| --- | --- | --- |
| 1 | 法定相続人確定 | 代襲の見落とし |
| 2 | 基礎控除算出 | 人数の数え間違い |
| 3 | 課税遺産総額 | 非課税財産 |
| 4 | 法定相続分で按分 | 割合の取り違え |
| 5 | 各人の税額 | 税率表の段階 |
| 6 | 相続税の総額 | 2割加算等 |

例えば配偶者1人・子2人—なら①人数3人—②基礎控除を式で—③純資産−控除—テキスト正本の数値—で練習—1問180秒超なら止まった段をタグ—ミス解き直しに回してください。タックス章との接続は関連記事「FP2級・タックス分野の勉強法」も参照してください。",贈与税—制度名で先に判別,"贈与と相続は「いつ・誰が・どの制度—」の3点—に分解—してから計算—に入ります。

| 制度 | 判別のキー | 計算の型 |
| --- | --- | --- |
| 相続税 | 死亡時 | 6段階手順 |
| 暦年贈与 | 年単位 | 基礎控除枠 |
| 相続時精算 | 一括選択 | 特別控除＋累積 |
| 生前贈与加算 | 相続開始前 | 相続税に合算 |

例えば「年110万円—」と出たら暦年—「2500万円特別控除—」なら相続時精算—と制度名を先に書く—混同すると両方8問以下—になります。数値は受験年度テキストで再確認—固定額の丸暗記—は避け—枠の考え方—を覚える—が安全です。",4週20時間ドリル—相続単科,"相続弱点科目に20時間—4週—を割くモデルです。

| 週 | 内容 | 時間 |
| --- | --- | --- |
| 1 | 法定相続人・相続分図解10ケース | 5時間 |
| 2 | 基礎控除・課税判定10問 | 5時間 |
| 3 | 按分・税額8問＋贈与4問 | 5時間 |
| 4 | 当サイト混合12問＋解き直し | 5時間 |

例えば第3週末12問中8問—67％—なら第4週は新規停止—ミス4問解き直し3時間—120分通し1回2時間—65％×2週—を記録・分析タブで確認—してから他科目へ—してください。相続は不動産の固定資産税—タックスの譲渡—と接続—3科目を近い週にまとめると理解が速い—です。6科目配分は関連記事「FP2級の勉強時間は何時間？」も参照してください。",技能検定・遺言・事業承継の扱い,"学科相続65％—でも技能検定の遺産分割提案—で失点—するケースがあります。

| 論点 | 学科 | 技能検定 |
| --- | --- | --- |
| 遺言の方式 | 正誤・要件 | 提案の根拠 |
| 遺留分 | 割合・計算 | 家族への説明 |
| 事業承継 | 基礎・特例概要 | 資産設計事例 |
| 生前贈与 | 制度選択 | 税務シミュレーション |

例えば第16週から技能検定90分通し—相続が絡む事例—は学科相続65％以上—を確認してから—公式テキストの提案型—を覚える—流れが効率的です。事業承継の詳細制度—は2級では概論レベル—深追いより演習量—を優先—してください。技能検定全体は関連記事「FP2級技能検定の形式と対策」も参照してください。",,,法定相続分がどうしても覚えられません。,暗記より図解10ケース—が効きます。配偶者・子・親—の組み合わせ—を手書きツリー—で毎回書く—割合はテキストの表—1枚—を横に置いて練習—してください。例えば火曜90分図解3ケース—木曜90分当サイト一問一答15問—2週で10パターン—正答率50％→70％—まで上がる人が多い—です。代襲相続だけ—別ノート5ケース—に分ける—と混同が減ります。,相続税の計算はどこまで勉強すれば足りますか？,2級学科では6段階—法定相続人→基礎控除→課税遺産→按分→各人税額→総額—まで—が標準—です。申告書の記載方法—や専門的な特例—の深追い—は不要—演習15問で9問以上—65％×2週—を目標—にしてください。例えば按分で8問中3問—なら第3週を按分ドリル—8問追加—に延長—税額表の読み方—はテキスト該当章—5時間—で十分—です。,field-tax-overview:FP2級・タックス分野の勉強法｜所得税・住民税の優先順位;faq-fp2-difficulty:FP2級は難しい？3級との差とつまずきやすい論点;faq-fp2-study-hours:FP2級の勉強時間は何時間？独学の目安と逆算,タックスと相続は同時に勉強すべきですか？,同じ週に「読む」—は効率が良い—計算ドリルは分ける—のがおすすめです。譲渡所得—相続税—で式が違う—火曜タックス90分—木曜相続90分—日曜混合通し—と曜日固定—両方50％未満—なら2週タックス集中—を先に—相続は図解のみ—維持—してください。例えばタックス65％達成後—相続4週20時間—へ本格移行—が再受験リスクを抑えやすい—です。
field-tax-calc,分野別対策（6科目別）,FP2級の税金計算問題｜控除・税率で失点しないコツ,FP2級タックスの計算問題を、5段階手順・給与所得控除表、累進税率・所得控除と税額控除の見分け、CBT画面電卓、定番ミスタグ、3週15時間ドリルまで具体例で整理します。2級学科向け。,2級タックス計算は「段階を飛ばす—」と一問で3点以上失います。給与収入→控除表→課税所得→税率—の5段階を紙なしで固定—CBT画面電卓は段階3から入力—が基本です。本記事では控除の漏れと税率表—で失点しないコツを整理します。,5段階手順を毎問書く—段階2の表読みが最多ミス;所得控除と税額控除—引く場所が違う;累進税率は課税所得の段階—表の行選択を練習;1問180秒—超えた段階をタグして解き直し;控除額・税率は受験年度テキストで洗い替え,41,分野別;タックス;計算;FP2級,FP2級マスター編集部,資格学習サイトの編集チーム,公式情報確認担当,公開前に一次情報との照合を行う担当者,2026-06-16,日本FP協会（公式）|https://www.jafp.or.jp/exam/outline/,参照: FP2級要項・当サイト120問。FP3 field-income-tax-calc を2級向け再執筆。5段階・累進税率・控除チェック・3週ドリル。,読了後は、タックス計算10問を5段階—で解け、たとえば段階2ミス4問—なら翌週表読みドリル10問—と弱点別に配分を直せます。,5段階手順を1枚に—毎問の上に段階番号を書く;給与収入300万・400万・500万の3パターンで段階2を10回;所得控除チェックリスト—社保・配偶者・扶養—を横に置く;第1週給与10問—CBT画面電卓180秒/問;段階2ミスが週3問以上なら表読みだけ1週追加,税制改正・試験要項改定時に本文と参照元を見直します。,2026-06-16,2026-07-16,2026-06-16,published,2026-06-16: FP2サイト32本目。タックス計算5段階・控除・税率・3週ドリル。,2級タックス計算—出題の型,タックス計算の半数以上—が給与所得または複合所得—を含みます。学科60問120分では10問前後—技能検定でも副業・控除活用—の事例—が出ます。2級は3級比で累進税率—事業所得＋給与の合算—譲渡所得との複合—が増えます。例えばタックス演習20問で10問—50％—なら本記事の3週ドリル—15時間—を先に—他科目短縮より計算ドリル増—が効率的です。全体優先順は関連記事「FP2級・タックス分野の勉強法」も参照してください。,5段階手順—給与所得の型,"毎問同じ手順を書いてから画面電卓—に入ります。

| 段 | 計算 | 注意 |
| --- | --- | --- |
| 1 | 給与収入確定 | 賞与含むか |
| 2 | 給与所得控除を表から | 収入の行選択 |
| 3 | 給与所得＝収入−控除 | ここが「所得」 |
| 4 | 所得控除を順に | 社保・配偶者等 |
| 5 | 課税所得→税額 | 累進税率表 |

例えば給与収入5000000円—なら段階2でテキスト表—段階3で引き算—段階4で控除合計—段階5で税率—電卓は段階3から—段階2で止まるミス—が最多—です。画面電卓の操作は関連記事「FP2級の試験で電卓は使える？」も参照してください。",累進税率・税額控除—失点しないコツ,"2級で差がつくのは段階5—税率表—と税額控除—の使い分け—です。

| 項目 | 引く場所 | 典型ミス |
| --- | --- | --- |
| 所得控除 | 課税所得の前 | 控除の漏れ |
| 累進税率 | 課税所得×率−控除額 | 段階の行違い |
| 税額控除 | 算出税額から | 所得控除と混同 |
| 復興特別所得税 | 税額に上乗せ | 忘れ |

例えば課税所得3000000円—なら税率表の該当行—速算控除額—をテキスト正本—で確認—「所得から引く」—「税額から引く」—を問題文で先に線引き—してください。数値は受験年度テキスト—古い年度の税率—は使わない—でください。",所得控除チェックリスト—漏れ防止,"段階4はチェックリスト—順に引く—と漏れが減ります。

| 控除 | 確認ポイント |
| --- | --- |
| 社会保険料 | 支払額全額 |
| 配偶者 | 要件・所得制限 |
| 扶養 | 16歳以上等の区分 |
| 医療費 | 10万円or総所得5％ |
| 生命保険 | 新・旧制度 |
| 住宅ローン | 残高×率 |

例えば問題文に「医療費15万円—総所得400万円—」—なら10万円と5％—200000円—の大きい方—を先に判定—から控除額—を計算—1問180秒超—なら止まった控除名—をタグ—ミス解き直し—に回してください。譲渡所得は別式—同じ週に混ぜない—方が安全—です。",事業所得・譲渡—複合問題の読み方,"2級では給与＋副業—給与＋譲渡—の複合—が増えます。

| 所得 | 式 | 注意 |
| --- | --- | --- |
| 事業所得 | 収入−必要経費 | 青色控除は別行 |
| 譲渡短期 | 譲渡価額−取得費−費用 | 税率20％等 |
| 譲渡長期 | 同上 | 軽減税率 |
| 総所得 | 各所得の合算 | 収入を足さない |

例えば副業80万円・経費20万円—なら事業所得60万円—を先に—給与所得と合算—して段階4へ—譲渡問題—は短期長期—を先に判定—から計算—タックス概要の譲渡週—と役割分担—してください。簿記経験者は法人税—と切り口が違う—関連記事「FP2級と簿記3級、どちらを先に取るべきか？」も参照してください。",3週15時間ドリル—計算特化,"給与・控除・税率—に15時間—3週—を割くモデルです。

| 週 | 内容 | 時間 |
| --- | --- | --- |
| 1 | 給与所得5段階10問 | 5時間 |
| 2 | 控除・税率8問＋表読み5問 | 5時間 |
| 3 | 当サイト混合10問＋解き直し | 5時間 |

例えば第3週末10問中7問—70％—ならタックス通し—へ移行—給与は週3問維持—7問未満—なら段階2表読み—だけ1週追加—65％×2週—を記録・分析タブで確認—してから他科目へ—してください。相続税計算—は別記事—関連記事「FP2級・相続分野の対策」で6段階—を学習—してください。",,,給与所得控除は暗記すべきですか？,表から読む練習—を優先—全行丸暗記—は非効率—です。試験では収入額—が与えられ—テキスト表—または問題文—に控除額—が示される—ことが多い—です。例えば収入300万・400万・500万—の3パターン—で段階2を10回—すれば表の読み方—は固まります—数値は受験年度テキスト—で再確認—してください。,所得控除と税額控除を混同します。,「所得から引く」—「税額から引く」—を問題文に書き込む—習慣—が効きます。社会保険料控除—配偶者控除—は所得控除—住宅ローン控除—（税額）—ふるさと納税—（税額）—は税額控除—側—例えば混同ペア10行—を1枚に—当サイト一問一答20問—とセット—2週でミス—半減—する人が多い—です。,field-tax-overview:FP2級・タックス分野の勉強法｜所得税・住民税の優先順位;faq-fp2-calculator:FP2級の試験で電卓は使える？CBTの操作と練習;field-inheritance-overview:FP2級・相続分野の対策｜相続税・贈与税の論点整理,タックス計算1問何分で解くべきですか？,学科120分60問—なら平均2分—計算問題—は180秒—上限—が目安—です。超えたら—止まった段階—を記録—次回—その段だけ—部分ドリル—例えば10問中4問—が180秒超—なら翌週—段階2と4—に週3時間ずつ—通し演習—は段階固定—が速くなってから—CBT画面電卓—は第18週から—週1回本番同様—に触る—と本番差—が減ります。
field-realestate-overview,分野別対策（6科目別）,FP2級・不動産分野の出題傾向｜法令と税金のセット学習,FP2級不動産分野を、学科8〜10問の配分、固定資産税・取得税・登録税と法令用語、収益還元法・建ぺい率の基礎、タックス譲渡との横断、4週18時間ドリルまで具体例で整理します。,2級不動産は学科60問のうち8〜10問—用語と簡易計算—が混在します。単独暗記より—固定資産税→譲渡所得—の税金セット—と都市計画の建ぺい率—を同週に読む—方が定着します。本記事では優先順位と4週ドリルを整理します。,学科8〜10問—週10時間のうち不動産2時間を固定;優先順は税金用語→収益還元→契約→投資リスク;タックス譲渡・住宅ローン控除—と横断演習;4週18時間ドリル—正答率65％×2週で他科目へ;税率・控除は受験年度テキストと要項で洗い替え,42,分野別;不動産;FP2級;6科目,FP2級マスター編集部,資格学習サイトの編集チーム,公式情報確認担当,公開前に一次情報との照合を行う担当者,2026-06-16,日本FP協会（公式）|https://www.jafp.or.jp/exam/outline/,参照: FP2級要項・当サイト120問。FP3 field-real-estate を2級向け再執筆。法令・税金セット・収益還元・4週ドリル。,読了後は、不動産で何から手を付けるか決め、たとえば第1週税金用語30問→第2週収益還元10問→第3週タックス譲渡とセット—と4週18時間の計画を組めます。,当サイト学科過去問で不動産20問の正答率を記録・分析タブに入力;固定資産税・取得税・登録税の混同ペア8行を1枚に;第1週一問一答30問—第2週収益還元10問—180秒/問;タックス譲渡章—と同週に当サイト演習20問;不動産65％×2週未満なら4週ドリル延長,不動産税制・都市計画法改正時に本文と参照元を見直します。,2026-06-16,2026-07-16,2026-06-16,published,2026-06-16: FP2サイト33本目。不動産法令・税金セット・4週ドリル。,2級不動産の位置づけ—学科8〜10問,不動産は土地・建物の取引—保有に関する税金・契約・収益性—がテーマの6科目の1つです。学科60問120分では8〜10問—技能検定でも住宅ローン—賃貸収入—が事例に出ます。2級は3級比で—建ぺい率・容積率—譲渡所得との複合—投資用のリスク整理—が深くなります。例えば学科通し60％でも不動産8問中4問—なら合格圏ギリギリ—週10時間のうち2時間を不動産固定—が目安です。宅建試験より浅い—用語の取り違え—が最大の失点源—です。数値は税制改正で変わるため—受験年度テキスト—と要項で洗い替え—してください。,優先順位—税金→収益還元→契約→投資,"演習順を固定すると横断がつながります。

| 順 | 論点 | 2級で深くなる点 |
| --- | --- | --- |
| 1 | 固定資産税・都市計画税 | 課税標準・軽減 |
| 2 | 取得税・登録免許税 | 税率・課税標準 |
| 3 | 収益還元法 | NOI÷利回り |
| 4 | 建ぺい率・容積率 | 法令の数値判定 |
| 5 | 売買・賃貸用語 | 敷金・礼金・手数料 |
| 6 | 投資用リスク | 空室・管理費 |

例えば第1週税金用語30問—第2週収益還元10問—と12時間で正答率48％→70％—まで上がるケースが多い—です。つまずき全体像は関連記事「FP2級は難しい？3級との差とつまずきやすい論点」も参照してください。",法令と税金—セットで学ぶ論点,"2級では「保有時の税—」と「取得・譲渡時の税—」—を同週にまとめる—と混同が減ります。

| 混同ペア | 覚え方 |
| --- | --- |
| 固定資産税 vs 不動産取得税 | 保有か取得時か |
| 登録免許税 vs 印紙税 | 登記か契約書か |
| 自己居住 vs 投資用 | 譲渡特例が違う |
| 建ぺい率 vs 容積率 | 敷地面積か延床面積か |

例えば火曜は固定資産税—木曜はタックス章の譲渡所得—日曜は当サイト混合10問—と3点セット—譲渡の計算型—は関連記事「FP2級の税金計算問題」で深掘り—してください。税率—はテキスト正本—固定値暗記—は避け—課税標準の読み方—を練習—が安全です。",収益還元法・建ぺい率—計算の型,"不動産計算は種類が限られ—型を固定—すると速くなります。

| パターン | 式 | つまずき |
| --- | --- | --- |
| 収益還元 | 年間純収益÷利回り | 管理費の扱い |
| 表面利回り | 年賃料÷購入価格 | ％→小数 |
| 建ぺい率 | 建築面積÷敷地面積 | 分子分母 |
| 容積率 | 延床面積÷敷地面積 | 指定容積率 |

例えば年間純収益600000円・利回り6％—なら600000÷0.06—＝10000000円—と式を先に書く—CBT画面電卓—は％キーなし—0.06で除算—建ぺい率—は問題文の面積—を図に書いてから—計算—1問180秒超—なら式の型—をタグ—解き直し—に回してください。",4週18時間ドリル—不動産単科,"不動産弱点科目に18時間—4週—を割くモデルです。

| 週 | 内容 | 時間 |
| --- | --- | --- |
| 1 | 税金・登録一問一答30問 | 4.5時間 |
| 2 | 収益還元・建ぺい率10問 | 4.5時間 |
| 3 | 当サイト混合12問＋解き直し | 4.5時間 |
| 4 | タックス譲渡セット＋通し | 4.5時間 |

例えば第3週末12問中8問—67％—なら第4週は新規停止—ミス4問解き直し3時間—120分通し1回1.5時間—65％×2週—を記録・分析タブで確認—してから他科目へ—してください。第4週は住宅ローン—火災保険—とライフプラン章—を同週に読む—と技能検定事例—にも活きます—6科目配分は関連記事「FP2級の勉強時間は何時間？」も参照してください。",相続・技能検定との接続,"不動産65％—でも相続の評価—技能検定の資産設計—で失点—するケースがあります。

| 接続 | 内容 |
| --- | --- |
| 相続 | 土地・建物の評価 |
| タックス | 譲渡所得・住宅ローン控除 |
| ライフプラン | 借入可能額・返済負担率 |
| 技能検定 | 不動産保有の提案 |

例えば相続章—で不動産評価—が出た週—は不動産税金—も同週演習—技能検定90分通し—は不動産65％以上—を確認してから—公式テキスト事例—で提案型—を覚える—流れが効率的です。相続の論点整理—は関連記事「FP2級・相続分野の対策」技能検定—は「FP2級技能検定の形式と対策」も参照してください。",,,不動産は出題が少ないので後回しでよいですか？,後回し—にすると—タックス譲渡—相続評価—も連鎖で失点—します。学科8〜10問—は6科目中上位—週2時間—は最低—維持—してください。例えば他科目70％—不動産45％—なら—4週18時間ドリル—を先に—通し演習—は不動産65％—達成後—に移行—が安全です。,収益還元法の計算が毎回ミスします。,管理費—を引いた—「純収益」—か確認—が第一歩—です。年賃料−管理費−固定資産税—＝NOI—NOI÷利回り—＝価格—の2行—を毎問書く—％は0.06—で除算—例えば10問中6問—なら翌週—NOI算出—だけ5問—＋通算10問—に分割—180秒/問—を目標—にしてください。,field-tax-calc:FP2級の税金計算問題｜控除・税率で失点しないコツ;field-inheritance-overview:FP2級・相続分野の対策｜相続税・贈与税の論点整理;faq-fp2-difficulty:FP2級は難しい？3級との差とつまずきやすい論点,宅建を勉強中です。FP2級の不動産は飛ばせますか？,宅建の法令—は深い—2級不動産—は家計視点—の税金・収益—が中心—完全に飛ばす—のは非推奨—です。宅建と並行—なら2級不動産—週2時間—一問一答維持—宅建優先週—は10問/日—で習慣だけ—切らさない—例えば週12時間—なら宅建7時間—2級5時間—2級70％×2回—後に宅建週8時間—へ増量—が続きやすい—です。
field-realestate-calc,分野別対策（6科目別）,FP2級の建ぺい率・容積率・譲渡所得｜計算の典型パターン,FP2級不動産の計算問題を、建ぺい率・容積率の手順、譲渡所得の短期長期・3000万特例、収益還元との使い分け、CBT画面電卓、3週12時間ドリルまで具体例で整理します。,2級不動産計算は—建ぺい率・容積率—譲渡所得—収益還元—の4型—にほぼ集約—されます。分子分母を図に書く—短期長期を先に判定—がミス防止の基本—です。本記事では典型パターンと3週ドリルを整理します。,計算は4型—建ぺい・容積・譲渡・収益還元;建ぺい＝建築面積÷敷地—容積＝延床÷敷地;譲渡は短期長期判定→取得費→税額—タックス章と横断;1問180秒—式を先に書いてから画面電卓;税率・特例額は受験年度テキストで洗い替え,43,分野別;不動産;計算;FP2級,FP2級マスター編集部,資格学習サイトの編集チーム,公式情報確認担当,公開前に一次情報との照合を行う担当者,2026-06-16,日本FP協会（公式）|https://www.jafp.or.jp/exam/outline/,参照: FP2級要項・当サイト120問。FP3 field-real-estate・field-tax-calc を2級不動産計算向け再執筆。建ぺい・容積・譲渡・3週ドリル。,読了後は、建ぺい率10問—容積率8問—譲渡8問—を型どおり解け、たとえば容積ミス4問—なら翌週延床面積ドリル—だけ5問—と弱点別に直せます。,建ぺい・容積の式を1枚に—分子分母を色分け;第1週建ぺい・容積各5問—図を毎問描く;第2週譲渡所得8問—短期長期を先に書く;第3週当サイト混合10問—180秒/問;4型とも65％×2週未満なら1週延長,都市計画法・譲渡税制改正時に本文と参照元を見直します。,2026-06-16,2026-07-16,2026-06-16,published,2026-06-16: FP2サイト34本目。建ぺい・容積・譲渡計算・3週ドリル。,2級不動産計算—4つの典型パターン,"不動産の計算問題—は次の4型—に集約—されます。

| 型 | 式の核 | 出題場面 |
| --- | --- | --- |
| 建ぺい率 | 建築面積÷敷地面積 | 建築可否 |
| 容積率 | 延床面積÷敷地面積 | 建築上限 |
| 収益還元 | NOI÷利回り | 投資判断 |
| 譲渡所得 | 譲渡価額−取得費−費用 | 売却税金 |

2級は3級比—建ぺい・容積—と譲渡—の複合—が増えます。例えば不動産演習20問で10問—50％—なら本記事3週ドリル—12時間—を先に—用語だけ—では足りません—全体像は関連記事「FP2級・不動産分野の出題傾向」も参照してください。",建ぺい率・容積率—解法手順,"分子分母—を取り違える—と最初から崩れます—毎問簡易図—を描いてから—計算—に入ります。

| 段 | 建ぺい率 | 容積率 |
| --- | --- | --- |
| 1 | 敷地面積を読む | 同左 |
| 2 | 建築面積を読む | 延床面積を読む |
| 3 | 建築÷敷地 | 延床÷敷地 |
| 4 | 指定率と比較 | 指定率と比較 |
| 5 | 可否・余裕を判定 | 可否・余裕を判定 |

例えば敷地200㎡—建築120㎡—指定60％—なら120÷200—＝0.60—ギリギリ—防火地域—緩和—は問題文—の条件—テキスト—で確認—宅建レベル—の斜線—は2級では浅い—出題—です。",譲渡所得—短期長期と特例,"譲渡問題—はタックス章—と重複—します—不動産科目—では—「土地建物—」の読み取り—が加わります。

| 段 | 内容 | 注意 |
| --- | --- | --- |
| 1 | 短期か長期か | 保有5年超等 |
| 2 | 譲渡価額確定 | 仲介手数料 |
| 3 | 取得費・費用 | 改良費 |
| 4 | 譲渡所得 | ②−③ |
| 5 | 税率・特例 | 3000万特例等 |

例えば自己居住—3000万円特例—の要件—を先に判定—から計算—税率—はテキスト正本—固定暗記—禁止—詳細手順—は関連記事「FP2級の税金計算問題」の譲渡節—と同週演習—してください。",収益還元—不動産計算との使い分け,"投資用—の価格—は収益還元—売却税—は譲渡—と—問題文—で線引き—します。

| 問い | 使う型 | 式 |
| --- | --- | --- |
| いくらで買う？ | 収益還元 | NOI÷利回り |
| 利回りは？ | 表面利回り | 年賃料÷価格 |
| 売却税は？ | 譲渡所得 | 価額−取得費 |
| 建てられる？ | 建ぺい・容積 | 面積÷敷地 |

例えば年賃720000円—管理費120000円—利回り6％—ならNOI600000÷0.06—＝10000000円—同一事例—で売却—が続く—なら段5—譲渡—へ切替—CBT画面電卓—は％キーなし—関連記事「FP2級の試験で電卓は使える？」も参照—してください。",定番ミス—タグ付けと解き直し,"解き直し—はミスの型—で分類—します。

| タグ | 典型ミス | 対策 |
| --- | --- | --- |
| 建ぺい | 建築と延床の混同 | 図5問 |
| 容積 | 延床の読み漏れ | 延床だけ5問 |
| 譲渡 | 短期長期逆 | 判定10問 |
| 収益 | 管理費未控除 | NOI算出5問 |
| 複合 | 型の取り違え | 問題文に型名 |

例えば10問—で建ぺい4問—容積2問—ミス—なら翌週—建ぺい週3時間—容積週1時間—譲渡はタックス章—と同週2時間—65％×2週—を記録・分析タブ—で確認—してから—不動産通し—へ移行—してください。",3週12時間ドリル—計算特化,"建ぺい・容積・譲渡—に12時間—3週—を割く—モデル—です。

| 週 | 内容 | 時間 |
| --- | --- | --- |
| 1 | 建ぺい5問＋容積5問 | 4時間 |
| 2 | 譲渡所得8問 | 4時間 |
| 3 | 収益還元5問＋混合10問 | 4時間 |

例えば第3週末—混合10問中7問—70％—なら—当サイト120問—2周目—の不動産—へ—7問未満—なら—第1週—建ぺい容積—だけ—1週追加—180秒/問—超え—た型—だけ—部分ドリル—が効率的—です。相続の不動産評価—は関連記事「FP2級・相続分野の対策」で別途—6段階—を学習—してください。",,,建ぺい率と容積率の分子分母が混同します。,建ぺい—＝建築面積÷敷地—容積—＝延床÷敷地—を1枚—に—毎問—図—と—セット—で—書く—習慣—が—効き—ます—例えば—10問—中—6問—正解—なら—翌週—容積—だけ—8問—建ぺい—は—週2問—維持—180秒—以内—を—目標—に—してください—,譲渡所得はタックス章だけ勉強すれば足りますか？,計算式—は—タックス—と—共通—です—が—不動産—科目—では—土地—建物—の—区分—固定資産税—の—扱い—が—加わり—ます—タックス—譲渡—10問—＋—不動産—混合—10問—を—同週—に—解く—のが—安全—タックス—だけ—70％—でも—不動産—譲渡—4問中2問—は—珍しく—ありません—,field-realestate-overview:FP2級・不動産分野の出題傾向｜法令と税金のセット学習;field-tax-calc:FP2級の税金計算問題｜控除・税率で失点しないコツ;faq-fp2-calculator:FP2級の試験で電卓は使える？CBTの操作と練習,不動産計算1問何分を目標にしますか？,180秒—上限—が—目安—です—建ぺい—容積—は—120秒—譲渡—は—180秒—収益還元—は—150秒—超え—た—型—を—記録—次回—その—型—だけ—5問—学科—120分60問—なら—計算—含む—不動産—2問—×180秒—＝6分—が—許容—ライン—CBT—画面電卓—は—第18週—から—週1回—本番—同様—に—触る—と—差—が—減り—ます—
field-life-plan-overview,分野別対策（6科目別）,FP2級・ライフプランニング分野の出題傾向と勉強法,FP2級ライフプランニング分野を、学科8〜12問の配分、CF表・公的年金・社会保険の優先順、6つの係数との接続、技能検定事例、4週20時間ドリルまで具体例で整理します。,2級ライフプランは6科目の入口—学科60問のうち8〜12問—技能検定でも家族収支—の事例—が出ます。用語暗記より—CF表の読み取り—年金・社保の混同ペア—を先に—本記事では優先順位と4週ドリルを整理します。,学科8〜12問—初学者は第1〜4週を厚く;優先順はCF表→公的年金→社会保険→教育・住宅;6つの係数・年金試算—はテキスト該当章＋演習;4週20時間ドリル—正答率70％×2週で他科目へ;制度数値は受験年度テキストと要項で洗い替え,44,分野別;ライフプラン;FP2級;6科目,FP2級マスター編集部,資格学習サイトの編集チーム,公式情報確認担当,公開前に一次情報との照合を行う担当者,2026-06-16,日本FP協会（公式）|https://www.jafp.or.jp/exam/outline/,参照: FP2級要項・当サイト120問。FP3 field-life-plan を2級向け再執筆。CF・年金・社保・4週ドリル・技能検定接続。,読了後は、ライフプランで何を優先演習するか決め、たとえば第1週一問一答40問→第2週CF表10問→第3週通し15問—と4週20時間の計画を組めます。,当サイト学科過去問でライフプラン20問の正答率を記録・分析タブに入力;CF表の読み取り演習を週2回×5問—1問180秒;国民年金・厚生年金の混同ペア8行を1枚に;第1週一問一答40問—第2週CF表10問;70％×2週未満なら4週ドリル延長,年金・社会保険制度改正時に本文と参照元を見直します。,2026-06-16,2026-07-16,2026-06-16,published,2026-06-16: FP2サイト35本目。ライフプラン出題傾向・CF・年金・4週ドリル。,2級ライフプランの位置づけ—学科8〜12問,ライフプランニングと資金計画—は人生のイベント—とお金の流れ—を扱う6科目の1つ—です。学科60問120分では8〜12問—技能検定では—家族構成・収支—の長文事例—が出ます。2級は3級比—6つの係数—年金試算—教育・住宅資金—の複合—が深くなります。例えばライフプラン10問で7問—70％—なら維持時間—を半分に—浮きをタックス—へ回せる水準—です。制度数値—は改正—があるため—受験年度テキスト—と要項—で洗い替え—してください。,優先順位—CF表→年金→社保→教育・住宅,"演習効率—のため—論点—に—優先順位—を—付けます。

| 順 | 論点 | 2級で深くなる点 |
| --- | --- | --- |
| 1 | CF表・BS | 一時収支・赤字年 |
| 2 | 公的年金 | 6係数・試算 |
| 3 | 社会保険 | 標準報酬・料率 |
| 4 | 教育・住宅 | 必要額・ローン |
| 5 | 退職金・企業年金 | 一時金vs年金 |
| 6 | 事業承継 | 相続と重複 |

例えば第1週—一問一答30問—第2週—CF表10問—と20時間—で正答率55％→68％—まで上がる—ケース—が多い—です。6科目配分—は関連記事「FP2級の勉強時間は何時間？」も参照—してください。",CF表・バランスシート—読み取りの型,"ライフプラン計算—は—微積分—より—「どの行を足すか」—の判断—が中心—です。

| パターン | 手順 | つまずき |
| --- | --- | --- |
| CF表 | 収入合計−支出合計 | 一時支出の見落とし |
| 赤字年 | 複数年の累積 | 単年と混同 |
| BS | 資産−負債＝純資産 | 流動固定の区分 |
| ライフイベント | 年次の特定 | 子ども進学年 |

例えば収入300万—支出280万—の年—一時収入—を含むか—を設問—で先にチェック—から計算—1問180秒超—なら—見落とし行—をタグ—解き直し—に回—してください。住宅ローン—は不動産章—と同週—関連記事「FP2級・不動産分野の出題傾向」も参照—してください。",混同ペア—年金・社保の用語,"全用語—丸暗記—より—混同ペア—を優先—します。

| 混同ペア | 覚え方 |
| --- | --- |
| 国民年金 vs 厚生年金 | 会社員は厚生上乗せ |
| 老齢基礎 vs 老齢厚生 | 受給開始年齢セット |
| 健康保険 vs 国民健康保険 | 被用者か自営 |
| 財形貯蓄 vs iDeCo | 会社 vs 個人 |
| 遺族厚生 vs 遺族基礎 | 要件の違い |

例えば火曜・木曜—各45分—混同ペア—×一問一答20問—2週80問—で—用語ミス—週15→6問—まで減る—ことが—あります—料率・等級—はテキスト表—固定数値—暗記—は避け—表の読み方—を練習—が安全—です。",4週20時間ドリル—ライフプラン単科,"ライフプラン—弱点—に20時間—4週—を割く—モデル—です。

| 週 | 内容 | 時間 |
| --- | --- | --- |
| 1 | 一問一答40問（年金・社保） | 5時間 |
| 2 | CF表10問 | 5時間 |
| 3 | 当サイト通し15問＋解き直し | 5時間 |
| 4 | 6係数・年金試算5問＋弱点 | 5時間 |

例えば第3週末—15問中11問—73％—なら—第4週—新規停止—ミス4問—解き直し3時間—70％×2週—を記録・分析タブ—で確認—初学者—は第1〜4週—を他科目—より厚く—入口—として—相性—が良い—です。つまずき—は関連記事「FP2級は難しい？」も参照—してください。",技能検定・他科目との接続,"ライフプラン70％—でも—技能検定—の収支提案—で失点—する—ケース—があります。

| 接続 | 内容 |
| --- | --- |
| リスク管理 | 保険・医療費 |
| 不動産 | 住宅ローン・購入 |
| 金融資産 | 教育資金・運用 |
| タックス | 控除・iDeCo |
| 技能検定 | ライフプラン提案 |

例えば第16週—から技能検定90分—通し—ライフプラン—が絡む—事例—は学科70％以上—を確認—してから—公式テキスト—で提案型—を覚える—流れ—が効率的—です。技能検定—全体—は関連記事「FP2級技能検定の形式と対策」学科120分—配分—は「FP2級学科試験の形式と対策」も参照—してください。",,,ライフプラン科目だけ先に勉強しても大丈夫ですか？,大丈夫—です—初学者—は第1〜4週—をライフプラン—厚め—に—6科目—の地図—が—作れます—ただし—第10週—まで—に—タックス—相続—も—開始—しない—と—後半—200時間—が—足り—ません—例えば—週10時間—なら—第1〜4週—ライフプラン—週6時間—第5週—から—6科目—均等—に—戻す—のが—安全—です—,キャッシュフロー表の問題が毎回ミスします。,一時収入—一時支出—の行—を—設問—で—先に—チェック—リスト—化—が—第一—対策—です—収入合計—支出合計—を—2行—メモ—してから—引き算—例えば—10問—中4問—ミス—なら—翌週—CF表—だけ—8問—一時収支—フラグ—付き—180秒—/問—を—目標—に—してください—,faq-fp2-study-hours:FP2級の勉強時間は何時間？独学の目安と逆算;field-realestate-overview:FP2級・不動産分野の出題傾向｜法令と税金のセット学習;fp2-practical-exam-guide:FP2級技能検定の形式と対策｜事例問題の進め方,公的年金の数値は毎年変わります。何を暗記すればよいですか？,制度—の—枠組み—と—混同—ペア—を—覚える—固定—数値—丸暗記—は—非推奨—です—国民—厚生—の—違い—6つの—係数—の—役割—受給—開始—年齢—の—考え方—数値—は—受験—年度—テキスト—の—表—から—読む—練習—例えば—係数—計算—5問—は—テキスト—該当章—＋—当サイト—演習—で—固める—が—安全—です—
field-life-plan-calc,分野別対策（6科目別）,FP2級の6つの係数・年金計算｜学科で点を取る解き方,FP2級の6つの係数と公的年金計算を、使い分け早見表・利率年数の読み取り、CBT画面電卓、老齢厚生の簡易試算、定番ミスタグ、3週15時間ドリルまで具体例で整理します。,2級ライフプラン計算は—6つの係数の選び方—と公的年金の簡易試算—に集約されます。「毎年積立」か「将来一括」か—を先に判定—テキスト表から係数を読む—練習が基本です。本記事では典型パターンと3週ドリルを整理します。,6係数は問いの型で1つに絞る—全部暗記不要;積立→年金終価・減債基金、受取→資本回収・年金現価;老齢厚生は標準報酬×加入月数×率—表はテキスト正本;1問180秒—係数名を問題文に書いてから計算;利率・係数表は受験年度テキストで洗い替え,45,分野別;ライフプラン;計算;FP2級,FP2級マスター編集部,資格学習サイトの編集チーム,公式情報確認担当,公開前に一次情報との照合を行う担当者,2026-06-16,日本FP協会（公式）|https://www.jafp.or.jp/exam/outline/,参照: FP2級要項・当サイト120問・用語6係数。FP3 field-life-plan・field-public-pension を2級計算向け再執筆。,読了後は、教育資金・老後資金の問題で使う係数を1つに絞れ、たとえば10年後100万円—年3％—なら減債基金係数—と判断して180秒以内に解けます。,6係数の使い分け早見表を1枚に—当サイト用語解説で各係数を確認;第1週係数選択10問—正解係数名だけ先に書く;第2週係数計算10問—CBT画面電卓180秒/問;第3週老齢厚生試算5問＋混合10問;係数ミス週3問以上なら選択ドリル1週追加,年金制度・係数表改定時に本文と参照元を見直します。,2026-06-16,2026-07-16,2026-06-16,published,2026-06-16: FP2サイト36本目。6係数・年金試算・3週ドリル。,2級で出る計算—6係数と公的年金,ライフプラン計算の主役—は6つの係数—と公的年金の簡易試算—です。学科60問120分—ライフプラン8〜12問—のうち—係数2〜4問—年金試算1〜2問—が目安—技能検定でも—老後資金—教育資金—の数値—が事例に—入ります—2級は3級比—年数10年—20年—の長期—複利—と—厚生年金—の報酬比例—が深くなります—例えば係数10問で5問—50％—なら—本記事3週ドリル—15時間—を先に—全体像—は関連記事「FP2級・ライフプランニング分野の出題傾向と勉強法」も参照—してください—,6つの係数—使い分け早見表,"問いの型—で係数—を1つ—に絞ります—

| 問い | 使う係数 | 求めるもの |
| --- | --- | --- |
| 今の元本→将来一括 | 終価係数 | 将来額 |
| 将来一括→今の元本 | 現価係数 | 現在額 |
| 毎年積立→将来合計 | 年金終価係数 | 将来合計 |
| 将来目標→毎年積立 | 減債基金係数 | 年積立額 |
| 元本→毎年受取 | 資本回収係数 | 年受取額 |
| 毎年受取→必要元本 | 年金現価係数 | 現在元本 |

例えば「10年後100万円—年3％—で毎年いくら積立？」—→減債基金係数—「今500万円—20年—3％—で将来いくら？」—→終価係数—混同—年金終価—と減債基金—は最多—用語—は当サイト用語解説—6つの係数—から—各係数—を確認—してください—",係数計算—利率・年数・画面電卓,"係数表—は—テキスト正本—から—読みます—

| 段 | 内容 | 注意 |
| --- | --- | --- |
| 1 | 係数を1つ選ぶ | 問いの型 |
| 2 | 利率・年数を確認 | ％→小数 |
| 3 | 表から係数値 | 行選択 |
| 4 | 元本or目標×係数 | 電卓入力 |

例えば元本100万円—10年—年2％—終価係数1.219—なら121.9万円—CBT画面電卓—は％キーなし—1000000×1.219—利率—係数—は受験年度—テキスト—古い表—は使わない—1問180秒超—なら段1—係数選び—ミス—をタグ—操作—は関連記事「FP2級の試験で電卓は使える？」も参照—してください—",公的年金—老齢厚生の簡易試算,"2級—の年金—計算—は—簡易版—が中心—です—

| 段 | 内容 | つまずき |
| --- | --- | --- |
| 1 | 老齢・障害・遺族 | 類型判定 |
| 2 | 国民か厚生か | 2階建て |
| 3 | 標準報酬・加入月数 | 端数 |
| 4 | 報酬比例×率 | 表の行 |
| 5 | 繰上げ・繰下げ | 増減率 |

例えば標準報酬月額30万円—加入480月—会社員—なら—老齢基礎—＋報酬比例—の老齢厚生—テキスト—の試算式—で—段3—4—を—順に—固定数値—丸暗記—は避け—加入要件—受給要件—の型—を覚える—が安全—です—",定番ミス—係数と年金のタグ付け,"解き直し—は—ミス型—で分類—

| タグ | 典型ミス | 対策 |
| --- | --- | --- |
| 係数選び | 終価vs減債基金 | 問い型10問 |
| 表読み | 利率行違い | 2％3％各5問 |
| 年金類型 | 老齢vs遺族 | 正誤15問 |
| 2階 | 国民vs厚生 | 図解1枚 |
| 端数 | 月数480 vs 40年 | 単位確認 |

例えば10問—で係数選び4問—年金類型2問—ミス—なら翌週—係数選び8問—年金類型—は一問一答—10問—70％×2週—を記録・分析タブ—で確認—してから—ライフプラン—通し—へ—移行—してください—",3週15時間ドリル—係数＋年金,"計算特化—15時間—3週—モデル—

| 週 | 内容 | 時間 |
| --- | --- | --- |
| 1 | 係数選び10問＋計算5問 | 5時間 |
| 2 | 係数計算10問＋表読み5問 | 5時間 |
| 3 | 老齢厚生5問＋混合10問 | 5時間 |

例えば第3週末—混合10問中7問—70％—なら—当サイト120問—ライフプラン—分野—2周目—へ—7問未満—なら—第1週—係数選び—だけ—1週追加—CF表—は関連記事—ライフプラン出題傾向—と並行—iDeCo控除—はタックス章—関連記事「FP2級の税金計算問題」と同週—演習—してください—",,,6つの係数は全部暗記すべきですか？,全部—暗記—は不要—使い分け—早見表—と—テキスト—の係数表—の読み方—を—優先—してください—例えば—「毎年積立」—「将来一括」—「毎年受取」—の3語—だけ—問題文—に—書いて—から—表—を—開く—習慣—で—選びミス—は—半減—します—係数値—自体—は—表—から—読む—練習—が—効率的—です—,年金終価係数と減債基金係数の違いは？,年金終価—は—「毎年一定額—積立—→将来合計—いくら？」—減債基金—は—「将来目標額—→毎年—いくら—積立？」—未知数—が—逆—です—例えば—10年後100万—年3％—毎年積立—→減債基金—毎年5万—10年—3％—将来合計—→年金終価—と—問い—を—声に出して—から—表—を—選ぶ—と—混同—が—減り—ます—,field-life-plan-overview:FP2級・ライフプランニング分野の出題傾向と勉強法;faq-fp2-calculator:FP2級の試験で電卓は使える？CBTの操作と練習;field-tax-calc:FP2級の税金計算問題｜控除・税率で失点しないコツ,係数・年金計算1問何分を目標にしますか？,係数—計算—180秒—年金—簡易試算—150秒—が—目安—です—学科—120分60問—なら—ライフプラン—計算—2問—×180秒—＝6分—が—許容—超え—た—型—を—記録—次回—その—型—だけ—5問—CBT—画面電卓—は—第18週—から—週1回—本番—同様—に—触る—と—差—が—減り—ます—
field-risk-overview,分野別対策（6科目別）,FP2級・リスク管理分野の頻出論点と暗記の仕方,FP2級リスク管理分野を、学科10問前後の配分、生命・損害・特約の優先順、混同ペア表、一問一答200問目安、給付計算の型、4週20時間ドリルまで具体例で整理します。,2級リスク管理は6科目中—用語量が最多—学科60問のうち10問前後—がこの領域から出ます。計算より—「どのリスクをどの保険でカバーするか」—の対応付け—が正答率の分かれ目—です。本記事では暗記の優先順と4週ドリルを整理します。,学科10問前後—週10時間のうちリスク2時間を固定;優先順は生命5種→損害4種→特約→社会保険接続;一問一答累計200問が合格圏の目安;4週20時間ドリル—正答率65％×2週で他科目へ;商品改定は受験年度テキストで洗い替え,46,分野別;リスク管理;保険;FP2級,FP2級マスター編集部,資格学習サイトの編集チーム,公式情報確認担当,公開前に一次情報との照合を行う担当者,2026-06-16,日本FP協会（公式）|https://www.jafp.or.jp/exam/outline/,参照: FP2級要項・当サイト120問。FP3 field-risk-insurance を2級向け再執筆。生命・損害・特約・4週一問一答ドリル。,読了後は、リスク管理で何を先に暗記するか決め、たとえば第1週生命50問→第2週損害40問→第3週通し15問—と4週20時間の計画を組めます。,当サイト学科過去問でリスク20問の正答率を記録・分析タブに入力;生命5種×損害4種の対応表を1枚に;第1週一問一答50問—第2週40問—累計160問以上;混同ペア12行を毎朝1分読み;65％×2週未満なら4週ドリル延長,保険商品・制度改正時に本文と参照元を見直します。,2026-06-16,2026-07-16,2026-06-16,published,2026-06-16: FP2サイト37本目。リスク管理・暗記優先・4週ドリル。,2級リスク管理の位置づけ—学科10問前後,リスク管理は—リスクの特定—と保険による対処—がテーマの6科目の1つ—です。学科60問120分では10問前後—技能検定でも—医療費・死亡保障—の事例—が出ます—2級は3級比—変額保険—外貨建て—医療・介護の給付条件—が深くなります—例えばリスク10問で6問—60％—なら合格圏ギリギリ—週10時間のうち2時間—をリスク固定—他科目50％未満—なら—総時間増より—リスク4週集中—が効率的—です—商品内容—は改定—があるため—受験年度テキスト—で洗い替え—してください—,優先順位—生命・損害・特約,"暗記—は—優先順—を—付けて—進めます—

| 順 | 論点 | 2級で深くなる点 |
| --- | --- | --- |
| 1 | 生命5種類 | 死亡・生存・医療・がん・介護 |
| 2 | 損害4種類 | 火災・地震・自動車・賠償 |
| 3 | 特約 | 先進医療・特定疾病 |
| 4 | 契約関係 | 契約者・被保険者・受取人 |
| 5 | 社会保険接続 | 高額療養・傷病手当 |
| 6 | 保険料控除 | タックス章と横断 |

例えば第1週—生命一問一答50問—第2週—損害40問—と18時間—で正答率50％→68％—まで上がる—ケース—が多い—つまずき—は関連記事「FP2級は難しい？」も参照—してください—",生命保険—5種類と混同ペア,"生命保険—は—正答率—の—分かれ目—です—

| 種類 | 目的 | 混同注意 |
| --- | --- | --- |
| 終身 | 一生涯の死亡保障 | 定期と混同 |
| 定期 | 期間限定の死亡保障 | 掛け捨て |
| 養老 | 満期生存給付 | 終身と混同 |
| 医療 | 入院・手術給付 | 日数×日額 |
| がん | 診断・治療給付 | 病名トリガー |

例えば火曜・木曜—各45分—混同ペア—×一問一答25問—4週200問—で—用語ミス—週20→8問—まで減る—ことが—あります—引っかかる論点—の詳細—は次回記事—「FP2級の保険問題で引っかかる論点」で深掘り—予定—です—",損害保険—補償範囲と給付計算,"損害保険—は—実損填補—が原則—です—

| 種類 | 補償 | 典型ミス |
| --- | --- | --- |
| 火災 | 建物・家財 | 地震は別契約 |
| 地震 | 建物・家財 | 火災に付帯 |
| 自動車 | 対人・対物・人身 | 自賠責vs任意 |
| 賠償責任 | 他人への損害 | 対象の範囲 |

計算—は—入院給付—日数×日額—が中心—例えば1日5000円—免責3日—入院10日—なら—（10−3）×5000—＝35000円—式を先に書く—リスク計算—は全体2〜3割—暗記200問—後—週1回10問—メンテ—で足りる—ことが—多い—です—",4週20時間ドリル—一問一答中心,"リスク—弱点—に20時間—4週—を割く—モデル—

| 週 | 内容 | 時間 |
| --- | --- | --- |
| 1 | 生命一問一答50問 | 5時間 |
| 2 | 損害一問一答40問 | 5時間 |
| 3 | 特約・通し15問 | 5時間 |
| 4 | 解き直し＋技能検定形式5問 | 5時間 |

例えば第3週末—15問中10問—67％—なら—第4週—新規停止—ミス5問—解き直し3時間—65％×2週—を記録・分析タブ—で確認—ライフプラン—の社会保険—章—を先に—読んでいる—と—理解—が速い—関連記事「FP2級・ライフプランニング分野の出題傾向と勉強法」も参照—してください—",技能検定・タックスとの接続,"リスク65％—でも—技能検定—の保険提案—で失点—する—ケース—があります—

| 接続 | 内容 |
| --- | --- |
| ライフプラン | 高額療養・傷病手当 |
| タックス | 生命保険料控除 |
| 不動産 | 火災・地震保険 |
| 技能検定 | 保障設計の提案 |

例えば第16週—から技能検定90分—通し—保険—が絡む—事例—は—リスク65％以上—を確認—してから—公式テキスト—で提案型—を覚える—流れ—が効率的—です—保険料控除—は関連記事「FP2級の税金計算問題」技能検定—は「FP2級技能検定の形式と対策」も参照—してください—",,,リスク管理は暗記が多すぎて挫折しそうです。,全商品—丸暗記—は不要—混同ペア12行—と—生命5種—損害4種—の対応表—だけ—先に—固めて—ください—例えば—1日—一問一答20問—×20日—＝400問—は—不要—累計160〜200問—正答率65％—で—十分—です—週5時間—が—続かない—なら—1日10問—ルール—で—習慣—だけ—切らさない—方が—再受験—リスク—を—減らせ—ます—,生命保険と損害保険、どちらを先に勉強すべきですか？,生命保険—先—が—おすすめ—です—出題—比率—も—用語—量—も—生命—が上—終身—定期—養老—医療—がん—の5種—を—第1週—50問—で—固め—第2週—損害40問—火災—自動車—は—生命—と—混同—しにくい—ため—分離—学習—が—効き—ます—,field-life-plan-overview:FP2級・ライフプランニング分野の出題傾向と勉強法;faq-fp2-difficulty:FP2級は難しい？3級との差とつまずきやすい論点;fp2-practical-exam-guide:FP2級技能検定の形式と対策｜事例問題の進め方,保険の計算問題が苦手です。対策は？,入院給付—日数×日額—の型—だけ—先に—10問—固め—ください—免責日数—の—見落とし—が—最多—例えば—（入院日数−免責日数）×日額—を—毎問—2行—メモ—リスク—計算—は—全体—2〜3割—暗記—200問—後—週1回—10問—メンテ—で—足りる—ことが—多い—です—
field-risk-insurance-trap,分野別対策（6科目別）,FP2級の保険問題で引っかかる論点｜生命・損保の見分け,FP2級保険問題の引っ掛け論点を、生命・損害の混同ペア、医療・がん・介護のトリガー、火災と地震、自動車3層、2級特有の変額・特約、3週15時間ドリルまで具体例で整理します。,2級リスク管理—は用語暗記—だけでは—足りません—事例文—で—「似た保険—を—取り違える」—失点—が—典型—です—本記事では—引っ掛け—論点—と—見分け方—を—整理—します—,事例文はキーワード2つで保険種類を即判別;混同ペア12組—終身vs定期—医療vsがん—火災vs地震;2級は変額・外貨建て・特約の正誤が深い;引っ掛け専用一問一答80問—3週15時間;65％×2週未満ならoverview記事の4週ドリルへ,47,分野別;リスク管理;保険;FP2級,FP2級マスター編集部,資格学習サイトの編集チーム,公式情報確認担当,公開前に一次情報との照合を行う担当者,2026-06-16,日本FP協会（公式）|https://www.jafp.or.jp/exam/outline/,参照: FP2級要項・当サイト120問。FP3 field-life-nonlife-insurance・field-medical-nursing-insurance を2級引っ掛け論点向け再執筆。,読了後は、事例文から2秒で保険種類を仕分け、たとえば「入院10日・日額5000円」→医療、「がん診断一時金50万円」→がん—と反射で選べます。,混同ペア12行を手書き1枚—毎朝1分読み;引っ掛け一問一答80問—3週15時間;ミス理由を生命/損害/特約にタグ付け—記録・分析タブ;同型5問—3日後に解き直し;80問65％×2週未満ならリスク管理overview記事の4週ドリルへ,保険商品・制度改正時に本文と参照元を見直します。,2026-06-16,2026-07-16,2026-06-16,published,2026-06-16: FP2サイト38本目。保険引っ掛け・生命損保見分け。,2級で引っかかる典型—事例文の読み方,2級—リスク—10問前後—の—半数以上—は—事例—判定—です—名称—暗記—だけ—では—「入院—と—診断—の—取り違え」—「火災—と—地震—の—別契約」—で—失点—します—読み方—の—型—は—3段—です—①—何が—起きた—か—②—誰が—被る—リスク—か—③—給付—の—形—（一時金—日数×日額—実損填補—）—例えば—演習20問—で—生命損害—12問—中—7問—58％—なら—本記事—の—混同ペア—ドリル—に—週5時間—×2週—を—追加—全体—配分—は—関連記事—「FP2級・リスク管理分野の頻出論点と暗記の仕方」も—参照—してください—,生命保険—終身・定期・養老の罠,"死亡保障—3種—は—キーワード—1語—で—切り—ます—

| 混同ペア | 見分けキー | 典型の引っ掛け |
| --- | --- | --- |
| 定期 vs 終身 | 期間限定 vs 一生涯 | 解約返戻金の有無 |
| 養老 vs 終身 | 満期生存給付 vs 死亡のみ | 老後資金の記述 |
| 定期 vs 養老 | 死亡のみ vs 満期給付 | 保険期間10年の文 |

例えば—「保険期間—10年—死亡—時—500万円—」—→定期—「解約—返戻金—あり—一生—保障—」—→終身—「60歳—満期—生存—給付—」—→養老—当サイト—一問一答—30問—で—キーワード—に—ラベル—付け—2週—繰り返す—と—反射—が—付き—ます—",医療・がん・介護—トリガーの見分け,"2級—は—民間—商品—と—公的—介護—の—混同—も—出ます—

| 種類 | トリガー | 引っ掛け |
| --- | --- | --- |
| 医療 | 入院日数・手術 | がん一時金と混同 |
| がん | 診断・治療一時金 | 入院日数問題に誤用 |
| 民間介護 | 要介護認定 | 公的サービスと混同 |
| 公的介護 | サービス利用 | 保険金一時金と混同 |

例えば—「入院—10日—日額—5000円—」—→医療—（10−免責）×5000—「がん—診断—一時金—50万—」—→がん—「デイ—サービス—自己—負担—1割—」—→公的—介護—ライフプラン—の—高額—療養—と—セット—で—読む—と—定着—が—速い—関連記事—「FP2級・ライフプランニング分野の出題傾向と勉強法」も—参照—してください—",損害保険—火災・地震・自動車の罠,"損害—は—「モノ—賠償—車—」—で—分類—

| 論点 | 正解の型 | 引っ掛け |
| --- | --- | --- |
| 火災 | 建物・家財の火災 | 地震は別契約 |
| 地震 | 火災保険への付加 | 火災だけで地震OK |
| 自賠責 | 法律加入義務 | 任意保険と混同 |
| 対人 | 相手の人への賠償 | 対物・人身と混同 |
| 対物 | 相手の物への賠償 | 自車修理と混同 |

例えば—「相手—ドライバー—負傷—」—→対人—「自宅—火災—」—→火災—「震度—6—建物—損害—」—→地震—付加—契約—当サイト—週2回—×10問—の—事例—ドリル—で—2秒—分類—を—目指—します—",2級特有—変額・外貨・特約の引っ掛け,"3級—より—深い—正誤—が—2級—で—増え—ます—

| 論点 | 覚える1行 | 引っ掛け |
| --- | --- | --- |
| 変額保険 | 死亡保障＋運用リスク | 元本保証あり |
| 外貨建て | 為替リスクあり | 円建てと同じ扱い |
| 特約 | 主契約に付加 | 単独契約可能 |
| 団体保険 | 勤務先契約 | 個人加入と重複 |
| 保険料控除 | タックス章と横断 | 全商品対象 |

例えば—「元本—が—保証—される—変額—」—→誤—「外貨—建て—為替—変動—なし—」—→誤—特約—は—主契約—なし—で—成立—→誤—週—20問—×3週—で—正誤—パターン—を—固め—商品—改定—は—受験—年度—テキスト—で—洗い替え—してください—",3週15時間—引っ掛け専用ドリル,"overview—で—200問—終え—た—後—弱点—仕分け—用—

| 週 | 内容 | 時間 |
| --- | --- | --- |
| 1 | 生命混同ペア×一問一答30問 | 5時間 |
| 2 | 損害・自動車×一問一答30問 | 5時間 |
| 3 | 医療がん介護＋2級正誤20問 | 5時間 |

例えば—第3週末—80問—累計—52問—65％—なら—リスク—通し—15問—へ—52問—未満—なら—ミス—タグ—最多—の—混同—ペア—だけ—10問—追加—解き直し—は—復習タブ—で—同型—5問—を—3日—後—65％—×2週—を—記録・分析タブ—で—確認—技能検定—の—保障—提案—は—関連記事—「FP2級技能検定の形式と対策」も—参照—してください—",,,定期保険と終身保険の違いが毎回わかりません。,「期間—」—と—「返戻金—」—の—2点—で—切り—ます—定期—は—期間—満了—で—消滅—終身—は—一生—保障—＋—解約—返戻金—例えば—一問一答—30問—で—「保険—期間—10年—」—→定期—「解約—返戻金—」—→終身—と—ラベル—付け—2週—繰り—返し—養老—は—「満期—生存—給付—」—キーワード—で—3つ目—の—箱—に—入れ—て—ください—,自動車保険の対人・対物・人身を覚えるコツは？,賠償—先—で—覚え—ます—対人—＝—相手—の—人—対物—＝—相手—の—物—人身—＝—自分—側—の—ケガ—自賠責—は—法律—で—加入—義務—任意—保険—は—対人—対物—等—を—追加—例えば—週2回—×10問—で—「相手—ドライバー—負傷—」—→対人—「自車—修理—」—→車両—任意——と—即答—できる—まで—練習—してください—,field-risk-overview:FP2級・リスク管理分野の頻出論点と暗記の仕方;field-life-plan-overview:FP2級・ライフプランニング分野の出題傾向と勉強法;fp2-practical-exam-guide:FP2級技能検定の形式と対策｜事例問題の進め方,医療保険とがん保険は試験ではどう見分けますか？,試験—は—「どちら—が—適切—か—」—を—問う—設計—です—入院—給付—が—主—なら—医療—がん—診断—一時金—が—主—なら—がん—例えば—「入院—10日—」—→医療—「がん—と—診断—一時金—50万—」—→がん—一問一答—30問—を—医療15—がん15—交互—に—解き—正答率—70％—以上—を—2週—連続—で—確認—して—から—介護—章—へ—進んで—ください—
field-asset-overview,分野別対策（6科目別）,FP2級・金融資産運用分野の出題傾向と勉強法,FP2級金融資産運用分野を、学科8〜12問の配分、株式・債券・投信・複利の優先順、％・PER・配当利回りの計算型、4週20時間ドリル、タックス・技能検定との接続まで具体例で整理します。,2級金融資産運用—は—計算—と—用語—が—半々—学科60問—の—うち—8〜12問—が—この—領域—から—出ます—文系—出身—は—タックス—と—並び—つまずき—やすい—科目—です—本記事—では—優先順—と—4週—ドリル—を—整理—します—,学科8〜12問—週10時間のうち金融2時間を固定;優先順は％変換→PER・配当→投信→債券→複利;CBT画面電卓—％は×0.01の小数入力;4週20時間ドリル—正答率65％×2週で他科目へ;NISA・iDeCoは受験年度テキストで洗い替え,48,分野別;金融資産運用;FP2級;6科目,FP2級マスター編集部,資格学習サイトの編集チーム,公式情報確認担当,公開前に一次情報との照合を行う担当者,2026-06-16,日本FP協会（公式）|https://www.jafp.or.jp/exam/outline/,参照: FP2級要項・当サイト120問。FP3 field-asset-management・field-stocks-bonds-funds を2級向け再執筆。％・PER・4週ドリル。,読了後は、金融資産運用で何から演習するか決め、たとえば第1週％変換20問→第2週PER15問→第3週投信通し15問—と4週20時間の計画を組めます。,当サイト学科過去問で金融20問の正答率を記録・分析タブに入力;％変換表（5％→0.05等）を手書き1枚;第1週％変換20問—CBT画面電卓180秒/問;第2週PER・配当利回り15問;金融65％×2週未満なら4週ドリル延長,試験要項・NISA等制度改正時に本文と参照元を見直します。,2026-06-16,2026-07-16,2026-06-16,published,2026-06-16: FP2サイト39本目。金融資産運用・計算優先・4週ドリル。,2級金融資産運用の位置づけ—学科8〜12問,金融資産運用—は—株式—債券—投資信託—等—の—特徴—と—リターン—の—考え方—が—テーマ—の—6科目—の—1つ—です—学科60問120分—では—8〜12問—技能検定—でも—資産配分—NISA—の—提案—が—出—ます—2級—は—3級—比—複利—ポートフォリオ—制度—横断—が—深く—なり—ます—例えば—金融10問—で—5問—50％—なら—合格—ライン—を—下回る—ため—週10時間—の—うち—2時間—を—金融—固定—計算—ドリル—に—充て—る—判断—が—妥当—です—NISA—等—の—制度—は—改定—がある—ため—受験—年度—テキスト—で—洗い替え—してください—,優先順位—株式・債券・投信・複利,"演習—は—優先順—を—付けて—進め—ます—

| 順 | 論点 | 2級で深くなる点 |
| --- | --- | --- |
| 1 | ％変換・複利 | CBT画面電卓の小数入力 |
| 2 | PER・配当利回り | 株価とEPS・年配の関係 |
| 3 | 投資信託 | 基準価額・信託報酬・分配金 |
| 4 | 債券 | 利回りと価格の逆相関 |
| 5 | リスク分散 | 相関・資産配分の基礎 |
| 6 | NISA・iDeCo | タックス・ライフプラン横断 |

例えば—第1週—％変換—20問—第2週—PER—配当—15問—と—12時間—で—正答率—48％→65％—まで—上がる—ケース—が—多い—つまずき—は—関連記事—「FP2級は難しい？」も—参照—してください—",計算パターン—％・PER・配当利回り,"金融—計算—は—パターン—化—しやすい—のが—利点—です—

| パターン | 式の型 | つまずき |
| --- | --- | --- |
| ％変換 | 5％→0.05で乗算 | ％キー二重変換 |
| PER | 株価÷1株利益 | EPS単位ミス |
| 配当利回り | 年配÷株価 | ％表示の取り違え |
| 複利 | 元本×（1+r）^n | 指数入力順序 |

例えば—株価2000円—EPS100円—なら—PER＝2000÷100＝20倍—と—式を—先に—書いて—から—CBT—画面—電卓—に—入力—1問—180秒—超—なら—概算—で—選択肢—2つ—消し—残り—を—電卓—で—確定—計算—特化—は—次回—記事—「FP2級の金融計算問題」で—深掘り—予定—です—",混同ペア—用語ミスを先に潰す,"計算—科目—でも—用語—ミス—は—失点—源—です—

| 混同ペア | 覚え方のコツ |
| --- | --- |
| PER vs PBR | 利益か純資産か |
| 株式 vs 債券 | 所有か貸付か |
| 投信 vs ETF | 基準価額の更新頻度 |
| 分配金 vs 譲渡益 | 運用収益か売却差益か |
| NISA vs iDeCo | 運用非課税か老後積立か |

例えば—火曜—木曜—各45分—混同—ペア—×—一問一答—20問—2週—80問—で—用語—ミス—週12→5問—まで—減る—こと—が—あり—ます—NISA—の—枠—上限—は—金額—暗記—より—「誰が—何を—いくら—まで—」—の—型—を—テキスト—正本—で—確認—してください—",4週20時間ドリル—計算中心,"金融—弱点—に20時間—4週—を—割く—モデル—

| 週 | 内容 | 時間 |
| --- | --- | --- |
| 1 | ％変換ドリル20問 | 5時間 |
| 2 | PER・配当利回り15問 | 5時間 |
| 3 | 投信・複利通し15問 | 5時間 |
| 4 | 解き直し＋技能検定形式5問 | 5時間 |

例えば—第3週末—15問—中—10問—67％—なら—第4週—新規—停止—ミス—5問—解き直し—3時間—65％—×2週—を—記録・分析タブ—で—確認—タックス—の—譲渡—所得—NISA—章—を—同週—に—読む—と—理解—が—速い—関連記事—「FP2級・タックス分野の勉強法」も—参照—してください—",タックス・技能検定との接続,"金融65％—でも—技能検定—の—資産—提案—で—失点—する—ケース—が—あり—ます—

| 接続 | 内容 |
| --- | --- |
| タックス | 譲渡所得・NISA非課税 |
| ライフプラン | iDeCo・老後資金 |
| リスク管理 | 変額保険・外貨建て |
| 技能検定 | 資産配分・商品選定 |

例えば—第16週—から—技能検定—90分—通し—資産—設計—が—絡む—事例—は—金融65％—以上—を—確認—して—から—公式—テキスト—で—提案—型—を—覚える—流れ—が—効率的—です—証券—外務員—と—並行—なら—関連記事—「FP2級と証券外務員、どちらを先に取るべきか？」技能検定—は—「FP2級技能検定の形式と対策」も—参照—してください—",,,数学が苦手でも金融資産運用は合格できますか？,可能—です—必要—な—の—は—高度—な—数学—では—なく—10種類—前後—の—計算—型—です—例えば—％変換—20問—PER—10問—を—2週—で—固め—正答率—60％—以上—なら—他—論点—へ—週—5時間—が—続か—ない—なら—1日—5問—ルール—で—習慣—だけ—切らさ—ない—方が—再受験—リスク—を—減らせ—ます—,PERと配当利回り、どちらを先に勉強すべきですか？,％変換—を—先—に—PER—配当—の—順—が—おすすめ—です—PER—配当—は—どちら—も—除算—と—％—表示—が—絡み—ます—例えば—第1週—％—20問—第2週—PER—8問—配当—7問—と—分ける—と—式—の—取り—違え—が—減り—ます—株価—2000円—年配—50円—なら—配当—利回り—2.5％—PER—式—と—混同—し—ない—よう—毎問—式名—を—先に—書いて—ください—,field-tax-overview:FP2級・タックス分野の勉強法｜所得税・住民税の優先順位;faq-fp2-difficulty:FP2級は難しい？3級との差とつまずきやすい論点;compare-fp2-vs-securities:FP2級と証券外務員、どちらを先に取るべきか？,NISAの制度がよく変わります。試験ではどう対策しますか？,数値—の—丸暗記—は—避け—受験—年度—テキスト—の—制度—表—1枚—を—正本—に—してください—新NISA—は—つみたて—投資—枠—と—成長—投資—枠—の—2枠—構成—が—中心—iDeCo—は—掛金—控除—と—受取—年金—課税——NISA—＝—運用—非課税—iDeCo—＝—老後—積立—税制—と—目的—を—分ける—旧—制度—の—数値—だけ—で—覚えた—用語—は—テキスト—で—洗い—替え—て—ください—
field-asset-calc,分野別対策（6科目別）,FP2級の金融計算問題｜PER・配当利回り・複利の解き方,FP2級金融資産運用の計算問題を、％変換・PER・配当利回り・投信評価額・複利の式、CBT画面電卓の小数入力、定番ミスタグ、3週15時間ドリルまで具体例で整理します。,2級金融—計算—は—「指標—を—取り—違える—」—と—一問—で—失点—します—PER—配当—利回り—複利—は—式名—を—先に—書く—CBT—画面—電卓—は—％—を—小数—入力—が—基本—です—本記事—では—典型—パターン—と—3週—ドリル—を—整理—します—,計算は5型—％・PER・配当・投信・複利;CBT画面電卓—5％→0.05で乗算—％キーなし;毎問式名を先に書く—PERと配当の混同防止;1問180秒—超えた指標をタグして解き直し;3週15時間ドリル—65％×2週で通し演習へ,49,分野別;金融資産運用;計算;FP2級,FP2級マスター編集部,資格学習サイトの編集チーム,公式情報確認担当,公開前に一次情報との照合を行う担当者,2026-06-16,日本FP協会（公式）|https://www.jafp.or.jp/exam/outline/,参照: FP2級要項・当サイト120問。FP3 field-stocks-bonds-funds・field-asset-management を2級計算向け再執筆。,読了後は、金融計算10問を型どおり解け、たとえばPERミス4問—なら翌週PERドリル10問—と弱点別に配分を直せます。,％変換表を1枚—5％→0.05等;第1週％変換10問—CBT画面電卓180秒/問;第2週PER8問＋配当7問—式名を先に書く;第3週投信・複利混合10問＋解き直し;指標ミス週3問以上ならその型だけ1週追加,試験要項・制度改正時に本文と参照元を見直します。,2026-06-16,2026-07-16,2026-06-16,published,2026-06-16: FP2サイト40本目。金融計算5型・CBT電卓・3週ドリル。,2級金融計算—出題の型,金融—計算—の—半数—以上—は—％変換—PER—配当—利回り—投信—評価—複利—の—5型—に—集約—されます—学科60問120分—では—金融8〜12問—の—うち—計算—4〜6問—が—目安—技能検定—でも—資産—配分—の—数値—が—絡み—ます—2級—は—3級—比—複利—複数—指標—の—連続—計算—が—増え—ます—例えば—金融—演習—20問—で—10問—50％—なら—本記事—の—3週—ドリル—15時間—を—先に—他科目—短縮—より—計算—ドリル—増—が—効率的—です—全体—優先順—は—関連記事—「FP2級・金融資産運用分野の出題傾向と勉強法」も—参照—してください—,％変換—CBT画面電卓の入力,"CBT—画面—電卓—に—％—キー—は—あり—ません—

| 表記 | 入力 | 例 |
| --- | --- | --- |
| 5％ | ×0.05 | 100万×5％ |
| 2.5％ | ×0.025 | 配当利回り |
| 6％ | ×0.06 | 利回り除算 |
| 100％ | ×1.0 | 元本同等 |

例えば—元本1000000円—年利5％—3年—なら—1000000×0.05—＝50000円—（1年利息）—関数—電卓—の—％—キー—で—練習—すると—本番—と—ズレ—ます—試験—2週—前—から—PC—ブラウザ—の—シンプル—電卓—だけ—で—演習—画面—電卓—の—操作—は—関連記事—「FP2級の試験で電卓は使える？」も—参照—してください—",PER・配当利回り—2行手順,"株式—指標—は—式名—を—先に—書く—と—混同—が—減り—ます—

| 指標 | 式 | 目標時間 |
| --- | --- | --- |
| PER | 株価÷EPS | 120秒 |
| 配当利回り | 年配÷株価×100 | 120秒 |
| PBR | 株価÷1株純資産 | 120秒 |

例えば—株価2000円—EPS100円—なら—PER＝2000÷100＝20倍—株価2000円—年配50円—なら—配当利回り＝50÷2000×100＝2.5％—と—2行—固定—EPS—の—単位—（円—万円—）—を—毎回—確認—配当—は—年配—か—1回—配—か—問題文—で—先に—線引き—1問—180秒—超—なら—止まった—指標名—を—タグ—解き直し—に—回して—ください—",投信・複利—式の固定,"投信—と—複利—は—別—型—です—

| パターン | 式 | つまずき |
| --- | --- | --- |
| 投信評価額 | 基準価額×口数 | 口数の単位 |
| 複利終価 | 元本×（1+r）^n | 指数入力順序 |
| 複利現価 | 将来額÷（1+r）^n | 除算と指数 |
| 債券価格 | 金利↑→価格↓ | 計算より正誤 |

例えば—基準価額12000円—5000口—なら—評価額＝12000×5000＝60000000円—元本1000000円—年3％—5年—なら—1000000×1.03^5—と—指数—を—最後—に—入力—債券—は—精密—利回り—計算—より—金利—上昇—で—価格—下落—の—正誤—が—中心—2級—では—深追い—不要—です—",定番ミスタグ—指標取り違え,"ミス—理由—を—タグ—すると—再発—が—減り—ます—

| タグ | 典型ミス | 対策 |
| --- | --- | --- |
| PER混同 | 配当式で割る | 式名を先に書く |
| ％二重 | ％キー＋小数 | 0.05のみ入力 |
| 口数 | 千口と口 | 問題文の単位確認 |
| 指数 | (1+r)×n | ^nを最後に |
| 債券 | 株価式を使う | 商品名で分岐 |

例えば—火曜—PER—5問—木曜—配当—5問—日曜—混合—5問—と—曜日—固定—PER—ミス—が—週3問—以上—なら—翌週—PER—だけ—10問—追加—NISA—非課税—の—計算—は—タックス—章—と—横断—関連記事—「FP2級・タックス分野の勉強法」も—参照—してください—",3週15時間ドリル—計算特化,"％—PER—投信—複利—に—15時間—3週—を—割く—モデル—

| 週 | 内容 | 時間 |
| --- | --- | --- |
| 1 | ％変換10問＋PER5問 | 5時間 |
| 2 | PER8問＋配当7問 | 5時間 |
| 3 | 投信・複利混合10問＋解き直し | 5時間 |

例えば—第3週末—10問—中—7問—70％—なら—金融—通し—15問—へ—移行—％—は—週3問—維持—7問—未満—なら—％—変換—だけ—1週—追加—65％—×2週—を—記録・分析タブ—で—確認—して—から—他科目—へ—技能検定—の—資産—提案—は—関連記事—「FP2級技能検定の形式と対策」も—参照—してください—",,,関数電卓の％キーで練習しても大丈夫ですか？,本番—CBT—には—％—キー—が—ない—ため—試験—2週—前—から—PC—の—シンプル—電卓—に—切り—替え—て—ください—5％—は—×0.05—2.5％—は—×0.025—と—小数—表—1枚—を—横に—置く—例えば—％—変換—10問—で—8問—以上—なら—PER—へ—6問—以下—なら—もう—1週—％—だけ—追加—してください—,PERと配当利回りを混同します。対策は？,毎問—最初—に—「PER—か—配当—か—」—を—1行—書く—習慣—が—効き—ます—PER—は—株価÷利益—配当—は—年配÷株価—例えば—一問一答—20問—を—PER10—配当10—交互—に—解き—2週—で—混同—が—半減—する—人—が—多い—です—EPS—と—年配—の—どちら—が—与え—られ—た—か—を—問題文—で—先に—丸—付け—て—ください—,field-asset-overview:FP2級・金融資産運用分野の出題傾向と勉強法;faq-fp2-calculator:FP2級の試験で電卓は使える？CBTの操作と練習;compare-fp2-vs-securities:FP2級と証券外務員、どちらを先に取るべきか？,債券の利回り計算はどこまで必要ですか？,2級—学科—では—精密—利回り—計算—より—「金利—上昇—→—債券—価格—下落—」—の—正誤—と—額面—クーポン—の—関係—が—中心—です—例えば—週2回—×5問—の—正誤—ドリル—で—足りる—ことが—多い—PER—配当—が—65％—未満—なら—債券—より—株式—指標—を—先に—固め—て—ください—商品—全体—の—用語—は—関連記事—「FP2級・金融資産運用分野の出題傾向と勉強法」で—補完—できます—
attr-parent-leave,属性別・状況別,育休・産休中にFP2級を取るメリットと時間の確保,育休・産休中のFP2級学習を、200〜300時間の逆算、育児リズム別の週次配分、中断・再開ルール、210分CBTの申込タイミング、復職前後の技能検定対策まで具体例で整理します。,育休—産休—中—は—通勤—が—ない—分—隙間—学習—が—可能—な—一方—2級—は—200〜300時間—学科120分—＋—技能検定90分—と—負荷—が—大きい—です—本記事—では—現実的—な—週次—設計—と—復職—前後—の—申込—判断—を—整理—します—,最低ラインは1日1問—習慣を切らさない;現実目標は週5〜6時間×30〜40週—200時間超;210分通しは復職8週前から週1回;申込前は学科70％×2回・技能検定65点×2回;育休中完走困難なら復職後6か月延長も選択肢,50,属性別;育休;産休;FP2級;学習計画,FP2級マスター編集部,資格学習サイトの編集チーム,公式情報確認担当,公開前に一次情報との照合を行う担当者,2026-06-16,日本FP協会（公式）|https://www.jafp.or.jp/exam/outline/,参照: FP2級要項・当サイト120問。FP3 attr-parental-leave を2級向け再執筆。210分・技能検定・復職前後申込。,読了後は、育児リズムに合わせた週5時間の枠を決め、たとえば10月復職なら8月学科70％×2回—9月CBT—または復職後6か月延長—と判断できます。,"7日分の学習可能時間をメモ—週5時間以上のパターンを1つ選ぶ;1日1問ルール—中断時も当サイト一問一答10問/日;第12週から当サイト学科過去問—第20週70％×1回;第24週から技能検定90分通し週1回—公式テキスト;70％×2回・65点×2回を記録・分析タブで確認してから11,700円申込",試験要項・CBT制度改定時に本文と参照元を見直します。,2026-06-16,2026-07-16,2026-06-16,published,2026-06-16: FP2サイト41本目。育休産休・週次配分・210分・復職前後。,育休中に2級が向く理由と現実的期待,育休—中—に—2級—を—学ぶ—メリット—は—復職—後—自己—投資—時間—が—減る—前—に—家計—保険—教育—資金—相続—の—知識—を—固め—られる—点—です—ライフプラン—リスク—管理—タックス—は—子ども—の—将来—費用—と—直結—し—やすい—です—一方—2級—は—200〜300時間—学科120分—＋—技能検定90分—＝—約210分—の—持久力—が—必要—睡眠—が—細切れ—なら—「育休—中—必ず—合格—」—より—「復職—前—学科—固め—＋—復職—後—技能検定—集中—」—が—現実的—です—例えば—4月—産休—10月—復職—なら—7〜9月—週5時間—×12週—＝60時間—スタート—翌年—3月—CBT—も—十分—射程—です—受検—資格—は—3級—合格—AFP—実務2年—の—いずれか—要綱—で—確認—してください—,育児リズム別—週次の確保パターン,"まとまった—時間—が—取れ—ない—週—でも—設計—できます—

| パターン | 学習枠 | 週目安 |
| --- | --- | --- |
| A（昼寝型） | 昼寝90分×3回 | 4.5時間 |
| B（夜型） | 21時〜21時30分×5日 | 2.5時間 |
| C（混合） | 昼寝60分×2＋夜30分×4 | 3時間 |
| D（最低） | 一問一答10問/日×7 | 2時間 |

200時間—なら—週5時間—×40週—が—目安—パターン—A—に—夜30分—×2—を—足す—と—週6.5時間—月—水—金—昼寝—後—テキスト—毎日—夜—一問一答—15問—と—曜日—固定—すると—パートナー—に—頼み—やすい—です—社会人—向け—週10時間—型—は—関連記事—「社会人のFP2級独学」も—参照—してください—",中断・再開ルール—体調・里帰り,"育休—中—は—1〜2週—空白—が—普通—です—再開—ルール—を—先に—決め—ます—

| 段階 | 内容 |
| --- | --- |
| 1週止まった | 一問一答20問/週のみ—新規テキスト禁止 |
| 2週目 | 以前の50％時間に戻す |
| 3週目 | 本来ペースに復帰 |

例えば—10日—中断—なら—復帰—週—一問一答—10問—/日—翌週—昼寝—60分—×2—受験—月—2週—後ろ倒し—2週—連続—演習—ゼロ—なら—記録・分析タブ—に—中断—理由—を—1行—メモ—時間帯—を—調整—1日1問—ルール—だけ—は—切らさ—ない—方が—再受験—リスク—を—減らせ—ます—","復職前後—いつ11,700円申込するか","復職—すると—学習—時間—は—週2〜3時間—に—落ち—やすい—です—

| 復職日 | 申込目安 | 学習の焦点 |
| --- | --- | --- |
| 4月 | 2月上旬 | 1〜2月演習中心 |
| 7月 | 5月上旬 | 春に学科通し2回 |
| 10月 | 8月上旬 | 夏に技能検定追加 |

例えば—10月1日—復職—なら—8月中旬—学科—通し—70％—×2回—8月下旬—11,700円—申込—9月—CBT—が—現実的—保育園—慣らし—で—時間—減—なら—合格—を—復職—後—6か月—延長—も—選択肢—申込—前—基準—は—関連記事—「FP2級の勉強時間は何時間？」も—参照—してください—",厚く学ぶ科目—家族に還元する3科目,"6科目—すべて—試験—範囲—です—が—育休—中—は—次—3科目—を—厚く—します—

| 科目 | 生活との接続 | 週目安 |
| --- | --- | --- |
| ライフプラン | 教育資金・住宅・年金 | 2時間 |
| リスク管理 | 生命・医療・学資保険 | 2時間 |
| タックス | 児童手当・医療費控除 | 1時間 |

残り—3科目—は—一問一答—週2時間—第1〜12週—この—配分—例えば—第6週—学資—保険—NISA—の—違い—を—整理—月1万—×18年—積立—先—を—30分—で—決める—成果—が—出る—と—学習—が—続き—ます—論点—整理—は—関連記事—「FP2級・ライフプランニング分野の出題傾向と勉強法」「FP2級・リスク管理分野の頻出論点と暗記の仕方」も—参照—してください—",210分・技能検定—育休中の限界と対策,"育休—中—に—210分—通し—は—負荷—が—高い—ため—段階—を—踏み—ます—

| 時期 | 内容 | 頻度 |
| --- | --- | --- |
| 第1〜16週 | テキスト＋一問一答 | 週5時間 |
| 第17〜22週 | 学科120分通し | 隔週1回 |
| 第23週〜 | 120分＋90分連続 | 月1回 |
| 申込前 | 技能検定65点×2回 | 公式テキスト |

例えば—パートナー—に—日曜—午前—3時間—預け—学科—120分—通し—を—月2回—技能検定—は—当サイト—未公開—公式—テキスト—90分—通し—週1回—が—必須—預け—時間—が—取れ—ない—週—は—120分—だけ—で—OK—技能検定—全体—は—関連記事—「FP2級技能検定の形式と対策」も—参照—してください—",,,新生児期で毎日30分も難しいのですが諦めますか？,諦める—必要—は—あり—ません—最低—ライン—は—1日1問—当サイト—一問一答—5分—だけ—続け—新生児—期—4〜8週—は—新規—テキスト—禁止—一問一答—のみ—第9週—から—昼寝—60分—×2—に—戻す—2級—は—200時間—規模—受験—月—を—6〜12か月—後ろ—に—ずらせ—ば—十分—間に—合い—ます—,育休中に試験日、預け先がなくて受けられません。,"CBT—は—通年—予約—可能—です—預け—先—が—取れる—日—を—先に—カレンダー—に—確保—210分—＋—移動—は—半日—確保—が—必要—例えば—両親—に—頼める—土曜—だけ—申込—平日—は—演習—のみ—学科—だけ—先—に—受け—技能検定—後日—6,000円—前後—も—可能—要綱—で—再確認—詳細—は—関連記事—「FP2級の学科と技能検定の違い」も—参照—してください—",attr-working-adult:社会人のFP2級独学｜週10時間×6か月の現実スケジュール;faq-fp2-study-hours:FP2級の勉強時間は何時間？独学の目安と逆算;fp2-written-vs-practical:FP2級の学科と技能検定の違い｜同日受験と分日の選び方,復職後に学習を続けられますか？,続け—られ—ます—が—時間—は—週2〜3時間—に—落ち—る—前提—で—設計—し—て—ください—育休—中—に—学科—70％—まで—固め—復職—後—は—技能検定—週2時間—固定—例えば—復職—後—4か月—×—週3時間—＝48時間—技能検定—65点—×2回—を—目標—週5時間—以下—が—続く—なら—関連記事—「FP2級は独学と通信講座、どちらが効率いい？」で—週次—課題—の—併用—も—検討—してください—
attr-career-change,属性別・状況別,転職・第二新卒とFP2級｜いつ受験するのが得か,"転職・第二新卒のFP2級受験タイミングを、選考フェーズ別の優先順位、内定後200時間の集中、履歴書への記載、金融志望の優先度、11,700円申込基準まで具体例で整理します。",転職—第二新卒—で—2級—を—取る—か—は—「選考—の—段階—」—で—答え—が—変わり—ます—面接—最中—は—週2時間—維持—内定—後—空白—期間—なら—週8時間—×25週—が—現実的—です—本記事—では—200〜300時間—の—逆算—と—申込—判断—を—整理—します—,選考最中はFP主戦場にしない—週2時間維持が上限;得なのは活動前合格か内定後集中の2パターン;履歴書は合格月明記—受験予定だけは弱い;金融志望なら優先度UP—学科70％×2回・65点×2回で申込;入社直後は研修負荷—合格は入社前が安全,51,属性別;転職;第二新卒;FP2級;学習計画,FP2級マスター編集部,資格学習サイトの編集チーム,公式情報確認担当,公開前に一次情報との照合を行う担当者,2026-06-16,日本FP協会（公式）|https://www.jafp.or.jp/exam/outline/,参照: FP2級要項・当サイト120問。FP3 attr-job-hunting を2級向け再執筆。選考フェーズ・内定後200時間・履歴書。,読了後は、今の選考状況で2級を続けるか止めるか決め、たとえば3月内定・6月入社なら4〜5月週8時間—入社前合格—または選考中は週2時間維持—と判断できます。,"選考カレンダーに面接日—FPは面接前2日10問のみ;内定後入社日までの日数÷200時間で週時間逆算;志望業界が金融なら週6時間—それ以外週3時間維持;第20週学科70％×1回—記録・分析タブ;70％×2回・65点×2回を満たしてから11,700円申込",試験要項・CBT制度改定時に本文と参照元を見直します。,2026-06-16,2026-07-16,2026-06-16,published,2026-06-16: FP2サイト42本目。転職第二新卒・選考タイミング・内定後集中。,結論—選考段階でタイミングが変わる,2級—は—200〜300時間—学科120分—＋—技能検定90分—＝—約210分—と—学習—負荷—が—大きい—ため—「転職—も—2級—も—同時—最優先—」—は—非推奨—です—書類—選考—面接—が—続く—時期—は—週2〜3時間—の—一問一答—維持—に—留め—内定—承諾—後—入社—前—の—空白—期間—なら—週8時間—×25週—＝200時間—集中—が—現実的—例えば—3月—退職—5月—入社—なら—3月下旬—〜5月—週8時間—×8週—＝64時間—スタート—翌年—3月—CBT—も—射程—受検—資格—は—3級—合格—AFP—実務2年—の—いずれか—要綱—で—確認—してください—,2つの得なパターン—活動前 vs 内定後,"転職—第二新卒—に—有利—な—の—は—次—2つ—です—

| パターン | 条件 | 週次目安 |
| --- | --- | --- |
| A（活動前） | 転職開始1〜2か月前から | 週8時間×25週 |
| B（内定後） | 入社まで60日以上 | 週8時間×25週 |
| C（非推奨） | 選考真っ只中ゼロから | 200時間確保困難 |

例えば—パターン—B—3月15日—内定—6月1日—入社—なら—3月下旬—〜5月中旬—週8時間—×8週—＝64時間—5月末—CBT—は—学科—だけ—先—技能検定—後日—も—可能—要綱—で—再確認—活動—前—に—始め—た—場合—は—第1回—エントリー—前—に—合格証—を—用意—できます—",選考フェーズ別—週次配分,"フェーズ—ごと—に—上限—を—決め—ます—

| フェーズ | FP2級の位置づけ | 週上限 |
| --- | --- | --- |
| エントリー〜書類 | 維持のみ | 2時間 |
| 面接集中期 | 面接前2日は10問のみ | 3時間 |
| 内定〜入社 | 主戦場 | 8〜10時間 |
| 入社後1か月 | 新規停止 | 1時間 |

例えば—金曜—最終—面接—の—週—は—水曜—まで—FP—演習—停止—一問一答—10問—だけ—選考—パフォーマンス—を—優先—内定—後—は—学科7割—技能検定3割—第16週—から—技能検定—90分—通し—週1回—公式—テキスト—必須—社会人—向け—週10時間—型—は—関連記事—「社会人のFP2級独学」も—参照—してください—",在職・離職別—24週モデル,"在職—中—は—平日—夜—休日—離職—中—は—午前—集中—が—基本—

| 週 | 在職中（選考中） | 離職中（内定後） |
| --- | --- | --- |
| 1〜8 | 一問一答20問/週 | テキスト6科目 |
| 9〜16 | 維持 | 当サイト120問週40問 |
| 17〜20 | 維持 | 学科120分通し |
| 21〜24 | 内定後本格 | 技能検定65点×2回 |

例えば—離職—中—週8時間—×25週—＝200時間—なら—第1〜8週—テキスト—第9〜16週—当サイト—演習—第17週—から—210分—連続—通し—月1回—面接—結果—待ち—で—集中力—低下—週—は—解き直し—20問—だけ—に—切替—してください—",履歴書・面接—2級の書き方,"資格—欄—は—「FP2級—（日本FP協会）—2027年4月—合格—」—の—ように—団体名—と—合格月—を—セット—で—書き—ます—

| 書き方 | 効果 | 注意 |
| --- | --- | --- |
| 合格月明記 | 書類で強い | 受験予定は弱い |
| 1文要約 | 面接で印象 | 勧誘表現はNG |
| 金融志望 | 優先度高 | 外務員等は別途 |
| IT・一般職 | 家計文脈1行 | 週10時間は非優先 |

面接—で—話す—なら—1文—圧縮—例えば—「転職—空白—期間—に—週8時間—×25週—で—2級—取得—資産—設計—の—基礎—を—固め—ました—」—内定—後—合格—なら—入社—手続き—前—に—履歴書—更新—3級—のみ—の—場合—は—関連記事—「FP3級合格後にFP2級へ進むタイミング」も—参照—してください—","内定後〜入社前—11,700円申込の判断","内定—直後—の—申込—は—演習—量—で—決め—ます—

| 指標 | 申込OK | 延期 |
| --- | --- | --- |
| 学科通し | 70％×2回 | 65％未満 |
| 技能検定 | 65点×2回 | 60点未満 |
| 210分通し | 1回以上 | 未実施 |
| 入社まで | 4週以上 | 1週未満 |

例えば—内定—3月20日—入社—6月1日—演習—基準—達成—なら—3月25日—11,700円—申込—5月—CBT—入社—前—合格証—未達—なら—入社—後—3か月—目—以降—に—ずらし—再受験—23,400円—リスク—を—抑え—ます—金融—志望—の—優先度—は—関連記事—「FP2級と証券外務員、どちらを先に取るべきか？」受検—資格—ルート—は—「FP2級の受検資格は？」も—参照—してください—",,,転職活動中にFP2級を始めるのは遅いですか？,遅く—あり—ません—が—ゼロ—から—200時間—は—選考—と—競合—します—内定—後—空白—60日—以上—なら—週8時間—×25週—で—十分—射程—面接—週3回—の—在職—中—は—活動—落ち着き—後—週6時間—に—増やす—方が—選考—も—2級—も—安定—3級—未保有—なら—先—に—受検—資格—ルート—を—要綱—で—確認—してください—,"内定が出たらすぐ11,700円申込すべきですか？",演習—基準—達成—なら—有効—です—目安—は—学科—通し—70％—×2回—技能検定—65点—×2回—210分—連続—通し—1回—以上—例えば—内定—直後—58点—止まり—なら—4週—技能検定—集中—後—申込—入社—1週—前—は—新規—停止—移動—準備—に—集中—記録・分析タブ—で—直近—2回—の—点数—を—確認—して—から—決済—してください—,attr-working-adult:社会人のFP2級独学｜週10時間×6か月の現実スケジュール;faq-fp2-eligibility:FP2級の受検資格は？3級合格だけでは足りない条件;compare-fp2-vs-securities:FP2級と証券外務員、どちらを先に取るべきか？,第二新卒は3級から先に取るべきですか？,志望—業界—で—決め—ます—金融—志望—で—2級—受検—資格—が—ある—なら—2級—直接—も—可能—未経験—から—2級—は—200時間—規模—3級—100時間—→—定着—→—2級—200時間—の—順—が—安全—な—こと—も—多い—です—例えば—就活—6か月—以内—なら—3級—先—中長期—で—2級—AFP—研修—ルート—も—関連記事—「FP2級はAFP経由と3級経由、どちらが効率いい？」「FP3級とFP2級の違い」も—参照—してください—
attr-financial-job,属性別・状況別,銀行・保険・証券志望者のFP2級｜入社前に取るべきか,"銀行・保険・証券志望者のFP2級を、入社前後の優先度、業態別6科目の重点、外務員との先後、200時間25週モデル、技能検定・11,700円申込基準まで具体例で整理します。",金融機関—内定—後—2級—は—必須—では—あり—ません—が—入社—前—に—押さえる—と—研修—顧客—対応—で—有利—です—一方—200〜300時間—技能検定90分—は—外務員—等—と—優先—順—の—整理—が—必要—本記事—では—入社—前—に—取る—べき—か—を—判断—基準—付き—で—整理—します—,"2級は入社要件ではない—研修・提案力の補助資格;入社前空白期がゴールデンタイム—入社後は週2〜3時間;証券は外務員一種優先—2級は中長期でも可;窓口営業はリスク・ライフプラン厚く—学科70％×2回・65点×2回で申込;入社1か月前は新規停止—11,700円は入社前に済ませる",52,属性別;金融機関;銀行;保険;証券;FP2級,FP2級マスター編集部,資格学習サイトの編集チーム,公式情報確認担当,公開前に一次情報との照合を行う担当者,2026-06-16,日本FP協会（公式）|https://www.jafp.or.jp/exam/outline/,参照: FP2級要項・当サイト120問。FP3 attr-financial-industry-job を2級向け再執筆。業態別科目・外務員先後・25週モデル。,読了後は、自分の業態で2級を入社前に取るか判断でき、たとえば生命保険営業内定なら第1〜8週リスク管理—第9週から技能検定—と週次計画を組めます。,"配属予定を人事・先輩に確認—6科目優先度を1枚に;入社日までの日数÷200時間で週時間逆算;第1〜12週優先2科目—第13週から当サイト120問;第20週から技能検定90分通し週1回—公式テキスト;70％×2回・65点×2回を記録・分析タブで確認してから11,700円申込",試験要項・業界制度改定時に本文と参照元を見直します。,2026-06-16,2026-07-16,2026-06-16,published,2026-06-16: FP2サイト43本目。金融志望・業態別・外務員先後・25週。,金融機関内定者にとって2級の位置づけ,多く—の—金融—機関—で—2級—は—入社—要件—では—あり—ません—が—顧客—対応—資産—設計—提案—の—前提—知識—と—重なり—ます—内定—者—が—2級—を—優先—する—理由—は—3点—です—①—入社—前—に—6科目—の—地図—②—技能検定—型—の—提案—練習—③—同期—との—専門—用語—例えば—7月—入社—5月—2級—合格—なら—新人—研修—の—保険—投信—講義—で—理解—が—速い—2級—は—200〜300時間—学科120分—＋—技能検定90分—3級—より—負荷—大—必須—で—ない—から—入社—前—空白—期—の—設計—が—重要—です—,業態別—厚く学ぶ6科目,"配属—予定—が—分かれ—ば—優先度—を—変え—ます—

| 配属イメージ | 優先科目 | 次点 |
| --- | --- | --- |
| 銀行窓口・融資 | ライフプラン、金融資産運用 | リスク、不動産 |
| 生命・損保営業 | リスク管理、ライフプラン | タックス、相続 |
| 証券営業 | 金融資産運用、タックス | ライフプラン、相続 |
| 事務・バック | タックス、ライフプラン | 金融資産運用 |

2級—は—3級—比—相続—計算—不動産—税金—も—深い—ため—営業—配属—でも—相続—章—を—完全—スキップ—は—非推奨—例えば—証券—内定—入社—まで—25週—なら—第1〜8週—金融—タックス—各—週3時間—残り—科目—一問一答—週2時間—配属—未定—なら—リスク—金融—を—共通—厚め—科目—に—してください—",入社前25週モデル—内定後200時間,"内定—承諾—後—入社—まで—25週—以上—ある—ケース—

| 週 | 重点 | 時間 |
| --- | --- | --- |
| 1〜8 | 優先2科目テキスト | 週8時間 |
| 9〜16 | 当サイト120問＋6科目 | 週8時間 |
| 17〜20 | 学科120分通し | 週8時間 |
| 21〜24 | 技能検定90分通し | 週8時間 |
| 25 | 弱点解き直し＋申込 | 6時間 |

合計—約200時間—例えば—6月1日—内定—9月1日—入社—なら—7月末—学科—70％—×2回—8月—技能検定—65点—×2回—8月下旬—11,700円—申込—9月—CBT—入社—1週—前—は—新規—停止—当サイト—は—学科—120問—のみ—技能検定—は—公式—テキスト—必須—です—",外務員・社内資格との優先順位,"業態—ごと—に—先—に—取る—資格—が—変わり—ます—

| 業態 | 業務必須に近い | 2級の位置づけ |
| --- | --- | --- |
| 証券 | 外務員一種 | 入社1年目以降も可 |
| 生命保険 | 社内試験・募集人 | 提案力の補助 |
| 銀行 | 社内規定による | 総合提案の強み |
| 損保 | 損保一般試験等 | 家計・リスクの補助 |

例えば—証券—内定—で—入社—6か月—以内—外務員—一種—と—人事—期限—が—あれば—2級—200時間—より—外務員—160時間—週8時間—×20週—を—先—2級—は—入社—1年目—週6時間—×35週—週12時間—未満—なら—1資格—ずつ—順番—詳細—比較—は—関連記事—「FP2級と証券外務員、どちらを先に取るべきか？」も—参照—してください—",入社前に取る vs 入社後に取る,"判断—基準—を—数字—で—整理—します—

| 条件 | 入社前 | 入社後 |
| --- | --- | --- |
| 空白60日以上 | ◎ 週8時間×25週 | △ 週3時間以下 |
| 空白30日未満 | △ 学科のみ可能 | ◎ 6か月目以降 |
| 外務員期限あり | 外務員先 | 2級後回し |
| 3級のみ保有 | 定着4週後2級開始 | 同上 |

入社—後—3か月—は—社内—研修—検定—で—週2時間—維持—が—上限—合格—は—入社—前—に—済ませ—る—方が—確実—研修—で—触れる—保険—投信—章—は—2級—テキスト—と—重複—入社—後—は—演習—追加—で—足りる—こと—が—多い—タイミング—全体—は—関連記事—「転職・第二新卒とFP2級」も—参照—してください—",合格後の社内活用と次の資格,入社—時点—で—2級—合格—なら—新人—研修—同期—勉強会—で—差—が—出—やすい—です—ただし—顧客—前—で—2級—を—前面—に—出す—必要—は—なく—社内—規程—勧誘—規制—が—最優先—例えば—研修—後—「相続—の—基礎—控除—は—2級—相続—章—で—触れ—ました—」—1文—程度—次—の—一手—は—①—実務—1年—後—AFP—②—社内—必須—外務員—③—CFP—中長期—配属—先—先輩—に—優先—順—を—確認—3級—から—来た—場合—は—関連記事—「FP3級合格後にFP2級へ進むタイミング」も—参照—してください—,,,内定したが入社まで1か月しかない。2級は間に合いますか？,完全—未経験—なら—1か月—は—厳しい—です—200〜300時間—規模—金融—系—学部—3級—70％—経験—が—あれば—学科—だけ—先—に—受け—技能検定—後日—も—可能—要綱—確認—例えば—残り—30日—なら—優先—2科目—のみ—一問一答—40問—/週—＋—当サイト—60問—通し—65％—未満—なら—申込—は—入社—後—6か月—目—以降—に—延期—してください—,銀行と証券では2級の学ぶ順番を変えますか？,変え—ます—銀行—志望—は—ライフプラン—住宅—ローン—リスク—管理—保険—相続—基礎—を—先—証券—志望—は—金融—資産—運用—タックス—譲渡—を—先—外務員—期限—が—あれば—外務員—優先—2級—は—週6時間—維持—例えば—銀行—内定—第1〜4週—ライフプラン—リスク—各—週4時間—証券—内定—第1〜4週—金融—タックス—各—週4時間—と—分岐—してください—,compare-fp2-vs-securities:FP2級と証券外務員、どちらを先に取るべきか？;attr-career-change:転職・第二新卒とFP2級｜いつ受験するのが得か;attr-fp3-to-fp2:FP3級合格後にFP2級へ進むタイミングと学習計画,2級は金融機関では必須ですか？,必須—では—あり—ません—証券—では—外務員—一種—が—業務—要件—に—近い—一方—2級—は—家計—全体—保険—相続—の—総合—知識—として—補助—的—に—活き—ます—例えば—内定—通知—に—「入社—6か月—以内—外務員—一種—」—と—あれば—2級—計画—より—外務員—160時間—を—先—履歴書—には—両方—書け—ます—が—就活—直前—は—「合格済み」—1行—が—強い—です—
attr-accounting-staff,属性別・状況別,経理・税務担当者のFP2級｜タックス得意でも足りない分野,経理・税務担当者のFP2級を、タックス短縮の落とし穴、保険・相続・技能検定の重点、20週160時間モデル、簿記との並行、決算繁忙期ルールまで具体例で整理します。,経理—税務—担当—は—タックス—で—有利—に—見え—ます—が—2級—は—個人—の—家計—保険—相続—技能検定—提案—が—中心—です—「税金—は—仕事—で—分かる—から—保険—後回し—」—は—典型—の—失点—パターン—本記事—では—足り—ない—分野—と—20週—配分—を—整理—します—,タックス得意でもリスク・相続・技能検定は別途200時間規模;タックスは週2時間維持—浮いた時間を保険・相続へ;簿記2級相当なら160時間—未経験なら200〜300時間;決算月は新規停止—一問一答10問/日で習慣維持;申込前は学科70％×2回・技能検定65点×2回,53,属性別;経理;税務;簿記;FP2級,FP2級マスター編集部,資格学習サイトの編集チーム,公式情報確認担当,公開前に一次情報との照合を行う担当者,2026-06-16,日本FP協会（公式）|https://www.jafp.or.jp/exam/outline/,参照: FP2級要項・当サイト120問。FP3 attr-accounting-staff を2級向け再執筆。タックス短縮・保険相続重点・20週モデル。,読了後は、タックス正答率90％でもリスク50％なら週4時間を保険一問一答—と配分を直せ、20週160時間の計画を組めます。,6科目演習20問ずつ正答率を記録・分析タブに入力;弱点2科目を特定—タックス以外を厚く;第1〜8週リスク＋ライフプラン各週3時間—タックス週1時間;第16週から技能検定90分通し週1回—公式テキスト;決算月前に受験済みか延期をカレンダーで決める,試験要項・税制改正時に本文と参照元を見直します。,2026-06-16,2026-07-16,2026-06-16,published,2026-06-16: FP2サイト44本目。経理職・タックス短縮罠・20週モデル。,経理職にとって2級の位置づけ,経理—業務—は—法人—仕訳—決算—中心—2級—は—個人—家計—保険—資産—相続—が—主役—です—取る—意味—は—3点—①—経営—営業—との—資金—計画—会話—②—福利厚生—退職金—401k—説明—③—転職—異動—時—個人—向け—金融—語彙—2級—は—200〜300時間—技能検定90分—3級—100時間—より—倍—規模—例えば—経理—5年目—週8時間—×20週—＝160時間—3月—決算—ピーク—を—避け—1〜2月—CBT—繁忙期—は—週2時間—維持—業務—転用—は—タックス—に—限り—他5科目—は—一問一答—から—始め—て—ください—,効く科目と別物として学ぶ科目,"業務—経験—が—そのまま—効く—の—は—一部—です—

| 科目 | 業務との重なり | 2級の注意 |
| --- | --- | --- |
| タックス | 所得税・控除 | 個人譲渡・累進は演習必須 |
| 相続 | 申告は接点あり | 6段階計算・図解必須 |
| 不動産 | 固定資産税 | 収益還元・譲渡セット |
| 金融資産運用 | 間接的 | ％・PERは紙なし |
| ライフプラン | 年金別体系 | 6係数・社保暗記 |
| リスク管理 | ほぼ別領域 | 一問一答週40問 |

例えば—タックス—20問—18問—90％—でも—リスク—12問—60％—なら—週8時間—の—うち—4時間—を—保険—一問一答—に—移し—て—ください—「仕事—で—分かる—から—読まない—」—は—技能検定—58点—止まり—の—典型—です—",経理職向け20週モデル—週8時間,"簿記—2級—相当—前提—の—配分—例—です—

| 週 | 重点 | 時間 |
| --- | --- | --- |
| 1〜8 | リスク＋ライフプラン | 各3h＋タックス1h |
| 9〜12 | 相続＋不動産 | 各週4hローテ |
| 13〜16 | 当サイト120問6科目 | 週8h |
| 17〜19 | 学科120分＋技能検定 | 週8h |
| 20 | 弱点解き直し＋申込 | 6h |

合計—約160時間—完全—未経験—なら—25週—200時間—を—見込—火曜—木曜—各90分—一問一答—30問—日曜—120分—混合—20問—第16週—から—技能検定—90分—通し—週1回—公式—テキスト—必須—当サイト—は—学科—のみ—です—",タックス短縮の落とし穴—2級の深さ,"経理—職—が—つまずく—タックス—論点—は—次—4つ—です—

| 論点 | 法人との差 | 対策 |
| --- | --- | --- |
| 累進税率 | 法人税と別 | 5段階手順10問 |
| 譲渡所得 | 個人のみ | タックス章＋不動産 |
| 事業＋給与 | 複合所得 | 合算手順固定 |
| 税額控除 | 所得控除と混同 | 混同ペア表 |

タックス—演習—65％—以上—なら—週2時間—維持—に—減らし—浮き—6時間—を—相続—4時間—リスク—2時間—に—再配分—50％—未満—なら—関連記事—「FP2級・タックス分野の勉強法」「FP2級の税金計算問題」で—4週—24時間—ドリル—を—先—に—してください—",簿記・税理士との並行,"簿記—3級—2級—と—2級—FP—は—タックス—で—重なり—ます—が—切り口—が—違い—ます—

| 組み合わせ | 週上限 | 配分例 |
| --- | --- | --- |
| FP2級のみ | 週8〜10時間 | 20〜25週 |
| FP＋簿記3級 | 週12時間 | FP7h＋簿記5h |
| FP＋簿記2級 | 週14時間 | 非推奨—順番受験 |

例えば—簿記—2級—受験—2か月—前—なら—2級—FP—申込—を—先—簿記—週5時間—維持—FP—合格—後—簿記—週8時間—税理士—科目—は—2級—より—深い—「税理士—だから—FP—不要—」—は—誤り—保険—年金—技能検定—は—別—領域—です—詳細—は—関連記事—「FP2級と簿記3級、どちらを先に取るべきか？」も—参照—してください—",繁忙期ルールと技能検定,"決算—月—多く—は—3月—近い—ため—カレンダー—逆算—が—重要—です—

| 時期 | ルール |
| --- | --- |
| 決算2か月前 | 学科70％×2回達成目標 |
| 決算1か月前 | 新規テキスト停止 |
| 決算月 | 一問一答10問/日のみ |
| 決算翌月 | 50％時間で再開 |
| 翌々月 | 本来ペース復帰 |

技能検定—は—タックス—だけ—では—足り—ません—第16週—から—90分—通し—65点—×2回—を—記録・分析タブ—で—確認—して—から—11,700円—申込—相続—弱点—なら—関連記事—「FP2級・相続分野の対策」保険—弱点—なら—「FP2級・リスク管理分野の頻出論点と暗記の仕方」も—参照—してください—",,,経理職はFP2級をどれくらいの期間で合格できますか？,簿記—2級—相当—なら—160時間—週8時間—×20週—が—目安—です—完全—未経験—なら—200〜300時間—週8時間—×25〜30週—タックス—だけ—早く—ても—技能検定—相続—保険—で—足切れ—し—ます—例えば—第12週—時点—で—6科目—正答率—を—記録・分析タブ—に—入力—し—最低—2科目—を—特定—して—から—後半—配分—を—決め—て—ください—,タックス章は仕事で分かるので飛ばしてよいですか？,飛ばし—すぎ—は—非推奨—です—演習—量—は—減らせ—ます—タックス—20問—で—16問—以上—80％—なら—週2時間—維持—12問—未満—なら—4週—24時間—ドリル—個人—の—譲渡—累進—税額—控除—は—法人—税—と—式—が—違う—ため—当サイト—タックス—20問—で—確認—して—から—短縮—判断—してください—,compare-fp2-vs-bookkeeping:FP2級と簿記3級、どちらを先に取るべきか？;field-tax-overview:FP2級・タックス分野の勉強法｜所得税・住民税の優先順位;field-inheritance-overview:FP2級・相続分野の対策｜相続税・贈与税の論点整理,経理部の繁忙期に勉強を続けるコツは？,"新規—インプット—を—止め—習慣—だけ—維持—します—決算—月—は—一問一答—10問—/日—×30日—＝300問—相当—の—維持—で—十分—翌月—から—以前—の—50％—時間—に—戻し—再来月—本来—ペース—例えば—3月—決算—なら—1〜2月—CBT—受験—4月—から—技能検定—集中—も—選択肢—学科—だけ—先—合格—後日—技能検定—6,000円—前後—要綱—確認—してください—"
attr-fp-practitioner,属性別・状況別,FP3級取得者・AFP修了者のFP2級｜実務経験と試験のギャップ,FP3級取得者・AFP修了者のFP2級を、実務と試験のギャップ、3級経由とAFP経由の差、相続・技能検定の弱点、24週200時間計画、AFP・CFPとの順番まで具体例で整理します。,3級—AFP—修了者—は—用語—に—自信—が—あって—も—2級—では—相続—計算—技能検定90分—で—足切れ—し—やすい—です—本記事—では—実務—と—試験—の—ギャップ—と—24週—計画—を—整理—します—,用語は活かせる—相続・不動産・技能検定は別途200時間;3級経由は定着4〜8週—AFP経由は一問一答20時間で穴確認;実務経験2年ルートは提案型は強い—計算は演習必須;学科7割・技能検定3割—第16週から90分通し;申込前は70％×2回・65点×2回,54,属性別;FP3級;AFP;FP2級;実務,FP2級マスター編集部,資格学習サイトの編集チーム,公式情報確認担当,公開前に一次情報との照合を行う担当者,2026-06-16,日本FP協会（公式）|https://www.jafp.or.jp/exam/outline/,参照: FP2級要項・当サイト120問。FP3 attr-fp3-fp2-consecutive・compare-fp3-vs-afp を2級向け再執筆。,読了後は、自分のルートで何が足りないか把握でき、たとえば3級70％なら相続4週20時間—技能検定週2時間—と弱点配分を直せます。,"要綱で自分の受検資格行（3級・AFP・実務2年）を確認;6科目演習20問ずつ正答率—記録・分析タブ;弱点2科目を特定—相続・技能検定を優先チェック;第9週から2級テキスト週8時間—第16週技能検定;70％×2回・65点×2回を満たしてから11,700円申込",試験要項・AFP制度改定時に本文と参照元を見直します。,2026-06-16,2026-07-16,2026-06-16,published,2026-06-16: FP2サイト45本目。3級AFP・実務ギャップ・24週計画。,3級・AFP修了者にとって2級の位置づけ,3級—合格—または—AFP—認定—研修—修了—は—2級—受検—資格—の—入口—の—1つ—です—要綱—で—該当—行—を—確認—してください—2級—は—追加—200〜300時間—学科120分—＋—技能検定90分—3級—100時間—の—延長—では—なく—深さ—と—提案—型—の—別—試験—です—例えば—3級—演習—75％—でも—2級—初回—学科—55〜60％—技能検定—58点—は—正常—ギャップ—を—恐れ—ず—弱点—科目—に—時間—を—配分—してください—,実務・研修で足りる範囲と試験で足りない範囲,"実務—AFP—研修—と—2級—試験—の—重なり—は—限定的—です—

| 領域 | 実務・研修 | 2級で追加必要 |
| --- | --- | --- |
| 保険用語 | 接点あり | 2級の特約・変額 |
| 提案の型 | AFPで触れる | 技能検定90分の速度 |
| 相続 | 浅い概要 | 6段階計算・図解 |
| 不動産 | 商品説明 | 建ぺい・譲渡計算 |
| タックス | 個別相談 | 累進・複合所得 |
| 210分持久力 | 研修なし | 連続通し必須 |

例えば—保険—営業—5年—でも—相続—演習—20問—10問—以下—なら—4週—20時間—相続—ドリル—を—先—に—「仕事—で—分かる—」—は—学科—60％—ライン—では—通用—し—ません—",3級経由 vs AFP経由—ギャップの違い,"入口—ルート—で—弱点—が—変わり—ます—

| ルート | 活かせる点 | つまずきやすい点 |
| --- | --- | --- |
| 3級合格 | 6科目の地図・合格番号 | 相続・技能検定 |
| AFP修了 | 提案書・実務用語 | 学科の深い計算 |
| 実務2年 | 顧客対話・商品 | 試験形式・210分 |

3級—経由—は—定着—4〜8週—一問一答—維持—から—2級—テキスト—AFP—経由—は—修了—直後—一問一答—20時間—で—用語—穴—確認—実務—2年—ルート—は—技能検定—提案—は—早い—一方—相続—タックス—計算—は—演習—必須—ルート—比較—は—関連記事—「FP2級はAFP経由と3級経由、どちらが効率いい？」も—参照—してください—",24週200時間—弱点先取りロードマップ,"3級—AFP—いずれ—も—共通—の—24週—例—

| 週 | 内容 | 時間 |
| --- | --- | --- |
| 1〜4 | 定着 or 穴確認＋一問一答 | 週5時間 |
| 5〜12 | 2級テキスト6科目 | 週8時間 |
| 13〜16 | 当サイト120問＋弱点科目 | 週8時間 |
| 17〜20 | 学科120分通し | 週8時間 |
| 21〜24 | 技能検定65点×2回 | 週8時間 |

弱点—が—相続—なら—第5〜8週—を—相続—4週—20時間—に—差し替え—保険—得意—なら—リスク—週2時間—維持—に—減らし—浮き—を—相続—不動産—へ—3級—から—の—全体—タイミング—は—関連記事—「FP3級合格後にFP2級へ進むタイミング」も—参照—してください—",技能検定—実務と試験のズレ,"AFP—研修—の—提案書—と—2級—技能検定—40問—90分—は—形式—が—違い—ます—

| 項目 | 実務・AFP | 2級技能検定 |
| --- | --- | --- |
| 時間 | 数日〜数週 | 90分 |
| 形式 | 添削・讨论 | CBT記述 |
| 配点 | 提案の質 | 設問ごと |
| 演習 | 研修課題 | 公式テキスト必須 |

例えば—実務—3年—でも—技能検定—初回—58点—は—珍しく—あり—ません—第16週—から—90分—通し—週2回—65点—×2回—を—記録・分析タブ—で—確認—当サイト—は—学科—のみ—詳細—は—関連記事—「FP2級技能検定の形式と対策」も—参照—してください—",AFP・CFPとの順番—2級をどこに置くか,"AFP—登録—後—CFP—6課目—を—目指す—場合—2級—の—位置—は—目的—次第—

| 目的 | 2級の優先度 | 目安 |
| --- | --- | --- |
| 技能士として前面 | 高—AFP後1年目 | 週6時間×35週 |
| CFP優先 | 中—6課目合間 | 週4時間維持 |
| 家計のみ | 低—急がない | 任意 |
| 転職・就活 | 高—入社前 | 200時間集中 |

例えば—AFP—登録—2027年—CFP—1課目—2028年—なら—2級—は—2027年—後半—週6時間—×30週—か—CFP—2課目—合格—後—に—ずらす—週12時間—未満—なら—1資格—ずつ—順番—受検—資格—表—は—関連記事—「FP2級の受検資格は？」も—参照—してください—",,,AFP修了直後に2級を受けるべきですか？,週8時間—×25週—確保—でき—CFP—申込—予定—が—なければ—有効—です—修了—直後—は—用語—は—活き—ます—が—学科—深い—計算—は—別—一問一答—20時間—で—穴—確認—後—2級—テキスト—CFP—1課目—が—3か月—以内—なら—2級—は—CFP—後—に—ずらし—週12時間—以上—なら—並行—も—検討—できます—,3級70％でも2級で足りますか？,3級—70％—は—2級—の—十分—条件—では—あり—ません—2級—独自—の—追加—200時間—と—演習—70％—×2回—65点—×2回—が—必要—です—例えば—3級—タックス—80％—でも—2級—相続—50％—なら—相続—4週—20時間—を—先—定着—4〜8週—は—一問一答—週20問—のみ—2級—テキスト—は—開か—ない—方が—安全—です—,attr-fp3-to-fp2:FP3級合格後にFP2級へ進むタイミングと学習計画;compare-fp2-vs-afp-route:FP2級はAFP経由と3級経由、どちらが効率いい？;fp2-practical-exam-guide:FP2級技能検定の形式と対策｜事例問題の進め方,実務2年ルートと3級ルート、2級学習は違いますか？,演習—配分—が—変わり—ます—実務—2年—ルート—は—技能検定—提案—が—早い—一方—相続—タックス—計算—は—3級—未経験—と—同様—に—弱い—こと—が—多い—例えば—実務—2年—申告—後—第1〜8週—相続—タックス—各—週4時間—第16週—から—技能検定—通し—虚偽—申告—は—合格—取消—リスク—要綱—原文—で—対象—業務—を—確認—してください—
attr-side-business,属性別・状況別,副業・フリーランスがFP2級を取る意味｜税務と関連法規,副業・フリーランスのFP2級を、自分用とビジネス用の線引き、タックス・相続・技能検定の重点、収入変動期の24週計画、プロフィール表記、受検資格ルートまで具体例で整理します。,副業—フリー—に—2級—は—有料—助言—の—免許—では—あり—ません—自分—の—申告—保険—相続—と—説明力—の—底上げ—が—中心—です—本記事—では—税務—関連—法規—と—24週—計画—を—整理—します—,2級合格≠個別助言・勧誘可能—表記は学習済みまで;優先はタックス・ライフプラン—副業所得・社保;収入変動期は閑散期に週8時間—繁忙期10問/日;受検資格は3級・AFP・実務2年—要綱確認;200〜300時間—申込前70％×2回・65点×2回,55,属性別;副業;フリーランス;FP2級;タックス,FP2級マスター編集部,資格学習サイトの編集チーム,公式情報確認担当,公開前に一次情報との照合を行う担当者,2026-06-16,日本FP協会（公式）|https://www.jafp.or.jp/exam/outline/,参照: FP2級要項・当サイト120問。FP3 attr-side-business-freelance を2級向け再執筆。税務・コンプライアンス・24週。,読了後は、2級を自分用かビジネス用か決め、たとえば副業50万円ならタックス10問確認—閑散期週8時間×24週—と計画を組めます。,"就業規則・兼業届で資格名外部使用可否を確認;副業所得・給与の有無で優先科目を1枚に;閑散期8週×週8時間をカレンダー確保;第16週から技能検定90分通し—公式テキスト;70％×2回・65点×2回を記録・分析タブで確認してから11,700円申込",試験要項・税制改正時に本文と参照元を見直します。,2026-06-16,2026-07-16,2026-06-16,published,2026-06-16: FP2サイト46本目。副業フリー・税務・コンプライアンス・24週。,副業・フリーに2級が効く理由と限界,フリー—ランス—は—収入—税金—保険—年金—を—自分—で—設計—する—場面—が—多く—2級—6科目—は—生活—実験—として—相性—が—良い—です—一方—合格証—だけ—では—有料—投資—助言—保険—募集—個別—提案—は—でき—ません—活かし—方—は—3点—①—自分—の—青色—申告—iDeCo—②—クライアント—への—資金—計画—共通—言語—③—プロフィール—信頼—補助—2級—は—200〜300時間—技能検定—90分—3級—より—負荷—大—です—,働き方別—優先すべき6科目,"仕事—形態—で—厚く—する—章—が—変わり—ます—

| 働き方 | 優先科目 | 2級で深い点 |
| --- | --- | --- |
| 会社員副業 | タックス、ライフプラン | 給与＋副業の複合 |
| 個人事業 | タックス、リスク管理 | 確定申告・保険 |
| 収入変動大 | ライフプラン、金融 | CF表・貯蓄 |
| 不動産副業 | 不動産、タックス | 譲渡・固定資産税 |

例えば—副業—所得—50万円—給与—源泉—あり—なら—タックス—章—の—複合—所得—を—当サイト—演習—10問—確認—会社員—副業—は—就業—規則—兼業—届—で—FP—名義—外部—発信—可否—を—先—に—確認—してください—",収入変動期—24週200時間の設計,"月—ごと—の—稼働—ぶれ—に—合わせ—閑散期—追い込み—が—現実的—

| 週 | 重点 | 目安 |
| --- | --- | --- |
| 1〜8 | タックス＋ライフプラン | 閑散期週8時間 |
| 9〜16 | リスク＋金融＋120問 | 繁忙期週3時間 |
| 17〜20 | 相続・不動産 | 閑散期週8時間 |
| 21〜24 | 技能検定＋学科通し | 週6〜8時間 |

例えば—1月—閑散—週8時間—×4週—＝32時間—3月—繁忙—一問一答—10問—/日—週2時間—総—200時間—CBT—は—閑散期—終わり—に—予約—社会人—向け—固定—枠—は—関連記事—「社会人のFP2級独学」も—参照—してください—",税務・関連法規—2級で深くなる点,"確定—申告—経験—が—あって—も—2級—タックス—は—別—レイヤー—です—

| 論点 | 副業実務 | 2級試験 |
| --- | --- | --- |
| 副業所得 | 経費帳簿 | 給与との合算 |
| 住民税 | 通知書 | 所得割の計算 |
| 譲渡所得 | 不動産売却 | 短期長期・特例 |
| 相続 | 親の話題 | 6段階計算 |
| 保険 | 契約実務 | 生命・損保の正誤 |

例えば—青色—申告—65万—控除—の—要件—は—実務—と—試験—正誤—が—別—当サイト—タックス—20問—で—65％—以上—を—確認—して—から—短縮—詳細—は—関連記事—「FP2級・タックス分野の勉強法」「FP2級の税金計算問題」も—参照—してください—",プロフィール・SNS—コンプライアンス,"2級—合格—後—の—表記—目安—

| 書いてよい例 | 避けるべき例 |
| --- | --- |
| FP2級合格（20XX年） | 資産運用を代行します |
| 家計・資産の基礎学習済 | 保険の最適プラン提案 |
| 資金計画の一般知識 | 投資で儲ける方法を教えます |

note—で—学習—メモ—や—確定—申告—体験—記—は—問題—になり—にくい—有料—個別—相談—は—別—資格—登録—が—必要—3級—より—2級—名乗り—で—誤解—され—やすい—ため—「技能士—として—の—業務—範囲—外—」—を—心がけ—て—ください—",受検資格—3級からか2級直攻か,"2級—CBT—には—受検—資格—が—必要—

| ルート | 条件 | フリー向け |
| --- | --- | --- |
| 3級合格 | 合格番号 | 就活前に取りやすい |
| AFP修了 | 研修完了 | 会社負担時 |
| 実務2年 | FP関連業務 | 要綱で自己確認 |

3級—なし—フリー—なら—3級—100時間—→—定着—→—2級—200時間—が—安全—実務—2年—ルート—は—対象—業務—か—要綱—原文—で—確認—虚偽—申告—は—合格—取消—リスク—資格—表—は—関連記事—「FP2級の受検資格は？」3級—から—なら—「FP3級合格後にFP2級へ進むタイミング」も—参照—してください—",,,フリーランスは2級の学習時間をどう確保しますか？,週5時間—基準—閑散期—に—週8時間—へ—増やす—方法—が—現実的—です—総量—200〜300時間—なら—閑散—8週—×8時間—＋—通常—16週—×5時間—＝144時間—以降—追い込み—例えば—月—火—21時—90分—日曜—180分—を—閑散期—だけ—固定—繁忙期—は—一問一答—10問—/日—週12時間—超—本業—と—合算—なら—受験—月—1か月—延ばし—て—ください—,副業プロフィールにFP2級と書いて大丈夫ですか？,合格—事実—の—記載—は—一般—に—問題—になり—にくい—です—「FP2級—（日本FP協会）—20XX年—合格—・—家計—設計—基礎—学習—済—」—まで—「相談—承り—ます—」「—運用—代行—」—は—避け—て—ください—会社員—副業—は—就業—規則—で—資格—名—外部—使用—制限—あり—クラウド—ソーシング—規約—も—確認—してください—,field-tax-overview:FP2級・タックス分野の勉強法｜所得税・住民税の優先順位;faq-fp2-eligibility:FP2級の受検資格は？3級合格だけでは足りない条件;attr-working-adult:社会人のFP2級独学｜週10時間×6か月の現実スケジュール,タックス章は確定申告経験があれば飛ばせますか？,飛ばし—すぎ—は—非推奨—です—実務—は—帳簿—中心—試験—は—給与—譲渡—相続—複合—が—出—ます—演習—20問—で—16問—以上—80％—なら—週2時間—維持—12問—未満—なら—4週—24時間—ドリル—浮き—時間—は—相続—リスク—技能検定—へ—フリー—は—技能検定—58点—止まり—も—多い—ため—第16週—から—90分—通し—を—忘れ—ない—で—ください—
attr-senior-50s,属性別・状況別,50代・60代がFP2級を取る意味｜相続・老後資金と学習ペース,50代・60代のFP2級受験を、相続・老後資金・保険見直しとの相性、週4〜6時間×28週の学習ペース、210分CBTの体力対策、受検資格ルート、合格後の活用まで具体例で整理します。,2級—に—年齢—上限—は—なく—50代—60代—も—受験—できます—相続—老後—保険—が—学習—動機—になり—やすい—一方—200〜300時間—学科120分—＋—技能検定90分—＝—約210分—と—負荷—は—3級—より—大きい—です—本記事—では—現実的—な—週次—ペース—と—体力—対策—を—整理—します—,相続・ライフプラン・リスクが生活実感と結びつきやすい;200〜300時間—週5時間×28週が現実的ライン;210分通しは試験3週前から短縮→フル2回;受検資格は3級・AFP・実務2年—要綱確認;申込前70％×2回・65点×2回,56,属性別;50代;60代;FP2級;相続,FP2級マスター編集部,資格学習サイトの編集チーム,公式情報確認担当,公開前に一次情報との照合を行う担当者,2026-06-16,日本FP協会（公式）|https://www.jafp.or.jp/exam/outline/,参照: FP2級要項・当サイト120問。FP3 attr-senior-50s-60s を2級向け再執筆。210分・28週・相続重点。,読了後は、自分のペースで受験月を決め、たとえば週5時間×28週—第1〜12週相続・ライフプラン厚め—第16週から技能検定—と計画を組めます。,"受験目的（相続・保険・再就労）を1行で書き優先2科目を決める;週5時間×28週＝140時間をカレンダーに固定;第1〜8週は相続・ライフプラン・リスク各週3時間;第13週から当サイト学科過去問—第16週技能検定90分通し;70％×2回・65点×2回を記録・分析タブで確認してから11,700円申込",試験要項・CBT制度改定時に本文と参照元を見直します。,2026-06-16,2026-07-16,2026-06-16,published,2026-06-16: FP2サイト47本目。50代60代・210分・28週・相続重点。,50代・60代が2級を学ぶ意味,就活—主目的—で—ない—世代—では—2級—の—価値—は—資格—名—より—家計—老後—相続—を—自分—で—読める—点—に—あり—ます—相続—6段階—計算—生命—保険—iDeCo—NISA—住宅—ローン—を—一—枠—で—整理—でき—ます—再就労—パート—転職—なら—履歴書—に—合格—年月—を—書ける—メリット—も—あり—ます—2級—は—200〜300時間—技能検定—必須—3級—100時間—より—倍—規模—です—年齢—制限—の—有無—は—要綱—で—再確認—してください—,この世代向け—厚く学ぶ6科目,"6科目—すべて—出題—範囲—です—が—生活—に—近い—章—から—入る—と—続き—やすい—です—

| 科目 | 50代・60代で特に効く論点 |
| --- | --- |
| ライフプラン | 年金、老後資金、ローン |
| リスク管理 | 生命・医療・介護保険 |
| 相続 | 6段階計算、贈与、遺言 |
| タックス | 譲渡所得、医療費控除 |
| 金融資産 | NISA、分配金、リスク |
| 不動産 | 固定資産税、売却 |

例えば—第1〜10週—は—上表—の—上4科目—に—週4時間—第11週—から—金融—不動産—を—各—週2時間—追加—相続—章—は—2級—で—計算—が—深い—ため—関連記事—「FP2級・相続分野の対策」で—演習—を—厚く—すると—安心—です—",週4〜6時間×28週の学習ペース,"長年—仕事—から—離れ—て—いる—方—でも—週5時間—を—28週—確保—でき—れば—140時間—に—届き—200時間—へ—追い込み—可能—です—

| 週時間 | 200時間到達 | 向いているリズム |
| --- | --- | --- |
| 4時間 | 約50週（1年） | ゆっくり確実 |
| 5時間 | 約40週（10か月） | 平日午前＋土曜 |
| 6時間 | 約34週（8か月） | 定年前集中 |
| 8時間 | 約25週（6か月） | 再就職前短期 |

残り—28週—で—週5時間—なら—第1〜12週—テキスト—と—一問一答—第13週—から—当サイト—学科—過去問—週25問—第16週—から—技能検定—90分—通し—週1回—火—水—金—午前—60分—と—土曜—90分—を—同—枠—で—守る—と—途中—停止—を—防げ—ます—",210分CBT—体力と操作の対策,"2級—CBT—は—学科—60問—120分—の—後—技能検定—40問—90分—を—同日—受け—ます—合計—約210分—3級—150分—より—長い—ため—直前—の—通し—慣れ—が—必要—です—

| 時期 | 演習 | 目的 |
| --- | --- | --- |
| 3週前 | 学科45分＋技能検定45分 | 短縮通し |
| 2週前 | 学科60分＋技能検定60分 | 中間通し |
| 1週前 | 120分＋90分フル通し | 本番再現 |

60代—で—PC—操作—に—不安—が—ある—場合—は—第10週—から—当サイト—演習—を—PC—ブラウザ—で—行い—画面—電卓—の—小数—入力—を—週3回—練習—持ち込み—電卓—不可—は—関連記事—「FP2級の試験で電卓は使える？」も—参照—技能検定—全体—は—「FP2級技能検定の形式と対策」も—参照—してください—",受検資格—50代・60代の入口,"2級—CBT—には—受検—資格—が—必要—です—

| ルート | 条件 | シニア向け |
| --- | --- | --- |
| 3級合格 | 合格番号 | 定年前に取得しやすい |
| AFP修了 | 研修完了 | 会社研修・再就労支援 |
| 実務2年 | FP関連業務 | 金融・保険経験者 |

3級—なし—で—相続—だけ—学び—たい—場合—も—試験—では—6科目—すべて—から—出題—さ—れ—ます—3級—100時間—→—定着—4〜8週—→—2級—200時間—が—安全—ルート—です—実務—2年—は—対象—業務—か—要綱—原文—で—確認—詳細—は—関連記事—「FP2級の受検資格は？」も—参照—してください—",合格後の活用—家族・相続・再就労,合格—後—すぐ—に—FP—として—営業—する—必要—は—あり—ません—まず—家族—との—話し合い—で—使え—ます—生命—保険—の—保障—贈与—タイミング—自宅—売却—譲渡—所得—を—用語—で—共有—できる—の—が—実益—です—例えば—60代—夫婦—で—保険—3件—の—受益人—を—30分—で—1枚—の—表—に—整理—2級—で—学んだ—相続—基礎—控除—の—考え方—を—実家—の—話し合い—に—活かせ—ます—再就労—では—「継続—学習—で—2級—取得—」—と—書け—ます—が—誇張—せず—動機—を—正直—に—書く—の—が—おすすめ—CFP—は—実務—と—費用—を—見て—から—検討—してください—,,,60代でも初めて資格勉強で2級合格できますか？,可能—です—年齢—で—受験—資格—外—に—は—なり—ません—金融—未経験—なら—200〜300時間—を—見込み—週5時間—なら—40〜50週—が—目安—です—例えば—4月—開始—週5時間—なら—翌年—2〜3月—CBT—第1〜12週—は—一問一答—多め—に—用語—定着—を—優先—正答率—55％—で—止まる—場合—は—テキスト—増—やさ—ず—復習—タブ—で—ミス—問—解き直し—に—週3時間—割いて—ください—,定年後にゆっくり取る場合、何歳までに受けるべきですか？,"年齢—上限—は—ない—ため—「何歳—まで」—では—なく—週—に—確保—できる—時間—で—決め—て—ください—定年—直後—は—時間—に—余裕—が—出る—一方—旅行—移動—で—計画—崩れ—も—あり—ます—例えば—定年—3月—週6時間—×34週—なら—翌年—1月—CBT—210分—通し—が—不安—なら—演習—通し—を—2回—以上—こなして—から—11,700円—申込—してください—",field-inheritance-overview:FP2級・相続分野の対策｜相続税・贈与税の論点整理;faq-fp2-study-hours:FP2級の勉強時間は何時間？独学の目安と逆算;fp2-practical-exam-guide:FP2級技能検定の形式と対策｜事例問題の進め方,相続対策だけ学びたいのに6科目全部必要ですか？,試験—では—6科目—すべて—から—出題—さ—れる—ため—相続—章—だけ—では—合格—でき—ません—ただし—学習—の—厚み—は—相続—タックス—ライフプラン—に—週70％—を—割り—残り30％—で—他科目—を—一問一答—中心—に—回せ—ます—例えば—28週—計画—の—第1〜10週—は—相続—演習—15問—/週—第16週—から—技能検定—週2時間—固定—合格—後—は—相続—話し合い—に—学習—内容—を—そのまま—使え—ます—
attr-zero-from-fp3,属性別・状況別,金融知識ゼロからFP2級へ｜3級経由の入口と200時間計画,金融知識ゼロからFP2級を目指す手順を、受検資格と3級経由ルート、最初の14日間の行動、6科目の入口順、200〜300時間の逆算、技能検定の切り替え目安まで具体例で整理します。,金融—未経験—から—2級—を—目指す—なら—最初—に—決める—の—は—週—学習—時間—と—200時間—逆算—と—受検—資格—の—入口—です—2級—は—3級—合格—AFP—修了—実務—2年—の—いずれか—が—必要—本記事—では—14日—リスト—と—3級—経由—計画—を—整理—します—,2級直攻は受検資格が壁—3級100時間→2級200時間が定番;第1週は一問一答20問/日—2級テキストは第2週から;入口はライフプラン→リスク→タックス;正答率50％でも正常—演習量を週50問以上に;申込前70％×2回・65点×2回,57,属性別;初学者;FP3級;FP2級;学習計画,FP2級マスター編集部,資格学習サイトの編集チーム,公式情報確認担当,公開前に一次情報との照合を行う担当者,2026-06-16,日本FP協会（公式）|https://www.jafp.or.jp/exam/outline/,参照: FP2級要項・当サイト120問。FP3 attr-zero-knowledge-start を2級向け再執筆。3級経由・200時間・14日・技能検定。,読了後は、今日から何をすればよいか分かり、たとえば第1週一問一答100問—3級100時間→定着→2級200時間—と最初の14日と中長期ルートを組めます。,"週学習時間を7日分メモ—300時間÷週時間で受験月逆算;要綱で受検資格行を確認—3級経由か実務2年か決める;第1週一問一答のみ—2級テキストは第8日から1章/日;用語解説1日10個—分からない語だけ確認;第16週から技能検定90分通し—70％×2回・65点×2回で11,700円申込",試験要項・受検資格改定時に本文と参照元を見直します。,2026-06-16,2026-07-16,2026-06-16,published,2026-06-16: FP2サイト48本目。金融ゼロ・3級経由・14日・200時間。,ゼロから2級—最初に決める3つの数字,金融—知識—ゼロ—の—方—が—最初—に—決める—の—は—3つ—です—①—週—学習—時間—②—200〜300時間—到達—まで—の—週数—③—受検—資格—の—入口—2級—CBT—には—3級—合格—AFP—修了—実務—2年—の—いずれか—1つ—が—必要—です—教材—は—2級—テキスト—1冊—＋—当サイト—演習—で—足り—最初—から—3冊—揃える—必要—は—あり—ません—例えば—週6時間—なら—200時間—まで—34週—約8か月—4月—開始—なら—翌年—1月—CBT—の—イメージ—です—詳細—は—関連記事—「FP2級の勉強時間は何時間？」も—参照—してください—,最初の14日間—具体的行動リスト,"最初—2週間—は—インプット—より—手—を—動かす—週—に—します—

| 日 | やること | 時間 |
| --- | --- | --- |
| 1〜3日 | 一問一答20問/日、用語5個 | 各30分 |
| 4〜7日 | 一問一答25問/日、ミス理由1行 | 各40分 |
| 8〜10日 | 2級テキストライフプラン1章/日 | 各50分 |
| 11〜14日 | 一問一答30問/日＋復習 | 各45分 |

14日—間—で—演習—300問—用語—50個—なら—第3週—から—リスク—管理—の—テキスト—に—進め—ます—第2週—終わり—正答率—45〜55％—でも—正常—です—60％—未満—の—原因—多く—は—用語—不明—ミス—問—の—用語—だけ—用語—解説—で—見直し—て—ください—",6科目の入口—読む順番と最初の4週,6科目—を—表紙—順—に—読む—と—相続—計算—で—止まり—やすい—です—初学者—向け—順序—は—①—ライフ—プラン—②—リスク—管理—③—タックス—④—金融—資産—⑤—不動産—⑥—相続—第1〜4週—で—①②③—の—テキスト—1周—各章—終わり—に—当サイト—一問一答—15問—必須—例えば—第3週—日曜—90分—は—生命—保険—用語—10個—＋—一問一答—20問—固定—第5週—から—金融—資産—に—入る—とき—迷い—ません—ライフ—プラン—入口—は—関連記事—「FP2級・ライフプランニング分野の出題傾向と勉強法」も—参照—してください—,挫折しやすい3パターンと対処,ゼロ—から—2級—で—止まり—やすい—の—は—次—3つ—です—①—テキスト—読了—まで—演習—しない—②—正答率—低い—ので—教材—買い足し—③—技能検定—を—最後—まで—放置—対処—は—演習—週50問—以上—教材—1冊—の—まま—第16週—から—技能検定—90分—通し—週1回—例えば—第8週—正答率—52％—演習—180問—なら—新規—購入—せず—復習—タブ—で—ミス—40問—解き直し—に—週3時間—2週—後—58％—まで—上がれ—ば—計画—どおり—です—,3級経由 vs 実務2年—入口の選び方,"金融—ゼロ—なら—入口—は—ほぼ—3級—経由—です—

| ルート | 条件 | ゼロからの目安 |
| --- | --- | --- |
| 3級→2級 | 3級合格番号 | 100h＋200h＝300h |
| AFP→2級 | 研修修了 | 通信数か月＋200h |
| 実務2年→2級 | FP関連業務 | 金融職のみ現実的 |

3級—100時間—合格—→—定着—4〜8週—→—2級—200時間—が—安全—ルート—です—3級—なし—で—2級—テキスト—だけ—読ん—で—も—申込—でき—ません—例えば—4月—開始—週6時間—なら—3級—17週—定着—6週—2級—34週—合計—57週—約14か月—詳細—は—関連記事—「FP2級の受検資格は？」「FP3級とFP2級の違い」「FP3級合格後にFP2級へ進むタイミング」も—参照—してください—",第9週以降—演習中心と技能検定の切替,"第8週—終わり—に—次—を—満たし—たら—第9週—から—過去問—比率—を—上げ—ます—①—累計—演習—200問—以上—②—正答率—55％—以上—③—6科目—の—うち—3科目—以上—で—テキスト—1章—以上—終了—満たさ—ない—場合—第9週—も—一問一答—中心—1週—延長—例えば—第20週—演習—400問—正答率—65％—なら—第21週—から—当サイト—学科—過去問—週30問—第16週—から—技能検定—90分—通し—週1回—70％—×2回—65点—×2回—を—記録—分析—タブ—で—確認—して—から—11,700円—申込—してください—",,,金融用語が全然わかりません。2級テキストから読むべきですか？,第1週—は—一問一答—のみ—が—おすすめ—です—テキスト—は—第8日—から—ライフ—プラン—1章—/日—用語—は—1日—10個—まで—ミス—問—の—語—だけ—用語—解説—で—確認—例えば—14日—で—300問—解い—て—正答率—50％—なら—正常—範囲—です—表紙—から—2級—テキスト—を—読む—と—相続—計算—で—止まり—やすい—ため—避け—て—ください—,3級を飛ばして2級を直接受験できますか？,金融—未経験—なら—ほぼ—不可—です—2級—CBT—には—3級—合格—AFP—修了—実務—2年—の—いずれか—が—必要—ゼロ—から—なら—3級—100時間—→—定着—→—2級—200時間—が—定番—FP—関連—業務—2年—が—あれば—3級—なし—で—2級—のみ—も—可能—ただし—対象—業務—か—要綱—原文—で—自己—確認—が—必要—です—虚偽—申告—は—合格—取消—リスク—あり—ます—,faq-fp2-eligibility:FP2級の受検資格は？3級合格だけでは足りない条件;compare-fp3-vs-fp2:FP3級とFP2級の違い｜難易度・学習時間・受検資格;attr-fp3-to-fp2:FP3級合格後にFP2級へ進むタイミングと学習計画,200時間は本当に必要ですか？もっと短くできませんか？,金融—ゼロ—なら—200〜300時間—は—安全—ライン—です—3級—100時間—相当—の—語彙—が—あって—も—2級—独自—の—相続—計算—技能検定—90分—で—追加—100時間—前後—必要—な—ケース—が—多い—です—短縮—する—なら—演習—正答率—70％—×2回—65点—×2回—を—満たし—た—週—だけ—申込—可能—例えば—第24週—学科—68％—技能検定—62点—なら—4週—延長—し—技能検定—に—週3時間—追加—が—総時間—短縮—より—安全—です—
field-inheritance-calc,分野別対策（6科目別）,FP2級の相続税計算問題｜6段階手順と按分で失点しないコツ,FP2級相続税の計算問題を、6段階手順・法定相続分・基礎控除・按分・税額、CBT画面電卓、定番ミスタグ、3週15時間ドリルまで具体例で整理します。,2級—相続—計算—は—段階—を—飛ばす—と—一問—で—3点—以上—失い—ます—相続人—確定—→—基礎控除—→—課税遺産—→—按分—→—税額—の—6段階—を—紙—なし—で—固定—CBT—画面—電卓—は—段階3—から—入力—が—基本—です—本記事—では—按分—と—税率—表—で—失点—しない—コツ—を—整理—します—,6段階手順を毎問書く—段階1の相続人確定が最多ミス;基礎控除は人数×式—数値はテキスト正本;按分は法定相続分の比率—図解10パターン;1問180秒—超えた段階をタグして解き直し;控除額・税率は受験年度テキストで洗い替え,58,分野別;相続;計算;FP2級,FP2級マスター編集部,資格学習サイトの編集チーム,公式情報確認担当,公開前に一次情報との照合を行う担当者,2026-06-16,日本FP協会（公式）|https://www.jafp.or.jp/exam/outline/,参照: FP2級要項・当サイト120問。FP3 field-inheritance-tax-basic を2級向け再執筆。6段階・按分・税率・3週ドリル。,読了後は、相続計算10問を6段階—で解け、たとえば段階4按分ミス4問—なら翌週図解ドリル10問—と弱点別に配分を直せます。,6段階手順を1枚に—毎問の上に段階番号を書く;法定相続人ツリー10パターン手書き—人数から基礎控除;第1週基礎控除10問—CBT画面電卓180秒/問;第2週按分10問—図解を先に描く;段階4ミスが週3問以上なら按分だけ1週追加,相続税制改正・試験要項改定時に本文と参照元を見直します。,2026-06-16,2026-07-16,2026-06-16,published,2026-06-16: FP2サイト49本目。相続計算6段階・按分・3週ドリル。,2級相続計算—出題の型,相続—計算—の—半数—以上—は—基礎控除—課税—遺産—按分—の—いずれか—を—含み—ます—学科—60問—120分—では—8〜10問—技能検定—でも—遺産—分割—税額—根拠—の—記述—が—出—ます—2級—は—3級—比—で—税率—表—速算—加算—複合—財産—が—増え—ます—例えば—相続—演習—20問—で—10問—50％—なら—本記事—の—3週—ドリル—15時間—を—先—に—他科目—短縮—より—計算—ドリル—増—が—効率的—です—論点—全体—は—関連記事—「FP2級・相続分野の対策」も—参照—してください—,6段階手順—毎問書く順番,"毎問—同じ—手順—を—書いて—から—画面—電卓—に—入り—ます—

| 段 | 計算 | 注意 |
| --- | --- | --- |
| 1 | 法定相続人の確定 | 代襲・養子 |
| 2 | 基礎控除の算出 | 人数を先に数える |
| 3 | 課税遺産総額 | 純資産−基礎控除 |
| 4 | 法定相続分への按分 | 図解比率 |
| 5 | 各人の取得金額 | 非課税枠の加減 |
| 6 | 税額（速算表） | テキストの表 |

段階—1—2—を—飛ばす—と—後半—全部—崩れ—ます—例えば—配偶者—1人—子—2人—なら—まず—人数—3—を—メモ—基礎控除—の—式—は—受験—年度—テキスト—正本—です—",段階1〜3—相続人と基礎控除,段階—1—の—典型—ミス—は—代襲—相続—の—枝—追加—忘れ—と—養子—1人—枠—の—見落とし—です—段階—2—は—人数—×—式—の—型—を—10—パターン—口頭—計算—段階—3—は—純資産—価額—から—基礎控除—を—引き—ます—差額—が—0—以下—なら—相続税—0—申告—不要—の—論点—が—定番—です—例えば—純資産—4000万円—基礎控除—4800万円—なら—課税—遺産—総額—0—還付—では—なく—税額—0—と—答える—練習—を—当サイト—演習—週2回—×5問—で—行って—ください—数値—は—テキスト—写し—古い—年度—の—控除—額—で—練習—しない—で—ください—,段階4〜6—按分と税額,段階—4—は—法定—相続—分—の—比率—を—図—で—描いて—から—課税—遺産—総額—を—按分—します—配偶者—と—子—2人—なら—配偶者—1/2—子—各—1/4—の—型—を—10—ケース—書く—段階—6—は—2級—独自—の—深さ—です—速算—表—の—行—選択—加算—控除—を—テキスト—該当—章—＋—演習—5問—で—固め—ます—段階—1〜5—が—不安—なら—税率—は—後回し—例えば—通し—8問—で—段階—6—だけ—ミス—3問—なら—速算—表—読み—取り—週2時間—追加—技能検定—でも—按分—根拠—を—文章—で—示す—設問—が—出—ます—,CBT画面電卓と定番ミス,"相続—計算—は—桁—数—が—多く—画面—電卓—の—入力—ミス—が—多い—です—

| ミス | 対策 |
| --- | --- |
| 0の個数 | 百万円単位で入力 |
| 按分比率 | 分数→小数で× |
| 括弧順 | 段階ごとに1式 |
| 非課税枠 | 生命保険等は段階5 |

％—キー—は—ない—ため—×0.5—等—小数—入力—1問—180秒—超—えた—段階—番号—を—記録—分析—タブ—に—タグ—付け—翌週—その—段階—だけ—10問—ドリル—電卓—操作—全体—は—関連記事—「FP2級の試験で電卓は使える？」も—参照—してください—",3週15時間ドリルロードマップ,"相続—計算—に—15時間—割く—3週—モデル—です—

| 週 | 内容 | 目標 |
| --- | --- | --- |
| 1 | 基礎控除10問 | 段階2を180秒/問 |
| 2 | 按分10問 | 図解→計算 |
| 3 | 通し8問 | 5問以上65％ |

第3週—末—8問—中5問—63％—以上—なら—当サイト—学科—通し—へ—5問—未満—なら—段階—2—4—の—部分—ドリル—1週—追加—相続—65％—×2週—を—満たし—た—ら—他科目—へ—贈与—税—との—制度—判別—は—関連記事—「FP2級・相続分野の対策」の—贈与—論点—も—並行—して—ください—",,,基礎控除の数値は暗記しますか？,受験—年度—テキスト—の—数値—を—正本—に—してください—全—人数—パターン—の—丸暗記—より—式—の—型—を—優先—です—例えば—人数—3人—パターン—だけ—10回—計算—し—3分—以内—に—基礎控除—まで—到達—できれ—ば—段階—2—は—合格—水準—です—改正—時—は—テキスト—表—を—差し替え—て—ください—,課税遺産総額がマイナスのとき何を答えますか？,純資産—価額—が—基礎控除—以下—なら—相続税—は—かから—ない—正誤—が—定番—です—計算—で—差額—が—マイナス—500万円—に—なって—も—還付—では—なく—申告—不要—税額—0—の—論点—として—扱い—ます—例えば—純資産—4000万円—基礎控除—4800万円—なら—課税—遺産—総額—0円—と—答える—練習—を—当サイト—週2回—×5問—行って—ください—,field-inheritance-overview:FP2級・相続分野の対策｜相続税・贈与税の論点整理;field-tax-calc:FP2級の税金計算問題｜控除・税率で失点しないコツ;faq-fp2-calculator:FP2級の試験で電卓は使える？CBTの操作と練習,税率計算はどこまで勉強すべきですか？,2級—では—段階—1〜5—が—固まっ—て—から—速算—表—に—取り組む—順—が—安全—です—按分—まで—正解—でも—税額—で—失点—する—ケース—は—あり—ます—例えば—通し—8問—で—段階—6—だけ—ミス—3問—なら—速算—表—読み—取り—週2時間—追加—段階—1〜4—が—不安—なら—税率—は—後回し—に—按分—ドリル—10問—を—先—に—こなして—ください—
after-pass-fp2-worth,合格後・活用,FP2級は意味がない？と言われる理由と合格後の有用性,FP2級が「意味がない」と言われる理由と、合格後に実感できる有用性を、期待値のズレ・目的別リターン、後悔パターン、4週還元プラン、AFP・CFPとの位置づけまで具体例で整理します。,合格—後—に—「2級—意味—なかっ—た」—と—感じる—か—「取って—よかった」—か—は—受験—前—の—期待値—で—ほぼ—決まり—ます—2級—は—有料—FP—業務—資格—でも—転職—直結—免許—でも—あり—ません—本記事—では—ズレ—と—還元—の—次—の—一手—を—整理—します—,「意味ない」は業務資格・年収保証の期待とズレたとき;有用性は家計・履歴書・相続語彙・次資格—目的次第;210分・200時間の投資—放置すると実感薄い;金融志望なら2級単体不足—AFP・CFPを中長期で;後悔なら4週還元—収支表・履歴書・次段階,59,合格後;活用;FP2級;キャリア,FP2級マスター編集部,資格学習サイトの編集チーム,公式情報確認担当,公開前に一次情報との照合を行う担当者,2026-06-16,日本FP協会（公式）|https://www.jafp.or.jp/exam/outline/,参照: FP2級要項・AFP/CFP制度概要。FP3 after-pass-worthless-debate を2級向け再執筆。期待値・還元・技能検定投資。,読了後は、自分の合格が意味があったか目的別に判断でき、たとえば転職目的で満足度低ならAFP調査—家計目的なら収支表1週—と次の一手が分かります。,"受験目的を1行で書き—2級の機能と照合;家計収支表作成—固定費削減額を11,700円と比較;履歴書に2級正式名称＋合格月1行;満足度低い目的を特定—次資格か別ルートを1つ選ぶ;合格後4週—収支表→保険→履歴書→次段階",試験要項・認定制度改定時に本文と参照元を見直します。,2026-06-16,2026-07-16,2026-06-16,published,2026-06-16: FP2サイト50本目。意味ない論・期待値・4週還元。,「意味がない」と言われる理由—期待値の3つのズレ,"ネット—で—「2級—意味—ない」—と—言われる—背景—は—次—3点—に—集約—さ—れ—ます—

| よくある期待 | FP2級の実際 | ズレたときの感想 |
| --- | --- | --- |
| 有料FPとして稼ぐ | 技能検定・業務資格ではない | 意味ない |
| 3級より簡単 | 200時間・210分CBT | 難しすぎた |
| 転職・年収UP直結 | 業界・職種次第 | 物足りない |

例えば—金融—転職—だけ—を—目的—に—週10時間—×20週—取得—し—履歴書—1行—だけ—更新—し—た—人—は—「200時間—の—割に—」—と—感じ—やすい—です—一方—相続—話し合い—が—目的—で—6段階—計算—を—実家—の—会議—に—使っ—た—人—は—実感—し—やすい—です—受験—前—の—神話—整理—は—関連記事—「FP2級は難しい？3級との差」も—参照—してください—",合格後に実感できる有用性—目的別のリターン,"合格—後—1〜3か月—で—感じ—やすい—リターン—は—目的—で—違い—ます—

| 目的 | 実感しやすいリターン | 目安 |
| --- | --- | --- |
| 家計整理 | 収支表・保険・相続語彙 | 固定費削減 |
| 転職・就職 | 資格欄1行・学習力 | 週10h×20週 |
| 教養・老後 | 6科目が読める | 相続・年金 |
| 次資格 | AFP・CFPの土台 | 200時間基盤 |

たとえば—家計—目的—で—合格—後—2週間—に—収支表—作成—保険—2契約—整理—で—月—12000円—削減—でき—た—なら—受験—手数料—11,700円—は—初月—で—回収—可能—です—転職—目的—なら—履歴書—1行—＋—学習—実績—1文—を—用意—し—ない—と—実感—が—薄れ—やすい—です—3級—との—差—は—関連記事—「FP3級とFP2級の違い」も—参照—してください—",「意味がなかった」と感じやすいパターン,"合格—後—に—後悔—し—やすい—典型—は—次—4つ—です—

| パターン | 起きやすい状況 | 対処 |
| --- | --- | --- |
| 放置 | 合格後何もしない | 収支表1枚 |
| 期待過多 | 年収・開業期待 | 目的書き直し |
| 技能検定ギリ | 58点台で合格 | 提案型復習 |
| 比較疲れ | CFPと比べる | 2級の役割確認 |

例えば—学科—42点—技能検定—62点—で—合格—後—1か月—テキスト—を—開か—ない—人—は—「暗記—だけ—」—と—感じ—やすい—です—逆に—合格—翌週—から—週2時間—×4週—で—家計—収支表—と—保険—証券—を—読み直し—た—人—は—満足度—が—上がり—やすい—です—210分—CBT—を—乗り切っ—た—学習—継続力—自体—も—履歴書—で—使える—資産—です—",目的別満足度チェック—自分はどちら側か,"次—の—チェック—で—満足度—の—方向—が—見え—ます—

| 質問 | はいなら満足しやすい | いいえなら |
| --- | --- | --- |
| 受験目的を事前に書いたか | 期待値調整済 | 1行で再定義 |
| 合格後家計へ1回還元したか | 実感あり | 収支表1週 |
| 履歴書に載せたか | 転職で使える | 資格欄更新 |
| AFP・CFPを調べたか | 次段階あり | ルート確認 |

たとえば—転職—目的—で—週10時間—×20週—200時間—取得—し—4項目—すべ—て—いいえ—なら—「意味—ない—」—は—資格—では—なく—活用—不足—の—サイン—です—金融—志望—で—2級—だけ—では—不足—と—感じる—なら—関連記事—「FP3級合格後にFP2級へ進むタイミング」「FP2級はAFP経由と3級経由、どちらが効率いい？」で—次—段階—を—確認—してください—",2級とAFP・CFP—「意味」の境界線,"2級—合格—は—AFP—登録—CFP—試験—合格—の—代わり—に—は—なり—ません—制度—は—別—です—

| 資格 | 2級合格で得られるもの | 別途必要なもの |
| --- | --- | --- |
| 2級 | 技能検定合格証 | — |
| AFP | — | 認定研修＋登録 |
| CFP | — | AFP＋6課目＋実務 |

有料—の—個別—資産—設計—助言—を—開業—したい—なら—2級—だけ—では—不可—AFP—研修—登録—各種—法制—上—の—登録—が—別—途—必要—です—家計—目的—だけ—なら—2級—で—十分—な—人—も—多く—CFP—まで—必要—と—感じ—た—時点—で—「意味—ない—」—と—決め—ず—自分—の—目的—行—だけ—切り分け—て—ください—",価値を取り戻す—合格後4週の還元プラン,"後悔—に—近い—気持ち—でも—合格—後—4週—で—還元—すれば—実感—は—戻り—やすい—です—

| 週 | やること | 時間 |
| --- | --- | --- |
| 1 | 収支表作成 | 週3時間 |
| 2 | 保険・相続語彙で家族会議 | 週2時間 |
| 3 | 履歴書・職務経歴書更新 | 週1時間 |
| 4 | AFP調査か家計深化を決定 | 週2時間 |

例えば—第1週—に—固定費—変動費—を—分け—た—収支表—を—作り—通信費—保険—の—見直し—候補—を—洗い出せ—ば—タックス—リスク—相続—章—が—生活—に—接続—さ—れ—ます—転職—活動—中—なら—第3週—に—「2級—技能士—として—の—業務—範囲—外—」—を—面接—で—説明—できる—30秒—要約—を—2回—練習—4週—後—も—実感—薄い—なら—目的—と—資格—の—ミスマッチ—を—認め—次—の—1本—は—関連記事—履歴書—名刺—等—で—還元—を—続け—て—ください—",,,合格したのに「意味がなかった」と感じます。普通ですか？,普通—に—起き—ます—特に—転職—年収—開業—を—期待—し—200時間—投資—し—た—のに—履歴書—1行—だけ—で—終わっ—た—場合—です—資格—の—機能—は—家計—判断—語彙—学習—継続—の—証明—に—偏っ—て—い—ます—1週間—収支表—作成—と—資格欄—更新—だけ—でも—印象—は—変わり—ます—それ—でも—足り—なければ—目的—行—の—書き直し—を—先—に—してください—,周りに「FP2級なんて意味ない」と言われました。どう受け止めればいいですか？,相手—の—期待—が—「稼げる—FP—」—か—「簡単—資格—」—か—で—答え—が—変わり—ます—2級—は—200〜300時間—210分—CBT—技能検定—を—含む—国家—資格—級—技能—検定—です—有料—助言—の—免許—では—あり—ません—反論—より—自分—の—目的—行—と—合格—後—還元—実績—を—1行—で—説明—できれ—ば—十分—です—例えば—「相続—基礎—控除—まで—家族—で—共有—でき—た—」—など—具体—行動—が—効き—ます—,faq-fp2-difficulty:FP2級は難しい？3級との差とつまずきやすい論点;compare-fp3-vs-fp2:FP3級とFP2級の違い｜難易度・学習時間・受検資格;compare-fp2-vs-afp-route:FP2級はAFP経由と3級経由、どちらが効率いい？,金融業界に行きたいのにFP2級だけでは足りませんか？,足り—ない—場合—が—多い—です—2級—は—基礎—学習—済み—の—シグナル—として—効き—ます—が—外務員—宅建—社内—検定—は—別—です—銀行—保険—証券—志望—なら—募集—要項—の—必須—資格—を—1つ—選び—週—時間—の—60％—を—そちら—に—配分—2級—200時間—は—すで—に—投資—済み—なら—履歴書—1行—＋—面接—30秒—で—還元—し—AFP—は—入社—後—会社—負担—を—確認—して—から—検討—してください—
after-pass-resume,合格後・活用,FP2級合格を履歴書・職務経歴書に書く方法,FP2級合格の履歴書・職務経歴書への書き方を、正式名称・合格月の表記、学科のみ合格時の注意、業界別の載せ方、数値入り実績1文、合格発表後4週の更新手順まで具体例で整理します。,2級—合格—後—履歴書—職務—経歴書—の—どこ—に—何—を—書く—か—で—迷う—人—が—多い—です—基本—は—「FP2級（日本FP協会）20XX年X月合格」—の—ように—団体—と—合格—月—を—セット—学習—中—受験—予定—は—書類—では—弱い—表現—です—本記事—では—表記—例—と—更新—手順—を—整理—します—,正式表記は団体名＋FP2級＋合格月—「2級ファイナンシャル・プランニング技能士」も可;学科のみ合格では「FP2級合格」と書かない—総合合格後に記載;職務経歴書は週10h×20週＋活かした行動1文;金融志望は上段、一般事務は1行で十分;Web合否確認後なら証書未着でも記載可,60,合格後;活用;履歴書;FP2級,FP2級マスター編集部,資格学習サイトの編集チーム,公式情報確認担当,公開前に一次情報との照合を行う担当者,2026-06-16,日本FP協会（公式）|https://www.jafp.or.jp/exam/outline/,参照: FP2級要項・技能士表記。FP3 after-pass-resume-cv を2級向け再執筆。一部合格・210分・正式名称。,読了後は、履歴書・職務経歴書に何をどう書くか分かり、たとえば9月1日書類提出なら7月合格分を資格欄に追記—週10時間×20週と家計改善1文—をセットで用意できます。,CBT-Solutions合否確認日と合格月をメモ—資格欄文案1行;「学習中」「受験予定」表記があれば削除;職務経歴書に週○時間×○週＋活かした行動1文;金融志望なら資格欄上段—一般事務は1行で十分;合格証書到着後、氏名・合格月がWeb表示と一致するか照合,試験要項・技能士表記改定時に本文と参照元を見直します。,2026-06-16,2026-07-16,2026-06-16,published,2026-06-16: FP2サイト51本目。履歴書・職務経歴書・一部合格注意。,正式名称と合格月—履歴書の基本1行,"履歴書—の—資格—免許—欄—は—短く—正確—に—書き—ます—

| 要素 | 書く内容 | 例 |
| --- | --- | --- |
| 級 | FP2級（省略不可） | FP2級 |
| 団体 | 実施団体名 | 日本FP協会 |
| 時期 | 合格月（西暦） | 2027年3月合格 |
| 1行例 | 上記を結合 | FP2級（日本FP協会）2027年3月合格 |

技能士—の—正式—名称—「2級—ファイナンシャル—プランニング—技能士—」—で—書く—場合—も—あり—ます—協会—「技能士—の—表記—について—」—を—要項—と—照合—して—ください—例えば—6月—20日—受験—7月—15日—10時—合否—確認—なら—「2027年—7月—合格—」—と—書き—ます—「FP—技能—検定—合格—」—だけ—では—級—が—伝わり—ません—",書いてよいこと・書かないこと,"合格—前後—で—載せ—方—が—変わり—ます—

| 状況 | 履歴書 | 職務経歴書 |
| --- | --- | --- |
| 総合合格確認済 | 資格欄に合格月 | 資格欄＋実績1文 |
| 受験予定のみ | 書かない | 書かない |
| 一部合格のみ | FP2級合格と書かない | 再受験中と明記しない |
| 証書未着 | 合否確認後なら可 | 同上 |
| 在職中提出 | 人事フォーマット優先 | 簡潔に |

2級—は—学科—36点—以上—かつ—技能検定—60点—以上—の—両方—が—必要—です—学科—だけ—42点—技能検定—58点—の—段階—では—「FP2級—合格—」—と—書か—ない—で—ください—郵送—目安—は—関連記事—「FP2級の合否・結果発表はいつ？」も—参照—してください—",業界・目的別—載せ方の濃さ,"全員—が—同じ—分量—で—書く—必要—は—あり—ません—

| 志望・状況 | 履歴書 | 職務経歴書 |
| --- | --- | --- |
| 銀行・保険・証券 | 資格欄を上段 | 相続・保険理解1文 |
| 一般事務・IT | 1行で十分 | 継続学習力1文 |
| 転職・第二新卒 | 合格月を明記 | 200時間の学習実績 |
| 家計目的のみ | 載せなくても可 | 面接で口頭 |

例えば—生命—保険—営業—志望—なら—「FP2級—（日本FP協会）—2027年—3月—合格—」—に—加え—「週10時間—×20週—で—取得—リスク—管理—章—を—活かし—保障—設計—を—整理—」—と—1文—IT—事務—なら—資格欄—1行—だけ—で—ES—主役—は—業務—スキル—選考—タイミング—全体—は—関連記事—「転職・第二新卒とFP2級」も—参照—してください—",職務経歴書—数値と行動の1文,"職務—経歴書—は—資格—名—だけ—では—埋もれ—ます—学習—量—と—行動—を—セット—に—します—

| パーツ | 書き方 | 避ける表現 |
| --- | --- | --- |
| 資格欄 | 団体名＋合格月 | FP資格取得 |
| 実績1文 | 週○h×○週＋行動 | 勉強しました |
| 数値 | 削減額・演習問数 | 頑張りました |
| 面接用 | 30秒要約 | 長文暗記 |

例えば—在職—中—週10時間—×20週—＝200時間—で—取得—し—た—なら—「在職中、週10時間×20週でFP2級（日本FP協会）2027年4月合格。学習内容を活かし家計固定費を月8000円削減」—と—書け—ます—210分—CBT—を—完走—した—継続力—も—アピール—要素—です—有料—FP—として—相談—承り—ます—等—は—書か—ない—で—ください—",合格直後の更新手順—4週チェックリスト,"合格—発表—後—は—次—の—順—で—更新—します—

| タイミング | やること | 確認 |
| --- | --- | --- |
| 発表10時 | CBT-Solutions合否 | 学科36点・技能検定60点 |
| 発表当日 | 履歴書文案1行 | 団体名・合格月 |
| 1〜2週 | 証書到着・氏名照合 | Webと一致 |
| 提出前 | PDF反映 | 「学習中」削除 |
| 入社後 | 社内システム更新 | 会社形式 |

例えば—7月—15日—発表—9月—1日—就活—解禁—なら—7月—16日—に—資格欄—文案—確定—8月—25日—まで—職務—経歴書—へ—実績—1文—追記—面接—用—30秒—要約—を—2回—練習—カレンダー—に—書いて—ください—",面接30秒—言ってよいこと・避けること,"面接—で—聞か—れた—とき—の—30秒—要約—例—です—

| 言ってよい | 避ける |
| --- | --- |
| 200時間独学で取得 | お金の相談承ります |
| 相続・保険の基礎学習 | 運用代行します |
| 家計改善の具体1件 | FPとして営業します |

例えば—「転職—活動—と—並行—し—週10時間—×20週—で—2級—合格—しました—学習—で—家計—収支表—を—作り—固定費—月8000円—削減—に—活かし—ました—技能士—として—の—業務—範囲—外—の—個別—助言—は—行い—ません—」—2級—の—位置づけ—は—関連記事—「FP2級は意味がない？」も—参照—してください—",,,合格証書が届く前に履歴書に書いても大丈夫ですか？,大丈夫—です—CBT-Solutions—で—総合—合格—を—確認—でき—れば—証書—未着—でも—資格欄—に—合格—月—を—書け—ます—例えば—7月—15日—10時—合否—確認—8月—10日—書類—提出—なら—7月—29日—まで—に—証書—到着—予定—でも—1行—追記—OK—学科—のみ—一部—合格—の—段階—では—書か—ない—で—ください—到着—後—氏名—合格—月—が—Web—と—一致—する—か—照合—してください—,FP2級だけで転職・就活に有利になりますか？,業界—職種—次第—です—金融—機関—志望—なら—基礎—学習—済み—の—シグナル—として—効き—ます—が—外務員—宅建—等—は—別—です—一般—事務—IT—では—資格欄—1行—＋—継続—学習—1文—で—十分—な—こと—が—多い—です—2級—だけ—書い—て—実績—1文—が—ない—と—印象—は—弱い—週10時間—×20週—200時間—と—家計—改善—の—数値—を—添え—て—ください—,after-pass-fp2-worth:FP2級は意味がない？と言われる理由と合格後の有用性;attr-career-change:転職・第二新卒とFP2級｜いつ受験するのが得か;faq-fp2-result-timing:FP2級の結果はいつ？CBT当日と翌月の合格発表,きんざい合格と協会合格で表記は変わりますか？,変わり—ます—実施—団体—が—異なる—ため—履歴書—には—自分—が—受験—した—団体—名—を—書き—ます—日本FP協会—CBT—なら—「FP2級—（日本FP協会）—」—きんざい—ルート—なら—要項—の—正式—名称—に—合わせ—て—ください—両方—の—合格—証—を—持っ—て—い—ても—履歴書—に—2行—並べ—る—必要—は—あり—ません—最新—の—1つ—を—正—として—書き—ます—詳細—は—関連記事—「FP2級は日本FP協会と金融財政事情研究会、どちらで受ける？」も—参照—してください—
after-pass-cfp-route,合格後・活用,AFPとCFP®への道：FP2級合格後の上位資格ルート,FP2級合格後のAFP・CFP®上位ルートを、4E要件、12〜36か月のステップ表、6課目試験、エントリー研修、通算3年実務、目的別の分岐まで具体数字で整理します。,2級—合格—後—「次—は—AFP—その—先—CFP®」—と—考える—人—は—多い—です—2級—は—技能検定—AFP—は—研修—＋—登録—CFP®—は—6課目—試験—＋—実務3年—と—段階—が—変わり—ます—2級—合格—は—AFP—の—必須—前提—では—あり—ません—本記事—では—12〜36か月—の—地図—を—整理—します—,2級→AFP→CFP®は段階が違う—2級合格はAFPの必須前提ではない;AFPは認定研修修了＋協会登録—履歴書は登録後が前面;CFP®はAFP登録者が6課目試験＋エントリー研修＋通算3年実務;CFP試験は年2回（6月・11月）—1課目ずつか一括かは学習量で選択;家計目的だけなら2級で十分—CFP®は中長期の業務志望向け,61,合格後;活用;AFP;CFP;FP2級,FP2級マスター編集部,資格学習サイトの編集チーム,公式情報確認担当,公開前に一次情報との照合を行う担当者,2026-06-16,日本FP協会（公式）|https://www.jafp.or.jp/;日本FP協会 AFP制度|https://www.jafp.or.jp/exam/afp/,参照: 日本FP協会 AFP制度・CFP®4E要件・資格審査試験要項。FP3 after-pass-afp-cfp-route を2級合格後向け再執筆。210分・技能検定・AFP12か月・CFP6課目。,読了後は、自分がAFP・CFP®のどこから何をすべきかが分かり、たとえば2級2027年3月合格・金融機関7月入社なら9月AFP研修調査→翌年2月登録→入社2年目からCFP®1課目—と36か月カレンダーを組めます。,目的を1行で書き（就活・業務・家計）—CFP®まで必要か切り分ける;協会AFP制度・CFP®4E要件の公式表を保存し受検資格を確認する;2級合格後8週、学科70％×2回を維持したうえでAFP研修費・会社負担を調査;AFP登録後はMyページで継続教育期間と15単位要件をメモする;CFP®志望なら実務3年の積み方とみなし実務研修の有無を協会案内で確認,試験要項・AFP/CFP制度改定時に本文と参照元を見直します。,2026-06-16,2026-07-16,2026-06-16,published,2026-06-16: FP2サイト52本目。AFP・CFP上位ルート・4E・12〜36か月。,全体像—2級・AFP・CFP®の位置づけと4E,"3つ—の—名称—が—並ぶ—と—混同—し—やすい—ため—表—で—整理—します—

| 資格 | 性質 | 主な取得方法 |
| --- | --- | --- |
| FP2級 | 技能検定 | 学科60問120分＋技能検定90分・11,700円 |
| AFP | 協会認定 | 研修修了＋登録 |
| CFP® | 協会認定（上位） | 6課目試験＋研修＋実務3年 |

CFP®—は—4E—教育—試験—経験—倫理—に—基づき—ます—例えば—210分—CBT—で—2級—合格—して—も—AFP—登録—は—自動—では—付き—ません—逆に—2級—なし—で—AFP—研修—に—入る—ルート—も—制度上—は—あり—得—ます—2級—と—AFP—の—入口—比較—は—関連記事—「FP2級はAFP経由と3級経由、どちらが効率いい？」も—参照—してください—",ステップ1—2級合格後からAFPへ（12か月モデル）,"AFP—は—FP—業務—の—入口—として—よく—選ばれ—ます—2級—合格者—の—現実的—な—進め方—です—

| 月 | 内容 | 目標 |
| --- | --- | --- |
| 合格〜8週 | 2級知識の定着・家計実践 | 学科70％×2回維持 |
| 2か月目 | AFP研修機関・費用調査 | 会社負担の有無 |
| 3〜4か月目 | 研修申込・受講準備 | 週6時間確保 |
| 6〜9か月目 | AFP研修受講 | 修了 |
| 10〜12か月目 | AFP登録手続き | 登録完了 |

たとえば—2027年—3月—15日—2級—総合—合格—なら—5月—まで—当サイト—学科—過去問—で—70％—維持—6月—に—研修費—と—人事—確認—9月—1日—研修—開始—翌年—2月—登録—と—12か月—です—履歴書—表記—は—関連記事—「FP2級合格を履歴書・職務経歴書に書く方法」も—参照—してください—",ステップ2—AFPからCFP®試験へ（6課目）,"CFP®—資格審査—試験—は—AFP—認定者—が—受験—できる—6課目—構成—です—年2回—開催—が—基本—です—

| 課目 | 例 | 試験の型 |
| --- | --- | --- |
| 1 | 金融資産運用設計 | 50問・120分 |
| 2 | 不動産運用設計 | 同上 |
| 3 | ライフ・リタイアメント | 同上 |
| 4 | リスクと保険 | 同上 |
| 5 | タックスプランニング | 同上 |
| 6 | 相続・事業承継 | 同上 |

例えば—AFP—登録—が—2028年—2月—で—週8時間—を—確保—できる—なら—2028年—6月—の—第1課目—から—着手—し—11月—に—第2課目—と—年2回—に—合わせ—て—進める—設計—が—取り—やすい—です—6課目—を—一括—受験—する—選択—も—あり—ます—が—学習量—は—2級—の—数倍—規模—と—見込んで—ください—",ステップ3—CFP®認定（研修・実務3年・登録）,"6課目—すべて—合格—して—も—その—時点—では—CFP®—認定—は—完了—し—ません—残り—の—柱—が—あり—ます—

| 要件 | 内容 | 確認先 |
| --- | --- | --- |
| 試験 | 全6課目合格 | 合格発表 |
| 研修 | CFP®エントリー研修修了 | 協会日程 |
| 実務 | 通算3年以上 | 実務申告 |
| 登録 | 資格登録申請 | Myページ |
| 継続教育 | 30単位/期間 | 更新制度 |

たとえば—6課目—合格—が—2030年—11月—15日—で—実務—が—通算—24か月—なら—あと—12か月—分—を—みなし—実務—研修—や—業務—経験—で—埋める—設計—が—必要—です—実務—経験—の—対象—期間—は—規程—改定—が—あり—協会—案内—で—最新—を—確認—してください—",目的別ルート—金融機関・独立・家計のみ,"全員—が—CFP®—まで—進む—必要—は—あり—ません—目的—で—止める—地点—を—決め—ます—

| 目的 | おすすめの止めどころ | 目安期間 |
| --- | --- | --- |
| 就活・転職 | 2級合格月を先に | 既に合格 |
| 金融機関勤務 | AFP（会社負担あり） | 12〜24か月 |
| FP業務・独立志向 | AFP→CFP®中長期 | 36か月〜 |
| 家計・教養 | 2級で十分なことも | 既に合格 |
| 有料FP志望 | AFP登録後に実務積み | 24か月〜 |

例えば—7月—入社—の—銀行員—なら—入社—6か月—目—の—1月—から—会社—AFP—研修—登録—後—週5時間—で—CFP®—1課目—と—36か月—で—段階—を—置け—ます—家計—だけ—なら—CFP®—は—急が—ず—2級—知識—で—保険—iDeCo—見直し—1件—を—完了—させる—方—が—実感—が—残り—ます—",2級合格直後—AFPとCFP®の優先順位,"2級—合格—直後—に—迷い—やすい—の—は—「AFP—と—CFP®—どちら—を—先—に—動く—か」—です—

| 状況 | 先に動くもの | 理由 |
| --- | --- | --- |
| 入社前・就活中 | 履歴書更新 | 2級合格月を記載 |
| 会社AFP研修あり | AFP申込 | 費用負担・期限 |
| 実務2年未満 | AFP→実務積み | CFP®実務要件 |
| 独立・開業検討 | AFP登録 | 業務上の基盤 |
| 家計目的のみ | 家計実践 | CFP®は不要 |

CFP®—は—AFP—登録—後—の—中長期—目標—です—2級—合格—から—8週—以内—に—AFP—研修—機関—3社—の—費用—比較—と—会社—負担—の—有無—を—確認—し—て—ください—金融—志望—の—全体—像—は—関連記事—「銀行・保険・証券志望者のFP2級｜入社前に取るべきか」も—参照—してください—",,,FP2級合格はAFP取得の必須前提ですか？,必須—では—あり—ません—AFP—認定—研修—は—2級—なし—でも—申し込める—ルート—が—あり—ます—ただし—2級—で—学んだ—相続—タックス—の—語彙—は—AFP—研修—の—理解—を—早め—ます—例えば—210分—CBT—で—2級—合格—直後—なら—8週—定着—後—に—AFP—調査—開始—が—現実的—です—最新—条件—は—協会—AFP—制度—で—確認—してください—,AFPからCFP®まで最短どれくらいかかりますか？,個人差—が—大きく—一概—の—最短—は—言え—ません—試験—は—年2回—6月—11月—6課目—合格—後—に—エントリー—研修—通算3年—の—実務—経験—が—必要—と—複数—の—ゲート—が—あり—ます—たとえば—2028年—2月—AFP—登録—2028年—6月—から—1課目—ずつ—受験—2030年—11月—に—6課目—合格—実務3年—が—2031年—に—揃えば—登録—まで—約36か月—が—理論上—の—一例—です—,after-pass-fp2-worth:FP2級は意味がない？と言われる理由と合格後の有用性;after-pass-resume:FP2級合格を履歴書・職務経歴書に書く方法;attr-financial-job:銀行・保険・証券志望者のFP2級｜入社前に取るべきか,2級合格後すぐAFPに申し込むべきですか？,すぐ—で—なく—て—よい—ケース—が—多い—です—2級—合格—後—8週—当サイト—学科—過去問—で—70％—以上—を—維持—でき—たら—AFP—調査—開始—が—目安—です—例えば—3月—2級—合格—なら—5月—まで—家計—収支表—1件—を—完了—6月—に—研修費—会社—負担—を—確認—9月—AFP—開始—と—空ける—と—2級—知識—が—研修—に—活き—ます—入社—直後—1か月—は—業務—研修—が—優先—の—ため—AFP—申込—は—入社3か月—以降—が—現実的—です—
after-pass-independent,合格後・活用,FP2級取得後に独立・開業はできるか,FP2級合格後の独立・開業可否を、有料助言の線引き・AFP登録ルート・投資助言・保険の別登録、12〜24か月の現実的ステップまで具体数字で整理します。,2級—合格—後—「独立—FP—として—開業—できる—か」—は—よく—ある—質問—です—結論—2級—だけ—では—有料—の—個別—資産—設計—相談—を—業—として—開始—でき—ません—2級—は—技能検定—の—合格—であり—AFP—登録—や—各種—法制—上—の—登録—とは—別—です—本記事—では—12〜24か月—の—現実的—ステップ—を—整理—します—,2級だけでは有料の個別資産設計助言業は開始できない;独立FPの入口はAFP研修＋日本FP協会登録—2級合格は土台になる;投資助言・保険勧誘は別法・別登録—2級では代替できない;家計目的だけなら開業不要—自分の家計実践で十分な人も多い;開業検討なら12〜24か月ロードマップと専門家・協会公式を併用,62,合格後;活用;独立;開業;FP2級,FP2級マスター編集部,資格学習サイトの編集チーム,公式情報確認担当,公開前に一次情報との照合を行う担当者,2026-06-16,日本FP協会（公式）|https://www.jafp.or.jp/;日本FP協会 AFP制度|https://www.jafp.or.jp/exam/afp/,参照: 日本FP協会 FP2級要項・AFP制度概要。FP3 after-pass-independent-practice を2級向け再執筆。210分・技能検定・AFP12か月・別登録。,読了後は、2級合格でいきなり開業できるかが分かり、たとえば独立志向なら2級3月合格→5月AFP調査→9月研修→翌年登録—と次の12か月を自分用カレンダーに書けます。,開業目的を1行で書き、有料相談が必要か家計学習だけかを切り分ける;日本FP協会AFP制度で研修費・期間・登録条件を公式表で確認する;投資助言・保険・税務のどれに触れるかを決め、別途必要な登録をリスト化する;2級合格後8週、学科70％×2回を維持したうえでAFP申込可否を判断する;個別の開業計画は税理士・弁護士・協会窓口で要項と照合する,試験要項・AFP/法制改定時に本文と参照元を見直します。,2026-06-16,2026-07-16,2026-06-16,published,2026-06-16: FP2サイト53本目。独立開業・AFP入口・別登録・12〜24か月。,結論—FP2級だけでは独立FP開業にならない,"よく—ある—誤解—は—「2級—＝—お金—の—相談—で—稼げる—免許—」—です—2級—は—学科120分—＋—技能検定90分—の—技能検定—合格—であり—顧客—から—報酬—を—得て—個別—の—資産—設計—提案—を—行う—業—として—の—登録—とは—別枠—です—

| 項目 | FP2級合格 | 独立FP開業の目安 |
| --- | --- | --- |
| 制度 | 技能検定合格 | AFP登録等が実務の入口 |
| 有料個別相談 | 業として開始不可 | 登録・所属・契約が必要 |
| 学習投資 | 約200〜300時間 | 2級＋AFP＋実務で数百時間 |
| 費用 | 受験料11,700円 | 研修費・登録料が別途 |

例えば—2027年—3月—15日—に—2級—総合—合格—した—直後—開業—まで—最短—12か月—は—AFP—調査—から—と—割り切っ—て—ください—有料—の—投資—助言—保険—提案—は—その—時点—では—別—の—法制—と—登録—が—必要—です—",できること・できないこと—業務別の判断表,"2級—の—知識—を—どこ—まで—外—に—出せる—か—は—業務—の—種類—で—決まり—ます—

| 活動 | 2級だけで可能か | 補足 |
| --- | --- | --- |
| 自分の家計・保険見直し | 可 | 個人利用が主目的 |
| 無料の勉強会・発信（一般論） | 条件付き可 | 個別助言・勧誘は不可 |
| 有料の個別マネー相談 | 不可 | AFP等・業法の確認が必要 |
| 有料の投資助言 | 不可 | 金融商品取引法の登録等 |
| 保険の勧誘・契約 | 不可 | 保険募集人の資格等 |
| 税務代理・確定申告代行 | 不可 | 税理士法等の範囲外 |

たとえば—副業—で—月2回—各90分—の—家計—セミナー—を—無料—公開—する—の—と—1件5000円—で—個別—相談—を—受ける—の—では—法制上—の—扱い—が—異なり—ます—後者—は—2級—だけ—では—開始—でき—ません—副業—の—線引き—は—関連記事—「副業・フリーランスがFP2級を取る意味｜税務と関連法規」も—参照—してください—",独立FPを目指す—AFP登録が実務の入口,"日本—で—「FP—として—活動—する—」—イメージ—に—近い—ルート—は—AFP—認定—研修—と—協会—登録—です—2級—合格—は—AFP—の—必須—前提—では—あり—ません—が—相続—タックス—技能検定—の—土台—に—なり—ます—

| 段階 | 内容 | 目安期間 |
| --- | --- | --- |
| 1 | FP2級合格・定着8週 | 合格〜2か月 |
| 2 | AFP研修機関選定・受講 | 3〜6か月 |
| 3 | AFP登録（協会） | 研修修了後 |
| 4 | 実務・所属 or 独立準備 | 6か月〜 |
| 5 | CFP®等（任意） | 中長期 |

例えば—2級—を—2027年—3月—15日—合格—5月—に—研修費—と—会社—負担—を—確認—し—9月—1日—AFP—開始—翌年—2月—登録—と—12か月—で—入口—まで—進む—計画—が—よく—ある—型—です—AFP—と—CFP®—の—全体—像—は—関連記事—「AFPとCFP®への道：FP2級合格後の上位資格ルート」も—参照—してください—",開業に絡む別登録—投資・保険・税の整理,"独立—FP—と—言っ—て—も—扱う—商品—で—必要—な—登録—が—変わり—ます—2級—の—範囲—を—超える—領域—は—専門家—と—要項—で—確認—してください—

| 領域 | 2級で代替できるか | 確認先の例 |
| --- | --- | --- |
| 有価証券の助言 | 不可 | 金融商品取引法・登録 |
| 生命保険の提案 | 不可 | 保険募集人資格 |
| 損害保険の提案 | 不可 | 損保募集資格 |
| 不動産仲介 | 不可 | 宅地建物取引士等 |
| 税務書類作成 | 不可 | 税理士法の範囲 |
| 家計の一般教育 | 条件付き | 個別勧誘の有無 |

たとえば—2027年—3月—に—2級—合格—投信—を—個別—に—勧める—独立—モデル—なら—2級—＋—AFP—に—加え—登録—調査—に—週5時間—×8週—＝40時間—を—確保—して—投資—助言—業—の—可否—を—別途—確認—します—保険—中心—なら—生命—保険—募集人—の—資格—と—所属—代理店—の—ルール—が—先—に—来—ます—",12〜24か月ロードマップ—開業検討者向け,"いきなり—屋号—登記—より—資格—登録—の—順序—を—固める—方—が—安全—です—

| 月 | 2級合格者の例（3月合格） | 確認 |
| --- | --- | --- |
| 3〜4月 | 2級定着・家計実践1件 | 学科70％×2回維持 |
| 5月 | AFP研修・費用・所属調査 | 協会要項 |
| 6〜8月 | 当サイト学科演習維持（週3時間） | 週20問 |
| 9月 | AFP研修開始 | 週6時間確保 |
| 翌1〜2月 | AFP登録・実務設計 | 登録完了 |
| 翌3月以降 | CFP®・別登録を検討 | 36か月計画 |

例えば—2級—3月—合格—独立—志向—が—強い—なら—翌年—3月—まで—に—AFP—登録—と—CFP®—1課目—調査—を—並べ—24か月—目—で—実務—所属—を—視野—に—入れる—計画—が—現実的—です—家計—目的—だけ—なら—開業—ロードマップ—は—不要—で—iDeCo—保険—固定費—の—見直し—1件—で—十分—な—人—も—多い—です—",2級合格の強み—開業前に活かせる部分,"2級—は—開業—免許—では—ない—一方—で—独立—準備—に—活かせる—強み—が—あり—ます—

| 2級で得たもの | 開業準備での活かし方 |
| --- | --- |
| 210分CBT完走 | 長期学習の継続力の証明 |
| 技能検定40問 | 提案書・ケース設計の予習 |
| 相続・タックス | AFP研修の理解加速 |
| 6科目横断 | 顧客ニーズの切り分け |

例えば—AFP—研修—申込—前—に—2級—技能検定—で—扱っ—た—資産—設計—提案—の—構成—を—1枚—に—まとめ—直す—と—研修—課題—の—着手—が—早く—なり—ます—履歴書—や—面接—では—「週10時間—×20週—で—210分—合格—」—と—数値—で—伝える—と—学習—力—の—シグナル—に—なり—ます—表記—の—詳細—は—関連記事—「FP2級合格を履歴書・職務経歴書に書く方法」も—参照—してください—",,,FP2級合格だけでマネー相談で稼げますか？,2級—合格—だけ—を—根拠—に—有料—の—個別—マネー—相談—を—開始—する—の—は—適切—では—あり—ません—報酬—を—得る—個別—相談—は—AFP—登録—や—金融—保険—税—の—各—法制—の—範囲—内—で—設計—する—必要—が—あり—ます—たとえば—2級—合格—後—すぐ—に—1件5000円—の—個別—相談—を—副業—で—受ける—案—は—止め—まず—AFP—制度—と—副業—規程—を—12週—かけ—て—調査—してください—,独立FPになる最短ルートは何ですか？,一概—の—最短—は—あり—ません—が—よく—ある—型—は—「2級—で—土台—→—AFP—研修—登録—→—実務—で—所属—or—登録—業務—を—整理—→—必要—なら—CFP®—追加—登録—」—です—たとえば—2級—を—2027年—3月—合格—9月—AFP—開始—翌年—2月—登録—なら—入口—まで—約12か月—その—後—投資—保険—の—どちら—を—扱う—か—で—追加—登録—が—変わり—ます—最新—条件—は—日本FP協会—で—再確認—してください—,after-pass-cfp-route:AFPとCFP®への道：FP2級合格後の上位資格ルート;attr-side-business:副業・フリーランスがFP2級を取る意味｜税務と関連法規;after-pass-fp2-worth:FP2級は意味がない？と言われる理由と合格後の有用性,家計セミナーだけなら2級合格で開業できますか？,一般論—の—勉強会—と—個別—の—有料—相談—は—区別—が—必要—です—無料—で—キャッシュフロー表—の—考え方—を—話す—程度—なら—2級—の—学習—成果—を—活かせ—ます—が—参加者—個別—の—商品—勧誘—投資—助言—に—踏み込む—と—別—法制—の—対象—に—なり—ます—例えば—月1回—90分—参加10名—の—無料—セミナー—なら—2級—知識—の—復習—にも—なり—ます—が—その—場—で—保険—加入—投信—申込—を—勧める—運用—は—避け—て—ください—
after-pass-continuing-ed,合格後・活用,FP資格の継続教育・更新制度の仕組み,FP2級合格後の継続教育・更新制度を、2級（更新なし）とAFP15単位・CFP®30単位の要件、必須課目、単位取得方法、証明書3年保管まで具体数字で整理します。,「FP—資格—には—更新—が—ある」—と—聞い—て—も—対象—は—すべて—では—あり—ません—2級—技能検定—合格—証—には—継続—教育—による—更新—義務—は—あり—ません—一方—AFP—CFP®—は—協会—認定—資格—で—期間—ごと—に—単位—取得—と—更新—手続き—が—必要—です—本記事—では—2級—合格者—が—押さえる—切り分け—を—整理—します—,FP2級技能検定合格証—継続教育・更新義務はない（認定資格とは別）;AFP更新—15単位以上・FP実務と倫理1単位以上・3課目以上;CFP®更新—30単位以上・FP実務と倫理2単位以上・3課目以上;継続教育期間は認定者ごとに異なる—Myページ等で自分の期間を確認;単位証明書は取得日から3年保管—超過分の次期繰越は不可,63,合格後;活用;継続教育;更新;AFP;FP2級,FP2級マスター編集部,資格学習サイトの編集チーム,公式情報確認担当,公開前に一次情報との照合を行う担当者,2026-06-16,日本FP協会（公式）|https://www.jafp.or.jp/;日本FP協会 継続教育|https://www.jafp.or.jp/exam/continuing/,参照: 日本FP協会 継続教育・資格更新制度。FP3 after-pass-continuing-education を2級向け再執筆。2級更新なし・AFP15単位・CFP30単位。,読了後は、2級だけ持っている人が更新義務があるか、AFP・CFP®を目指す人が何単位をいつまでに取るかが分かり、たとえばAFP登録後最初の期間が24か月なら月0.6単位＝年7.5単位—と逆算して研修計画を立てられます。,自分が2級のみかAFP・CFP®登録者かを切り分け、更新対象か確認する;AFP・CFP®登録者はMyページで継続教育期間の開始・終了日をメモする;協会「継続教育と資格更新制度」で必要単位数・必須課目表を保存する;研修・スタディグループ等で単位取得時、証明書を取得日から3年間保管する;期間終了の3か月前に単位不足がないか照合し、不足なら追加研修を予約する,継続教育・資格更新制度改定時に本文と参照元を見直します。,2026-06-16,2026-07-16,2026-06-16,published,2026-06-16: FP2サイト54本目。2級更新なし・AFP/CFP単位・期間逆算。,FP2級とAFP・CFP®—更新義務があるのはどれか,"まず—制度—を—分け—て—理解—します—混同—し—やすい—ポイント—です—

| 資格 | 種類 | 継続教育・更新 |
| --- | --- | --- |
| FP2級 | 技能検定合格 | 更新義務なし |
| AFP | 協会認定・登録 | 期間ごとに更新必要 |
| CFP® | 協会認定・登録 | 期間ごとに更新必要 |

例えば—2027年—3月—15日—に—2級—だけ—総合—合格—した—状態—なら—毎年—15単位—を—取る—必要—は—あり—ません—AFP—未登録—の—12か月—間—も—更新—手続き—は—発生—し—ません—履歴書—の—合格—月—も—更新—で—書き換える—制度—では—あり—ません—AFP—登録—後—は—別—ルール—が—適用—さ—れ—ます—",AFP資格更新—15単位と3課目の要件,"AFP—認定者—は—継続—教育—期間—ごと—に—次—の—2系統—を—満たし—ます—単位数—と—課目数—です—

| 要件 | 内容 |
| --- | --- |
| 必要単位 | 15単位以上 |
| 必須課目 | FP実務と倫理 1単位以上 |
| 課目数 | 必須を含む3課目以上 |
| 対象課目 | 実務と倫理＋金融資産等6分野 |
| 期間 | 認定者ごとに異なる |

たとえば—継続—教育—期間—が—24か月—で—15単位—必要—なら—月平均—0.6単位—1日—単位—の—研修—が—2単位—なら—年7回—受講—と—逆算—できます—期間—の—開始—終了—は—Myページ—等—で—本人—確認—が—必須—です—30単位—を—超え—て—取っ—て—も—次—の—期間—へ—の—繰越—は—でき—ません—",CFP®資格更新—30単位と必須課目の変更予定,"CFP®—は—AFP—より—必要—単位—が—多い—です—課目—の—組み合わせ—も—厳しめ—です—

| 要件 | 現行の目安 | 注記 |
| --- | --- | --- |
| 必要単位 | 30単位以上 | 期間内のみ有効 |
| 必須課目 | FP実務と倫理 2単位以上 | 2028/4/1以降新期間は3単位へ |
| 課目数 | 必須を含む3課目以上 | 7分野から選択 |
| 繰越 | 不可 | 超過分は次期に使えない |
| 証明書 | 取得日から3年保管 | 本人管理 |

例えば—期間—が—36か月—30単位—必要—なら—年10単位—2単位—研修—を—年5回—が—ざっくり—の—ペース—です—2028年—4月—1日—以降—に—新た—な—継続—教育—期間—を—開始—する—方—は—「FP—実務—と—倫理—」—必須3単位—へ—の—変更—を—協会—案内—で—確認—してください—",単位の取り方—研修・SG・上限ルール,"単位—は—1つ—の—方法—だけ—に—頼ら—ず—組み合わせ—ます—協会—承認—の—研修—が—中心—です—

| 取得方法 | 例 | 注意 |
| --- | --- | --- |
| 継続教育研修 | 協会承認講座 | 課目・単位数を確認 |
| スタディグループ | 承認SGの勉強会 | 規程に従う |
| 講師・執筆 | 活動実績 | 50％上限の対象 |
| その他 | 細則の方法 | 事前確認 |

たとえば—AFP—で—15単位—必要—同一—講座—2単位—が—年4回—ある—場合—執筆—講師—等—は—必要—単位—の—50％—を—超え—て—申請—でき—ない—ルール—が—ある—ため—研修—中心—に—7.5単位—以上—を—確保—する—設計—が—安全—です—受講—証明—は—取得日—から—3年間—保管—期間—終了—3か月—前—に—不足—単位—が—ない—か—Myページ—と—照合—してください—",FP2級合格者が今やること—登録前後の4週手順,"2級—だけ—の—段階—では—更新—手続き—は—不要—です—AFP—CFP®—を—視野—に—入れる—人—向け—の—準備—手順—です—

| 週 | 2級のみ | AFP登録後 |
| --- | --- | --- |
| 1 | 更新不要を確認 | Myページで期間を確認 |
| 2 | AFP制度を調査 | 必須課目表を保存 |
| 3 | 当サイト学科演習維持（週3時間） | 研修候補を2件リスト |
| 4 | 上位ルートを決定 | 単位取得カレンダー作成 |

例えば—2級—を—2027年—3月—15日—合格—9月—AFP—登録—予定—なら—5〜8月—は—当サイト—学科—過去問—週20問—維持—登録—直後—に—継続—教育—期間—の—終了日—を—カレンダー—登録—終了—3か月—前—に—15単位—達成—状況—を—確認—と—流れ—を—書い—て—おけ—ます—学科—のみ—合格—の—再受験—期限—は—別—テーマ—です—",2級合格証の扱い—失効・再受験との切り分け,"「2級—に—も—更新—が—ある—の—か」—と—混同—し—やすい—の—は—次—の—2点—です—

| 状況 | 更新・期限 | 対応 |
| --- | --- | --- |
| 総合合格（学科＋技能検定） | 更新義務なし | 合格月を履歴書に記載 |
| 学科のみ合格 | 技能検定再受験期限あり | 要綱で期限確認 |
| AFP登録後 | 15単位/期間 | Myページで管理 |
| CFP®登録後 | 30単位/期間 | 同上 |

例えば—2027年—3月—に—学科—36点—技能検定—58点—で—一部—合格—なら—更新—では—なく—技能検定—再受験—が—先—です—総合—合格—後—は—210分—CBT—の—合格—事実—は—残り—継続—教育—の—対象—外—です—AFP—CFP®—ルート—全体—像—は—関連記事—「AFPとCFP®への道：FP2級合格後の上位資格ルート」も—参照—してください—",,,FP2級合格後も毎年更新や継続教育が必要ですか？,2級—技能検定—合格—証—だけ—を—持っ—て—いる—限り—AFP—CFP®—の—ような—継続—教育—による—資格—更新—は—不要—です—更新—義務—が—ある—の—は—協会—に—登録—した—AFP—CFP®—認定者—です—たとえば—2027年—3月—に—2級—総合—合格—AFP—未登録—なら—15単位—の—取得—義務—は—発生—し—ません—将来—AFP—を—登録—した—時点—から—継続—教育—期間—が—始まり—ます—,AFPは何単位取れば資格を更新できますか？,AFP—は—継続—教育—期間—ごと—に—15単位—以上—の—取得—が—必要—です—さらに—「FP—実務—と—倫理—」—1単位—以上—を—含む—3課目—以上—の—履修—が—要件—です—7つ—の—対象—課目—から—組み合わせ—ます—たとえば—期間—24か月—で—2単位—研修—を—年4回—受講—すれば—16単位—と—15単位—を—超え—ます—が—超過分—は—次期—に—繰り越せ—ません—期間—の—起算日—は—Myページ—で—確認—してください—,after-pass-cfp-route:AFPとCFP®への道：FP2級合格後の上位資格ルート;after-pass-independent:FP2級取得後に独立・開業はできるか;compare-fp2-vs-afp-route:FP2級はAFP経由と3級経由、どちらが効率いい？,継続教育期間はいつからいつまでですか？,継続—教育—期間—は—AFP—CFP®—認定者—ごと—に—異なり—ます—登録日—前回—更新日—など—で—個別—に—定め—られる—ため—一般—の—カレンダー—1本—で—当てはめ—られ—ません—確認—方法—は—協会—Myページ—等—が—基本—です—例えば—登録—が—2027年—9月—1日—で—期間—が—24か月—なら—2029年—8月末—まで—に—15単位—AFP—と—逆算—し—終了—3か月—前—の—6月—に—不足—単位—を—チェック—する—運用—が—安全—です—
after-pass-business-card,合格後・活用,FP2級合格を名刺に記載できるかできないか,FP2級合格の名刺表記を、正式名称「2級ファイナンシャル・プランニング技能士」、載せてよい／いけない文言、会社名刺・個人名刺・AFP併記のルールまで具体例で整理します。,2級—総合—合格—後—名刺—に—何—を—書ける—か—で—迷う—人—は—多い—です—結論—載せ—られ—ます—ただし—「FP2級」—や—「FP」—だけ—の—略称—では—なく—「2級—ファイナンシャル—プランニング—技能士—」—の—正式—名称—が—基本—です—「相談—承り—ます—」—等—は—避け—て—ください—本記事—では—文案—と—発注—前—4週—手順—を—整理—します—,載せられる—正式名称は「2級ファイナンシャル・プランニング技能士」;NG例：等級省略・「FP」だけ・「厚生労働省認定」の表記;職業名に「FP相談」は不可—有料助言は別資格・登録が必要;会社名刺は人事・就業規則の確認後に追記;AFP・CFP®は別ルール—技能士と混ぜて略称しない,64,合格後;活用;名刺;FP2級,FP2級マスター編集部,資格学習サイトの編集チーム,公式情報確認担当,公開前に一次情報との照合を行う担当者,2026-06-16,日本FP協会（公式）|https://www.jafp.or.jp/;日本FP協会 技能士表記|https://www.jafp.or.jp/exam/outline/,参照: 日本FP協会「技能士の表記について」。FP3 after-pass-business-card を2級向け再執筆。210分・総合合格・正式名称・NG表記。,読了後は、名刺に何をどう書けるかが分かり、たとえば7月15日合否確認・8月10日発注なら正式名称1行とNG表記5項目—を印刷データに反映できます。,日本FP協会「技能士の表記について」で正式名称とNG例を要項と照合する;名刺文案を「資格1行＋本業職種1行」に分け、FP単独の職業名にしない;会社名刺なら人事・就業規則で資格追記の可否を1行で確認する;「相談承ります」「投資助言」など有料業務を想起させる文言を削除する;AFP・CFP®を併記する場合は技能士正式名称と別行で書き、略称を混在させない,試験要項・技能士表記改定時に本文と参照元を見直します。,2026-06-16,2026-07-16,2026-06-16,published,2026-06-16: FP2サイト55本目。名刺表記・正式名称・NG例・4週発注。,載せられるか—正式名称が前提,"FP—技能検定—2級—に—学科—技能検定—とも—合格—すれば—名刺—など—に—技能士—名称—を—表示—できます—日本FP協会—の—案内—では—次—の—形式—が—示さ—れ—て—い—ます—

| 項目 | 内容 |
| --- | --- | --- |
| 検定職種 | ファイナンシャル・プランニング（資産設計提案業務） |
| 技能士名称 | 2級ファイナンシャル・プランニング技能士 |
| 業務名 | 省略可（2級・3級） |
| 表示順 | 等級→正式職種名→技能士 |

例えば—2027年—3月—15日—総合—合格—4週—後—の—4月—12日—に—名刺—を—発注—する—なら—資格欄—に—「2級—ファイナンシャル—プランニング—技能士—」—と—1行—書け—ます—「FP2級—合格—」—だけ—では—協会—の—表記—例—と—ずれる—ため—印刷—前—に—正式—名称—へ—直し—て—ください—",載せてよい表記・載せてはいけない表記,"名刺—は—短い—文面—でも—誤表記—が—トラブル—の—もと—に—なり—ます—

| 区分 | 表記例 | 判定 |
| --- | --- | --- |
| OK | 2級ファイナンシャル・プランニング技能士 | 正式名称 |
| OK | 同上＋（資産設計提案業務） | 業務名併記可 |
| NG | ファイナンシャル・プランニング技能士（級なし） | 等級省略不可 |
| NG | 1級FP技能士 | 職種名の誤り |
| NG | 2級FP技能士（厚生労働省認定） | 誤った認定表記 |
| NG | FPとして家計相談承ります | 業務誤認・助言標榜 |

たとえば—名刺—100枚—を—5000円—で—発注—する—前—に—上表—の—NG—行—が—入っ—て—い—ない—か—入稿—データ—を—3分—チェック—する—だけ—で—手戻り—を—防げ—ます—履歴書—向け—の—表記—は—関連記事—「FP2級合格を履歴書・職務経歴書に書く方法」で—整理—してください—",会社名刺・個人名刺・フリーランス別の線引き,"名刺—の—種類—で—確認先—が—変わり—ます—

| 名刺の種類 | 資格欄 | 確認先 |
| --- | --- | --- |
| 会社支給 | 人事フォーマットに従う | 就業規則・上長 |
| 個人（本業あり） | 正式名称1行を追記可 | 副業規程・競業避止 |
| フリーランス | 正式名称＋本業職種 | プラットフォーム規約 |
| 金融機関勤務 | 社内ルール優先 | コンプライアンス |
| 転職・就活 | 個人名刺は任意 | 志望先のルール |

例えば—週40時間—の—会社員—が—副業用—に—個人—名刺—50枚—を—作る—場合—就業—規則—で—資格名—の—外部—使用—が—制限—さ—れ—て—い—ない—か—先—に—確認—します—「2級—ファイナンシャル—プランニング—技能士—」—まで—なら—安全側—「FP—として—相談—承り—ます—」—は—避け—て—ください—副業—の—線引き—は—関連記事—「副業・フリーランスがFP2級を取る意味｜税務と関連法規」も—参照—してください—",AFP・CFP®との併記—別ルールで並べる,"技能士—と—AFP—CFP®—は—表記—ルール—が—別—です—1行—に—略称—だけ—を—混在—させ—ない—こと—が—大切—です—

| 資格 | 名刺での目安 | 注意 |
| --- | --- | --- |
| 2級技能士 | 2級ファイナンシャル・プランニング技能士 | 等級必須 |
| AFP | AFP（日本FP協会認定） | 「合格」ではなく登録 |
| CFP® | CFP®（日本FP協会認定） | 商標ガイドライン遵守 |
| 2級のみ | AFP名乗り不可 | 研修・登録が別 |

たとえば—2027年—3月—に—2級—総合—合格—AFP—登録—まで—12か月—ある—なら—名刺—は—技能士—正式—名称—1行—のみ—「AFP—」—行—は—書か—ない—で—ください—2級—と—AFP—を—両方—持つ—場合—は—技能士—正式—名称—を—1行—AFP—を—別行—と—役割—ごと—に—分ける—と—読み手—が—混乱—し—ません—",名刺発注前の4週チェックリスト,"合格—直後—に—すぐ—100枚—印刷—する—より—文案—確定—を—先—に—します—

| 週 | やること | 確認ポイント |
| --- | --- | --- |
| 合格〜1週 | Web合否・合格月をメモ | 学科36点以上・技能検定60点以上 |
| 2週 | 正式名称文案を1行で確定 | NG表記リストと照合 |
| 3週 | 会社・副業ルールを確認 | 人事・規程の可否 |
| 4週 | 入稿・発注（50〜100枚） | 誤字・級の欠落 |

例えば—7月—15日—合否—確認—8月—10日—名刺—発注—なら—7月—22日—まで—に—「2級—ファイナンシャル—プランニング—技能士—」—文案—を—確定—7月—29日—に—就業—規則—を—確認—8月—3日—に—印刷—データ—を—入稿—と—4週—で—進め—られ—ます—独立—開業—を—名刺—で—アピール—する—場合—も—2級—だけ—では—有料—助言—業—は—開始—でき—ません—開業—の—可否—は—関連記事—「FP2級取得後に独立・開業はできるか」も—参照—してください—",プロフィール・SNS—名刺と同じルール,"LinkedIn—X—の—bio—も—名刺—と—同じ—線引き—です—正式—名称—1行—まで—が—安全—側—です—

| 媒体 | 書いてよい | 避ける |
| --- | --- | --- |
| LinkedIn | 2級技能士正式名称 | FP相談承ります |
| X bio | 2級合格・210分CBT | 投資助言 |
| ポートフォリオ | 学習実績・家計改善 | 有料サービス標榜 |
| 会社プロフィール | 人事承認後 | 勝手な資格追加 |

例えば—転職—活動—中—なら—「2級—ファイナンシャル—プランニング—技能士—（日本FP協会—2027年3月—合格—）—」—と—資格—事実—だけ—を—載せ—有料—相談—の—募集—は—AFP—登録—後—に—別途—検討—してください—210分—CBT—完走—は—学習—継続力—の—アピール—に—使え—ます—が—業務—免許—の—意味—では—あり—ません—",,,名刺に「FP2級」だけ書いても大丈夫ですか？,日常—会話—では—通じ—ます—が—名刺—の—資格—表記—は—正式—名称—が—推奨—さ—れ—ます—日本FP協会—の—案内—では—「2級—ファイナンシャル—プランニング—技能士—」—が—技能士—名称—です—等級—を—省略—した—「ファイナンシャル—プランニング—技能士—」—や—職種名—の—誤り—は—不可—と—さ—れ—て—い—ます—たとえば—8月—10日—発注—前—に—「FP2級—」—→—正式—名称—へ—1行—置換—する—だけ—で—ルール—適合—に—近づき—ます—,職業名に「ファイナンシャルプランナー」と書けますか？,2級—合格—だけ—では—AFP—登録者—と—同じ—意味—の—職業名—には—なり—ません—名刺—で—「ファイナンシャル—プランナー—」—だけ—を—大きく—載せる—と—有料—相談—が—できる—と—誤解—さ—れ—やすい—です—安全側—は—職業欄—に—本業—例—営業—事務—IT—エンジニア—資格欄—に—「2級—ファイナンシャル—プランニング—技能士—」—と—分ける—こと—です—たとえば—7月—入社—の—保険—営業—なら—職業—は—「生命—保険—営業—」—資格—は—正式—名称—1行—と—2行—に—してください—,after-pass-resume:FP2級合格を履歴書・職務経歴書に書く方法;attr-side-business:副業・フリーランスがFP2級を取る意味｜税務と関連法規;after-pass-independent:FP2級取得後に独立・開業はできるか,会社の名刺に勝手に資格を追記してよいですか？,会社—支給—の—名刺—は—フォーマット—と—就業—規則—が—優先—です—勝手—に—「2級—ファイナンシャル—プランニング—技能士—」—を—足す—前—に—人事—または—上長—に—1行—で—確認—してください—金融—機関—では—コンプライアンス—上—社内—承認—なし—の—資格—表記—が—禁止—さ—れる—場合—が—あり—ます—たとえば—入社—3か月—目—に—2級—総合—合格—した—なら—次回—名刺—発注—時—100枚—年1回—等—に—正式—名称—追記—を—申請—する—流れ—が—一般的—です—
