exam_year,exam_wareki,question_no,type,category,tags,stem,preamble,statement_a,statement_b,statement_c,statement_d,choice_1,choice_2,choice_3,choice_4,correct,is_exempt,is_invalidated,note,explanation,explanation_summary,explanation_correct,explanation_choices,explanation_point,related_links,diagram_id
2025,令和7年度（学科）,1,single,ライフプランニングと資金計画,FP2級;学科;四答択,ファイナンシャル・プランナー（以下 、「ＦＰ」という）の顧客に対する行為に関する次の記述のうち、関連法規に照らし、最も不適切なものはどれか。,,,,,,社会保険労務士の登録を受けていないＦＰが、年金の相談に来た顧客の求めに応じ、公的年金の裁定請求手続を代行して報酬を受け取った。,生命保険募集人の登録を受けていないＦＰが、ライフプランの相談に来た顧客の求めに応じ、ライフイベントに応じた生命保険の一般的な活用方法を説明した。,金融商品取引業者の登録を受けていないＦＰが、資産運用の相談に来た顧客の求めに応じ、顧客の投資判断材料となる景気動向や企業業績に関する情報を提供した。,税理士の登録を受けていないＦＰが、相続の相談に来た顧客の求めに応じ、顧客の具体的な相続税額の算出のために知り合いの税理士を紹介した。,1,FALSE,FALSE,fp2_gakka_202505_q001,（解説は順次追加予定です。正答は日本FP協会の公表資料に基づきます。）,,,,,,
2025,令和7年度（学科）,2,single,ライフプランニングと資金計画,FP2級;学科;四答択,全国健康保険協会管掌健康保険（協会けんぽ）の被保険者に関する次の記述の空欄（ア）～（ウ）にあてはまる語句の組合せとして、最も適切なものはどれか。,"特定適用事業所に使用される者のうち、１週間の所定労働時間または１カ月間の所定労働日数が同一の事業所に使用される通常の労働者の（ ア ）未満である短時間労働者に該当し、かつ、次のいずれかに該当する者は、原則として、被保険者とならない。
(1)１週間の所定労働時間が（ イ ）未満である者
(2)所定内賃金が月額（ ウ ）未満である者
(3)学生である者",,,,,"（ア）３分の２ （イ）20時間 （ウ）５万8,000円","（ア）３分の２ （イ）25時間 （ウ）８万8,000円","（ア）４分の３ （イ）20時間 （ウ）８万8,000円","（ア）４分の３ （イ）25時間 （ウ）５万8,000円",3,FALSE,FALSE,fp2_gakka_202505_q002,（解説は順次追加予定です。正答は日本FP協会の公表資料に基づきます。）,,,,,,
2025,令和7年度（学科）,3,single,ライフプランニングと資金計画,FP2級;学科;四答択,労働者災害補償保険に関する次の記述のうち、最も不適切なものはどれか。,,,,,,労働者災害補償保険の適用を受ける労働者には、雇用形態がアルバイトやパートタイマーである者も含まれる。,労働者災害補償保険の保険料の算定に用いられる労災保険率は、事業の規模によって災害の発生率が異なることから、 適用事業に従事する労働者数 に応じて定められている。,労働者の業務上の傷病が治癒したときに、身体に一定の障害が残り、その障害の程度が所定の障害等級に該当する場合、障害補償給付が支給される。,業務災害により労働者が死亡した場合、対象となる遺族に対し、遺族補償給付として遺族補償年金または遺族補償一時金が支給される。,2,FALSE,FALSE,fp2_gakka_202505_q003,（解説は順次追加予定です。正答は日本FP協会の公表資料に基づきます。）,,,,,,
2025,令和7年度（学科）,4,single,ライフプランニングと資金計画,FP2級;学科;四答択,国民年金の保険料に関する次の記述のうち、最も不適切なものはどれか。,,,,,,国民年金の第１号被保険者は、国民年金の保険料の納付を免除または猶予されている者および国民年金基金の加入員 等を除き、月額400円の付加保険料を納付することができる。,産前産後期間の保険料免除制度により国民年金の保険料の納付が免除された期間は、保険料納付済期間として老齢基礎年金の年金額に反映される。,国民年金の保険料免除期間に係る保険料を追納する場合、追納 すべき額は、追納する時期にかかわらず、免除された時点における保険料の額となる。,国民年金の保険料を前納した第１号被保険者が、その前納に係る期間の経過前に第２号被保険者となった場合、前納した保険料のうち、未経過期間に係るものの還付を受けることができる。,3,FALSE,FALSE,fp2_gakka_202505_q004,（解説は順次追加予定です。正答は日本FP協会の公表資料に基づきます。）,,,,,,
2025,令和7年度（学科）,5,single,ライフプランニングと資金計画,FP2級;学科;四答択,公的年金の老齢給付の繰上げ支給に関する次の記述のうち、最も不適切なものはどれか。,,,,,,老齢厚生年金の繰上げ支給を請求することができる者が老齢基礎年金の繰上げ支給を請求する場合、老齢厚生年金の繰上げ支給の請求も同時に行わなければならない。,1962年４月２日以後生まれの者が、62歳６カ月に達した月に老齢基礎年金の繰上げ支給を請求した場合、老齢基礎年金の減額率は12％となる。,寡婦年金を受給している者が老齢基礎年金の繰上げ支給を請求した場合、寡婦年金の受給権が消滅する。,加給年金対象者となる配偶者を有する者が老齢厚生年金の繰上げ支給を請求 した場合、繰上げ支給の老齢厚生年金に繰り上げた月数に応じて減額された加給年金額が加算される。,4,FALSE,FALSE,fp2_gakka_202505_q005,（解説は順次追加予定です。正答は日本FP協会の公表資料に基づきます。）,,,,,,
2025,令和7年度（学科）,6,single,ライフプランニングと資金計画,FP2級;学科;四答択,公的年金の遺族給付に関する次の記述のうち、最も不適切なものはどれか。,,,,,,遺族基礎年金を受給することができる遺族は、国民年金の被保険者等の死亡の当時、その者によって生計を維持され、かつ、所定の要件を満たす「子のある配偶者」または「子」である。,厚生年金保険の被保険者である夫が死亡し、子のない30歳未満の妻が遺族厚生年金の受給権を取得した場合、その妻に対する遺族厚生年金の支給期間は、最長で10年間である。,厚生年金保険の被保険者である夫が死亡し、子のない40歳以上65歳未満の妻が遺族厚生年金の受給権を取得した場合、妻が 65歳に達するまでの間、妻に支給される遺族厚生年金に中高齢寡婦加算額が加算される。,国民年金の被保険者の死亡により、その者の遺族に遺族基礎年金が支給される場合、その者の遺族に死亡一時金は支給されない。,2,FALSE,FALSE,fp2_gakka_202505_q006,（解説は順次追加予定です。正答は日本FP協会の公表資料に基づきます。）,,,,,,
2025,令和7年度（学科）,7,single,ライフプランニングと資金計画,FP2級;学科;四答択,国民年金基金に関する次の記述のうち、最も適切なものはどれか。,,,,,,国民年金基金には、国民年金の第１号被保険者および第３号被保険者と、日本国内に住所を有する 60歳以上65歳未満の国民年金の任意加入被保険者が加入することができる。,国民年金基金の加入員は、厚生年金保険の被保険者になるなどの所定の事由に該当したときに加入員 の資格を喪失するが、自己の都合で任意に脱退することはできない。,国民年金基金への加入は口数制となっており、１口目は２種類の終身年金 のなかから選択し、２口目以降は５種類の確定年金のなかから選択する。,国民年金基金の給付には、老齢年金、障害年金、遺族一時金がある。,2,FALSE,FALSE,fp2_gakka_202505_q007,（解説は順次追加予定です。正答は日本FP協会の公表資料に基づきます。）,,,,,,
2025,令和7年度（学科）,8,single,ライフプランニングと資金計画,FP2級;学科;四答択,公的年金に係る税金に関する次の記述のうち、最も適切なものはどれか。,,,,,,老齢基礎年金および老齢厚生年金の支払の際に、所得税および復興特別所得税が源泉徴収される場合、その源泉徴収税率は10.21％である。,老齢基礎年金を受給権発生日から数年後に請求し、遡及して数年分の年金を一括して受給した場合、一括して受給した年金は、一時所得として所得税の課税対象となる。,厚生年金保険の被保険者が死亡したことにより、遺族が取得した遺族厚生年金の受給権 に基づく年金給付 は、相続または遺贈により取得したものとみなして相続税の課税対象となる。,老齢基礎年金および老齢厚生年金の受給者が死亡し、その者に支給されるべき年金給付のうち、まだ支給されていなかったもの（未支給年金）は、当該年金を受け取った遺族の一時所得として所得税の課税対象となる。,4,FALSE,FALSE,fp2_gakka_202505_q008,（解説は順次追加予定です。正答は日本FP協会の公表資料に基づきます。）,,,,,,
2025,令和7年度（学科）,9,single,ライフプランニングと資金計画,FP2級;学科;四答択,住宅ローンの一般的な特徴に関する次の記述のうち、最も 不適切なものはどれか。,,,,,,住宅ローンの返済方法において、元利均等返済と元金均等返済を比較した場合、借入額や返済期間 などの他の条件が同一であれば、総返済額は元利均等返済のほうが多くなる。,住宅ローンの一部繰上げ返済において、返済額軽減型と 返済期間短縮型を比較した場合、 繰上げ返済額 や金利などの 他の条件が同一であれば、 利息の軽減効果は返済額軽減型のほうが大きくなる。,住宅ローンの一部繰上げ返済をする場合、取扱金融機関によって最低返済額や必要となる手数料が異なることがある。,住宅ローンの借換えに際して、現在借入れをしている金融機関の抵当権を抹消し、借換先の金融機関の抵当権を設定する場合、登録免許税等の諸費用が必要となる。,2,FALSE,FALSE,fp2_gakka_202505_q009,（解説は順次追加予定です。正答は日本FP協会の公表資料に基づきます。）,,,,,,
2025,令和7年度（学科）,10,single,ライフプランニングと資金計画,FP2級;学科;四答択,下記の〈Ｘ社の貸借対照表〉に基づく財務分析に関する次の記述のうち、最も不適切なものはどれか。,"なお、Ｘ社の当期純利益は800百万円である。

〈Ｘ社の貸借対照表〉 （単位：百万円）
科目 金額 科目 金額
（資産の部）  （負債の部）
流動資産  流動負債現金及び預金 9,000 買掛金 600
売掛金 1,500 短期借入金 900
製品 1,500 流動負債合計 1,500
流動資産合計 12,000 固定負債固定資産  固定負債合計 2,500
固定資産合計 8,000 負債合計 4,000
（純資産の部）
株主資本資本金 4,000
利益剰余金 12,000
純資産合計 16,000
資産合計 20,000 負債・純資産合計 20,000",,,,,Ｘ社の自己資本比率は、80％である。,Ｘ社の流動比率は、800％である。,Ｘ社の固定長期適合率は、50％である。,Ｘ社の自己資本当期純利益率は、５％である。,3,FALSE,FALSE,fp2_gakka_202505_q010,（解説は順次追加予定です。正答は日本FP協会の公表資料に基づきます。）,,,,,,
2025,令和7年度（学科）,11,single,リスク管理,FP2級;学科;四答択,生命保険の保険料等の一般的な仕組みに関する次の記述のうち、最も不適切なものはどれか。,,,,,,責任準備金は、保険会社が将来の保険金等の支払のために、保険数理に基づいて算定し、積み立てる準備金である。,保険料のうち、将来の保険金等の支払財源となる純保険料は、予定死亡率と予定利率に基づいて計算される。,終身保険について、保険料の算定に用いられる予定利率が引き上げられた場合、新規契約の保険料は高くなる。,保険会社が実際に要した事業費が、保険料を算定する際に見込んでいた事業費よりも少なかった場合、費差益が生じる。,3,FALSE,FALSE,fp2_gakka_202505_q011,（解説は順次追加予定です。正答は日本FP協会の公表資料に基づきます。）,,,,,,
2025,令和7年度（学科）,12,single,リスク管理,FP2級;学科;四答択,生命保険の一般的な商品性に関する次の記述のうち、最も不適切なものはどれか。,なお、記載のない特約については考慮しないものとする。,,,,,逓減定期保険は、保険期間の経過に伴って所定の割合で保険料が逓減するが、保険金額は一定である。,収入保障保険の死亡保険金を一時金で受け取る場合の受取額は、年金形式で受け取る場合の受取総額よりも少ない。,低解約返戻金型終身保険では、他の契約条件が同一で低解約返戻金型ではない終身保険と比較して、保険料払込期間中の解約返戻金額が低く抑えられているため、割安な保険料が設定されている。,定期保険特約付終身保険（更新型）では、定期保険特約を同額の保険金額で更新した場合、更新後の保険料は更新前の保険料よりも高くなる。,1,FALSE,FALSE,fp2_gakka_202505_q012,（解説は順次追加予定です。正答は日本FP協会の公表資料に基づきます。）,,,,,,
2025,令和7年度（学科）,13,single,リスク管理,FP2級;学科;四答択,個人年金保険の一般的な商品性に関する次の記述のうち、最も適切なものはどれか。,,,,,,確定年金では、年金支払期間中に被保険者（＝年金受取人）が死亡した場合、あらかじめ指定された受取人が既払込保険料相当額から被保険者に支払われた年金額を差し引いた金額を死亡保険金として受け取ることができる。,保証期間付終身年金の保険料は、他の契約条件が同一であれば、被保険者が男性のほうが女性よりも高くなる。,変額個人年金保険では、特別勘定における運用実績によって、将来受け取る年金額や解約返戻金額が変動する。,個人年金保険では、被保険者が保険料払込期間中に所定の高度障害状態に該当すると、以後の保険料の払込みが免除され、直ちに年金を受け取ることができる。,3,FALSE,FALSE,fp2_gakka_202505_q013,（解説は順次追加予定です。正答は日本FP協会の公表資料に基づきます。）,,,,,,
2025,令和7年度（学科）,14,single,リスク管理,FP2級;学科;四答択,所得税における生命保険料控除に関する次の記述のうち、最も適切なものはどれか。,なお、各選択肢において、生命保険契約は2012年１月１日以後に締結されたものとし、ほかに必要な要件等はすべて満たしているものとする。,,,,,勤労者財産形成貯蓄積立保険（一般財形）の保険料は、一般の生命保険料控除の対象となる。,特定（三大）疾病保障定期保険の保険料は、一般の生命保険料控除の対象となる。,一般の生命保険料控除、個人年金保険料控除および介護医療保険料控除の控除限度額は、各５万円である。,終身保険の月払保険料について、保険料の支払がなかったため自動振替貸付により保険料の払込みに充当された金額は、その年分の生命保険料控除の対象とならない。,2,FALSE,FALSE,fp2_gakka_202505_q014,（解説は順次追加予定です。正答は日本FP協会の公表資料に基づきます。）,,,,,,
2025,令和7年度（学科）,15,single,リスク管理,FP2級;学科;四答択,契約者（＝保険料負担者）を法人とする生命保険等に係る保険料の経理処理に関する次の記述のうち、最も不適切なものはどれか。,なお、いずれの保険契約も保険料は年払いかつ全期払いで、2025年４月に締結したものとする。また、特約については考慮しないものとする。,,,,,被保険者を役員・従業員全員、死亡保険金受取人を被保険者の遺族、満期保険金受取人を法人とする養老保険の支払保険料は、その全額を損金の額に算入することができる。,被保険者を役員、死亡保険金受取人を法人とする終身保険の支払保険料は、 その全額を資産に計上する。,被保険者を役員、給付金受取人を法人とする解約返戻金のない医療保険の支払保険料は、その全額を損金の額に算入することができる。,被保険者を役員、死亡保険金受取人を法人とし、最高解約返戻率が75％である定期保険（保険期間30年）の支払保険料は、保険期間の前半４割相当期間においては、その60％相当額を資産に計上し、残額を損金の額に算入することができる。,1,FALSE,FALSE,fp2_gakka_202505_q015,（解説は順次追加予定です。正答は日本FP協会の公表資料に基づきます。）,,,,,,
2025,令和7年度（学科）,16,single,リスク管理,FP2級;学科;四答択,自動車損害賠償責任保険（以下、 「自賠責保険」という）に関する次の記述のうち、最も不適切なものはどれか。,,,,,,原動機付自転車は、自賠責保険の加入が義務付けられていない。,"自賠責保険の保険金の支払限度額は、加害車両が１台である場合、被害者１人につき、死亡による損害については3,000万円である。",自賠責保険の補償の対象は対人賠償に限られ、対物賠償は補償の対象とならない。,自賠責保険では、被害者が、保険会社に対し、保険金額の限度において、損害賠償額の支払を請求することができる。,1,FALSE,FALSE,fp2_gakka_202505_q016,（解説は順次追加予定です。正答は日本FP協会の公表資料に基づきます。）,,,,,,
2025,令和7年度（学科）,17,single,リスク管理,FP2級;学科;四答択,地震保険の一般的な商品性に関する次の記述のうち、最も不適切なものはどれか。,,,,,,地震保険は、火災保険の契約時に付帯して加入するほか、火災保険の保険期間の中途で付帯して加入することもできる。,地震保険の保険料率は、居住用建物の構造によって異なるが、居住用建物の所在地による違いはない。,地震保険の保険料には、 「建築年割引」 「耐震等級割引」 「免震建築物割引」 「耐震診断割引」の割引制度があるが、これらは重複して適用を受けることはできない。,地震保険では、 「全損」 「大半損」 「小半損」 「一部損」の区分による損害の程度に応じて保険金が支払われる。,2,FALSE,FALSE,fp2_gakka_202505_q017,（解説は順次追加予定です。正答は日本FP協会の公表資料に基づきます。）,,,,,,
2025,令和7年度（学科）,18,single,リスク管理,FP2級;学科;四答択,契約者（＝保険料負担者）を法人とする損害保険に係る保険料等の経理処理に関する次の記述のうち、最も適切なものはどれか。,,,,,,被保険者および保険金受取人を従業員全員とする普通傷害保険の支払保険料は、その全額を損金の額に算入することができる。,保険期間５年の火災保険において、５年分の保険料を一括で支払った場合、その全額を支払った事業年度の損金の額に算入することができる。,業務用自動車が交通事故により損壊し、法人が受け取った自動車保険の車両保険の保険金の全額を充当して修理をした場合、当該保険金について経理処理をする必要はない。,倉庫に保管していた棚卸資産が火災により滅失し、法人が受け取った火災保険の保険金で同一の棚卸資産を取得した場合、当該棚卸資産について圧縮記帳の適用を受けることができる。,1,FALSE,FALSE,fp2_gakka_202505_q018,（解説は順次追加予定です。正答は日本FP協会の公表資料に基づきます。）,,,,,,
2025,令和7年度（学科）,19,single,リスク管理,FP2級;学科;四答択,第三分野の保険の一般的な商品性に関する次の記述のうち、最も適切なものはどれか。,,,,,,医療保険では、治療を目的としない人間ドックなどの検査入院をし、異常が発見されなかった場合、入院給付金は支払われない。,限定告知型の医療保険では、他の契約条件が同一で限定告知型ではない医療保険と比較して、割安な保険料が設定されている。,所得補償保険では、ケガや病気によって就業不能となった場合であっても、医療機関に入院しなければ、保険金は支払われない。,がん保険では、180日間または６カ月間の免責期間が設けられており、その期間中にがんと診断確定されても、がん診断給付金は支払われない。,1,FALSE,FALSE,fp2_gakka_202505_q019,（解説は順次追加予定です。正答は日本FP協会の公表資料に基づきます。）,,,,,,
2025,令和7年度（学科）,20,single,リスク管理,FP2級;学科;四答択,損害保険を活用した事業活動のリスク管理に関する次の記述のうち、最も不適切なものはどれか。,,,,,,レストランを営む事業者が、提供した料理が原因で食中毒を発生させ、法律上の損害賠償責任を負担する場合に備えて、生産物賠償責任保険（ＰＬ保険）を契約した。,貸しビル業を営む事業者が、火災により所有するビル内に設置した機械に損害が生じる場合に備えて、機械保険を契約した。,建設業を営む事業者が、請け負った建築工事中に誤って工具を落として第三者にケガをさせ、法律上の損害賠償責任を負担する場合に備えて、請負業者賠償責任保険を契約した。,製造業を営む事業者が、業務中の事故により従業員やパート従業員がケガをする場合に備えて、労働者災害補償保険（政府労災保険）の上乗せ補償 を目的として労働災害総合保険を契約した。,2,FALSE,FALSE,fp2_gakka_202505_q020,（解説は順次追加予定です。正答は日本FP協会の公表資料に基づきます。）,,,,,,
2025,令和7年度（学科）,21,single,金融資産運用,FP2級;学科;四答択,為替相場の変動要因に関する次の記述のうち、最も不適切なものはどれか。,,,,,,日本の物価が米国と比較して相対的に上昇することは、一般に、円安・米ドル高の要因となる。,米国が政策金利を引き上げることにより、日本と米国との金利差が拡大することは、一般に、円高・米ドル安の要因となる。,日本の対米貿易黒字が拡大することは、一般に、円高・米ドル安の要因となる。,購買力平価説によれば、米国と日本に同じ財があり、その財を米国では３米ドル、日本では450円で買える場合、為替レートは１米ドル＝150円が妥当となる。,2,FALSE,FALSE,fp2_gakka_202505_q021,（解説は順次追加予定です。正答は日本FP協会の公表資料に基づきます。）,,,,,,
2025,令和7年度（学科）,22,single,金融資産運用,FP2級;学科;四答択,銀行等の金融機関で取り扱う預金の一般的な商品性に関する次の記述のうち、最も適切なものはどれか。,,,,,,期日指定定期預金では、預金者が、預入日の翌営業日から最長預入期日までの間で満期日を指定することができる。,当座預金は、公共料金の自動振替口座として利用することができる。,スーパー定期預金には、預入期間が３年以上の場合、単利型と半年複利型があるが、半年複利型を利用することができるのは法人に限られる。,"大口定期預金は、最低預入金額が 2,000万円に設定された変動金利型の定期預金である。",2,FALSE,FALSE,fp2_gakka_202505_q022,（解説は順次追加予定です。正答は日本FP協会の公表資料に基づきます。）,,,,,,
2025,令和7年度（学科）,23,single,金融資産運用,FP2級;学科;四答択,上場投資信託（ＥＴＦ）の一般的な仕組みに関する次の記述のうち、最も適切なものはどれか。,,,,,,ＥＴＦは、非上場の投資信託と異なり、運用管理費用（信託報酬）は徴収されない。,証券取引所を通じて行う ＥＴＦの売買取引では、現物取引のほか、信用取引も行うことができる。,ＥＴＦは、支払われる分配金が自動で再投資されるため、投資の複利効果を得ることができる。,ＥＴＦには、株価指数に連動するものはあるが、 ＲＥＩＴ指数や商品指数に連動するものはない。,2,FALSE,FALSE,fp2_gakka_202505_q023,（解説は順次追加予定です。正答は日本FP協会の公表資料に基づきます。）,,,,,,
2025,令和7年度（学科）,24,single,金融資産運用,FP2級;学科;四答択,固定利付債券（個人向け国債を除く）の一般的な特徴に関する次の記述のうち、最も不適切なものはどれか。,,,,,,市場金利の上昇は債券価格の下落要因となり、市場金利の低下は債券価格の上昇要因となる。,発行体の財務状況の悪化や経営不振などにより、元金の償還や利払い等が履行されない可能性が高まることは、債券価格の下落要因となる。,景気が好況で物価が持続的に上昇する状態にある局面では、債券価格は上昇する傾向がある。,債券を償還までの期間の長短で比較した場合、他の条件が同一であれば、償還までの期間が長い債券のほうが、利回りの変化に対する価格の変動幅は大きくなる。,3,FALSE,FALSE,fp2_gakka_202505_q024,（解説は順次追加予定です。正答は日本FP協会の公表資料に基づきます。）,,,,,,
2025,令和7年度（学科）,25,single,金融資産運用,FP2級;学科;四答択,国内の証券取引所における上場株式の取引の一般的な仕組みに関する次の記述のうち、最も不適切なものはどれか。,なお、各選択肢において、株式は内国株式であるものとする。,,,,,証券取引所の立会取引における上場株式の売買注文のうち、指値注文では、価格優先の原則および時間優先の原則に従って処理される。,証券取引所の立会取引における上場株式の売買注文では、成行注文よりも指値注文が優先される。,上場株式を証券取引所の普通取引により売買したときの受渡日（決済日）は、原則として、売買の約定日（売買成立日）から起算して３営業日目である。,上場株式を証券取引所の普通取引により売買する場合、 100株単位での取引となる。,2,FALSE,FALSE,fp2_gakka_202505_q025,（解説は順次追加予定です。正答は日本FP協会の公表資料に基づきます。）,,,,,,
2025,令和7年度（学科）,26,single,金融資産運用,FP2級;学科;四答択,株式市場の各種指標等に関する次の記述のうち、最も適切なものはどれか。,,,,,,日経平均株価は、東京証券取引所のプライム市場に上場している内国普通株式全銘柄を対象として算出される。,ＪＰＸ日経インデックス400は、東京証券取引所のプライム市場、スタンダード市場、グロース市場を主市場とする銘柄から企業の収益性や株式の流動性等を基に選定された400銘柄を対象として算出される。,東証REIT指数は、東京証券取引所に上場している不動産投資信託の銘柄のうち、時価総額上位30銘柄を対象として算出される。,Ｓ＆Ｐ500種株価指数は、英国のロンドン証券取引所に上場している銘柄のうち、時価総額上位の代表的な500銘柄を対象として算出される。,2,FALSE,FALSE,fp2_gakka_202505_q026,（解説は順次追加予定です。正答は日本FP協会の公表資料に基づきます。）,,,,,,
2025,令和7年度（学科）,27,single,金融資産運用,FP2級;学科;四答択,個人（居住者）が国内の金融機関を通じて取引する外貨建金融商品の一般的な仕組みに関する次の記述のうち、最も不適切なものはどれか。,,,,,,外貨建金融商品の取引に係る為替手数料は、同一の外貨を対象にする場合であっても、取扱金融機関によって異なることがある。,外貨預金の払戻し時において、預金者が外貨を円貨に交換する場合に適用される為替レートは、預入金融機関が提示する対顧客直物電信売相場（ ＴＴＳ）である。,外国為替証拠金取引では、証拠金にあらかじめ決められた倍率を掛けた金額まで売買することができるが、倍率には法令により上限が定められている。,米ドル建債券を保有している場合、為替レートが円安・米ドル高に変動することは、当該債券に係る円換算の運用利回りの上昇要因となる。,2,FALSE,FALSE,fp2_gakka_202505_q027,（解説は順次追加予定です。正答は日本FP協会の公表資料に基づきます。）,,,,,,
2025,令和7年度（学科）,28,single,金融資産運用,FP2級;学科;四答択,Ａさんのポートフォリオにおける各資産の構成比、期待収益率および標準偏差が下記の表のとおりであった場合、当該ポートフォリオの期待収益率として、最も適切なものはどれか。,"資産 ポートフォリオの構成比 期待収益率 標準偏差預金 60％ 0.1％ 0.0％
債券 10％ 1.0％ 5.0％
株式 30％ 7.0％ 15.0％",,,,,0.32％,1.10％,2.26％,2.70％,3,FALSE,FALSE,fp2_gakka_202505_q028,（解説は順次追加予定です。正答は日本FP協会の公表資料に基づきます。）,,,,,,
2025,令和7年度（学科）,29,single,金融資産運用,FP2級;学科;四答択,ＮＩＳＡ（少額投資非課税制度）に関する次の記述のうち、最も適切なものはどれか。,なお、本問においては、 ＮＩＳＡ により投資収益が非課税となる口座を ＮＩＳＡ 口座という。,,,,,ＮＩＳＡのつみたて投資枠と成長投資枠の双方を、同一年中において、併せて新規投資に利用することはできない。,ＮＩＳＡ口座は、その年の１月１日時点において20歳未満の者は、開設することができない。,ＮＩＳＡのつみたて投資枠を利用して購入した株式投資信託の非課税保有期間は、最長で20年間とされている。,ＮＩＳＡのつみたて投資枠を利用して１年間のうちに株式投資信託を購入することができる限度額（年間投資枠）は、120万円である。,4,FALSE,FALSE,fp2_gakka_202505_q029,（解説は順次追加予定です。正答は日本FP協会の公表資料に基づきます。）,,,,,,
2025,令和7年度（学科）,30,single,金融資産運用,FP2級;学科;四答択,預金保険制度に関する次の記述のうち、最も不適切なものはどれか。,,,,,,確定拠出年金の加入者が運用の対象として選択した定期預金は、加入者の預金として、預金保険制度による保護の対象となる。,"預金保険制度の対象金融機関に預け入れた決済用預金については、１金融機関ごとに預金者１人当たり元本 1,000万円を限度として、預金保険制度による保護の対象となる。",日本国内に本店のある銀行の国内支店に預け入れた外貨預金は、その金額の多寡にかかわらず、預金保険制度による保護の対象とならない。,単に名義を借りたにすぎない他人名義預金は、預金保険制度による保護の対象とならない。,2,FALSE,FALSE,fp2_gakka_202505_q030,（解説は順次追加予定です。正答は日本FP協会の公表資料に基づきます。）,,,,,,
2025,令和7年度（学科）,31,single,タックスプランニング,FP2級;学科;四答択,わが国の税制に関する次の記述のうち、最も不適切なものはどれか。,,,,,,所得税では、課税対象となる所得を10種類に区分し、所得の種類ごとに定められた計算方法により所得の金額を計算する。,相続税では、納税者が申告書に記載した被相続人の資産等の内容に基づき、税務署長が納付すべき税額を決定する賦課課税方式が採用されている。,税金を負担する者と税金を納める者が異なる税金を間接税といい、消費税は間接税に該当する。,税金には国税と地方税があるが、法人税は国税に該当し、不動産取得税は地方税に該当する。,2,FALSE,FALSE,fp2_gakka_202505_q031,（解説は順次追加予定です。正答は日本FP協会の公表資料に基づきます。）,,,,,,
2025,令和7年度（学科）,32,single,タックスプランニング,FP2級;学科;四答択,所得税における各種所得に関する次の記述のうち、最も適切なものはどれか。,,,,,,個人事業主が事業資金で株式を購入し、その配当金を受け取ったことによる所得は、事業所得となる。,給与等の収入金額が850万円を超える給与所得者が23歳未満の扶養親族を有する場合、総所得金額の計算上、給与所得の金額から所得金額調整控除として最大で10万円が控除される。,個人による不動産の貸付が事業的規模で行われている場合、その賃貸収入による所得は、事業所得となる。,会社員が自宅の購入資金として勤務先から無利息で金銭を借り入れたことにより生じた経済的利益は、給与所得となる。,4,FALSE,FALSE,fp2_gakka_202505_q032,（解説は順次追加予定です。正答は日本FP協会の公表資料に基づきます。）,,,,,,
2025,令和7年度（学科）,33,single,タックスプランニング,FP2級;学科;四答択,所得税における損益通算に関する次の記述のうち、最も適切なものはどれか。,,,,,,不動産所得の金額の計算上生じた損失の金額のうち、不動産所得を生ずべき業務の用に供する土地の取得に要した負債の利子に相当する部分の金額は、給与所得の金額と損益通算することができる。,先物取引に係る雑所得の金額の計算上生じた損失の金額は、不動産所得の金額と損益通算することができる。,生活の用に供していた自家用車を売却したことによる譲渡所得の金額の計算上生じた損失の金額は、給与所得の金額と損益通算することができる。,コンサルティング事業を営むことによる事業所得の金額の計算上生じた損失の金額は、不動産所得の金額と損益通算することができる。,4,FALSE,FALSE,fp2_gakka_202505_q033,（解説は順次追加予定です。正答は日本FP協会の公表資料に基づきます。）,,,,,,
2025,令和7年度（学科）,34,single,タックスプランニング,FP2級;学科;四答択,所得税における所得控除に関する次の記述のうち、最も不適切なものはどれか。,,,,,,控除対象扶養親族のうち、その年の12月31日現在の年齢が19歳以上23歳未満の者は、特定扶養親族に該当する。,控除対象扶養親族のうち、その年の12月31日現在の年齢が70歳以上の者は、老人扶養親族に該当する。,"納税者の合計所得金額が1,000万円を超える場合、配偶者の合計所得金額の多寡にかかわらず、配偶者控除の適用を受けることはできない。",納税者との婚姻の届出を提出していない者であっても、納税者が加入している健康保険の被扶養者となっており、いわゆる内縁関係にあると認められる者は、控除対象配偶者に該当する。,4,FALSE,FALSE,fp2_gakka_202505_q034,（解説は順次追加予定です。正答は日本FP協会の公表資料に基づきます。）,,,,,,
2025,令和7年度（学科）,35,single,タックスプランニング,FP2級;学科;四答択,所得税における配当控除に関する次の記述のうち、最も不適切なものはどれか。,なお、記載のない事項については考慮しないものとする。,,,,,内国法人から支払を受ける非上場株式の配当に係る配当所得は、確定申告において総合課税を選択したとしても、配当控除の適用を受けることはできない。,公募株式投資信託の分配金に係る配当所得は、確定申告において総合課税を選択することにより、配当控除の適用を受けることができる。,配当控除の控除額を計算する際の配当所得の金額は、株式等を取得するために要した負債の利子がある場合、配当等の収入金額から当該負債の利子の額を控除した金額である。,配当控除の控除額を計算する際の配当所得の金額は、配当所得の金額が他の所得の金額と損益通算される場合、損益通算する前の配当所得の金額である。,1,FALSE,FALSE,fp2_gakka_202505_q035,（解説は順次追加予定です。正答は日本FP協会の公表資料に基づきます。）,,,,,,
2025,令和7年度（学科）,36,single,タックスプランニング,FP2級;学科;四答択,所得税の申告に関する次の記述のうち、最も適切なものはどれか。,なお、各選択肢において、記載された所得以外の所得は考慮しないものとする。また、いずれも適切に源泉徴収等がされ、年末調整すべきものは年末調整が済んでいるものとする。,,,,,"１カ所から給与として年額1,500万円の支払を受けた給与所得者は、確定申告を要しない。",同族会社の役員がその会社から給与として年額 800万円の支払を受け、かつ、その会社から不動産賃貸料として年額12万円の支払を受けた場合、当該役員は確定申告を要しない。,２カ所以上から給与の支払を受けている者のうち、給与の全部が源泉徴収の対象となる場合において、年末調整されなかった給与の収入金額が年額 25万円である者は、確定申告を要しない。,確定申告を要する者は、原則として、所得が生じた年の翌年２月16日から３月31日までの間に納税地の所轄税務署長に対して確定申告書を提出しなければならない。,1,FALSE,FALSE,fp2_gakka_202505_q036,（解説は順次追加予定です。正答は日本FP協会の公表資料に基づきます。）,,,,,,
2025,令和7年度（学科）,37,single,タックスプランニング,FP2級;学科;四答択,法人税の基本的な仕組みに関する次の記述のうち、最も適切なものはどれか。,,,,,,法人税の納税地は、原則として、その法人の代表者の住所地または居所地である。,法人は、法人税の納税地に異動があった場合、原則として、異動前の納税地の所轄税務署長にその旨を届け出なければならない。,法人税の確定申告書は、原則として、各事業年度終了の日の翌日から１カ月以内に、納税地の所轄税務署長に提出しなければならない。,新設法人が設立事業年度から青色申告の適用を受けようとする場合、原則として、設立の日から１カ月以内に、 「青色申告の承認申請書」を納税地の所轄税務署長に提出しなければならない。,2,FALSE,FALSE,fp2_gakka_202505_q037,（解説は順次追加予定です。正答は日本FP協会の公表資料に基づきます。）,,,,,,
2025,令和7年度（学科）,38,single,タックスプランニング,FP2級;学科;四答択,法人税における減価償却に関する次の記述のうち、最も不適切なものはどれか。,なお、各選択肢において、当期とは2024年４月１日から2025年３月31日までの事業年度であるものとする。,,,,,法人が減価償却費を損金の額に算入するにあたっては、確定した決算において償却費として損金経理することが要件とされている。,法人が2016年４月１日以後に取得した建物、建物附属設備および構築物については、 「減価償却資産の償却方法の届出書」の提出の有無にかかわらず、定額法を選択することはできず、定率法しか認められない。,当期に取得価額が10万円未満の減価償却資産を取得して事業の用に供した場合、その使用可能期間の長短にかかわらず、原則として、当期においてその取得価額の全額を損金経理により損金の額に算入することができる。,当期に取得価額が10万円以上20万円未満の減価償却資産を取得して事業の用に供した場合、原則として、当期以後３年間にわたってその取得価額の３分の１相当額を損金経理により損金の額に算入することができる。,2,FALSE,FALSE,fp2_gakka_202505_q038,（解説は順次追加予定です。正答は日本FP協会の公表資料に基づきます。）,,,,,,
2025,令和7年度（学科）,39,single,タックスプランニング,FP2級;学科;四答択,消費税に関する次の記述のうち、最も不適切なものはどれか。,,,,,,消費税の課税期間に係る基準期間は、個人事業者についてはその年の前年である。,"基準期間における課税売上高が 1,000万円を超える法人は、消費税の免税事業者となることができない。","特定期間における給与等支払額の合計額および課税売上高がいずれも 1,000万円を超える法人は、消費税の免税事業者となることができない 。",消費税の課税事業者である法人は、原則として、課税期間の末日の翌日から２カ月以内に、消費税の確定申告書を納税地の所轄税務署長に提出しなければならない。,1,FALSE,FALSE,fp2_gakka_202505_q039,（解説は順次追加予定です。正答は日本FP協会の公表資料に基づきます。）,,,,,,
2025,令和7年度（学科）,40,single,タックスプランニング,FP2級;学科;四答択,損益計算書および貸借対照表の一般的な特徴に関する次の記述のうち、最も不適切なものはどれか。,,,,,,損益計算書における売上総利益の額は、売上高の額から売上原価の額を差し引いた額である。,損益計算書における営業利益の額は、経常利益の額から販売費及び一般管理費の額を差し引いた額である。,貸借対照表における無形固定資産は、物理的な形態を持たない特許権や商標権等の資産の金額を表している。,貸借対照表における固定負債は、返済期限が決算日の翌日から１年以内に到来しない借入金等の負債の金額を表している。,2,FALSE,FALSE,fp2_gakka_202505_q040,（解説は順次追加予定です。正答は日本FP協会の公表資料に基づきます。）,,,,,,
2025,令和7年度（学科）,41,single,不動産,FP2級;学科;四答択,不動産の登記や調査に関する次の記述のうち、最も適切なものはどれか。,,,,,,不動産登記の事務は、当該不動産の所在地である市区町村の役所や役場がつかさどっている。,抵当権の設定を目的とする登記では、債権額や抵当権者の氏名または名称などの登記事項が、不動産の登記記録の権利部乙区に記録される。,区分建物を除く建物に係る登記記録において、床面積は、壁その他の区画の 内側線で囲まれた部分の水平投影面積（内法面積）により記録される。,不動産の登記事項証明書の交付を請求することができるのは、当該不動産の利害関係者に限られる。,2,FALSE,FALSE,fp2_gakka_202505_q041,（解説は順次追加予定です。正答は日本FP協会の公表資料に基づきます。）,,,,,,
2025,令和7年度（学科）,42,single,不動産,FP2級;学科;四答択,不動産の売買契約に係る民法の規定に関する次の記述のうち、最も適切なものはどれか。,なお、特約については考慮しないものとする。,,,,,売主から代理権を付与された第三者が売主の所有不動産を売却する場合、その第三者が売買契約の締結時に売主の代理人である旨を買主に告げていなければ、買主がその旨を知ることができたとしても、当該契約は無効となる。,共有されている不動産の共有者の１人が、自己が有している持分を第三者に譲渡する場合、他の共有者全員の同意を得なければならない。,売買の目的物である建物が、その売買契約の締結から当該建物の引渡しまでの間に、地震によって全壊した場合、買主は売主に対して建物代金の支払を拒むことができる。,買主が売主に解約手付を交付した場合、相手方が売買契約の履行に着手した後であっても、買主はその解約手付を放棄し、売主はその解約手付の倍額を現実に提供して、当該契約の解除をすることができる。,3,FALSE,FALSE,fp2_gakka_202505_q042,（解説は順次追加予定です。正答は日本FP協会の公表資料に基づきます。）,,,,,,
2025,令和7年度（学科）,43,single,不動産,FP2級;学科;四答択,借地借家法に関する次の記述のうち、最も適切なものはどれか。,なお、本問においては、定期借地権等以外の借地権を普通借地権という。,,,,,普通借地権の設定契約において、その存続期間は50年を超えることができない。,借地権者の債務不履行により普通借地権の設定契約が解除された場合、借地権者は、借地権設定者に対し、借地上の建物を時価で買い取るべきことを請求することができない。,普通借地権の存続期間が満了する場合に、借地権者が契約の更新を請求し、借地権設定者が遅滞なく異議を述べなかったときは、 借地上に建物が存在するかどうかにかかわらず、従前の契約と同一の条件で契約を更新したものとみなされる。,普通借地権の設定契約は、公正証書によってしなければならない。,2,FALSE,FALSE,fp2_gakka_202505_q043,（解説は順次追加予定です。正答は日本FP協会の公表資料に基づきます。）,,,,,,
2025,令和7年度（学科）,44,single,不動産,FP2級;学科;四答択,建物の賃貸借に関する次の記述のうち、最も不適切なものはどれか。,なお、本問においては、定期建物賃貸借契約以外の建物賃貸借契約を普通借家契約という。,,,,,期間の定めのない普通借家契約において、正当な事由に基づき、建物の賃貸人による賃貸借の解約の申入れが認められた場合、建物の賃貸借は、解約の申入れの日から６カ月を経過することによって終了する。,普通借家契約において期間を１年未満に定めた場合、期間は１年 とみなされる。,賃借人は、建物の引渡しを受けた後にこれに生じた損傷があっても、通常の使用および収益によって生じた建物の損耗ならびに建物の経年変化によるものである場合は、賃貸借が終了したときに、その損傷を原状に復する義務を負わない。,賃借人が賃貸人の同意を得て建物に付加した造作について、賃貸借終了時に、賃借人が賃貸人に対してその買取りを請求しないこととする旨の特約は有効である。,2,FALSE,FALSE,fp2_gakka_202505_q044,（解説は順次追加予定です。正答は日本FP協会の公表資料に基づきます。）,,,,,,
2025,令和7年度（学科）,45,single,不動産,FP2級;学科;四答択,都市計画法に関する次の記述のうち、最も適切なものはどれか。,,,,,,都市計画区域として指定された区域では、計画的な市街化を図るため、都市計画に市街化区域と市街化調整区域との区分を定めなければならない。,土地の区画形質の変更は、建築物の建築や特定工作物の建設の用に供する ことを目的としていない場合であっても、開発行為に該当する。,土地区画整理事業の施行として行う開発行為は、都道府県知事等の開発許可を受ける必要はない。,農業を営む者の居住の用に供する建築物の建築を目的として市街化調整区域内で行う開発行為は、都道府県知事等の開発許可を受ける必要がある。,3,FALSE,FALSE,fp2_gakka_202505_q045,（解説は順次追加予定です。正答は日本FP協会の公表資料に基づきます。）,,,,,,
2025,令和7年度（学科）,46,single,不動産,FP2級;学科;四答択,都市計画区域および準都市計画区域内における建築基準法の規定に関する次の記述のうち、最も不適切なものはどれか。,,,,,,敷地の前面道路の幅員が12ｍ未満である建築物の容積率は、原則として、 「都市計画で定められた数値」と「前面道路の幅員に一定の数値を乗じたもの」とのいずれか低いほうが上限となる。,準防火地域内に耐火建築物を建築する場合、建築物の建蔽率の制限について緩和措置の適用を受けることができる。,建築基準法第42条第２項の規定により道路境界線とみなされる線と道路との間の敷地部分（セットバック部分）は、建築物を建築することができないが、建築物の建蔽率および容積率の算定の基礎となる敷地面積に算入することができる。,建築物の敷地が２つの異なる用途地域にわたる場合、 その全部について、敷地の過半の属する用途地域における建築物の用途に関する規定が適用される。,3,FALSE,FALSE,fp2_gakka_202505_q046,（解説は順次追加予定です。正答は日本FP協会の公表資料に基づきます。）,,,,,,
2025,令和7年度（学科）,47,single,不動産,FP2級;学科;四答択,建物の区分所有等に関する法律に関する次の記述のうち、最も不適切なものはどれか。,,,,,,共用部分の管理に係る費用については、規約に別段の定めがない限り、共有者で等分する。,区分所有者は、規約に別段の定めがない限り、集会の決議によって管理者を選任し、または解任することができる。,区分所有建物ならびにその敷地および附属施設の管理を行うための団体（管理組合）は、区分所有者全員で構成される。,共用部分に対する区分所有者の共有持分は、規約に別段の定めがない限り、各共有者が有する専有部分の床面積の割合による。,1,FALSE,FALSE,fp2_gakka_202505_q047,（解説は順次追加予定です。正答は日本FP協会の公表資料に基づきます。）,,,,,,
2025,令和7年度（学科）,48,single,不動産,FP2級;学科;四答択,不動産取得税に関する次の記述のうち、最も適切なものはどれか。,,,,,,相続人以外の者が、被相続人が作成した遺言による特定遺贈により土地を取得した場合、原則として、不動産取得税が課される。,相続人が、被相続人との死因贈与契約に基づき、被相続人の相続開始に伴って土地を取得した場合、原則として、不動産取得税は課されない。,土地の所有権を等価交換方式による全部譲渡により取得した場合、原則として、取得者に対して不動産取得税は課されない。,"所定の要件を満たす戸建て住宅（認定長期優良住宅を除く）を新築した場合、不動産取得税の課税標準の算定にあたっては、１戸につき最高で 1,500万円が価格から控除される。",1,FALSE,FALSE,fp2_gakka_202505_q048,（解説は順次追加予定です。正答は日本FP協会の公表資料に基づきます。）,,,,,,
2025,令和7年度（学科）,49,single,不動産,FP2級;学科;四答択,個人が土地を譲渡した場合の譲渡所得に関する次の記述のうち、最も不適切なものはどれか。,,,,,,譲渡した土地の取得費が不明な場合、譲渡所得の金額の計算上、譲渡収入金額の10％相当額を取得費とすることができる。,土地の譲渡に係る所得については、譲渡した日の属する年の１月１日における当該土地の所有期間が５年を超える場合、長期譲渡所得に区分される。,土地の譲渡に係る所得が長期譲渡所得に区分される場合、課税長期譲渡所得金額に対し、原則として、所得税（復興特別所得税を含む） 15.315％、住民税５％の税率により課税される。,土地を譲渡する際に支出した仲介手数料は、譲渡所得の金額の計算上、譲渡費用に含まれる。,1,FALSE,FALSE,fp2_gakka_202505_q049,（解説は順次追加予定です。正答は日本FP協会の公表資料に基づきます。）,,,,,,
2025,令和7年度（学科）,50,single,不動産,FP2級;学科;四答択,土地の有効活用の手法に関する次の記述のうち、最も適切なものはどれか。,,,,,,事業受託方式では、土地所有者は建物の建設資金を負担することなく、土地有効活用の企画、建設会社の選定、 建物の建設、建設した建物の管理・運営等をデベロッパーに任せることができる。,建設協力金方式では、土地所有者が土地上に建設するビルや店舗等を貸し付ける予定のテナントから、建設資金の全部または一部を借り受け、当該建物を建設することとなる。,定期借地権方式では、土地所有者が土地上に建設される建物の所有名義人となり、当該土地と建物を一定期間貸し付けることにより地代・賃料収入を得ることができる。,等価交換方式では、土地所有者は建物の建設資金を調達する必要はなく、土地の所有権の一部を譲渡することにより、当該土地上に建設された建物の全部を取得することができる。,2,FALSE,FALSE,fp2_gakka_202505_q050,（解説は順次追加予定です。正答は日本FP協会の公表資料に基づきます。）,,,,,,
2025,令和7年度（学科）,51,single,相続・事業承継,FP2級;学科;四答択,民法上の贈与に関する次の記述のうち、最も適切なものはどれか。,,,,,,定期贈与は、贈与者または受贈者のいずれか一方が生存している限り、その効力を失うことはない。,書面によらない贈与は、当該贈与契約の履行が終わった部分を除き、贈与者および受贈者が解除をすることができる。,負担付贈与の受贈者が、その負担である義務を履行しない場合において、贈与者が相当の期間を定めてその履行の催告をし、その期間内に履行がなくても、原則として、贈与者が当該贈与契約の解除をすることはできない。,死因贈与には民法の遺贈に関する規定が準用されるため、贈与者の相続開始後、死因贈与契約書について家庭裁判所による検認を請求する必要がある。,2,FALSE,FALSE,fp2_gakka_202505_q051,（解説は順次追加予定です。正答は日本FP協会の公表資料に基づきます。）,,,,,,
2025,令和7年度（学科）,52,single,相続・事業承継,FP2級;学科;四答択,贈与税の計算に関する次の記述のうち、最も不適切なものはどれか。,,,,,,子が同一年中に父母のそれぞれから暦年課税に係る贈与により財産を取得した場合、贈与税額の計算上、贈与税の課税価格から控除する基礎控除額は、最高で220万円である。,その年の１月１日において18歳以上の者が、直系尊属から暦年課税に係る贈与により財産を取得した場合、贈与税額の計算上、特例贈与財産に係る税率が適用される。,相続時精算課税適用者が、2024年１月１日以後に特定贈与者から贈与により財産を取得した場合、贈与税額の計算上、基礎控除額が控除される。,相続時精算課税に係る贈与税額の計算上、適用される税率は、一律20％である。,1,FALSE,FALSE,fp2_gakka_202505_q052,（解説は順次追加予定です。正答は日本FP協会の公表資料に基づきます。）,,,,,,
2025,令和7年度（学科）,53,single,相続・事業承継,FP2級;学科;四答択,民法上の相続分に関する次の記述のうち、最も不適切なものはどれか。,なお、記載のない事項については考慮しないものとする。,,,,,養子の法定相続分は、実子の法定相続分と同じである。,嫡出でない子の法定相続分は、嫡出である子の法定相続分の２分の１である。,父母の一方のみを同じくする兄弟姉妹の法定相続分は、父母の双方を同じくする兄弟姉妹の法定相続分の２分の１である。,代襲相続人が１人である場合、その代襲相続人の法定相続分は、被代襲者が受けるべきであった法定相続分と同じである。,2,FALSE,FALSE,fp2_gakka_202505_q053,（解説は順次追加予定です。正答は日本FP協会の公表資料に基づきます。）,,,,,,
2025,令和7年度（学科）,54,single,相続・事業承継,FP2級;学科;四答択,民法に規定する相続に関する次の記述のうち、最も適切なものはどれか。,,,,,,相続の単純承認をした相続人は、被相続人の財産のうち、積極財産のみを相続する。,相続の放棄をする相続人は、原則として、相続の開始があったことを知った時から３カ月以内に、その旨を家庭裁判所に申述しなければならない。,相続人が相続の放棄をした場合、その放棄をした者の子が代襲して相続人となる。,限定承認は、相続人が複数いる場合であっても、限定承認を行おうとする者が単独ですることができる。,2,FALSE,FALSE,fp2_gakka_202505_q054,（解説は順次追加予定です。正答は日本FP協会の公表資料に基づきます。）,,,,,,
2025,令和7年度（学科）,55,single,相続・事業承継,FP2級;学科;四答択,相続税における遺産に係る基礎控除額に関する次の記述のうち、最も不適切なものはどれか。,,,,,,"遺産に係る基礎控除額は、 「3,000万円＋600万円×法定相続人の数」の算式により計算した金額である。",遺産に係る基礎控除額の計算上、法定相続人の数は、相続人が相続の放棄をした場合には、その放棄がなかったものとした場合における相続人の数である。,遺産に係る基礎控除額の計算上、法定相続人の数は、被相続人の特別養子となった者は実子とみなして計算する。,遺産に係る基礎控除額の計算上、法定相続人の数に含めることができる普通養子（特別養子縁組以外の縁組による養子）の数は、被相続人の実子の有無にかかわらず、１人までである。,4,FALSE,FALSE,fp2_gakka_202505_q055,（解説は順次追加予定です。正答は日本FP協会の公表資料に基づきます。）,,,,,,
2025,令和7年度（学科）,56,single,相続・事業承継,FP2級;学科;四答択,相続税の申告と納付に関する次の記述のうち、最も不適切なものはどれか。,,,,,,相続税の申告書は、原則として、相続人がその相続の開始があったことを知った日の翌日から10カ月以内に、当該相続人の住所地の所轄税務署長に提出しなければならない。,死亡保険金の非課税金額の規定の適用を受けることにより相続税の課税価格の合計額が遺産に係る基礎控除額以下となる場合、相続税の申告書を提出する必要はない。,「小規模宅地等についての相続税の課税価格の計算の特例」の適用を受けた宅地等を相続税の物納に充てる場合の収納価額は、当該特例の適用後の価額となる。,相続人が相続税の延納を申請する場合に担保として提供する財産は、所定の要件を満たせば、相続人が相続開始前から所有していた財産や共同相続人または第三者が所有している財産であってもさしつかえない。,1,FALSE,FALSE,fp2_gakka_202505_q056,（解説は順次追加予定です。正答は日本FP協会の公表資料に基づきます。）,,,,,,
2025,令和7年度（学科）,57,single,相続・事業承継,FP2級;学科;四答択,"取引相場のない株式の相続税評価に関する次の記述のうち、最も適切なものはどれか。

なお、特定の評価会社の株式には該当しないものとする。",,,,,,会社規模が小会社である会社の株式で、中心的な同族株主が取得したものの価額は、原則として、類似業種比準方式によって評価する。,会社規模の判定上、従業員数が70人以上の会社は、その総資産価額（帳簿価額によって計算した金額）や取引金額の多寡にかかわらず、大会社となる。,同族株主のいる会社の株式で、同族株主以外の株主が取得したものの価額は、その会社規模にかかわらず、原則として、純資産価額方式によって評価する。,類似業種比準方式における比準要素は、１株当たりの配当金額、１株当たりの売上高および１株当たりの純資産価額（帳簿価額によって計算した金額）である。,2,FALSE,FALSE,fp2_gakka_202505_q057,（解説は順次追加予定です。正答は日本FP協会の公表資料に基づきます。）,,,,,,
2025,令和7年度（学科）,58,single,相続・事業承継,FP2級;学科;四答択,宅地の相続税評価に関する次の記述のうち、最も不適切なものはどれか。,,,,,,路線価が定められていない地域の宅地の価額は、倍率方式によって評価する。,不整形地である宅地の価額を倍率方式によって評価する場合、原則として、その宅地の固定資産税評価額に国税局長が一定の地域ごとに定めた倍率を乗じた価額に、その宅地の形状に応じた補正率を乗じて計算した金額によって評価する。,宅地の価額は、２筆の宅地が一体として利用されている場合、その２筆の宅地全体を１画地として評価する。,正面および側方の２つの路線に接する宅地（角地）の価額を路線価方式によって評価する場合、それぞれの路線の路線価に奥行価格補正率を乗じて求めた価額を比較し、いずれか高いほうの路線が正面路線となる。,2,FALSE,FALSE,fp2_gakka_202505_q058,（解説は順次追加予定です。正答は日本FP協会の公表資料に基づきます。）,,,,,,
2025,令和7年度（学科）,59,single,相続・事業承継,FP2級;学科;四答択,「小規模宅地等についての相続税の課税価格の計算の特例」 （以下、 「本特例」という）に関する次の記述のうち、最も適切なものはどれか。,なお、各選択肢において、ほかに必要な要件等はすべて満たしているものとする。,,,,,被相続人と配偶者が同居し、居住の用に供していた宅地を、被相続人と同居していなかった子が相続により取得した場合、その宅地について本特例の適用を受けることはできない。,被相続人と配偶者が同居し、居住の用に供していた宅地を、配偶者が相続により取得し、その宅地を相続税の申告期限までに第三者に売却した場合、その宅地について本特例の適用を受けることはできない。,被相続人が居住の用に供していた宅地を、相続開始の直前において被相続人と同居していなかった配偶者が相続により取得した場合、その宅地について本特例の適用を受けることはできない。,被相続人と配偶者および相続人ではない孫が同居し、居住の用に供していた宅地を、その孫が遺贈により取得した場合、その宅地について本特例の適用を受けることはできない。,1,FALSE,FALSE,fp2_gakka_202505_q059,（解説は順次追加予定です。正答は日本FP協会の公表資料に基づきます。）,,,,,,
2025,令和7年度（学科）,60,single,相続・事業承継,FP2級;学科;四答択,非上場企業の事業承継対策等に関する次の記述のうち、最も不適切なものはどれか。,,,,,,株式の発行会社が、経営者以外の少数株主が保有する自社株式を買い取ることにより、当該会社の株式の分散を防止または抑制することができる。,経営者への役員退職金の原資を準備する方法として、契約者（＝保険料負担者）および死亡保険金受取人を法人、被保険者を経営者とする終身保険などの生命保険に加入することが考えられる。,「非上場株式等についての贈与税の納税猶予及び免除の特例」の適用を受けるためには、特例承継計画を策定して、所定の期限までに都道府県知事に提出し、その確認を受ける必要がある。,「非上場株式等についての贈与税の納税猶予及び免除の特例」の適用を受ける場合、当該非上場株式等の贈与について相続時精算課税制度を選択することはできない。,4,FALSE,FALSE,fp2_gakka_202505_q060,（解説は順次追加予定です。正答は日本FP協会の公表資料に基づきます。）,,,,,,
2025,令和7年度（実技）,61,truefalse,ライフプランニングと資金計画,FP2級;実技;○×;正解未収録,"ファイナンシャル・プランナー（以下「ＦＰ」という）は、ファイナンシャル・プランニング業務を行ううえで関連業法等を順守することが重要である。ＦＰの行為に関する次の（ア）～（エ）の記述について、適切なものは○、不適切なものは×を選択しなさい。

なお、記載のない資格の登録等については考慮しないものとする。",,生命保険募集人、保険仲立人または金融サービス仲介業の登録を受けていないＦＰが、生命保険契約を検討している顧客のライフプランに基づき、有償で具体的な必要保障額を試算した。,弁護士の登録を受けていないＦＰ（遺言者や公証人と利害関係はない成年者）が、顧客から依頼されて公正証書遺言の証人となり、顧客から適正な報酬を受け取った。,投資助言・代理業の登録を受けていないＦＰが、顧客に対し有償で、特定企業の公表されている決算報告書を用いて、具体的な株式の投資時期等の判断や助言を行った。,税理士の登録を受けていないＦＰが、公民館主催の相談会に訪れた相談者に対し、無償で仮定の事例に基づく相続税額を計算する手順の説明を行った。,,,,,,FALSE,FALSE,fp2_jitsugi_202505_q001,（正解・解説は解答資料の公表後に追加予定です。現時点では問題文の確認用に掲載しています。）,,,,,,
2025,令和7年度（実技）,62,single,ライフプランニングと資金計画,FP2級;実技;四答択;正解未収録,消費者契約法に関する次の記述のうち、最も適切なものはどれか。,,,,,,消費者契約法では、個人および法人を保護の対象としている。,消費者契約の取消権は、当該消費者契約の締結時から２年を経過したときは、時効により消滅する。,消費者が、商品を買わずに事業者の店舗から帰りたいと言っても帰らせてもらえずに困惑して契約を締結した場合、当該契約は取り消すことができない。,事業者が消費者に重要事項について事実と異なることを告げ、消費者がそれを事実であると誤認して締結した契約は、取り消すことができる。,,FALSE,FALSE,fp2_jitsugi_202505_q002,（正解・解説は解答資料の公表後に追加予定です。現時点では問題文の確認用に掲載しています。）,,,,,,
2025,令和7年度（実技）,63,single,金融資産運用,FP2級;実技;四答択;正解未収録,長谷川さんは、保有しているＲＭ投資信託（追加型国内公募株式投資信託）の収益分配金を当年中に受け取った。ＲＭ投資信託の運用状況が下記＜資料＞のとおりである場合、収益分配後の個別元本として、正しいものはどれか。,"＜資料＞

［長谷川さんが保有するＲＭ投資信託の収益分配金受取時の状況］
収益分配前の個別元本：１０,８００円
収益分配前の基準価額：１１,４００円
収益分配金：１,０００円
収益分配後の基準価額：１０,４００円",,,,,"９,８００円","１０,２００円","１０,４００円","１０,８００円",,FALSE,FALSE,fp2_jitsugi_202505_q003,（正解・解説は解答資料の公表後に追加予定です。現時点では問題文の確認用に掲載しています。）,,,,,,
2025,令和7年度（実技）,64,open,金融資産運用,FP2級;実技;記述;正解未収録,"下記＜資料＞の外貨定期預金について、満期時の外貨ベースの元利合計額を円転した金額を計算しなさい。

なお、計算結果（円転した金額）について円未満の端数が生じる場合は切り捨てること。

また、解答に当たっては、解答欄に記載されている単位に従うこと。

＜資料＞

預入額：１０,０００豪ドル預入期間：１２ヵ月預金金利：２.５％（年率）為替レート（１豪ドル） ：ＴＴＳ ＴＴＭ（仲値） ＴＴＢ満期時 ９１.２０円 ８８.７０円 ８６.２０円

注１：利息の計算に際しては、預入期間は日割りではなく月単位で計算すること。注２：利息に対しては、豪ドル建ての利息額の２０％相当額が所得税・住民税として源泉徴収されるものとし、為替差益・為替差損に対する税金については考慮しないものとする。",,,,,,,,,,,FALSE,FALSE,fp2_jitsugi_202505_q004,（正解・解説は解答資料の公表後に追加予定です。現時点では問題文の確認用に掲載しています。）,,,,,,
2025,令和7年度（実技）,65,open,金融資産運用,FP2級;実技;記述;正解未収録,"下記＜資料＞に基づく次の記述の空欄（ア） 、 （イ）にあてはまる数値を計算しなさい。

なお、計算結果については小数点以下第３位を四捨五入し、小数点以下第２位までの数値を解答すること。

＜資料＞株価 １,２７０円１株当たり当期純利益 ２４０円１株当たり純資産 １,１６０円１株当たり総資産 ６,４００円１株当たり年間配当金 １００円
・ 配当利回りは、 （ ア ）％である。
・ ＰＥＲ（株価収益率）は、 （ イ ）倍である。",,,,,,,,,,,FALSE,FALSE,fp2_jitsugi_202505_q005,（正解・解説は解答資料の公表後に追加予定です。現時点では問題文の確認用に掲載しています。）,,,,,,
2025,令和7年度（実技）,66,truefalse,金融資産運用,FP2級;実技;○×;正解未収録,"財形貯蓄制度に関する次の（ア）～（エ）の記述について、適切なものは○、不適切なものは×を選択しなさい。

なお、問題作成の都合上、一部を「＊＊＊」にしてある。

財形年金貯蓄 財形住宅貯蓄契約締結時の年齢要件 満（ ａ ）歳未満 満＊＊＊歳未満非課税の限度額［貯蓄型］財形住宅貯蓄と合算して元利合計＊＊＊万円まで

［保険型］払込保険料累計 額（ ｃ ）万円まで、かつ財形住宅貯 蓄と合算して払込保険料累計額＊＊＊万円まで［貯蓄型］財形年金貯蓄と合算して元利合計（ ｂ ）万円まで

［保険型］財形年金貯蓄と合算して払込保険料累計額＊＊＊万円まで目的外の払出時の原則的取扱い［貯蓄型］過去＊＊＊年間に支払われた利息について、さかのぼって所得税および住民税が源泉徴収される

［保険型］積立開始時からの利息相当分すべてが一時所得扱いとなる［貯蓄型］過去（ ｄ ）年間に支払われた利息について、さかのぼって所得税および住民税が源泉徴収される

［保険型］積立開始時からの利息相当分について、所得税および住民税が源泉徴収される",,空欄（ａ）にあてはまる数値は、 「６０」である。,空欄（ｂ）にあてはまる数値は、 「５５０」である。,空欄（ｃ）にあてはまる数値は、 「３５０」である。,空欄（ｄ）にあてはまる数値は、 「５」である。,,,,,,FALSE,FALSE,fp2_jitsugi_202505_q006,（正解・解説は解答資料の公表後に追加予定です。現時点では問題文の確認用に掲載しています。）,,,,,,
2025,令和7年度（実技）,67,single,不動産,FP2級;実技;四答択;正解未収録,さまざまな金融商品等の一般的な商品性に関する次の記述のうち、最も不適切なものはどれか。,,,,,,決済用預金は、 「無利息」 「要求払い」 「決済サービスを提供できること」という３つの条件を満たした預金であり、法人も個人も預け入れることができる。,スーパー定期の預入れには期日指定方式と定型方式があるが、自動継続扱いにすることができるのは定型方式に限られている。,普通銀行などが取り扱う退職金専用定期預金は、支給された退職金の範囲内で預入れができるが、退職金を受け取ってから預入れまでの期間は無制限である。,信託銀行等が取り扱う遺言信託では、遺言書の内容を変更する場合には所定の手数料が必要となる。,,FALSE,FALSE,fp2_jitsugi_202505_q007,（正解・解説は解答資料の公表後に追加予定です。現時点では問題文の確認用に掲載しています。）,,,,,,
2025,令和7年度（実技）,68,open,不動産,FP2級;実技;記述;正解未収録,"建築基準法に従い、下記＜資料＞の土地に耐火建築物を建てる場合、延べ面積（床面積の合計）の最高限度を計算しなさい。

なお、記載のない事項については一切考慮しないものとする。

また、解答に当たっては、解答欄に記載されている単位に従うこと。

＜資料＞

（２４０ｍ2）
・ 第一種住居地域
・ 指定建蔽率   ６０％
・ 指定容積率  ３００％
・ 前面道路の幅員に対する法定乗数  ４／１０幅員６ｍ市道２０ｍ１２ｍ幅員１０ｍ市道",,,,,,,,,,,FALSE,FALSE,fp2_jitsugi_202505_q008,（正解・解説は解答資料の公表後に追加予定です。現時点では問題文の確認用に掲載しています。）,,,,,,
2025,令和7年度（実技）,69,single,不動産,FP2級;実技;四答択;正解未収録,公的な土地評価に関する下表の空欄（ア）～（ウ）にあてはまる語句の組み合わせとして、最も適切なものはどれか。,"価格の種類 公示価格 基準地標準価格 相続税路線価所管 国土交通省 都道府県 （ ア ）
評価時点 毎年１月１日 毎年（ イ ） 毎年１月１日評価割合 － － 公示価格の
（ ウ ）程度目的
・ 一般の土地取引の指標
・ 公共事業用地の適正補償額の算定基準
・ 一般の土地取引の指標
・ 国土利用計画法による土地取引の適正かつ円
滑な実施
・ 相続税や贈与税の課税のため",,,,,（ア）国税庁 （イ）４月１日 （ウ）７割,（ア）国税庁 （イ）７月１日 （ウ）８割,（ア）市町村 （イ）４月１日 （ウ）８割,（ア）市町村 （イ）７月１日 （ウ）７割,,FALSE,FALSE,fp2_jitsugi_202505_q009,（正解・解説は解答資料の公表後に追加予定です。現時点では問題文の確認用に掲載しています。）,,,,,,
2025,令和7年度（実技）,70,truefalse,不動産,FP2級;実技;○×;正解未収録,"借地借家法に基づく借家契約に関する次の（ア）～（エ）の記述について、適切なものは○、不適切なものは×を選択しなさい。

種類 普通借家契約 定期借家契約契約方法 （ ａ ） 公正証書等の書面による契約の更新賃貸人が、期間満了の１年前から６ヵ月前までに更新拒絶の通知をした場合、賃貸人に正当事由が認められるときは、更新されない（ ｂ ）契約期間 １年未満の場合 （ ｃ ） （ ｄ ） １年以上の場合 制限なし",,空欄（ａ）にあてはまる語句は、 「制限なし」である。,空欄（ｂ）にあてはまる語句は、 「期間満了により終了し、更新されない」である。,空欄（ｃ）にあてはまる語句は、 「１年の契約期間とみなされる」である。,空欄（ｄ）にあてはまる語句は、 「制限なし」である。,,,,,,FALSE,FALSE,fp2_jitsugi_202505_q010,（正解・解説は解答資料の公表後に追加予定です。現時点では問題文の確認用に掲載しています。）,,,,,,
2025,令和7年度（実技）,71,single,リスク管理,FP2級;実技;四答択;正解未収録,下記＜資料＞は、田村さんが購入を検討している投資用マンションの概要である。この物件の表面利回り（年利）と実質利回り（年利）の組み合わせとして、正しいものはどれか。,"なお、記載のない事項については一切考慮しないものとし、計算結果について端数が生じる場合は小数点以下第３位を四捨五入すること。

＜資料＞

購入費用総額：４,０００万円（消費税と仲介手数料等取得費用を含めた金額）
想定される収入：賃料 月額２００,０００円
想定される支出：
管理費・修繕積立金 月額２０,０００円
管理業務委託費   月額 ５,０００円

火災保険料     年額２０,０００円
固定資産税等税金  年額５０,０００円
修繕費       年額４０,０００円",,,,,表面利回り（年利）５.２５％  実質利回り（年利）４.９８％,表面利回り（年利）５.２５％  実質利回り（年利）５.２０％,表面利回り（年利）６.００％  実質利回り（年利）４.９８％,表面利回り（年利）６.００％  実質利回り（年利）５.２０％,,FALSE,FALSE,fp2_jitsugi_202505_q011,（正解・解説は解答資料の公表後に追加予定です。現時点では問題文の確認用に掲載しています。）,,,,,,
2025,令和7年度（実技）,72,open,リスク管理,FP2級;実技;記述;正解未収録,"米田さんは販売価格６,５００万円（うち消費税３２０万円）のマンションを購入予定である。この場合の販売価格のうち、土地（敷地の共有持分）の価格を計算しなさい。

なお、消費税の税率は１０％とし、計算結果については万円未満の端数が生じる場合は四捨五入すること。

また、解答に当たっては、解答欄に記載されている単位に従うこと。",,,,,,,,,,,FALSE,FALSE,fp2_jitsugi_202505_q012,（正解・解説は解答資料の公表後に追加予定です。現時点では問題文の確認用に掲載しています。）,,,,,,
2025,令和7年度（実技）,73,open,リスク管理,FP2級;実技;記述;正解未収録,"片岡秀雄さんが保険契約者（保険料負担者）および被保険者として加入している下記＜資料＞の生命保険の保障内容に関する次の記述の空欄（ア）～（ウ）にあてはまる数値を計算しなさい。

なお、保険金および給付金の支払事由が生じたときにおいて、特約を含む保険契約は有効に継続しているものとし、秀雄さんはこれまでに＜資料＞の保険から、保険金・給付金を一度も受け取っていないものとする。

また、各々の記述はそれぞれ独立した問題であり、相互に影響を与えないものとする。

＜資料１＞

無配当定期保険特約付終身保険 保険証券番号△△△－□□□□保険契約者 片岡 秀雄 様  ◇契約日（保険期間の始期）２０××年×月×日

◇主契約の保険期間終身

◇主契約の保険料払込期間３０年間

◇特約の保険期間１０年（８０歳まで自動更新）被保険者 片岡 秀雄 様契約年齢 ３２歳 男性受取人 [死亡保険金］片岡 咲江 様（妻）

◇ご契約内容 ◇お払い込みいただく合計保険料終身保険金額（主契約保険金額）  １００万円  毎回 ××,×××円定期保険特約保険金額  ２,０００万円三大疾病保障定期保険特約保険金額  ５００万円 ［保険料払込方法］月払い 災害割増特約保険金額  ３,０００万円災害入院特約 入院５日目から 日額 ５,０００円疾病入院特約 入院５日目から 日額 ５,０００円※約款所定の手術を受けた場合、手術の種類に応じて入院給付金日額の１０倍・２０倍・４０倍の手術給付金を支払います。※入院給付金の１入院当たりの限度日数は１２０日、通算限度日数は１,０９５日です。※１８０日以内に同じ病気で再度入院した場合は１回の入院とみなします。

＜資料２＞

終身がん保険 保険証券番号△△△－□□□□保険契約者 片岡 秀雄 様◇契約日（保険期間の始期）２０××年×月×日

◇主契約の保険期間終身

◇主契約の保険料払込期間終身被保険者 片岡 秀雄 様契約年齢 ３２歳 男性受取人［給付金］被保険者 様［死亡給付金］片岡 咲江 様（妻）受取割合１０割

◇ご契約内容 ◇お払い込みいただく合計保険料主契約［本人型］がん入院給付金 １日目から 日額 １０,０００円がん通院給付金 日額  ５,０００円がん診断給付金 初めてがんと診断されたとき １００万円手術給付金 １回につき 手術の種類に応じてがん入院給付金日額の１０倍・２０倍・４０倍死亡給付金 がん入院給付金日額の１００倍（がん以外の死亡の場合は、がん入院給付金日額の１０倍）毎回 ×,×××円［保険料払込方法］月払い
・ 秀雄さんが現時点で、肺炎で８日間継続して入院し、退院してから５日後に同じ病気で再度２日間継続して入院した場合（いずれも手術は受けていない） 、保険会社から支払われる保険金・給付金の合計は（ ア ）万円である。
・ 秀雄さんが現時点で、初めてがん（悪性新生物）と診断され、治療のため２４日間 継続して入院し、その間に約款所定の手術（給付倍率４０倍）を１回受けた場合、保険会社から支払われる保険金・給付金の合計は（ イ ）万円である。
・ 秀雄さんが現時点で、交通事故で死亡（入院・手術なし）した場合、保険会社から支払われる保険金・給付金の合計は（ ウ ）万円である。

※約款所定の手術は、＜資料１＞および＜資料２＞の保険ともに該当するものである。",,,,,,,,,,,FALSE,FALSE,fp2_jitsugi_202505_q013,（正解・解説は解答資料の公表後に追加予定です。現時点では問題文の確認用に掲載しています。）,,,,,,
2025,令和7年度（実技）,74,single,リスク管理,FP2級;実技;四答択;正解未収録,"小川修平さんと妻の美代さんが契約している下記＜資料＞の生命保険契約について、保険金等が支払われた場合の課税に関する次の記述のうち、最も不適切なものはどれか。

＜資料：生命保険契約の一覧＞保険料払込方法保険契約者（保険料負担者） 被保険者 死亡保険金等受取人収入保障保険Ａ 月払い 修平さん 修平さん 美代さん終身保険Ｂ 年払い 修平さん 美代さん 修平さんがん保険Ｃ 月払い 美代さん 美代さん 美代さん※収入保障保険Ａにおける死亡保険金等受取人とは、被保険者の死亡時に年金形式で受け取ることができる収入保障年金の受取人をいうものとする。",,,,,,収入保障保険Ａについて、美代さんが受け取る収入保障年金は、年金形式での受取りに代えて一時金での受取りを選択した場合、相続税の課税対象となる。,収入保障保険Ａについて、美代さんが受け取る収入保障年金は、修平さんの死亡時に年金受給権として相続税の課税対象となり、受け取る年金は２年目以降において非課税部分と課税部分に分かれ、課税部分は所得税（雑所得）および住民税の課税対象となる。,終身保険Ｂについて、修平さんが受け取る死亡保険金は、一時所得として所得税の課税対象となる。,がん保険Ｃについて、美代さんが受け取るがん診断給付金は、一時所得として所得税の課税対象となる。,,FALSE,FALSE,fp2_jitsugi_202505_q014,（正解・解説は解答資料の公表後に追加予定です。現時点では問題文の確認用に掲載しています。）,,,,,,
2025,令和7年度（実技）,75,truefalse,リスク管理,FP2級;実技;○×;正解未収録,"ＦＰの池本さんが行った生命保険の指定代理請求特約の説明に関する次の（ア）～（エ）の記述について、適切なものは○、不適切なものは×を選択しなさい。
・ ｢入院給付金や特定疾病保険金、高度障害保険金、リビング・ニーズ特約による保険金の受取人は本来、被保険者ですが、 （ ａ ） 、あらかじめ指定した者が指定代理請求人として被保険者の代わりに保険金、給付金の請求を行うことができます。 」
・ ｢指定代理請求特約を付加するに当たって特約保険料（ ｂ ）です。

また、指定代理請求人は、保険期間の途中で（ ｃ ）。」
・ ｢指定代理請求特約を付加し、所定の要件に該当した場合、 （ ｄ ）の保険料払込免除についても、指定代理請求人が代理請求することができます。 」",,空欄（ａ）にあてはまる語句は、 「保険契約者の希望に応じて」である。,空欄（ｂ）にあてはまる語句は、 「は不要」である。,空欄（ｃ）にあてはまる語句は、 「変更はできません」である。,空欄（ｄ）にあてはまる語句は、 「保険契約者と被保険者が同一人のとき」である。,,,,,,FALSE,FALSE,fp2_jitsugi_202505_q015,（正解・解説は解答資料の公表後に追加予定です。現時点では問題文の確認用に掲載しています。）,,,,,,
2025,令和7年度（実技）,76,single,タックスプランニング,FP2級;実技;四答択;正解未収録,真野さん（４５歳）は、自身を記名被保険者として契約している自動車保険の下記＜資料＞の契約更新案内について、ＦＰの遠藤さんにアドバイスを求めた。遠藤さんが行った次の説明のうち、最も不適切なものはどれか。,"なお、記載のない事項については一切考慮しないものとする。

＜資料＞更新プランＡ 更新プランＢ 更新プランＣ保険料（月払い） ××,×××円 ××,×××円 ××,×××円
運転者年齢条件 ３５歳以上補償 ３５歳以上補償 年齢条件なし運転者限定の有無 本人・配偶者限定 限定なし 本人限定対人賠償保険
（１名につき） 無制限 無制限 無制限対物賠償保険 無制限 無制限 無制限人身傷害保険
（１名につき） 付帯なし ３,０００万円 ５,０００万円
車両保険エコノミー型
（車対車＋Ａ）
保険金額１８０万円

免責金額
１回目の事故   ０円
２回目の事故 １０万円
エコノミー型
（車対車＋Ａ）
保険金額１８０万円

免責金額
１回目の事故   ０円
２回目の事故 １０万円
一般型

保険金額１８０万円

免責金額
１回目の事故   ０円
２回目の事故 １０万円
その他特約 なし なし 個人賠償責任特約
１億円",,,,,「真野さんの友人（３４歳）が被保険自動車を運転中に対人事故を起こした場合、更新プランＢでは補償の対象となります。」,「真野さんが被保険自動車を運転中に単独事故を起こしたことによる被保険自動車の損害は、いずれのプランでも補償の対象となります。 」,「被保険自動車が台風で水没した場合の車両の損害は、いずれのプランでも補償の対象となります。 」,「真野さんが買い物に行くため自転車を運転中、他人と接触し、ケガをさせたことにより法律上の損害賠償責任を負った場合、更新プランＣでは補償の対象となります。 」,,FALSE,FALSE,fp2_jitsugi_202505_q016,（正解・解説は解答資料の公表後に追加予定です。現時点では問題文の確認用に掲載しています。）,,,,,,
2025,令和7年度（実技）,77,open,タックスプランニング,FP2級;実技;記述;正解未収録,"西川さんは地震保険の加入を検討している。下記＜資料＞に基づく西川さんの自宅に係る年間の地震保険料を計算しなさい。

なお、西川さんの自宅は埼玉県にあるロ構造の一戸建てで、火災保険の保険金額は２,０００万円であり、地震保険の保険金額は、火災保険の保険金額に基づく契約可能な最大額とする。

また、地震保険料の割引制度は考慮せず、解答に当たっては、解答欄に記載された単位に従うこと。

＜資料：年間保険料例（地震保険金額１００万円当たり、割引適用なしの場合)＞建物の所在地（都道府県）建物の構造区分イ構造※ ロ構造※北海道・青森県・岩手県・秋田県・山形県・栃木県・群馬県・新潟県・富山県・石川県・福井県・長野県・岐阜県・滋賀県・京都府・兵庫県・奈良県・鳥取県・島根県・岡山県・広島県・山口県・福岡県・佐賀県・長崎県・熊本県・大分県・鹿児島県７３０円 １,１２０円宮城県・福島県・山梨県・愛知県・三重県・大阪府・和歌山県・香川県・愛媛県・宮崎県・沖縄県 １,１６０円 １,９５０円茨城県・徳島県・高知県 ２,３００円４,１１０円 埼玉県 ２,６５０円千葉県・東京都・神奈川県・静岡県 ２,７５０円※イ構造：主として鉄骨・コンクリート造の建物、ロ構造：主として木造の建物",,,,,,,,,,,FALSE,FALSE,fp2_jitsugi_202505_q017,（正解・解説は解答資料の公表後に追加予定です。現時点では問題文の確認用に掲載しています。）,,,,,,
2025,令和7年度（実技）,78,open,タックスプランニング,FP2級;実技;記述;正解未収録,"桑田さん（６６歳）の当年分の収入等は以下のとおりである。桑田さんの当年分の所得税における総所得金額を計算しなさい。

なお、記載のない事項については一切考慮しないものとし、総所得金額が最も少なくなるように計算すること。

また、解答に当たっては、解答欄に記載されている単位に従うこと。

＜収入等＞内容 金額公的年金の老齢年金および企業年金 ３００万円生命保険の満期保険金（一時金） ６０万円※生命保険は養老保険（保険期間２０年、保険契約者および満期保険金受取人は桑田さん）の満期保険金であり、既払込保険料（桑田さんが全額負担している）を控除した後の金額である。

＜公的年金等控除額の速算表＞納税者区分 公的年金等の収入金額（Ａ）公的年金等控除額公的年金等に係る雑所得以外の所得に係る合計所得金額１,０００万円 以下６５歳未満の者１３０万円 以下 ６０万円１３０万円 超 ４１０万円 以下 （Ａ）×２５％＋ ２７.５万円４１０万円 超 ７７０万円 以下 （Ａ）×１５％＋ ６８.５万円７７０万円 超 １,０００万円 以下 （Ａ）× ５％＋１４５.５万円１,０００万円 超  １９５.５万円６５歳以上の者３３０万円 以下 １１０万円３３０万円 超 ４１０万円 以下 （Ａ）×２５％＋ ２７.５万円４１０万円 超 ７７０万円 以下 （Ａ）×１５％＋ ６８.５万円７７０万円 超 １,０００万円 以下 （Ａ）× ５％＋１４５.５万円１,０００万円 超  １９５.５万円",,,,,,,,,,,FALSE,FALSE,fp2_jitsugi_202505_q018,（正解・解説は解答資料の公表後に追加予定です。現時点では問題文の確認用に掲載しています。）,,,,,,
2025,令和7年度（実技）,79,single,タックスプランニング,FP2級;実技;四答択;正解未収録,会社員の松尾さんの退職に係るデータが下記＜資料＞のとおりである場合、松尾さんの退職一時金に係る退職所得の金額として、正しいものはどれか。,"なお、松尾さんは勤務先の役員であったことはなく、退職は障害者になったことに基因するものではない。また、記載のない事項については一切考慮しないものとする。

＜資料＞支給される退職一時金 ９００万円
勤続期間 １５年２ヵ月",,,,,１３０万円,１９０万円,２６０万円,３００万円,,FALSE,FALSE,fp2_jitsugi_202505_q019,（正解・解説は解答資料の公表後に追加予定です。現時点では問題文の確認用に掲載しています。）,,,,,,
2025,令和7年度（実技）,80,single,タックスプランニング,FP2級;実技;四答択;正解未収録,会社員の湯川さんの当年分の所得等が下記＜資料＞のとおりである場合、湯川さんが当年分の所得税の確定申告を行う際に、給与所得と損益通算により控除できる金額に関する次の記述のうち、最も適切なものはどれか。,"なお、記載のない事項については一切考慮しないものとし、▲が付された所得金額は、その所得に損失が生じていることを意味するものとする。

＜資料＞所得の種類 所得金額 備考給与所得 ４８０万円 勤務先からの給与で年末調整済みである。
不動産所得 ▲２０万円
必要経費２００万円
必要経費の中には、土地の取得に要した借入金の利子の額４０
万円が含まれている。
譲渡所得 ▲３０万円 上場株式の売却に係る損失である。
雑所得 ▲５万円 副業の執筆活動に係る損失である。",,,,,損益通算により控除できる金額はない。,不動産所得▲２０万円が控除できる。,不動産所得▲２０万円と雑所得▲５万円が控除できる。,不動産所得▲２０万円と譲渡所得▲３０万円と雑所得▲５万円が控除できる。,,FALSE,FALSE,fp2_jitsugi_202505_q020,（正解・解説は解答資料の公表後に追加予定です。現時点では問題文の確認用に掲載しています。）,,,,,,
2025,令和7年度（実技）,81,open,相続・事業承継,FP2級;実技;記述;正解未収録,"個人事業主の大野さんが、当年中に購入し、事業の用に供している器具・備品の状況等は下記＜資料＞のとおりである。下記＜資料＞に基づく大野さんの当年分の所得税における事業所得の金額の計算上、必要経費に算入すべき減価償却費の金額を計算しなさい。

なお、大野さんは個人事業を開業して以来、器具・備品についての減価償却方法を選定したことはない。

また、解答に当たっては、解答欄に記載されている単位に従うこと。

＜資料＞

［器具・備品の状況］取得価額：２０万円法定耐用年数：４年当年中の事業の用に供した月数：３ヵ月

［耐用年数表（抜粋） ］法定耐用年数 定額法の償却率 定率法の償却率４年 ０.２５０ ０.５００",,,,,,,,,,,FALSE,FALSE,fp2_jitsugi_202505_q021,（正解・解説は解答資料の公表後に追加予定です。現時点では問題文の確認用に掲載しています。）,,,,,,
2025,令和7年度（実技）,82,truefalse,相続・事業承継,FP2級;実技;○×;正解未収録,所得税に関する次の（ア）～（エ）の記述について、適切なものは○、不適切なものは×を選択しなさい。,,地震保険料控除の金額は、最高４万円である。,医療費控除は、納税者本人のために支払った医療費が対象となり、生計を一にする配偶者およびその他の親族のために支払った医療費は対象とならない。,基礎控除の金額は、納税者本人の合計所得金額にかかわらず４８万円である。,ふるさと納税をしたことにより適用を受けることができる寄附金控除は、所得控除である。,,,,,,FALSE,FALSE,fp2_jitsugi_202505_q022,（正解・解説は解答資料の公表後に追加予定です。現時点では問題文の確認用に掲載しています。）,,,,,,
2025,令和7年度（実技）,83,truefalse,相続・事業承継,FP2級;実技;○×;正解未収録,下記＜相続人等関係図＞の場合において、民法の規定に基づく法定相続分および遺留分に関する次の,,"～（ウ）の記述について、適切なものは○、不適切なものは×を選択しなさい。

＜相続人等関係図＞

［各自の法定相続分と遺留分］・ 被相続人の配偶者の法定相続分は（ ａ ）である。・ 被相続人の姉の遺留分は（ ｂ ）である。・ 被相続人の父の遺留分は（ ｃ ）である。

（ア）空欄（ａ）にあてはまる数値は、 「３／４」である。",空欄（ｂ）にあてはまる語句は、 「ゼロ」である。,"空欄（ｃ）にあてはまる数値は、 「１／８」である。

子姉母父配偶者被相続人（相続放棄）",,,,,,,FALSE,FALSE,fp2_jitsugi_202505_q023,（正解・解説は解答資料の公表後に追加予定です。現時点では問題文の確認用に掲載しています。）,,,,,,
2025,令和7年度（実技）,84,open,相続・事業承継,FP2級;実技;記述;正解未収録,"下記の相続事例における相続税の課税価格の合計額を計算しなさい。

なお、記載のない事項については一切考慮しないものとする。

また、解答に当たっては、解答欄に記載されている単位に従うこと。

＜課税価格の合計額を算出するための財産等の相続税評価額＞土地：１,２００万円（小規模宅地等の特例適用後）建物：４００万円現預金：２,０００万円死亡保険金：２,０００万円（生命保険金等の非課税限度額控除前）債務および葬式費用：２００万円

＜相続人等関係図＞

※｢小規模宅地等の特例」の適用対象となる要件はすべて満たしており、その適用を受けるものとする。※死亡保険金はすべて被相続人の配偶者が受け取っている。※すべての相続人は、相続により財産を取得している。※相続開始前７年以内に被相続人からの贈与により財産を取得した相続人はおらず、相続時精算課税制度を選択した相続人もいない。

また、相続を放棄した者もいない。※債務および葬式費用は被相続人の配偶者がすべて負担している。

配偶者二女長女被相続人",,,,,,,,,,,FALSE,FALSE,fp2_jitsugi_202505_q024,（正解・解説は解答資料の公表後に追加予定です。現時点では問題文の確認用に掲載しています。）,,,,,,
2025,令和7年度（実技）,85,open,相続・事業承継,FP2級;実技;記述;正解未収録,"二木さん（３６歳）が、当年中に贈与を受けた財産の価額と贈与者が以下のとおりである場合の二木さんの当年分の贈与税額を計算しなさい。

なお、記載のない事項については一切考慮しないものとする。

また、解答に当たっては、解答欄に記載されている単位に従うこと。
・ 二木さんの父からの贈与：現金５００万円
・ 二木さんの母からの贈与：現金 ３０万円

＜贈与税の速算表＞（イ）１８歳以上の者が直系尊属から贈与を受けた財産の場合（特例贈与財産、特例税率）基礎控除後の課税価格 税率 控除額２００万円 以下 １０％ －２００万円 超 ４００万円 以下 １５％  １０万円４００万円 超 ６００万円 以下 ２０％  ３０万円６００万円 超 １,０００万円 以下 ３０％  ９０万円１,０００万円 超 １,５００万円 以下 ４０％ １９０万円１,５００万円 超 ３,０００万円 以下 ４５％ ２６５万円３,０００万円 超 ４,５００万円 以下 ５０％ ４１５万円４,５００万円 超  ５５％ ６４０万円

（ロ）上記（イ）以外の場合（一般贈与財産、一般税率）基礎控除後の課税価格 税率 控除額２００万円 以下 １０％ －２００万円 超 ３００万円 以下 １５％  １０万円３００万円 超 ４００万円 以下 ２０％  ２５万円４００万円 超 ６００万円 以下 ３０％  ６５万円６００万円 超 １,０００万円 以下 ４０％ １２５万円１,０００万円 超 １,５００万円 以下 ４５％ １７５万円１,５００万円 超 ３,０００万円 以下 ５０％ ２５０万円３,０００万円 超  ５５％ ４００万円",,,,,,,,,,,FALSE,FALSE,fp2_jitsugi_202505_q025,（正解・解説は解答資料の公表後に追加予定です。現時点では問題文の確認用に掲載しています。）,,,,,,
2025,令和7年度（実技）,86,single,相続・事業承継,FP2級;実技;四答択;正解未収録,相続税における小規模宅地等の特例に関する下表の空欄（ア）～（ウ）にあてはまる数値の組み合わせとして、最も適切なものはどれか。,"宅地等の区分 適用限度面積 減額割合 備考特定事業用宅地等 ４００ｍ2 （ ウ ）％
（注）
特定同族会社事業用宅地等 －特定居住用宅地等 （ ア ）ｍ2 －貸付事業用宅地等 （ イ ）ｍ2 ５０％ （注）
（注）一定の要件に該当しない限り、相続開始前３年以内に新たに（貸付）事業の用に供された宅地等を除く。",,,,,（ア）３００ （イ）２００ （ウ）７０,（ア）３００ （イ）２４０ （ウ）８０,（ア）３３０ （イ）２００ （ウ）８０,（ア）３３０ （イ）２４０ （ウ）７０,,FALSE,FALSE,fp2_jitsugi_202505_q026,（正解・解説は解答資料の公表後に追加予定です。現時点では問題文の確認用に掲載しています。）,,,,,,
2025,令和7年度（実技）,87,truefalse,相続・事業承継,FP2級;実技;○×;正解未収録,相続に関する次の（ア）～（エ）の記述について、適切なものは○、不適切なものは×を選択しなさい。,,弁護士に支払った遺言執行費用は、相続財産から控除することができる。,香典返戻費用は、葬式費用として相続財産から控除することはできない。,相続税の申告書は、相続人等がその相続の開始があったことを知った日の翌日から、原則として１０ヵ月以内に提出しなければならない。,相続放棄をする場合、相続人は、自己のために相続の開始があったことを知った時から、原則として６ヵ月以内に、家庭裁判所にその旨を申述しなければならない。,,,,,,FALSE,FALSE,fp2_jitsugi_202505_q027,（正解・解説は解答資料の公表後に追加予定です。現時点では問題文の確認用に掲載しています。）,,,,,,
2025,令和7年度（実技）,88,open,ライフプランニングと資金計画,FP2級;実技;記述;正解未収録,"下記は、島田家のキャッシュフロー表（一部抜粋）である。このキャッシュフロー表の空欄（ア）にあてはまる数値を計算しなさい。

なお、計算に当たっては、キャッシュフロー表中に記載の整数を使用すること。

また、計算過程においては端数処理をせず計算し、計算結果については万円未満を四捨五入すること。

＜島田家のキャッシュフロー表＞ （単位：万円)経過年数 基準年 １年後 ２年後 ３年後 ４年後家族・年齢島田 正人 本人 ３８歳 ３９歳 ４０歳 ４１歳 ４２歳京子 妻 ３５歳 ３６歳 ３７歳 ３８歳 ３９歳春香 長女  ７歳  ８歳  ９歳 １０歳 １１歳雄太 長男  ３歳  ４歳  ５歳  ６歳  ７歳ライフイベント

春香小学校入学   自動車買替え雄太小学校入学

変動率収入給与収入（本人） １％ ４５０   （ ア ）給与収入（妻） １％ ３３０収入合計 － ７８０支出基本生活費 ２％ ２８０住宅関連費 － ２４０ ２４０ ２４０ ２４０ ２４０教育費 － １００ １００ １１０ １２０ １４０保険料 － １８ １８ １８ １８ １８一時的支出 －    ２５０その他支出 － ３６ ３６ ３６ ３６ ３６支出合計 － ６７４  ６９５年間収支  １０６  １０１金融資産残高 １％ ５０８ ６２１※年齢および金融資産残高は各年１２月３１日現在のものとする。※給与収入は可処分所得で記載している。※記載されている数値は正しいものとする。

また、問題作成の都合上、一部を空欄としている。",,,,,,,,,,,FALSE,FALSE,fp2_jitsugi_202505_q028,（正解・解説は解答資料の公表後に追加予定です。現時点では問題文の確認用に掲載しています。）,,,,,,
2025,令和7年度（実技）,89,open,ライフプランニングと資金計画,FP2級;実技;記述;正解未収録,"下記は、中村家のキャッシュフロー表（一部抜粋）である。このキャッシュフロー表の空欄（ア）にあてはまる数値を計算しなさい。

なお、計算に当たっては、キャッシュフロー表中に記載の整数を使用すること。

また、計算過程においては端数処理をせず計算し、計算結果については万円未満を四捨五入すること。

＜中村家のキャッシュフロー表＞ （単位：万円)経過年数 基準年 １年後 ２年後 ３年後 ４年後家族・年齢中村 徹 本人 ３８歳 ３９歳 ４０歳 ４１歳 ４２歳麻里 妻 ３５歳 ３６歳 ３７歳 ３８歳 ３９歳仁美 長女  ７歳  ８歳  ９歳 １０歳 １１歳健一 長男  ３歳  ４歳  ５歳  ６歳  ７歳ライフイベント

仁美小学校入学   自動車買替え健一小学校入学

変動率収入給与収入（本人） １％ ４５０給与収入（妻） １％ ３３０収入合計 － ７８０支出基本生活費 ２％ ２８０住宅関連費 － ２４０ ２４０ ２４０ ２４０ ２４０教育費 － １００ １００ １１０ １２０ １４０保険料 － １８ １８ １８ １８ １８一時的支出 －    ２５０その他支出 － ３６ ３６ ３６ ３６ ３６支出合計 － ６７４年間収支  １０６  １０１金融資産残高 １％ ５０８ ６２１ （ ア ）※年齢および金融資産残高は各年１２月３１日現在のものとする。※給与収入は可処分所得で記載している。※記載されている数値は正しいものとする。

また、問題作成の都合上、一部を空欄としている。",,,,,,,,,,,FALSE,FALSE,fp2_jitsugi_202505_q029,（正解・解説は解答資料の公表後に追加予定です。現時点では問題文の確認用に掲載しています。）,,,,,,
2025,令和7年度（実技）,90,single,ライフプランニングと資金計画,FP2級;実技;四答択;正解未収録,落合さんは、パソコンをクレジットカードのリボルビング払いにより、購入することを検討している。下記＜資料＞に基づき、落合さんが４月にパソコンの購入代金２５万円の支払いにクレジットカードを利用し、リボルビング払いにより返済した場合の下表の空欄（ア） 、 （イ）にあてはまる数値の組み合わせとして、正しいものはどれか。,"なお、利息の計算に当たっては月割り計算し、円未満の端数は切り捨てること。

＜資料＞

［返済条件］
利息：前月末の残高に対して年利１５％
毎月返済額：５万円（元利定額払い）

［元利定額リボルビング払い返済表］ （単位：円)
返済月 返済額  月末残高 利息 元金
４月 － － － ２５０,０００
５月 ５０,０００   （ ア ）
６月 ５０,０００ （ イ ）
※問題作成の都合上、表の一部を空欄にしてある。",,,,,"（ア）２００,０００ （イ）２,５００","（ア）２００,０００ （イ）２,５３９","（ア）２０３,１２５ （イ）２,５００","（ア）２０３,１２５ （イ）２,５３９",,FALSE,FALSE,fp2_jitsugi_202505_q030,（正解・解説は解答資料の公表後に追加予定です。現時点では問題文の確認用に掲載しています。）,,,,,,
2025,令和7年度（実技）,91,open,ライフプランニングと資金計画,FP2級;実技;記述;正解未収録,"宇野さんは、住宅のリフォーム費用として９年後に４００万円を準備したいと考えている。９年間、年利１.０％で複利運用する場合、現在いくらの資金があればよいか 、下記の係数早見表を乗算で使用し、計算しなさい。

なお、税金は一切考慮しないものとし、解答に当たっては、解答欄に記載されている単位に従うこと。

＜係数早見表（年利率１.０％)＞終価係数 現価係数 減債基金係数 資本回収係数 年金終価係数 年金現価係数１年 １.０１０ ０.９９０ １.０００ １.０１０ １.０００ ０.９９０２年 １.０２０ ０.９８０ ０.４９８ ０.５０８ ２.０１０ １.９７０３年 １.０３０ ０.９７１ ０.３３０ ０.３４０ ３.０３０ ２.９４１４年 １.０４１ ０.９６１ ０.２４６ ０.２５６ ４.０６０ ３.９０２５年 １.０５１ ０.９５１ ０.１９６ ０.２０６ ５.１０１ ４.８５３６年 １.０６２ ０.９４２ ０.１６３ ０.１７３ ６.１５２ ５.７９５７年 １.０７２ ０.９３３ ０.１３９ ０.１４９ ７.２１４ ６.７２８８年 １.０８３ ０.９２３ ０.１２１ ０.１３１ ８.２８６ ７.６５２９年 １.０９４ ０.９１４ ０.１０７ ０.１１７ ９.３６９ ８.５６６１０年 １.１０５ ０.９０５ ０.０９６ ０.１０６ １０.４６２ ９.４７１１５年 １.１６１ ０.８６１ ０.０６２ ０.０７２ １６.０９７ １３.８６５２０年 １.２２０ ０.８２０ ０.０４５ ０.０５５ ２２.０１９ １８.０４６２５年 １.２８２ ０.７８０ ０.０３５ ０.０４５ ２８.２４３ ２２.０２３３０年 １.３４８ ０.７４２ ０.０２９ ０.０３９ ３４.７８５ ２５.８０８※記載されている数値は正しいものとする。",,,,,,,,,,,FALSE,FALSE,fp2_jitsugi_202505_q031,（正解・解説は解答資料の公表後に追加予定です。現時点では問題文の確認用に掲載しています。）,,,,,,
2025,令和7年度（実技）,92,open,ライフプランニングと資金計画,FP2級;実技;記述;正解未収録,"榎本さんは、老後の生活資金として毎年年末に２００万円を受け取りたいと考えている。受取期間を２５年とし、年利１.０％で複利運用をした場合、受取り開始年の初めにいくらの資金があればよいか 、下記の係数早見表を乗算で使用し、計算しなさい。

なお、税金は一切考慮しないものとし、解答に当たっては、解答欄に記載されている単位に従うこと。

＜係数早見表（年利率１.０％)＞終価係数 現価係数 減債基金係数 資本回収係数 年金終価係数 年金現価係数１年 １.０１０ ０.９９０ １.０００ １.０１０ １.０００ ０.９９０２年 １.０２０ ０.９８０ ０.４９８ ０.５０８ ２.０１０ １.９７０３年 １.０３０ ０.９７１ ０.３３０ ０.３４０ ３.０３０ ２.９４１４年 １.０４１ ０.９６１ ０.２４６ ０.２５６ ４.０６０ ３.９０２５年 １.０５１ ０.９５１ ０.１９６ ０.２０６ ５.１０１ ４.８５３６年 １.０６２ ０.９４２ ０.１６３ ０.１７３ ６.１５２ ５.７９５７年 １.０７２ ０.９３３ ０.１３９ ０.１４９ ７.２１４ ６.７２８８年 １.０８３ ０.９２３ ０.１２１ ０.１３１ ８.２８６ ７.６５２９年 １.０９４ ０.９１４ ０.１０７ ０.１１７ ９.３６９ ８.５６６１０年 １.１０５ ０.９０５ ０.０９６ ０.１０６ １０.４６２ ９.４７１１５年 １.１６１ ０.８６１ ０.０６２ ０.０７２ １６.０９７ １３.８６５２０年 １.２２０ ０.８２０ ０.０４５ ０.０５５ ２２.０１９ １８.０４６２５年 １.２８２ ０.７８０ ０.０３５ ０.０４５ ２８.２４３ ２２.０２３３０年 １.３４８ ０.７４２ ０.０２９ ０.０３９ ３４.７８５ ２５.８０８※記載されている数値は正しいものとする。",,,,,,,,,,,FALSE,FALSE,fp2_jitsugi_202505_q032,（正解・解説は解答資料の公表後に追加予定です。現時点では問題文の確認用に掲載しています。）,,,,,,
2025,令和7年度（実技）,93,open,ライフプランニングと資金計画,FP2級;実技;記述;正解未収録,"山本さんは、子の大学入学資金として１０年後に２００万円を用意しようと考えている。年利 １.０％で複利運用しながら毎年年末に一定額を積み立てる場合、毎年いくらずつ積み立てればよいか、下記の係数早見表を乗算で使用し、計算しなさい。

なお、税金は一切考慮しないものとし、解答に当たっては、解答欄に記載されている単位に従うこと。

＜係数早見表（年利率１.０％)＞終価係数 現価係数 減債基金係数 資本回収係数 年金終価係数 年金現価係数１年 １.０１０ ０.９９０ １.０００ １.０１０ １.０００ ０.９９０２年 １.０２０ ０.９８０ ０.４９８ ０.５０８ ２.０１０ １.９７０３年 １.０３０ ０.９７１ ０.３３０ ０.３４０ ３.０３０ ２.９４１４年 １.０４１ ０.９６１ ０.２４６ ０.２５６ ４.０６０ ３.９０２５年 １.０５１ ０.９５１ ０.１９６ ０.２０６ ５.１０１ ４.８５３６年 １.０６２ ０.９４２ ０.１６３ ０.１７３ ６.１５２ ５.７９５７年 １.０７２ ０.９３３ ０.１３９ ０.１４９ ７.２１４ ６.７２８８年 １.０８３ ０.９２３ ０.１２１ ０.１３１ ８.２８６ ７.６５２９年 １.０９４ ０.９１４ ０.１０７ ０.１１７ ９.３６９ ８.５６６１０年 １.１０５ ０.９０５ ０.０９６ ０.１０６ １０.４６２ ９.４７１１５年 １.１６１ ０.８６１ ０.０６２ ０.０７２ １６.０９７ １３.８６５２０年 １.２２０ ０.８２０ ０.０４５ ０.０５５ ２２.０１９ １８.０４６２５年 １.２８２ ０.７８０ ０.０３５ ０.０４５ ２８.２４３ ２２.０２３３０年 １.３４８ ０.７４２ ０.０２９ ０.０３９ ３４.７８５ ２５.８０８※記載されている数値は正しいものとする。",,,,,,,,,,,FALSE,FALSE,fp2_jitsugi_202505_q033,（正解・解説は解答資料の公表後に追加予定です。現時点では問題文の確認用に掲載しています。）,,,,,,
2025,令和7年度（実技）,94,open,リスク管理,FP2級;実技;記述;正解未収録,"藤原家（高志さんと陽子さん）の現時点の資産および負債が下記＜資料＞のとおりである場合、＜資料＞に基づく藤原家のバランスシートの空欄（ア）にあてはまる数値を計算しなさい。

なお、記載のない事項については一切考慮しないものとする。

＜資料＞

［保有資産（時価)] （単位：万円)高志 陽子金融資産現金・預貯金 ２,３２０ ３５０株式・投資信託 ２５０生命保険（解約返戻金相当額） １５０ ５０事業用資産（不動産以外） ４３０不動産土地（店舗兼自宅の敷地） ２,８００建物（店舗兼自宅の家屋） ２,６４０その他（動産等） １００ １００

［負債残高］住宅ローン：１,３２０万円（債務者は高志さん）事業用借入：１,８５０万円（債務者は高志さん）

＜藤原家（高志さんと陽子さん）のバランスシート＞ （単位：万円)［資産］ ××× ［負債］ ×××負債合計 ×××［純資産］ （ ア ）資産合計 ××× 負債・純資産合計 ×××",,,,,,,,,,,FALSE,FALSE,fp2_jitsugi_202505_q034,（正解・解説は解答資料の公表後に追加予定です。現時点では問題文の確認用に掲載しています。）,,,,,,
2025,令和7年度（実技）,95,single,ライフプランニングと資金計画,FP2級;実技;四答択;正解未収録,湯川さんは、現在居住している自宅の住宅ローン（全期間固定金利、返済期間２５年、元利均等返済、ボーナス返済なし）の繰上げ返済を検討している。湯川さんが住宅ローンを１２０回返済後に、８０万円以内で期間短縮型の繰上げ返済をする場合、この繰上げ返済により短縮される返済期間として、正しいものはどれか。,"なお、計算に当たっては、下記＜資料＞を使用し、繰上げ返済額は８０万円を超えない範囲での最大額とすること。また、繰上げ返済に伴う手数料等は考慮しないものとする。

＜資料：湯川さんの住宅ローンの償還予定表の一部＞返済回数（回） 毎月返済額（円） うち元金（円） うち利息（円） 残高（円）
１２０ １０４,３２６ ６６,３９３ ３７,９３３ １５,１０７,０４９
１２１ １０４,３２６ ６６,５５９ ３７,７６７ １５,０４０,４９０
１２２ １０４,３２６ ６６,７２５ ３７,６０１ １４,９７３,７６５
１２３ １０４,３２６ ６６,８９２ ３７,４３４ １４,９０６,８７３
１２４ １０４,３２６ ６７,０５９ ３７,２６７ １４,８３９,８１４
１２５ １０４,３２６ ６７,２２７ ３７,０９９ １４,７７２,５８７
１２６ １０４,３２６ ６７,３９５ ３６,９３１ １４,７０５,１９２
１２７ １０４,３２６ ６７,５６４ ３６,７６２ １４,６３７,６２８
１２８ １０４,３２６ ６７,７３２ ３６,５９４ １４,５６９,８９６
１２９ １０４,３２６ ６７,９０２ ３６,４２４ １４,５０１,９９４
１３０ １０４,３２６ ６８,０７２ ３６,２５４ １４,４３３,９２２
１３１ １０４,３２６ ６８,２４２ ３６,０８４ １４,３６５,６８０
１３２ １０４,３２６ ６８,４１２ ３５,９１４ １４,２９７,２６８
１３３ １０４,３２６ ６８,５８３ ３５,７４３ １４,２２８,６８５
１３４ １０４,３２６ ６８,７５５ ３５,５７１ １４,１５９,９３０
１３５ １０４,３２６ ６８,９２７ ３５,３９９ １４,０９１,００３",,,,,７ヵ月,８ヵ月,１１ヵ月,１年０ヵ月,,FALSE,FALSE,fp2_jitsugi_202505_q035,（正解・解説は解答資料の公表後に追加予定です。現時点では問題文の確認用に掲載しています。）,,,,,,
2025,令和7年度（実技）,96,truefalse,ライフプランニングと資金計画,FP2級;実技;○×;正解未収録,"金子さん（５７歳）が、老齢年金の繰上げ受給または繰下げ受給をする場合に関する次の（ア）～（エ）の記述について、適切なものは○、不適切なものは×を選択しなさい。

なお、老齢基礎年金等の年金の受給要件は満たしているものとする。",,国民年金に任意加入する場合、任意加入中に老齢基礎年金の繰上げ請求をすることができる。,老齢基礎年金と老齢厚生年金の繰上げ請求は、異なる時期に別々に行うことはできない。,加給年金額が加算される老齢厚生年金の繰下げ申出をした場合、加給年金額については、繰下げ支給による増額の対象とならない。,"の記述について、適切なものは○、不適切なものは×を選択しなさい。なお、老齢基礎年金等の年金の受給要件は満たしているものとする。

（ア）国民年金に任意加入する場合、任意加入中に老齢基礎年金の繰上げ請求をすることができる。（イ）老齢基礎年金と老齢厚生年金の繰上げ請求は、異なる時期に別々に行うことはできない。（ウ）加給年金額が加算される老齢厚生年金の繰下げ申出をした場合、加給年金額については、繰下げ支給による増額の対象とならない。（エ）老齢基礎年金の繰上げ請求をした場合、原則として、繰上げ請求の取消しをすることはできない。",,,,,,FALSE,FALSE,fp2_jitsugi_202505_q036,（正解・解説は解答資料の公表後に追加予定です。現時点では問題文の確認用に掲載しています。）,,,,,,
2025,令和7年度（実技）,97,single,ライフプランニングと資金計画,FP2級;実技;四答択;正解未収録,井上和義さんの家族構成等は下記＜資料＞のとおりである。和義さんが在職中に３８歳で死亡した場合、和義さんの死亡時点において妻の知代さんが受け取ることができる遺族給付の組み合わせとして、最も適切なものはどれか。,"なお、和義さんは、大学卒業後の２２歳から死亡時まで継続して厚生年金保険の被保険者であったものとする。また、家族に障害者に該当する者はなく、記載以外の遺族給付の受給要件はすべて満たしているものとする。

＜資料＞氏名 続柄 年齢 備考 年収（前年）
井上 和義 本人 ３８歳 会社員 給与収入５８０万円
知代 妻 ３５歳 会社員 給与収入３５０万円
彩華 長女  ５歳 保育園児 －
※当年３月３１日時点のデータであるものとする。",,,,,遺族基礎年金＋中高齢寡婦加算,遺族厚生年金＋中高齢寡婦加算,遺族基礎年金＋遺族厚生年金,遺族基礎年金＋遺族厚生年金＋中高齢寡婦加算,,FALSE,FALSE,fp2_jitsugi_202505_q037,（正解・解説は解答資料の公表後に追加予定です。現時点では問題文の確認用に掲載しています。）,,,,,,
2025,令和7年度（実技）,98,single,ライフプランニングと資金計画,FP2級;実技;四答択;正解未収録,全国健康保険協会管掌健康保険（協会けんぽ）の被保険者である村上さん（３５歳）の健康保険料に関するデータが下記＜資料＞のとおりである場合、村上さんの健康保険料等に関する次の記述のうち、最も適切なものはどれか。,"＜資料＞

［村上さんに関するデータ］
毎月の給与：４００,０００円（標準報酬月額４１０,０００円）
賞与：１回につき５００,０００円（年２回支給）

［健康保険の保険料率］
介護保険第２号被保険者に該当しない場合：１０.００％（労使合計）
介護保険第２号被保険者に該当する場合 ：１１.６０％（労使合計）",,,,,村上さんが負担した健康保険料は、所得税の計算上、全額が生命保険料控除の対象となる。,"毎月の給与に係る健康保険料のうち、村上さんの負担分は２０,０００円である。",村上さんが任意継続被保険者となった時に被扶養者がいる場合、健康保険料は、被扶養者の人数分加算される。,協会けんぽの保険料率は、各都道府県支部ごとに設定される。,,FALSE,FALSE,fp2_jitsugi_202505_q038,（正解・解説は解答資料の公表後に追加予定です。現時点では問題文の確認用に掲載しています。）,,,,,,
2025,令和7年度（実技）,99,single,ライフプランニングと資金計画,FP2級;実技;四答択;正解未収録,吉岡さん（４５歳）は、当年３月に持病の手術で２０日間入院した。吉岡さんの当年３月の１ヵ月間における医療費等の状況が下記＜資料＞のとおりである場合、下記＜資料＞に基づく高額療養費として支給される額として、正しいものはどれか。,"なお、吉岡さんは全国健康保険協会管掌健康保険（協会けんぽ）の被保険者であり、 「健康保険限度額適用認定証」は提示していないものとする。また、記載のない事項については一切考慮しないものとする。

＜資料＞

［支払った医療費等および標準報酬月額］保険診療分の医療費（自己負担分） ３６万円
入院時の食事代  ４万円
差額ベッド代 ２０万円
標準報酬月額 ４７万円

［医療費の１ヵ月当たりの自己負担限度額（７０歳未満） ］標準報酬月額 自己負担限度額（月額）
８３万円以上 ２５２,６００円＋（総医療費－８４２,０００円）×１％
５３万円～７９万円 １６７,４００円＋（総医療費－５５８,０００円）×１％
２８万円～５０万円  ８０,１００円＋（総医療費－２６７,０００円）×１％
２６万円以下 ５７,６００円
市区町村民税非課税者等 ３５,４００円",,,,,"２６８,１７０円","２７０,５７０円","２７６,５７０円","２７８,９７０円",,FALSE,FALSE,fp2_jitsugi_202505_q039,（正解・解説は解答資料の公表後に追加予定です。現時点では問題文の確認用に掲載しています。）,,,,,,
2025,令和7年度（実技）,100,truefalse,ライフプランニングと資金計画,FP2級;実技;○×;正解未収録,"雇用保険の基本手当に関する次の（ア）～（ウ）の記述について、適切なものは○、不適切なものは×を選択しなさい。

なお、問題作成の都合上、一部を「＊＊＊」にしてある。

また、記載以外の雇用保険の基本手当の受給要件はすべて満たしているものとする。
・ 雇用保険の基本手当は、一般被保険者が失業した場合に、原則として、離職の日以前の＊＊＊に被保険者期間が通算して（ ａ ）以上あるときに支給される。
・ 基本手当日額は、原則として、離職の日の直前（ ｂ ）間に支払われた賃金総額（賞与等は除く）を＊＊＊で除した賃金日額に給付率を乗じた額であり、基本手当を受給できる期間は、原則として、（ ｃ ）から１年間である。",,空欄（ａ）にあてはまる語句は、 「６ヵ月」である。,空欄（ｂ）にあてはまる語句は、 「３ヵ月」である。,空欄（ｃ）にあてはまる語句は、 「離職日が属する月の翌月１日」である。,,,,,,,FALSE,FALSE,fp2_jitsugi_202505_q040,（正解・解説は解答資料の公表後に追加予定です。現時点では問題文の確認用に掲載しています。）,,,,,,
2026,令和8年度（学科）,1,single,ライフプランニングと資金計画,FP2級;学科;四答択,ライフプランの作成の際に活用される各種係数に関する次の記述のうち、最も適切なものはどれか。,,,,,,現在保有する資金を一定期間、一定の利率で複利運用した場合の一定期間経過後の元利合計額を試算する際、現在保有する資金の額に乗じる係数は、現価係数である。,毎年一定の積立額を一定期間、一定の利率で複利運用した場合の一定期間経過後の元利合計額を試算する際、毎年の積立額に乗じる係数は、年金現価係数である。,一定の利率で複利運用しながら一定期間経過後に目標とする額を得るために必要な毎年一定の積立額を試算する際、目標とする額に乗じる係数は、減債基金係数である。,一定の利率で複利運用しながら一定期間、毎年一定金額を受け取るために必要な元本を試算する際、毎年受け取りたい金額に乗じる係数は、資本回収係数である。,3,FALSE,FALSE,fp2_gakka_202605_q001,（解説は順次追加予定です。正答は日本FP協会の公表資料に基づきます。）,,,,,,
2026,令和8年度（学科）,2,single,ライフプランニングと資金計画,FP2級;学科;四答択,全国健康保険協会管掌健康保険（協会けんぽ）の保険給付に関する次の記述のうち、最も不適切なものはどれか。,,,,,,70歳未満の被保険者が医療機関において診察や薬剤の支給などの療養の給付を受ける場合、原則として、被保険者が支払う一部負担金（自己負担額）の割合は３割である。,傷病手当金の支給期間は、同一の疾病または負傷およびこれにより発した疾病に関して、その支給を始めた日から通算して最長で１年６カ月間である。,"70歳未満の被保険者が同一月内に同一の医療機関で支払った医療費の一部負担金等の額のうち、高額療養費の額の算定にあたって合算の対象となるものは、原則として、入院・外来、医科・歯科別に２万1,000円以上のものである。",夫婦がともに被保険者である場合において、妻が出産したときは、所定の手続により、妻に対して出産育児一時金が支給され、夫に対して家族出産育児一時金が支給される。,4,FALSE,FALSE,fp2_gakka_202605_q002,（解説は順次追加予定です。正答は日本FP協会の公表資料に基づきます。）,,,,,,
2026,令和8年度（学科）,3,single,ライフプランニングと資金計画,FP2級;学科;四答択,雇用保険の基本手当に関する次の記述のうち、最も不適切なものはどれか。,,,,,,雇用保険の一般被保険者が正当な理由のない自己都合で離職した場合、基本手当を受給するためには、離職の日以前２年間に被保険者期間が通算して12 カ月以上なければならない。,特定受給資格者等を除く一般の受給資格者に支給される基本手当の所定給付日数は、算定基礎期間が20年以上である場合、150日である。,基本手当は、原則として、４週間に１回、求職の申込みを行った公共職業安定所において失業の認定を受けた日分について支給される。,基本手当日額の算定の基礎となる賃金日額は、原則として、離職の日以前６カ月間に支払われた賃金および賞与の総額を180で除して得た額である。,4,FALSE,FALSE,fp2_gakka_202605_q003,（解説は順次追加予定です。正答は日本FP協会の公表資料に基づきます。）,,,,,,
2026,令和8年度（学科）,4,single,ライフプランニングと資金計画,FP2級;学科;四答択,国民年金の学生納付特例制度に関する次の記述のうち、最も適切なものはどれか。,,,,,,国民年金の第１号被保険者である学生が学生納付特例制度を利用するためには、学生が属する世帯の年収（所得）が世帯人数に応じて定められた基準額以下でなければならない。,学生納付特例制度の利用申請にあたって、適用を受ける期間を６カ月から24 カ月までの範囲内で選択することができる。,学生納付特例制度の適用を受けた期間に係る保険料のうち、追納することができる保険料は、追納に係る厚生労働大臣の承認を受けた日の属する月前10 年以内の期間に係るものに限られる。,学生納付特例制度の適用を受けた期間は、その期間に係る保険料の追納がない場合、保険料全額免除期間として、その期間の月数の２分の１に相当する月数が老齢基礎年金の年金額に反映される。,3,FALSE,FALSE,fp2_gakka_202605_q004,（解説は順次追加予定です。正答は日本FP協会の公表資料に基づきます。）,,,,,,
2026,令和8年度（学科）,5,single,ライフプランニングと資金計画,FP2級;学科;四答択,在職老齢年金に関する次の記述のうち、最も適切なものはどれか。,,,,,,厚生年金保険の被保険者に支給される老齢厚生年金は、当該被保険者の総報酬月額相当額と基本月額の合計額が支給停止調整額を超える場合、在職老齢年金の仕組みにより、その超える金額が支給停止となる。,在職老齢年金の仕組みにより老齢厚生年金の全部が支給停止される場合、老齢基礎年金の支給も停止される。,厚生年金保険の被保険者が老齢厚生年金の繰下げ支給の申出をする場合、老齢厚生年金の年金額のうち、在職老齢年金の仕組みにより支給停止となる部分の金額は、支給を繰り下げたことによる増額の対象とならない。,厚生年金保険の適用事業所に常時使用される70歳以上の者に支給される老齢厚生年金は、在職老齢年金の仕組みによる支給調整は行われない。,3,FALSE,FALSE,fp2_gakka_202605_q005,（解説は順次追加予定です。正答は日本FP協会の公表資料に基づきます。）,,,,,,
2026,令和8年度（学科）,6,single,ライフプランニングと資金計画,FP2級;学科;四答択,公的年金の障害給付に関する次の記述のうち、最も適切なものはどれか。,,,,,,障害基礎年金および障害厚生年金における障害認定日とは、原則として、障害の原因となった傷病の初診日から１年を経過した日である。,国民年金の被保険者ではない20歳前の期間に初診日のある傷病を原因とする障害については、20 歳以後の障害の状態の程度にかかわらず、障害基礎年金は支給されない。,障害厚生年金の受給権を取得した者が、その者によって生計を維持されている65歳未満の配偶者を有する場合、受給権者の障害の状態の程度にかかわらず、障害厚生年金に加給年金額が加算される。,障害厚生年金の額について、当該障害厚生年金の支給事由となった障害に係る障害認定日の属する月後における厚生年金保険の被保険者であった期間は、その計算の基礎とされない。,4,FALSE,FALSE,fp2_gakka_202605_q006,（解説は順次追加予定です。正答は日本FP協会の公表資料に基づきます。）,,,,,,
2026,令和8年度（学科）,7,single,ライフプランニングと資金計画,FP2級;学科;四答択,確定拠出年金の個人型年金に関する次の記述のうち、最も不適切なものはどれか。,,,,,,"個人型年金加入者が国民年金の第３号被保険者である場合、掛金の拠出限度額は年額27万6,000円である。",個人型年金加入者は、原則として、拠出する掛金の額を、１年（12月分の掛金から翌年11月分の掛金）につき１回、変更することができる。,個人型年金は、運用実績によって将来受け取る年金額が変動するが、個人型年金加入者が拠出した掛金合計額は最低保証されている。,個人型年金加入者が60歳から老齢給付金を受給するためには、通算加入者等期間が10年以上なければならない。,3,FALSE,FALSE,fp2_gakka_202605_q007,（解説は順次追加予定です。正答は日本FP協会の公表資料に基づきます。）,,,,,,
2026,令和8年度（学科）,8,single,ライフプランニングと資金計画,FP2級;学科;四答択,企業年金等に係る税金に関する次の記述のうち、最も適切なものはどれか。,,,,,,確定拠出年金の企業型年金において企業型年金加入者が拠出した掛金（マッチング拠出により拠出した掛金）は、所得税の小規模企業共済等掛金控除の対象となる。,中小企業退職金共済において事業主が支払った掛金は、被共済者である従業員の給与所得として所得税の課税対象となる。,小規模企業共済において個人事業主が支払った掛金は、事業所得の金額の計算上、必要経費となる。,確定拠出年金の個人型年金において個人型年金加入者が一括で受け取った老齢給付金は、一時所得として所得税の課税対象となる。,1,FALSE,FALSE,fp2_gakka_202605_q008,（解説は順次追加予定です。正答は日本FP協会の公表資料に基づきます。）,,,,,,
2026,令和8年度（学科）,9,single,ライフプランニングと資金計画,FP2級;学科;四答択,住宅金融支援機構と金融機関が提携した住宅ローンであるフラット35（買取型）に関する次の記述のうち、最も不適切なものはどれか。,,,,,,フラット35の融資期間は、原則として、申込者が80歳になるまでの年数と35 年のいずれか短い年数が上限となる。,フラット35の資金使途は、新築住宅の建設・購入資金または中古住宅の購入資金とされており、投資用物件など第三者に賃貸する目的で取得する住宅の建設・購入資金も対象となる。,フラット35を利用する場合、住宅金融支援機構が、対象となる住宅や敷地について第１順位の抵当権者となる。,フラット35の利用者向けインターネットサービスである「住・ Ｍｙ Ｎｏｔｅ」を利用して一部繰上げ返済をする場合、繰上返済手数料は不要で、返済することができる額は10万円以上である。,2,FALSE,FALSE,fp2_gakka_202605_q009,（解説は順次追加予定です。正答は日本FP協会の公表資料に基づきます。）,,,,,,
2026,令和8年度（学科）,10,single,ライフプランニングと資金計画,FP2級;学科;四答択,中小企業の資金調達方法の一般的な特徴に関する次の記述のうち、最も適切なものはどれか。,,,,,,企業が金融機関から直接融資を受けて資金を調達する方法は直接金融に分類され、企業が株式や債券の発行により市場を経由して資金を調達する方法は間接金融に分類される。,インパクトローンは、企業が金融機関から外貨建ての融資を受けて資金を調達する方法であり、その資金使途は、海外事業の展開・再編に係るものに限られる。,ＡＢＬ（アセット・ベースト・レンディング）は、企業が保有する売掛債権や在庫・機械設備等の資産を担保として金融機関から融資を受けて資金を調達する方法である。,第三者割当増資は、特定の既存株主に限定して新株引受権を与え、新たに株式を発行して資金を調達する方法である。,3,FALSE,FALSE,fp2_gakka_202605_q010,（解説は順次追加予定です。正答は日本FP協会の公表資料に基づきます。）,,,,,,
2026,令和8年度（学科）,11,single,リスク管理,FP2級;学科;四答択,保険法および保険業法に関する次の記述のうち、最も適切なものはどれか。,,,,,,生命保険契約および損害保険契約は保険法の適用対象となるが、共済契約は、その保障内容にかかわらず、保険法の適用対象とならない。,保険金の支払時期に関して、保険法の規定よりも保険金受取人にとって不利な内容である保険約款の定めは無効となる。,保険業法によれば、保険期間が１年以内の保険契約の申込みをした者は、申込みをした日から８日以内であれば、書面または電磁的記録によりその保険契約の申込みの撤回等をすることができるとされている。,保険会社の経営の健全性を示すソルベンシー・マージン比率が300 ％を下回った場合、監督当局による業務改善命令などの早期是正措置の対象となる。,2,FALSE,FALSE,fp2_gakka_202605_q011,（解説は順次追加予定です。正答は日本FP協会の公表資料に基づきます。）,,,,,,
2026,令和8年度（学科）,12,single,リスク管理,FP2級;学科;四答択,生命保険の一般的な商品性に関する次の記述のうち、最も適切なものはどれか。,なお、特約については考慮しないものとする。,,,,,養老保険では、保険金の支払事由が発生せずに保険期間満了を迎えた場合、死亡・高度障害保険金と同額の満期保険金を受け取ることができる。,こども保険（学資保険）では、契約者（＝保険料負担者）が死亡した場合、あらかじめ指定された受取人に既払込保険料相当額の死亡給付金が支払われる。,変額保険（終身型）では、契約時に定められた保険金額（基本保険金額）は保証されておらず、運用実績によっては、死亡保険金額が基本保険金額を下回る。,終身保険の１回当たりの保険料は、他の契約条件が同一であれば、保険料払込期間が有期払込みであるほうが、終身払込みであるよりも低くなる。,1,FALSE,FALSE,fp2_gakka_202605_q012,（解説は順次追加予定です。正答は日本FP協会の公表資料に基づきます。）,,,,,,
2026,令和8年度（学科）,13,single,リスク管理,FP2級;学科;四答択,総合福祉団体定期保険の一般的な商品性に関する次の記述のうち、最も適切なものはどれか。,,,,,,総合福祉団体定期保険の契約締結の際には、被保険者になることについて加入予定者の同意および保険約款に基づく告知は不要である。,総合福祉団体定期保険の保険期間は、１年から５年の範囲内で、被保険者ごとに設定することができる。,総合福祉団体定期保険において、契約者（＝保険料負担者）である法人が負担した保険料は、その２分の１相当額を資産に計上し、残額を損金の額に算入することができる。,総合福祉団体定期保険にヒューマン・ヴァリュー特約を付加する場合、当該特約の死亡保険金受取人は契約者（＝保険料負担者）となる。,4,FALSE,FALSE,fp2_gakka_202605_q013,（解説は順次追加予定です。正答は日本FP協会の公表資料に基づきます。）,,,,,,
2026,令和8年度（学科）,14,single,リスク管理,FP2級;学科;四答択,所得税における生命保険料控除の対象となる2025年中に支払った保険料が下記の〈資料〉のとおりである場合、生命保険料控除の控除額として、最も適切なものはどれか。,"なお、 〈資料〉において、旧制度は2011年12月31日以前に締結した保険契約等に基づく生命保険料控除とし、新制度は2012年１月１日以後に締結した保険契約等に基づく生命保険料控除とする。

〈資料〉所得税における生命保険料控除の対象となる保険料一般の生命保険料 介護医療保険料 個人年金保険料旧制度の対象 10万円  10万円
新制度の対象 ― ― 10万円",,,,,８万円,９万円,10万円,12万円,3,FALSE,FALSE,fp2_gakka_202605_q014,（解説は順次追加予定です。正答は日本FP協会の公表資料に基づきます。）,,,,,,
2026,令和8年度（学科）,15,single,リスク管理,FP2級;学科;四答択,生命保険の税金に関する次の記述のうち、最も不適切なものはどれか。,なお、いずれも契約者（＝保険料負担者）および保険金・給付金等の受取人は個人であるものとする。,,,,,契約者と被保険者が同一人である終身保険において、被保険者がリビング・ニーズ特約に基づいて受け取った保険金は、非課税となる。,一時払終身保険を保険期間の初日から４年10カ月で解約して受け取った解約返戻金は、一時所得として所得税の課税対象となる。,契約者と被保険者が同一人である養老保険において、被保険者の相続人ではない者が受け取った死亡保険金は、贈与税の課税対象となる。,契約者と被保険者が同一人である医療保険において、疾病の治療のために入院した被保険者が受け取った入院給付金は、非課税となる。,3,FALSE,FALSE,fp2_gakka_202605_q015,（解説は順次追加予定です。正答は日本FP協会の公表資料に基づきます。）,,,,,,
2026,令和8年度（学科）,16,single,リスク管理,FP2級;学科;四答択,任意加入の自動車保険の一般的な商品性に関する次の記述のうち、最も適切なものはどれか。,なお、特約については考慮しないものとする。,,,,,対物賠償保険では、被保険自動車を運転中に誤って自宅の車庫に衝突して損壊させて損害を被った場合、補償の対象となる。,一般条件の車両保険では、被保険自動車が地震を原因とする津波により水没して損害を被った場合、補償の対象となる。,対物賠償保険では、被保険自動車を運転中に誤って通行人が連れていたペットに衝突して死なせ、法律上の損害賠償責任を負った場合、補償の対象とならない。,対人賠償保険では、被保険自動車を運転中に対人事故を起こした被保険者が法律上の損害賠償責任を負った場合、自動車損害賠償責任保険等によって補償される部分を除いた額が補償の対象となる。,4,FALSE,FALSE,fp2_gakka_202605_q016,（解説は順次追加予定です。正答は日本FP協会の公表資料に基づきます。）,,,,,,
2026,令和8年度（学科）,17,single,リスク管理,FP2級;学科;四答択,住宅用建物および家財を対象とする火災保険の一般的な商品性に関する次の記述のうち、最も適切なものはどれか。,なお、特約については考慮しないものとする。,,,,,火災保険では、隣家の火災の消火活動により住宅用建物に収容されている家財に水濡れによる損害が生じた場合、補償の対象となる。,火災保険では、経年劣化による腐食で住宅用建物に損害が生じた場合、補償の対象となる。,火災保険では、落雷により住宅用建物に収容されている家財に異常電圧による損害が生じた場合、補償の対象とならない。,"住宅用建物の保険金額が2,000 万円（保険価額と同額）の火災保険において、1,000万円の保険金が支払われた場合、その後の保険金額が1,000万円に減額される。",1,FALSE,FALSE,fp2_gakka_202605_q017,（解説は順次追加予定です。正答は日本FP協会の公表資料に基づきます。）,,,,,,
2026,令和8年度（学科）,18,single,リスク管理,FP2級;学科;四答択,損害保険の税金に関する次の記述のうち、最も適切なものはどれか。,なお、いずれも契約者（＝保険料負担者）および被保険者は個人であるものとする。,,,,,契約者と被保険者が同一人である普通傷害保険において、ケガの治療のために入院した被保険者が受け取った入院保険金は、一時所得として所得税の課税対象となる。,保険期間10年の積立傷害保険において、契約者が受け取った満期返戻金は、一時所得として所得税の課税対象となる。,被保険自動車を運転中に誤って電柱に衝突し、契約者が受け取った自動車保険の車両保険の保険金は、当該車両の修理をしない場合、一時所得として所得税の課税対象となる。,自宅建物が火災で焼失したことにより、契約者が受け取った火災保険の保険金は、保険金の額が当該建物の時価額よりも多い場合、一時所得として所得税の課税対象となる。,2,FALSE,FALSE,fp2_gakka_202605_q018,（解説は順次追加予定です。正答は日本FP協会の公表資料に基づきます。）,,,,,,
2026,令和8年度（学科）,19,single,リスク管理,FP2級;学科;四答択,第三分野の保険および特約の一般的な商品性に関する次の記述のうち、最も不適切なものはどれか。,,,,,,リビング・ニーズ特約は、被保険者の余命が６カ月以内と判断された場合に、所定の範囲内で死亡保険金の一部または全部を生前に受け取ることができる特約である。,保険契約にリビング・ニーズ特約を付加する場合、契約者（＝保険料負担者）は特約保険料を負担する必要がある。,先進医療特約で先進医療給付金の支払対象とされている先進医療は、療養を受けた時点において厚生労働大臣によって定められているものである。,特定（三大）疾病保障定期保険では、被保険者が特定（三大）疾病に罹患し、特定（三大）疾病保険金を受け取った場合、その後被保険者が死亡しても死亡保険金は支払われない。,2,FALSE,FALSE,fp2_gakka_202605_q019,（解説は順次追加予定です。正答は日本FP協会の公表資料に基づきます。）,,,,,,
2026,令和8年度（学科）,20,single,リスク管理,FP2級;学科;四答択,生命保険および損害保険を活用した家庭のリスク管理に関する次の記述のうち、最も不適切なものはどれか。,,,,,,病気やケガで入院した場合の医療費の負担に備えるため、定期保険に加入した。,自分が死亡した後、子が社会人になるまでの生活資金を確保するため、収入保障保険に加入した。,同居の子が原動機付自転車で通学中に他人に接触してケガをさせ、法律上の損害賠償責任を負担する場合に備えて、自動車保険にファミリーバイク特約を付帯した。,同居の子が自転車で通学中に他人に接触してケガをさせ、法律上の損害賠償責任を負担する場合に備えて、火災保険の加入時に個人賠償責任補償特約を付帯した。,1,FALSE,FALSE,fp2_gakka_202605_q020,（解説は順次追加予定です。正答は日本FP協会の公表資料に基づきます。）,,,,,,
2026,令和8年度（学科）,21,single,金融資産運用,FP2級;学科;四答択,内閣府が公表する景気動向指数等に関する次の記述のうち、最も不適切なものはどれか。,,,,,,景気動向指数は、景気の現状把握および将来予測に資するために作成された指標であり、コンポジット・インデックス（ＣＩ）とディフュージョン・インデックス（ＤＩ）がある。,景気動向指数に採用されている系列は、おおむね景気の１つの山または谷が経過するごとに見直しが行われている。,経済成長率は、国内総生産（ＧＤＰ ）がどれだけ変化したかを数値で表したものであり、内閣府が四半期および年次のデータを公表している。,経済成長率には名目値と実質値があり、物価が持続的に低下する状態（デフレーション）にある場合、一般に、実質値が名目値を下回る。,4,FALSE,FALSE,fp2_gakka_202605_q021,（解説は順次追加予定です。正答は日本FP協会の公表資料に基づきます。）,,,,,,
2026,令和8年度（学科）,22,single,金融資産運用,FP2級;学科;四答択,銀行等の金融機関で取り扱う預金の一般的な商品性に関する次の記述のうち、最も不適切なものはどれか。,,,,,,デリバティブを組み込んだ仕組預金には、金融機関の判断によって満期日が繰り上がる商品がある。,総合口座において、紙の通帳の代わりにオンライン上で入出金の明細や残高を確認することができるサービスを提供しているのは、ネット専業銀行に限られる。,自動積立定期預金は、各指定日に普通預金口座からの口座振替等により、指定金額を預入することができる定期預金である。,直近10年以上、入出金等の取引のない普通預金は、休眠預金として預金保険機構に移管され、民間公益活動に活用される。,2,FALSE,FALSE,fp2_gakka_202605_q022,（解説は順次追加予定です。正答は日本FP協会の公表資料に基づきます。）,,,,,,
2026,令和8年度（学科）,23,single,金融資産運用,FP2級;学科;四答択,上場不動産投資信託（ Ｊ-ＲＥＩＴ）の一般的な仕組みに関する次の記述のうち、最も不適切なものはどれか。,,,,,,Ｊ-ＲＥＩＴは、投資家から集めた資金を不動産投資法人が不動産等に投資し、その賃貸収入や売買益を投資家に分配する投資信託である。,Ｊ-ＲＥＩＴは、証券取引所の立会取引において、成行注文や指値注文によって売買を行うことができる。,Ｊ-ＲＥＩＴは、一般に、発行体がいつでも買戻しに応じるオープン・エンド型の投資信託として設定されている。,Ｊ-ＲＥＩＴの分配金に係る配当所得は、税法上、配当控除の対象とならない。,3,FALSE,FALSE,fp2_gakka_202605_q023,（解説は順次追加予定です。正答は日本FP協会の公表資料に基づきます。）,,,,,,
2026,令和8年度（学科）,24,single,金融資産運用,FP2級;学科;四答択,個人向け国債に関する次の記述のうち、最も適切なものはどれか。,,,,,,個人向け国債は、最低額面金額である５万円から１万円単位で購入することができる。,個人向け国債には、 「３年満期」 「５年満期」 「10年満期」の３種類があり、いずれも毎月発行されている。,個人向け国債のうち、 「５年満期」と「10年満期」は固定金利型であり、いずれも半年ごとに利払いがある。,個人向け国債は、原則として第２期利子支払日（発行から１年経過）以降、中途換金することができ、その換金金額は、額面金額に経過利子相当額を加えた金額から換金手数料および中途換金調整額を差し引いた金額となる。,2,FALSE,FALSE,fp2_gakka_202605_q024,（解説は順次追加予定です。正答は日本FP協会の公表資料に基づきます。）,,,,,,
2026,令和8年度（学科）,25,single,金融資産運用,FP2級;学科;四答択,株式の信用取引の一般的な仕組みに関する次の記述のうち、最も不適切なものはどれか。,,,,,,信用取引では、売買が成立した後に相場が変動し、その日の終値を基に計算される委託保証金率が、証券会社が定める最低委託保証金維持率を下回った場合、追加保証金を差し入れるなどの方法により、委託保証金の不足を解消しなければならない。,信用取引では、現物株式を所有していない場合、その株式の買建てを行うことはできるが、売建てを行うことはできない。,金融商品取引法等によれば、原則として、株式の信用取引を行う際の委託保証金の額は30万円以上で、かつ、当該信用取引に係る株式の約定価額に 100分の30を乗じた金額以上でなければならないとされている。,証券取引所の規則等に基づく制度信用取引で始めた取引を、途中で証券会社との契約に基づく一般信用取引に変更することはできない。,2,FALSE,FALSE,fp2_gakka_202605_q025,（解説は順次追加予定です。正答は日本FP協会の公表資料に基づきます。）,,,,,,
2026,令和8年度（学科）,26,single,金融資産運用,FP2級;学科;四答択,下記の〈Ｘ社のデータ〉に基づき算出される投資指標に関する次の記述のうち、最も不適切なものはどれか。,"〈Ｘ社のデータ〉
・株価        ：1,800円
・発行済株式数    ：２億株
・売上高       ：2,500億円
・営業利益      ：180億円
・当期純利益     ：120億円
・自己資本（＝純資産） ：2,000億円
・配当金総額     ：36億円",,,,,ＲＯＥは、６％である。,ＰＥＲは、20倍である。,ＰＢＲは、1.8倍である。,配当利回りは、１％である。,2,FALSE,FALSE,fp2_gakka_202605_q026,（解説は順次追加予定です。正答は日本FP協会の公表資料に基づきます。）,,,,,,
2026,令和8年度（学科）,27,single,金融資産運用,FP2級;学科;四答択,"下記の〈条件〉で、円貨を米ドルに交換して米ドル建定期預金に10,000米ドルを預け入れ、満期時に元利金の米ドルを円貨に交換して受け取る場合における利回り（単利・年率）として、最も適切なものはどれか。","なお、税金については考慮しないものとし、計算結果は表示単位の小数点以下第３位を四捨五入するものとする。

〈条件〉
・預入期間：１年
・預金金利：3.00％（年率）
・為替予約なし
・為替レート（米ドル／円）
預入時…ＴＴＳ：140.00円 ＴＴＢ：139.00円
満期時…ＴＴＳ：145.00円 ＴＴＢ：144.00円",,,,,5.94％,6.68％,6.71％,7.45％,1,FALSE,FALSE,fp2_gakka_202605_q027,（解説は順次追加予定です。正答は日本FP協会の公表資料に基づきます。）,,,,,,
2026,令和8年度（学科）,28,single,金融資産運用,FP2級;学科;四答択,下記の〈資料〉に基づくファンドＡとファンドＢの過去５年間の運用パフォーマンスの比較評価に関する次の記述の空欄（ア） （イ）にあてはまる語句または数値の組合せとして、最も適切なものはどれか。,"〈資料〉ファンドＡとファンドＢの過去５年間の運用パフォーマンス
・実績収益率の平均値 …ファンドＡ：4.6％ ファンドＢ：11.0％
・実績収益率の標準偏差…ファンドＡ：1.2％ ファンドＢ：4.0％

ファンドの運用パフォーマンスに係る評価指標の１つとして、シャープレシオがある。
無リスク金利を全期間にわたり1.0％とし、 〈資料〉の数値により、ファンドＡのシャープレシオの値を算出すると（  ア ）となる。同様にファンドＢのシャープレシオの値を算出したうえで、両ファンドの運用パフォーマンスをシャープレシオで比較した場合、過去５年間は（ イ ）のほうが効率的に運用されたと判断される。",,,,,（ア）3.0 （イ）ファンドＡ,（ア）3.4 （イ）ファンドＡ,（ア）3.0 （イ）ファンドＢ,（ア）3.4 （イ）ファンドＢ,1,FALSE,FALSE,fp2_gakka_202605_q028,（解説は順次追加予定です。正答は日本FP協会の公表資料に基づきます。）,,,,,,
2026,令和8年度（学科）,29,single,金融資産運用,FP2級;学科;四答択,上場株式等の譲渡および配当等（一定の大口株主等が受けるものを除く）に係る所得に対する所得税の課税等に関する次の記述のうち、最も適切なものはどれか。,なお、本問においては、特定口座のうち、源泉徴収がされない口座を簡易申告口座といい、源泉徴収がされる口座を源泉徴収選択口座という。,,,,,上場株式等に係る配当所得について、総合課税を選択して確定申告をした場合、上場株式等に係る譲渡損失の金額と損益通算することはできない。,上場株式等に係る配当所得等の金額と損益通算してもなお控除しきれない上場株式等に係る譲渡損失の金額は、確定申告をすることにより、翌年以後５年間にわたって繰り越すことができる。,源泉徴収選択口座内における上場株式等の譲渡益と、当該口座に受け入れた上場株式等の配当等に係る配当所得について、いずれかのみを申告することはできない。,簡易申告口座では、源泉徴収選択口座とは異なり、その年中における口座内の取引内容が記載された「特定口座年間取引報告書」が作成されないため、投資家自身でその年中の上場株式等に係る譲渡所得等の金額を計算する必要がある。,1,FALSE,FALSE,fp2_gakka_202605_q029,（解説は順次追加予定です。正答は日本FP協会の公表資料に基づきます。）,,,,,,
2026,令和8年度（学科）,30,single,金融資産運用,FP2級;学科;四答択,金融サービスの提供及び利用環境の整備等に関する法律（以下、 「金融サービス提供法」という）に関する次の記述のうち、最も適切なものはどれか。,,,,,,金融サービス提供法において、金融サービス仲介業者の登録を受けた事業者は、銀行業・金融商品取引業・保険業・貸金業に係る金融サービスのうち、顧客に対し高度に専門的な説明を必要とする金融サービスを仲介することが認められている。,金融サービス提供法では、金融商品販売業者等は、業として行う金融商品の販売等に係る勧誘をしようとするときは、原則として、あらかじめ勧誘方針を策定して公表することが義務付けられている。,金融サービス提供法では、顧客が金融商品販売業者等の説明義務違反に基づき損害賠償を請求する場合、顧客が払い込んだ元本の総額が損害額と推定される。,金融サービス提供法では、金融商品販売業者等は、顧客の属性にかかわらず、すべての顧客に対して公平になるように、同じ方法および程度によって重要事項を説明しなければならないとされている。,2,FALSE,FALSE,fp2_gakka_202605_q030,（解説は順次追加予定です。正答は日本FP協会の公表資料に基づきます。）,,,,,,
2026,令和8年度（学科）,31,single,タックスプランニング,FP2級;学科;四答択,所得税の基本的な仕組みに関する次の記述のうち、最も適切なものはどれか。,,,,,,所得税の納税義務者は、日本国籍を有する個人および日本国内に本社・本店を有する法人に限られる。,納税者が日本国内に住所、居所および事業所を有する場合、所得税の納税地は住所地となり、居所地や事業所の所在地を所得税の納税地とすることはできない。,各種所得の金額の計算上、収入金額には、原則として、その年において収入すべきことが確定した金額から、未収入の金額を控除した額を計上する。,所得税額の計算上、課税総所得金額に乗じる税率には、課税総所得金額が大きくなるにつれて段階的に税率が高くなる超過累進税率が採用されている。,4,FALSE,FALSE,fp2_gakka_202605_q031,（解説は順次追加予定です。正答は日本FP協会の公表資料に基づきます。）,,,,,,
2026,令和8年度（学科）,32,single,タックスプランニング,FP2級;学科;四答択,所得税における各種所得に関する次の記述のうち、最も適切なものはどれか。,,,,,,会社の役員が役員退職金を一時金として受け取ったことによる所得は、給与所得となる。,個人年金保険の契約者（＝保険料負担者）である個人が、その保険契約に基づく年金を、年金形式に代えて一括で受け取ったことによる所得は、退職所得となる。,賃貸の用に供している土地を所有する個人が、当該土地を売却したことによる所得は、不動産所得となる。,専業主婦が金地金を売却したことによる所得は、譲渡所得となる。,4,FALSE,FALSE,fp2_gakka_202605_q032,（解説は順次追加予定です。正答は日本FP協会の公表資料に基づきます。）,,,,,,
2026,令和8年度（学科）,33,single,タックスプランニング,FP2級;学科;四答択,Ａさんの各種所得の金額が下記のとおりであった場合の所得税における総所得金額として、最も適切なものはどれか。,"なお、▲が付された所得の金額は、その所得に損失が発生していることを意味するものとする。

〈Ａさんの各種所得の金額〉
・不動産所得の金額：60万円
・事業所得の金額 ：▲100万円（飲食店の経営により生じた損失の金額）
・一時所得の金額 ：100万円（養老保険の満期保険金を受け取ったことによる所得の金額）",,,,,10万円,30万円,60万円,85万円,2,FALSE,FALSE,fp2_gakka_202605_q033,（解説は順次追加予定です。正答は日本FP協会の公表資料に基づきます。）,,,,,,
2026,令和8年度（学科）,34,single,タックスプランニング,FP2級;学科;四答択,所得税における医療費控除に関する次の記述のうち、最も不適切なものはどれか。,なお、 「特定一般用医薬品等購入費を支払った場合の医療費控除の特例」は考慮しないものとする。,,,,,その年中に実際に支払った医療費が医療費控除の対象となり、未払いとなっている医療費は実際に支払われるまで医療費控除の対象とならない。,給与所得者は、年末調整により医療費控除の適用を受けることができる。,医師等による診療等を受けるために電車、バス等の公共交通機関を利用した場合に支払った通院費で通常必要なものは、医療費控除の対象となる。,医療費控除の控除額の計算上、医療費の補填として受け取った保険金は、その補填の対象となった医療費の金額を限度として、医療費の金額から差し引く必要がある。,2,FALSE,FALSE,fp2_gakka_202605_q034,（解説は順次追加予定です。正答は日本FP協会の公表資料に基づきます。）,,,,,,
2026,令和8年度（学科）,35,single,タックスプランニング,FP2級;学科;四答択,所得税における住宅借入金等特別控除（以下、 「住宅ローン控除」という）に関する次の記述のうち、最も不適切なものはどれか。,なお、各選択肢において、ほかに必要な要件等はすべて満たしているものとする。,,,,,住宅ローン控除の適用を受けている者が、住宅ローンの一部繰上げ返済を行い、借入金の返済期間が最初に返済した月から10 年未満となった場合であっても、残りの控除期間について住宅ローン控除の適用を受けることができる。,住宅ローン控除の適用を受けていた者が、転勤に伴う転居等のやむを得ない事由により、住宅を居住の用に供しなくなった場合に、翌年以降に再び当該住宅を居住の用に供したときは、原則として、再入居した年以後の控除期間内について住宅ローン控除の適用を受けることができる。,年末調整の対象となる給与所得者であっても、住宅ローン控除の適用を受ける最初の年分は、一定の書類を添付した確定申告書を納税地の所轄税務署長に提出しなければならない。,住宅ローン控除の控除額が所得税額から控除しきれない場合、その残額が、一定額を限度として翌年度分の住民税額から控除される。,1,FALSE,FALSE,fp2_gakka_202605_q035,（解説は順次追加予定です。正答は日本FP協会の公表資料に基づきます。）,,,,,,
2026,令和8年度（学科）,36,single,タックスプランニング,FP2級;学科;四答択,所得税の青色申告に関する次の記述のうち、最も適切なものはどれか。,,,,,,前年から業務を行っている者が、本年分から新たに青色申告の適用を受けようとする場合、その年の３月31日までに「所得税の青色申告承認申請書」を納税地の所轄税務署長に提出しなければならない。,青色申告の適用を受けていた者が、青色申告を取りやめようとする場合、その年の翌年３月31日までに「所得税の青色申告の取りやめ届出書」を納税地の所轄税務署長に提出しなければならない。,前年から業務を行っている者が、本年分から新たに青色申告の適用を受けるために青色申告の承認の申請を行ったが、その年の12月31日までに承認または却下の処分がなかったときは、その日において承認があったものとみなされる。,１月16日以後に新たに業務を開始した者が、その年分から青色申告の適用を受けようとする場合、その業務を開始した日から３カ月以内に、 「所得税の青色申告承認申請書」を納税地の所轄税務署長に提出しなければならない。,3,FALSE,FALSE,fp2_gakka_202605_q036,（解説は順次追加予定です。正答は日本FP協会の公表資料に基づきます。）,,,,,,
2026,令和8年度（学科）,37,single,タックスプランニング,FP2級;学科;四答択,法人税の益金に関する次の記述のうち、最も不適切なものはどれか。,なお、各選択肢において、法人は内国法人（普通法人）であるものとする。,,,,,法人が法人税の還付を受けた場合、還付加算金は益金の額に算入し、還付金は益金不算入となる。,法人が完全支配関係のある法人の株式（完全子法人株式等）に係る配当を受け取った場合、その全額が益金不算入となる。,法人が行った資産の販売または譲渡に係る収益の額は、原則として、その資産の引渡しの時における価額により、引き渡した日の属する事業年度の益金の額に算入する。,法人がその有する棚卸資産の評価換えをしてその帳簿価額を増額した場合、その増額した部分の金額は、原則として、益金の額に算入する。,4,FALSE,FALSE,fp2_gakka_202605_q037,（解説は順次追加予定です。正答は日本FP協会の公表資料に基づきます。）,,,,,,
2026,令和8年度（学科）,38,single,タックスプランニング,FP2級;学科;四答択,会社と役員間の取引に係る所得税・法人税に関する次の記述のうち、最も不適切なものはどれか。,,,,,,会社が役員に無利息で金銭の貸付を行った場合、原則として、通常収受すべき利息に相当する金額が、その会社の所得金額の計算上、益金の額に算入される。,会社が役員からの借入金について債務免除を受けた場合、その債務免除を受けた金額が、その会社の所得金額の計算上、益金の額に算入される。,会社が役員から土地を無償で譲渡された場合、その土地の適正な時価の２分の１相当額が、その会社の所得金額の計算上、益金の額に算入される。,役員が会社から土地を適正な時価よりも低い価額で譲渡 された場合、その適正な時価と譲受 価額との差額が、その役員の給与所得の収入金額に算入される。,3,FALSE,FALSE,fp2_gakka_202605_q038,（解説は順次追加予定です。正答は日本FP協会の公表資料に基づきます。）,,,,,,
2026,令和8年度（学科）,39,single,タックスプランニング,FP2級;学科;四答択,消費税の簡易課税制度に関する次の記述のうち、最も不適切なものはどれか。,,,,,,簡易課税制度の適用を受けた場合、仕入れに係る消費税額は、課税売上高に従業員数に応じて定められたみなし仕入率を乗じて計算する。,新たに事業を開始した事業者は、事業を開始した日の属する課税期間内に「消費税簡易課税制度選択届出書」を納税地の所轄税務署長に提出することで、当該課税期間から簡易課税制度の適用を受けることができる。,簡易課税制度を選択した事業者は、事業を廃止した場合等を除き、原則として、簡易課税制度の適用を２年間継続しなければならない。,簡易課税制度の選択を取りやめる場合、原則として、その適用を取りやめようとする課税期間の初日の前日までに、 「消費税簡易課税制度選択不適用届出書」を納税地の所轄税務署長に提出しなければならない。,1,FALSE,FALSE,fp2_gakka_202605_q039,（解説は順次追加予定です。正答は日本FP協会の公表資料に基づきます。）,,,,,,
2026,令和8年度（学科）,40,single,タックスプランニング,FP2級;学科;四答択,キャッシュ・フロー計算書（間接法）の一般的な特徴に関する次の記述のうち、最も不適切なものはどれか。,,,,,,営業活動によるキャッシュ・フローは、税引前当期純利益の金額に、キャッシュの変動を伴わない減価償却費や売上債権等の運転資金項目等を加算・減算して算出する。,財務活動によるキャッシュ・フローにおいて、借入れや株式・社債の発行による資金調達に関する表示は、原則として、総額による表示とされる。,企業が金融機関と締結している当座借越契約に基づく当座借越限度枠を、現金や現金同等物と同様に利用している場合、当座借越は負の現金同等物として扱う。,「固定資産の増加」 「短期借入金の減少」 「配当金の支払」は、いずれも投資活動によるキャッシュ・フローが減少する要因となる。,4,FALSE,FALSE,fp2_gakka_202605_q040,（解説は順次追加予定です。正答は日本FP協会の公表資料に基づきます。）,,,,,,
2026,令和8年度（学科）,41,single,不動産,FP2級;学科;四答択,土地の価格に関する次の記述のうち、最も不適切なものはどれか。,,,,,,地価公示の公示価格は、毎年１月１日を価格判定の基準日として国土交通省の土地鑑定委員会により公表されるもので、当該価格は更地としての価格である。,都道府県地価調査の基準地標準価格は、毎年７月１日を価格判定の基準日として各都道府県により公表されるもので、当該価格は公示価格を補う役割を果たしている。,相続税路線価は、各国税局が毎年１月１日を評価時点として決定するもので、当該価格は公示価格等を基にした価格の80％程度をめどに定められている。,固定資産税評価額は、固定資産課税台帳に登録された価格で、５年に一度評価替えが行われ、当該評価額は前年の公示価格等を基にした価格の70％程度をめどに定められている。,4,FALSE,FALSE,fp2_gakka_202605_q041,（解説は順次追加予定です。正答は日本FP協会の公表資料に基づきます。）,,,,,,
2026,令和8年度（学科）,42,single,不動産,FP2級;学科;四答択,宅地建物取引業法に関する次の記述のうち、最も適切なものはどれか。,,,,,,専任媒介契約を締結した宅地建物取引業者は、一定の期間内に当該契約の目的物である宅地または建物に関する一定の事項を指定流通機構に登録しなければならない。,専任媒介契約の有効期間は、３カ月を超えることができず、これより長い期間を定めた場合、当該契約は無効となる。,専任媒介契約の有効期間は、依頼者の申出により更新することができるが、当初の契約締結時にあらかじめ自動更新する旨の特約を定めた場合、その特約も有効である。,専任媒介契約を締結した宅地建物取引業者は、依頼者に対し、当該契約に係る業務の処理状況を、１カ月に１回以上報告しなければならない。,1,FALSE,FALSE,fp2_gakka_202605_q042,（解説は順次追加予定です。正答は日本FP協会の公表資料に基づきます。）,,,,,,
2026,令和8年度（学科）,43,single,不動産,FP2級;学科;四答択,借地借家法に関する次の記述のうち、最も適切なものはどれか。,なお、本問においては、同法第22条の借地権を一般定期借地権といい、第23 条の借地権を事業用定期借地権等という。,,,,,一般定期借地権を設定する場合、その存続期間を30年とすることができる。,事業の用に供する建物の所有を目的として、一般定期借地権 を設定することはできない。,事業用定期借地権等の設定を目的とする契約は、書面によって なされたものであれば有効であり、公正証書によってする必要はない。,第三者が賃借権の目的である土地の上の建物を取得した場合において、借地権設定者が賃借権の譲渡または転貸を承諾しないときは、その第三者は、借地権設定者に対し、当該建物の買取りを請求することができる。,4,FALSE,FALSE,fp2_gakka_202605_q043,（解説は順次追加予定です。正答は日本FP協会の公表資料に基づきます。）,,,,,,
2026,令和8年度（学科）,44,single,不動産,FP2級;学科;四答択,借地借家法に関する次の記述のうち、最も不適切なものはどれか。,なお、本問においては、定期建物賃貸借契約を定期借家契約という。,,,,,定期借家契約は、賃貸借期間を６カ月未満とすることができる。,定期借家契約を締結する場合、賃貸人は、あらかじめ、賃借人に対し、契約の更新がなく、期間の満了により賃貸借が終了する旨を記載した公正証書を交付して説明しなければならない。,建物の賃借人は、建物の賃借権の登記がなくても、建物の引渡しを受けていれば、その後その建物の物権を取得した者に対して賃借権を対抗することができる。,定期借家契約において期間が１年以上である場合、賃貸人は、原則として、期間満了の１年前から６カ月前までの間に賃借人に対して期間満了により契約が終了する旨の通知をしなければ、その終了を賃借人に対抗することができない。,2,FALSE,FALSE,fp2_gakka_202605_q044,（解説は順次追加予定です。正答は日本FP協会の公表資料に基づきます。）,,,,,,
2026,令和8年度（学科）,45,single,不動産,FP2級;学科;四答択,都市計画法に関する次の記述のうち、最も不適切なものはどれか。,,,,,,市街化区域は、既に市街地を形成している区域およびおおむね10 年以内に優先的かつ計画的に市街化を図るべき区域とされている。,"市街化区域内で行う開発行為で、その規模が 1,000㎡未満（三大都市圏の一定の区域内では500㎡未満）であるものは、原則として、都道府県知事等の開発許可を受ける必要はない。",土地の分筆は、その行為が建築物の建築または特定工作物の建設を目的としていなくても、開発行為に該当する。,開発許可を受けた開発区域内の土地においては、開発行為に関する工事完了の公告があるまでの間は、原則として、建築物を建築することができない。,3,FALSE,FALSE,fp2_gakka_202605_q045,（解説は順次追加予定です。正答は日本FP協会の公表資料に基づきます。）,,,,,,
2026,令和8年度（学科）,46,single,不動産,FP2級;学科;四答択,建築基準法における容積率に関する次の記述のうち、最も適切なものはどれか。,,,,,,敷地の前面道路の幅員が15ｍ未満である建築物の容積率は、都市計画で定められた数値および当該前面道路の幅員に10分の４または10分の６を乗じた数値以下でなければならない。,共同住宅の共用の廊下および階段の用に供する部分の床面積は、当該共同住宅の住宅の用途に供する部分の床面積の合計の３分の１を限度として、建築物の容積率の算定の基礎となる延べ面積に算入されない。,専ら自動車または自転車の停留または駐車のための施設の用途に供する部分（自動車車庫等部分）の床面積は、その敷地内の建築物の各階の床面積の合計の３分の１を限度として、建築物の容積率の算定の基礎となる延べ面積に算入されない。,建築物の地階でその天井が地盤面からの高さ１ｍ以下にあるものの住宅の用途に供する部分の床面積は、原則として、当該建築物の住宅の用途に供する部分の床面積の合計の３分の１を限度として、建築物の容積率の算定の基礎となる延べ面積に算入されない。,4,FALSE,FALSE,fp2_gakka_202605_q046,（解説は順次追加予定です。正答は日本FP協会の公表資料に基づきます。）,,,,,,
2026,令和8年度（学科）,47,single,不動産,FP2級;学科;四答択,建物の区分所有等に関する法律に関する次の記述のうち、最も適切なものはどれか。,,,,,,管理者は、少なくとも毎年１回、集会を招集しなければならない。,集会の招集の通知は、原則として、開催日の少なくとも１カ月前までに、会議の目的たる事項を示して、各区分所有者に発しなければならない。,区分所有者は、敷地利用権が数人で有する所有権である場合、規約に別段の定めがない限り、敷地利用権を専有部分と分離して処分することができる。,集会の決議は、当該決議後に区分所有権を譲り受けた者に対し、その効力を有しない。,1,FALSE,FALSE,fp2_gakka_202605_q047,（解説は順次追加予定です。正答は日本FP協会の公表資料に基づきます。）,,,,,,
2026,令和8年度（学科）,48,single,不動産,FP2級;学科;四答択,登録免許税に関する次の記述のうち、最も適切なものはどれか。,,,,,,相続により建物を取得し、所有権移転登記を行う場合、登録免許税は課されない。,個人が所有する土地の上に新築した家屋について、所在、家屋番号、構造、床面積などが記録される表題登記を行う場合、登録免許税は課されない。,不動産に抵当権設定登記を行う際の登録免許税の課税標準は、当該不動産の固定資産税評価額である。,贈与により取得した土地の所有権移転登記を行う際の登録免許税の課税標準は、当該土地の相続税評価額である。,2,FALSE,FALSE,fp2_gakka_202605_q048,（解説は順次追加予定です。正答は日本FP協会の公表資料に基づきます。）,,,,,,
2026,令和8年度（学科）,49,single,不動産,FP2級;学科;四答択,"「居住用財産を譲渡した場合の3,000 万円の特別控除」（以下、「3,000万円特別控除」という）および「 居住用財産を譲渡した場合の長期譲渡所得の課税の特例」（以下、「軽減税率の特例」という）に関する次の記述のうち、最も適切なものはどれか。

なお、各選択肢において、ほかに必要な要件等はすべて満たしているものとする。",,,,,,"3,000万円特別控除は、譲渡した居住用財産の所有期間の長短にかかわらず、適用を受けることができる。","3,000万円特別控除は、居住用財産で居住の用に供さなくなったものを譲渡する場合、居住の用に供さなくなった日の属する年の翌年の12月31日までに譲渡しなければ、適用を受けることができない。",軽減税率の特例は、譲渡した居住用財産の所有期間が、譲渡した日の属する年の１月１日において５年を超えていれば、適用を受けることができる。,"3,000万円特別控除と軽減税率の特例は、重複して適用を受けることができ ない。",1,FALSE,FALSE,fp2_gakka_202605_q049,（解説は順次追加予定です。正答は日本FP協会の公表資料に基づきます。）,,,,,,
2026,令和8年度（学科）,50,single,不動産,FP2級;学科;四答択,不動産の投資判断の手法等に関する次の記述のうち、最も適切なものはどれか。,,,,,,ＤＣＦ法 は、連続する複数の期間に発生する総収入および復帰価格を、その発生時期に応じて現在価値に割り引き、それぞれを合計して対象不動産の収益価格を求める手法である。,ＮＰＶ法（正味現在価値法）による投資判断においては、対象不動産から得られる収益の現在価値の合計額が投資額の現在価値の合計額を上回っている場合、その投資は投資適格であると判定することができる。,借入金併用型投資では、対象不動産の収益率が借入金の金利を下回っている場合、レバレッジ効果により、投下した自己資金に対する収益率の向上を期待することができる。,ＮＯＩ利回り（純利回り）は、対象不動産から得られる年間の総収入を総投資額で除して算出される利回りであり、不動産の収益性を測る指標である。,2,FALSE,FALSE,fp2_gakka_202605_q050,（解説は順次追加予定です。正答は日本FP協会の公表資料に基づきます。）,,,,,,
2026,令和8年度（学科）,51,single,相続・事業承継,FP2級;学科;四答択,贈与税の課税財産に関する次の記述のうち、最も不適切なものはどれか。,,,,,,死因贈与により取得した財産は、贈与税の課税対象とならない。,離婚による財産分与により取得した財産は、その価額が婚姻中の夫婦の協力によって得た財産の額等の事情を考慮して、社会通念上相当な範囲内である場合、原則として、贈与税の課税対象とならない。,個人が法人からの贈与により取得した財産は、業務に関して受けるものや継続的に受けるものを除き、贈与税の課税対象となる。,子が母から著しく低い価額の対価で土地を譲り受けた場合、原則として、当該土地の通常の取引価額に相当する金額と支払った対価の額との差額に相当する金額が、子が母から贈与により取得したものとみなされ、贈与税の課税対象となる。,3,FALSE,FALSE,fp2_gakka_202605_q051,（解説は順次追加予定です。正答は日本FP協会の公表資料に基づきます。）,,,,,,
2026,令和8年度（学科）,52,single,相続・事業承継,FP2級;学科;四答択,贈与税の配偶者控除（以下、 「本控除」という）に関する次の記述のうち、最も不適切なものはどれか。,,,,,,本控除の適用を受けるためには、贈与を受けた時点で、贈与者である配偶者との婚姻期間が20年以上でなければならない。,本控除の適用を受けるにあたって、配偶者から贈与を受ける財産の種類や金額に制限はない。,過去に本控除の適用を受けたことがある場合、その後、同一の配偶者から贈与を受けても、再び本控除の適用を受けることはできない。,"本控除の適用を受ける場合、贈与税額の計算上、贈与税の課税価格から、基礎控除額と合わせて最高で2,110万円を控除することができる。",2,FALSE,FALSE,fp2_gakka_202605_q052,（解説は順次追加予定です。正答は日本FP協会の公表資料に基づきます。）,,,,,,
2026,令和8年度（学科）,53,single,相続・事業承継,FP2級;学科;四答択,法定後見制度に関する次の記述の空欄（ア）～（ウ）にあてはまる語句の組合せとして、最も適切なものはどれか。,"法定後見制度は、本人の判断能力が（  ア ）に、 （ イ ）が選任した成年後見人等が本人を法律的に支援する制度である。
法定後見制度には、精神上の障害による本人の判断能力の程度によって、
（ ウ ）の３つの類型がある。",,,,,（ア）不十分になる前  （イ）本人    （ウ）後見・保佐・補助,（ア）不十分になった後 （イ）家庭裁判所 （ウ）後見・保佐・補助,（ア）不十分になった後 （イ）本人    （ウ）後見・介護・支援,（ア）不十分になる前  （イ）家庭裁判所 （ウ）後見・介護・支援,2,FALSE,FALSE,fp2_gakka_202605_q053,（解説は順次追加予定です。正答は日本FP協会の公表資料に基づきます。）,,,,,,
2026,令和8年度（学科）,54,single,相続・事業承継,FP2級;学科;四答択,民法上の遺言に関する次の記述のうち、最も適切なものはどれか。,,,,,,遺言者の相続人が、自宅で発見した自筆証書遺言を家庭裁判所の検認を受けずに開封した場合、その遺言は無効となる。,遺言者が自筆証書遺言に添付する財産目録をパソコンで作成する場合、当該目録への署名・押印は不要である。,公正証書遺言を作成する際には、証人３人以上の立会いが必要である。,公正証書遺言を作成した遺言者は、その遺言を自筆証書遺言によって撤回することができる。,4,FALSE,FALSE,fp2_gakka_202605_q054,（解説は順次追加予定です。正答は日本FP協会の公表資料に基づきます。）,,,,,,
2026,令和8年度（学科）,55,single,相続・事業承継,FP2級;学科;四答択,下記の〈親族関係図〉において、Ａさんの相続が開始した場合の相続税における遺産に係る基礎控除額として、最も適切なものはどれか。,"なお、Ｃさんは相続の放棄をしている。また、Ｄさんは、Ａさん夫婦の普通養子（特別養子縁組以外の縁組による養子）である。

〈親族関係図〉",,,,,"4,200万円","4,800万円","5,400万円","6,000万円",2,FALSE,FALSE,fp2_gakka_202605_q055,（解説は順次追加予定です。正答は日本FP協会の公表資料に基づきます。）,,,,,,
2026,令和8年度（学科）,56,single,相続・事業承継,FP2級;学科;四答択,相続税の計算に関する次の記述のうち、最も適切なものはどれか。,,,,,,被相続人の子が相続開始前に死亡しているため、その死亡した子を代襲して相続人となった被相続人の孫は、相続税額の２割加算の対象となる。,相続人が被相続人の配偶者のみで、相続の放棄をした者はおらず、その配偶者がすべての遺産を相続により取得した場合、 「配偶者に対する相続税額の軽減」の適用を受けることにより納付すべき相続税額は生じない。,被相続人との婚姻の届出を提出していない者であっても、事実上婚姻関係と同様の事情にあり、いわゆる内縁関係にあると認められる者は、 「配偶者に対する相続税額の軽減」の適用を受けることができる。,相続人が未成年者である場合、その者の相続税額から控除する未成年者控除額は、原則として、その者が18歳に達するまでの年数に20万円を乗じた金額である。,2,FALSE,FALSE,fp2_gakka_202605_q056,（解説は順次追加予定です。正答は日本FP協会の公表資料に基づきます。）,,,,,,
2026,令和8年度（学科）,57,single,相続・事業承継,FP2級;学科;四答択,Ｘ年４月７日（月）に死亡した被相続人が所有していた上場株式Ｙを相続により取得した場合、下記の〈資料〉に基づき、上場株式Ｙの１株当たりの相続税評価額として、最も適切なものはどれか。,"なお、記載のない事項については考慮しないものとする。

〈資料〉上場株式Ｙの価格
・Ｘ年１月の毎日の最終価格の月平均額：1,140円
・Ｘ年２月の毎日の最終価格の月平均額：1,150円
・Ｘ年３月の毎日の最終価格の月平均額：1,180円
・Ｘ年４月の毎日の最終価格の月平均額：1,240円
・Ｘ年４月４日（金）の最終価格   ： 1,230円
・Ｘ年４月７日（月）の最終価格   ： 1,210円",,,,,"1,140円","1,150円","1,210円","1,240円",2,FALSE,FALSE,fp2_gakka_202605_q057,（解説は順次追加予定です。正答は日本FP協会の公表資料に基づきます。）,,,,,,
2026,令和8年度（学科）,58,single,相続・事業承継,FP2級;学科;四答択,相続により取得した宅地の相続税評価に関する次の記述のうち、最も不適切なものはどれか。,,,,,,貸家建付地の価額は、 「自用地価額×（１－借地権割合×借家権割合×賃貸割合） 」の算式により計算した金額によって評価する。,被相続人が、所有する宅地の上に店舗用建物を建築し、当該建物を賃貸借契約により第三者に賃貸していた場合、その宅地は貸家建付地として評価する。,被相続人が、所有する宅地に建物の所有を目的とする賃借権を設定し、借地人がその宅地の上に自宅を建築して居住していた場合、その宅地は貸宅地として評価する。,被相続人が、所有する宅地を使用貸借により子に貸し付け、その子がその宅地の上に自宅を建築して居住していた場合、その宅地は貸宅地として評価する。,4,FALSE,FALSE,fp2_gakka_202605_q058,（解説は順次追加予定です。正答は日本FP協会の公表資料に基づきます。）,,,,,,
2026,令和8年度（学科）,59,single,相続・事業承継,FP2級;学科;四答択,「小規模宅地等についての相続税の課税価格の計算の特例」 （以下、 「本特例」という）に関する下記の表の空欄（ア）～（ウ）にあてはまる語句の組合せとして、最も適切なものはどれか。,"なお、宅地等の適用面積の調整は考慮しないものとする。

宅地等の区分 本特例の対象となる限度面積 減額割合特定事業用宅地等 （ ア ） 80％
特定居住用宅地等 330㎡ （ イ ）
特定同族会社事業用宅地等 （ ウ ） 80％",,,,,（ア）400㎡ （イ）80％ （ウ）400㎡,（ア）330㎡ （イ）80％ （ウ）200㎡,（ア）400㎡ （イ）50％ （ウ）200㎡,（ア）330㎡ （イ）50％ （ウ）400㎡,1,FALSE,FALSE,fp2_gakka_202605_q059,（解説は順次追加予定です。正答は日本FP協会の公表資料に基づきます。）,,,,,,
2026,令和8年度（学科）,60,single,相続・事業承継,FP2級;学科;四答択,会社法に関する次の記述のうち、最も不適切なものはどれか。,,,,,,"株式会社を設立するためには、最低資本金額として1,000万円が必要である。",株式会社が特定の株主から自己株式を有償で取得する場合、原則として、株主総会の特別決議が必要となる。,定時株主総会は、毎事業年度終了後一定の時期に招集しなければならないが、臨時株主総会は、必要がある場合にいつでも招集することができる。,取締役は、いつでも、株主総会の決議によって解任することができる。,1,FALSE,FALSE,fp2_gakka_202605_q060,（解説は順次追加予定です。正答は日本FP協会の公表資料に基づきます。）,,,,,,
2026,令和8年度（実技）,61,truefalse,ライフプランニングと資金計画,FP2級;実技;○×;正解未収録,"ファイナンシャル・プランナー（以下「ＦＰ」という）は、ファイナンシャル・プランニング業務を行ううえで関連業法等を順守することが重要である。ＦＰの行為に関する次の（ア）～（エ）の記述について、適切なものは○、不適切なものは×を選択しなさい。

なお、記載のない資格の登録等については一切考慮しないものとする。",,弁護士の登録を受けていないＦＰが、顧客から離婚後の生活設計等について相談を受け、その顧客の代理人として相手方との離婚時の財産分与について協議を行い、報酬を受け取った。,弁護士または司法書士の登録を受けていないＦＰが、相続財産である不動産の登記申請を代行した。,金融商品取引業の登録を受けていないＦＰが、資産運用を検討している顧客に対し、ＮＩＳＡ（少額投資非課税制度）の仕組みを説明した。,税理士の登録を受けていないＦＰが、参加費有料の相続対策セミナーで、仮定の事例に基づく一般的な解説を行い、講師料を受け取った。,,,,,,FALSE,FALSE,fp2_jitsugi_202605_q001,（正解・解説は解答資料の公表後に追加予定です。現時点では問題文の確認用に掲載しています。）,,,,,,
2026,令和8年度（実技）,62,single,ライフプランニングと資金計画,FP2級;実技;四答択;正解未収録,フィデューシャリー・デューティー（受託者責任）を遂行する軸として金融庁が公表している「顧客本位の業務運営に関する原則」 （以下「本原則」という）に関する次の記述のうち、最も不適切なものはどれか。,,,,,,本原則では、金融事業者は特に定義されておらず、顧客本位の業務運営を目指す金融事業者において幅広く採択されることが期待されている。,本原則では、金融事業者は顧客の資産状況、取引経験、知識等を把握し、当該顧客にふさわしい金融商品の販売、推奨等を行うべきとしている。,本原則は、金融庁が原則のみを示し、金融事業者が各々の置かれた状況に応じて自主的に方針の策定に取り組むように促すものである。,本原則を採択する場合、金融事業者が策定した業務運営に関する方針は、一貫して継続する必要があるため、定期的な見直しは不要である。,,FALSE,FALSE,fp2_jitsugi_202605_q002,（正解・解説は解答資料の公表後に追加予定です。現時点では問題文の確認用に掲載しています。）,,,,,,
2026,令和8年度（実技）,63,single,金融資産運用,FP2級;実技;四答択;正解未収録,長谷川さんはＲＭ投資信託を新規募集時に１００万口購入し、特定口座（源泉徴収選択口座）で保有して収益分配金を受け取っている。下記＜資料＞に基づき、長谷川さんが保有するＲＭ投資信託に関する次の記述の空欄（ア） 、 （イ）にあてはまる語句の組み合わせとして、最も適切なものはどれか。,"＜資料＞

［ＲＭ投資信託の商品概要（新規募集時） ］
投資信託の分類：追加型投資信託／国内／株式
決算および収益分配：毎年１０月９日（休業日の場合には翌営業日）
申込価格：１口当たり１円
申込単位：１万口以上１口単位
基準価額：当ファンドにおいては、１万口当たりの価額で表示
購入時手数料（税込み） ：購入金額１,０００万円未満 購入金額に対し３.３％
購入金額１,０００万円以上 購入金額に対し２.２％
運用管理費用（信託報酬） （税込み） ：純資産総額に対し年１.６５０％
信託財産留保額：１万口につき解約請求日の翌営業日の基準価額に０.３％を乗じた額

［長谷川さんが保有するＲＭ投資信託の収益分配金受取時の運用状況（１万口当たり） ］
収益分配前の個別元本：９,６００円
収益分配前の基準価額：１０,０００円
収益分配金：１,０００円
収益分配後の基準価額：９,０００円

・ 長谷川さんが、ＲＭ投資信託を新規募集時に１００万口購入した際に、支払った購入時手数料
（税込み）は、 （ ア ）である。
・ 収益分配時に、長谷川さんに支払われた収益分配金のうち６００円（１万口当たり）は（ イ ）
である。",,,,,"（ア）３３,０００円 （イ）元本払戻金（特別分配金）","（ア）３３,０００円 （イ）普通分配金","（ア）４９,５００円 （イ）元本払戻金（特別分配金）","（ア）４９,５００円 （イ）普通分配金",,FALSE,FALSE,fp2_jitsugi_202605_q003,（正解・解説は解答資料の公表後に追加予定です。現時点では問題文の確認用に掲載しています。）,,,,,,
2026,令和8年度（実技）,64,open,金融資産運用,FP2級;実技;記述;正解未収録,"下記＜資料＞の債券を満期（償還）時まで保有した場合の最終利回り（単利・年率）を計算しなさい。

なお、手数料や税金等については考慮しないものとし、計算結果については小数点以下第４位を切り捨て、小数点以下第３位までの数値を解答すること。

また、解答に当たっては、解答欄に記載されている単位に従うこと。

＜資料＞

表面利率：年０.５０％購入価格：額面１００円につき１００.５０円償還価格：額面１００円につき１００.００円残存期間：８年",,,,,,,,,,,FALSE,FALSE,fp2_jitsugi_202605_q004,（正解・解説は解答資料の公表後に追加予定です。現時点では問題文の確認用に掲載しています。）,,,,,,
2026,令和8年度（実技）,65,open,金融資産運用,FP2級;実技;記述;正解未収録,"下記＜資料＞に基づく次の記述の空欄（ア） 、 （イ）にあてはまる数値を計算しなさい。

なお、計算結果については小数点以下第３位を四捨五入し、小数点以下第２位までの数値を解答すること。

＜資料＞株価 ３,４６０円１株当たり当期純利益 ５６０円１株当たり純資産 ２,５６０円１株当たり総資産 ７,４００円１株当たり年間配当金 ２００円
・ 配当性向は、 （ ア ）％である。
・ ＰＢＲ（株価純資産倍率）は、 （ イ ）倍である。",,,,,,,,,,,FALSE,FALSE,fp2_jitsugi_202605_q005,（正解・解説は解答資料の公表後に追加予定です。現時点では問題文の確認用に掲載しています。）,,,,,,
2026,令和8年度（実技）,66,open,金融資産運用,FP2級;実技;記述;正解未収録,"露木さんが取引をしている国内の証券会社から送付された当年分の特定口座年間取引報告書（抜粋）が下記＜資料＞のとおりである場合、翌年に繰り越すことのできる上場株式等の譲渡損失の金額（上限）を計算しなさい。

なお、露木さんはこの他に有価証券取引は行っておらず、前年以前から繰り越された上場株式等の譲渡損失はないものとする。

また、解答に当たっては、解答欄に記載されている単位に従うこと。

＜資料＞ （単位：円）① 譲渡の対価の額（収入金額）② 取得費及び譲渡に要した費用の額等

③ 差引金額（譲渡所得等の金額)（①－②）３,５００,０００ ５,３００,０００ ＊＊＊

特定上場株式等の配当等種類 配当等の額 源泉徴収税額（所得税）配当割額（住民税） 特別分配金の額④ 株式、出資又は基金 200,000 30,630 10,000⑤ 特定株式投資信託⑥ 投資信託又は特定受益証券発行信託（⑤、⑦及び⑧以外）⑦ オープン型証券投資信託 100,000 15,315 5,000 30,000⑧ 国外株式又は国外投資信託等⑨ 合計（④＋⑤＋⑥＋⑦＋⑧） ＊＊＊ ＊＊＊ ＊＊＊ ＊＊＊上記以外のもの⑩ 公社債 10,000 1,531 500⑪ 社債的受益権⑫ 投資信託又は特定受益証券発行信託（⑬及び⑭以外）⑬ オープン型証券投資信託⑭ 国外公社債等又は国外投資信託等⑮ 合計（⑩＋⑪＋⑫＋⑬＋⑭） ＊＊＊ ＊＊＊ ＊＊＊ ＊＊＊※問題作成の都合上、一部を「＊＊＊」にしてある。",,,,,,,,,,,FALSE,FALSE,fp2_jitsugi_202605_q006,（正解・解説は解答資料の公表後に追加予定です。現時点では問題文の確認用に掲載しています。）,,,,,,
2026,令和8年度（実技）,67,truefalse,不動産,FP2級;実技;○×;正解未収録,ＮＩＳＡ（少額投資非課税制度）に関する次の（ア）～（エ）の記述について、適切なものは○、不適切なものは×を選択しなさい。,,成長投資枠で定額積立投資をすることはできない。,"つみたて投資枠と成長投資枠で保有できる簿価ベースの残高金額には１,２００万円の上限が設けられており、そのうち成長投資枠で保有できる金額の上限は６００万円である。",つみたて投資枠では年１２０万円、成長投資枠では年２４０万円の非課税投資枠があるが、同じ年に２つの投資枠を併用することはできない。,ＮＩＳＡ口座を現在開設している金融機関から別の金融機関に変更する場合、変更したい年分の前年の１０月１日から変更したい年分の属する年の９月３０日までに変更手続きを行う必要がある。,,,,,,FALSE,FALSE,fp2_jitsugi_202605_q007,（正解・解説は解答資料の公表後に追加予定です。現時点では問題文の確認用に掲載しています。）,,,,,,
2026,令和8年度（実技）,68,open,不動産,FP2級;実技;記述;正解未収録,"建築基準法に従い、下記＜資料＞の土地に耐火建築物を建てる場合の建築面積の最高限度を計算しなさい。

なお、記載のない事項については一切考慮しないものとする。

また、解答に当たっては、解答欄に記載されている単位に従うこと。

＜資料＞

幅員６ｍ市道（２４０ｍ2）
・ 第二種住居地域
・ 防火地域
・ 指定建蔽率   ６０％
・ 指定容積率  ４００％
・ 前面道路の幅員に対する法定乗数  ４／１０１２ｍ２０ｍ",,,,,,,,,,,FALSE,FALSE,fp2_jitsugi_202605_q008,（正解・解説は解答資料の公表後に追加予定です。現時点では問題文の確認用に掲載しています。）,,,,,,
2026,令和8年度（実技）,69,single,不動産,FP2級;実技;四答択;正解未収録,固定資産税に関する次の記述の空欄（ア）～（ウ）にあてはまる語句の組み合わせとして、最も適切なものはどれか。,"固定資産税は市町村（東京２３区は東京都）が、毎年（ ア ）現在の土地や家屋等の所有者に対して課税する。課税標準は固定資産税評価額だが、一定の要件を満たす住宅が建っている住宅用地
（小規模住宅用地）は、住宅１戸当たり（ イ ）以下の部分について、課税標準額が固定資産税評価額の（ ウ ）になる特例がある。",,,,,（ア）１月１日 （イ）２００ｍ2 （ウ）６分の１,（ア）１月１日 （イ）２４０ｍ2 （ウ）３分の１,（ア）４月１日 （イ）２００ｍ2 （ウ）３分の１,（ア）４月１日 （イ）２４０ｍ2 （ウ）６分の１,,FALSE,FALSE,fp2_jitsugi_202605_q009,（正解・解説は解答資料の公表後に追加予定です。現時点では問題文の確認用に掲載しています。）,,,,,,
2026,令和8年度（実技）,70,truefalse,不動産,FP2級;実技;○×;正解未収録,"借地借家法に基づく借地権に関する次の（ア）～（エ）の記述について、適切なものは○、不適切なものは×を選択しなさい。

なお、本問においては、借地借家法第２２条の借地権を一般定期借地権といい、同法第２２条から第２４条の定期借地権等以外の借地権を普通借地権という。

また、記載のない事項については一切考慮しないものとする。
・ 普通借地権の初回の存続期間を３０年、１回目の更新後の存続期間を１０年とした場合、その契約は（ ａ ）である。普通借地権の当初の存続期間が満了する場合、借地権者が借地権設定者に契約の更新を請求したときは、 （ ｂ ） 、存続期間を除き、原則として従前の契約と同一の条件で契約を更新したものとみなされる。
・ 一般定期借地権は、５０年以上の期間を設定し、契約は（ ｃ ）によってしなければならないとされている。
・ 建物譲渡特約付借地権とは、存続期間が（ ｄ ）以上の借地権において、借地権を消滅させるために、借地権者が借地権の目的である土地の上の建物を借地権設定者に相当の対価で譲渡する旨の特約を定めた借地権である。

なお、借地権者または建物の賃借人で、借地権消滅後に建物の使用を継続している者が請求したときは、借地権設定者との間で建物の賃貸借が成立する。",,空欄（ａ）にあてはまる語句は、 「有効」である。,空欄（ｂ）にあてはまる語句は、 「借地上の建物の有無にかかわらず」である。,空欄（ｃ）にあてはまる語句は、 「公正証書による等の書面（電磁的記録による場合を含む）」である。,空欄（ｄ）にあてはまる語句は、 「３０年」である。,,,,,,FALSE,FALSE,fp2_jitsugi_202605_q010,（正解・解説は解答資料の公表後に追加予定です。現時点では問題文の確認用に掲載しています。）,,,,,,
2026,令和8年度（実技）,71,open,リスク管理,FP2級;実技;記述;正解未収録,"田村さんは、所有しているマンションを賃貸している。賃貸マンションに係る当年分の収入および支出等が下記＜資料＞のとおりである場合、当年分の所得税における不動産所得の金額を計算しなさい。

なお、＜資料＞以外の収入および支出等はないものとし、青色申告特別控除は考慮しないものとする。

また、解答に当たっては、解答欄に記載されている単位に従うこと。

＜資料＞
・ 賃料収入（総収入金額） ：１４４万円
・ 支出銀行へのローン返済金額：５０万円（元金４０万円、利息１０万円）管理費等：１５万円管理業務委託費：８万円火災保険料：１万円固定資産税等税金：１２万円修繕費：５万円
・ 減価償却費：３０万円※支出等のうち必要経費となるものは、すべて当年分の所得に係る必要経費に該当するものとする。",,,,,,,,,,,FALSE,FALSE,fp2_jitsugi_202605_q011,（正解・解説は解答資料の公表後に追加予定です。現時点では問題文の確認用に掲載しています。）,,,,,,
2026,令和8年度（実技）,72,open,リスク管理,FP2級;実技;記述;正解未収録,"米田さんは、８年前に相続により取得し、その後継続して居住している自宅の土地および建物の売却を検討している。売却に係る状況が下記＜資料＞のとおりである場合、所得税における課税長期譲渡所得の金額を計算しなさい。

なお、記載のない事項については一切考慮しないものとする。

また、解答に当たっては、解答欄に記載されている単位に従うこと。

＜資料＞

取得費：土地および建物とも不明であるため概算取得費とする。譲渡価額（合計） ：５,６００万円譲渡費用（合計） ：２１０万円※居住用財産を譲渡した場合の３,０００万円特別控除の特例の適用を受けるものとする。",,,,,,,,,,,FALSE,FALSE,fp2_jitsugi_202605_q012,（正解・解説は解答資料の公表後に追加予定です。現時点では問題文の確認用に掲載しています。）,,,,,,
2026,令和8年度（実技）,73,open,リスク管理,FP2級;実技;記述;正解未収録,"布施秀雄さんが保険契約者（保険料負担者）および被保険者として加入している下記＜資料＞の生命保険の保障内容に関する次の記述の空欄（ア）～（ウ）にあてはまる数値を計算しなさい。

なお、保険金および給付金の支払事由が生じたときにおいて、特約を含む保険契約は有効に継続しているものとし、秀雄さんはこれまでに＜資料＞の保険から、保険金・給付金を一度も受け取っていないものとする。

また、各々の記述はそれぞれ独立した問題であり、相互に影響を与えないものとする。

＜資料１＞

無配当定期保険特約付終身保険 保険証券番号×××－××××保険契約者 布施 秀雄 様  ◇契約日（保険期間の始期）２０××年×月×日

◇主契約の保険期間終身

◇主契約の保険料払込期間３０年間

◇特約の保険期間１０年（８０歳まで自動更新）被保険者 布施 秀雄 様契約年齢 ３５歳 男性受取人 [死亡保険金］布施 咲江 様（妻）

◇ご契約内容 ◇お払い込みいただく合計保険料終身保険金額（主契約保険金額）  ２００万円  毎回 ××,×××円定期保険特約保険金額  ２,５００万円三大疾病保障定期保険特約保険金額  ５００万円 ［保険料払込方法］月払い 災害割増特約保険金額  ２,０００万円災害入院特約 入院５日目から 日額 ５,０００円疾病入院特約 入院５日目から 日額 ５,０００円※約款所定の手術を受けた場合、手術の種類に応じて入院給付金日額の１０倍・２０倍・４０倍の手術給付金を支払います。※入院給付金の１入院当たりの限度日数は１２０日、通算限度日数は１,０９５日です。※１８０日以内に同じ病気で再度入院した場合は１回の入院とみなします。

＜資料２＞

終身医療保険 保険証券番号×××－××××保険契約者 布施 秀雄 様◇契約日（保険期間の始期）２０××年×月×日

◇保険期間終身

◇保険料払込期間終身被保険者 布施 秀雄 様契約年齢 ３７歳 男性受取人［給付金］被保険者 様［死亡保険金］布施 咲江 様（妻）受取割合１０割

◇ご契約内容 ◇お払い込みいただく合計保険料疾病入院給付金 １日目から 日額 ５,０００円毎回 ×,×××円災害入院給付金 １日目から 日額 ５,０００円手術給付金 １回につき １０万円 ［保険料払込方法］月払い ※約款所定の手術を受けた場合、手術給付金を支払います。通院給付金 １日につき ３,０００円※退院後の通院に限り、通院給付金を支払います。死亡保険金  ２０万円※入院給付金の１入院当たりの限度日数は６０日、通算限度日数は１,０９５日です。
・ 秀雄さんが現時点で、肺炎で１８日間継続して入院し（手術は受けていない） 、退院の翌日から約款所定の期間内に１０日間通院した場合、保険会社から支払われる保険金・給付金の合計は（ ア ）万円である。
・ 秀雄さんが現時点で、初めてがん（悪性新生物）と診断され、治療のため４４日間継続して入院し、その間に約款所定の手術（給付倍率４０倍）を１回受けた場合、保険会社から支払われる保険金・給付金の合計は（ イ ）万円である。
・ 秀雄さんが現時点で、交通事故で死亡（入院・手術なし）した場合、保険会社から支払われる保険金・給付金の合計は（ ウ ）万円である。

※約款所定の手術は、＜資料１＞および＜資料２＞の保険ともに該当するものである。",,,,,,,,,,,FALSE,FALSE,fp2_jitsugi_202605_q013,（正解・解説は解答資料の公表後に追加予定です。現時点では問題文の確認用に掲載しています。）,,,,,,
2026,令和8年度（実技）,74,single,リスク管理,FP2級;実技;四答択;正解未収録,小川さんが当年中に支払った保険料等は、下記＜資料＞のとおりである。下記＜資料＞に基づく小川さんの当年分の所得税の計算における生命保険料控除の金額として、正しいものはどれか。,"なお、いずれの契約も適正に保険料は支払われており、生命保険料控除の対象となる要件を満たしているものとする。また、控除額が最も大きくなる組み合わせを用いるものとし、扶養親族や配当金など記載のない事項については一切考慮しないものとする。

＜資料＞

［小川さんが当年中に支払った保険料］契約 保険種類 契約年 保険料払込方法 年間正味払込保険料 備考
① 医療保障保険（団体型） ２００８年 月払い  ４８,０００円 （注１）
② 介護保障保険 ２０１６年 月払い  ６０,０００円 （注２）
③ 個人年金保険 ２００５年 月払い １２０,０００円 （注３）
（注１）毎年自動更新する１年契約のものであり特約の付加および死亡保障はない。
（注２）死亡保険金額と介護保険金額が同額である。
（注３）税制適格特約付個人年金保険である。また、当年中に保険料の自動振替貸付制度が適用されており、年間正味払込保険料のうち、３０,０００円は自動振替貸付により充当された金額である。

［所得税の生命保険料控除の控除額の速算表］
（１）２０１１年１２月３１日以前に締結した保険契約（旧契約）等に係る控除額年間の支払保険料の合計 控除額
２５,０００円 以下 支払保険料の全額
２５,０００円 超 ５０,０００円 以下 支払保険料×１／２＋１２,５００円
５０,０００円 超 １００,０００円 以下 支払保険料×１／４＋２５,０００円
１００,０００円 超  ５０,０００円

（２）２０１２年１月１日以後に締結した保険契約（新契約）等に係る控除額年間の支払保険料の合計 控除額
２０,０００円 以下 支払保険料の全額
２０,０００円 超 ４０,０００円 以下 支払保険料×１／２＋１０,０００円
４０,０００円 超 ８０,０００円 以下 支払保険料×１／４＋２０,０００円
８０,０００円 超  ４０,０００円

（注）支払保険料とは、その年に支払った金額から、その年に受けた剰余金や割戻金を差し引いた残りの金額をいう。",,,,,"９０,０００円","１１４,５００円","１１７,０００円","１２０,０００円",,FALSE,FALSE,fp2_jitsugi_202605_q014,（正解・解説は解答資料の公表後に追加予定です。現時点では問題文の確認用に掲載しています。）,,,,,,
2026,令和8年度（実技）,75,truefalse,リスク管理,FP2級;実技;○×;正解未収録,"下記＜資料＞の養老保険のハーフタックスプラン（福利厚生プラン）に関する次の（ア）～（エ）の記述について、適切なものは○、不適切なものは×を選択しなさい。

なお、当該法人の役員・従業員の大部分は法人の同族関係者ではない。

＜資料＞保険の種類 養老保険保険契約者（保険料負担者）および満期保険金受取人 株式会社ＡＹ被保険者 役員・従業員死亡保険金受取人 被保険者の遺族",,養老保険に入院特約等を付加した場合、株式会社ＡＹが支払った養老保険部分の保険料の２分の１相当額を福利厚生費として損金の額に算入することはできない。,課長以上の役職者全員を被保険者とする役職による加入基準を設けた場合、職種等に応じた合理的な基準により、普遍的に設けられた格差であると認められない。,死亡保険金が被保険者の遺族に支払われた場合、株式会社ＡＹは当該契約に係る資産計上額を取り崩し、同額を損金の額に算入する。,役員・従業員の２分の１以上が被保険者となれば、株式会社ＡＹが支払った保険料の２分の１相当額を福利厚生費として損金の額に算入することができる。,,,,,,FALSE,FALSE,fp2_jitsugi_202605_q015,（正解・解説は解答資料の公表後に追加予定です。現時点では問題文の確認用に掲載しています。）,,,,,,
2026,令和8年度（実技）,76,single,タックスプランニング,FP2級;実技;四答択;正解未収録,下記＜資料＞に基づき、真野さんが契約している火災保険に関する次の記述のうち、最も不適切なものはどれか。,"なお、超過保険や一部保険には該当せず、保険契約は有効に継続しているものとする。また、記載のない事項については一切考慮しないものとする。

＜資料＞

火災保険証券

保険契約者  記名被保険者住所 ×××× ×－××氏名 真野 大輔 様  保険契約者に同じ

証券番号 ××－×××××

火災保険期間 ２０××年×月×日 午後×時から
２０××年×月×日 午後×時まで
５年間

火災保険料 ××,×××円
地震保険料 ××,×××円
保険料払込方法  年払い地震保険期間 ２０××年×月×日から５年間

保険の対象等
保険の対象 火災保険：建物、家財
地震保険：建物、家財所在地 保険契約者住所に同じ構造級別 Ｈ構造（非耐火）
面積 ７８.６０ｍ2
建物建築年月 ２０××年×月

建物・家財等に関する補償事故の種類 補償の有無 建物保険金額 補償の有無 家財保険金額
① 火災、落雷、破裂・爆発 ○ １,２００万円
（免責金額 ０円） ○ ６００万円
（免責金額 ０円）
② 風災、ひょう災、雪災 ○ １,２００万円
（免責金額 ０円） ○ ６００万円
（免責金額 ０円）
③ 盗難 ○ １,２００万円
（免責金額 ０円） ○ ６００万円
（免責金額 ０円）
④ 水災 ○ １,２００万円
（免責金額 ０円） ○ ６００万円
（免責金額 ０円）
⑤ 破損、汚損等 ○ １,２００万円
（免責金額 １万円） ○ ６００万円
（免責金額 １万円）
⑥ 地震、噴火、津波（地震保険） 〇 ６００万円 ○ ３００万円

その他の補償・付帯している特約個人賠償責任特約 ○ 日常生活での賠償事故の補償
保険金額：１億円（免責金額 ０円）
※「補償の有無」について、○は有、×は無を示すものとする。",,,,,噴火により、建物と家財が全損となった場合でも、補償の対象とならない。,真野さんの飼い犬が、近所の子どもにかみついてケガをさせた場合の法律上の損害賠償責任は、補償の対象となる。,自宅の車庫に置いていた自動車が火災により損壊した場合でも、家財として補償の対象とならない。,"突風により、建物と家財が全損となった場合、合計で１,８００万円の損害保険金が支払われる。",,FALSE,FALSE,fp2_jitsugi_202605_q016,（正解・解説は解答資料の公表後に追加予定です。現時点では問題文の確認用に掲載しています。）,,,,,,
2026,令和8年度（実技）,77,open,タックスプランニング,FP2級;実技;記述;正解未収録,"西川さんは地震保険の加入を検討している。下記＜資料＞に基づく西川さんの自宅に係る年間の地震保険料を計算しなさい。

なお、西川さんの自宅は岡山県にあるイ構造のマンションで、火災保険の保険金額は１,８００万円であり、地震保険の保険金額は、火災保険の保険金額に基づく契約可能な最大額とする。

また、地震保険料の割引制度は考慮せず、解答に当たっては、解答欄に記載されている単位に従うこと。

＜資料：年間保険料例（地震保険金額１００万円当たり、割引適用なしの場合)＞建物の所在地（都道府県）建物の構造区分イ構造※ ロ構造※北海道・青森県・岩手県・秋田県・山形県・栃木県・群馬県・新潟県・富山県・石川県・福井県・長野県・岐阜県・滋賀県・京都府・兵庫県・奈良県・鳥取県・島根県・岡山県・広島県・山口県・福岡県・佐賀県・長崎県・熊本県・大分県・鹿児島県７３０円 １,１２０円宮城県・福島県・山梨県・愛知県・三重県・大阪府・和歌山県・香川県・愛媛県・宮崎県・沖縄県 １,１６０円 １,９５０円茨城県・徳島県・高知県 ２,３００円４,１１０円 埼玉県 ２,６５０円千葉県・東京都・神奈川県・静岡県 ２,７５０円※イ構造：主として鉄骨・コンクリート造の建物、ロ構造：主として木造の建物",,,,,,,,,,,FALSE,FALSE,fp2_jitsugi_202605_q017,（正解・解説は解答資料の公表後に追加予定です。現時点では問題文の確認用に掲載しています。）,,,,,,
2026,令和8年度（実技）,78,open,タックスプランニング,FP2級;実技;記述;正解未収録,"伊丹さん（６６歳）の当年分の収入および経費は以下のとおりである。伊丹さんの当年分の所得税における総所得金額を計算しなさい。

なお、記載のない事項については一切考慮しないものとし、総所得金額が最も少なくなるように計算すること。

また、解答に当たっては、解答欄に記載されている単位に従うこと。

＜収入および経費＞内容 金額老齢基礎年金 ７２万円遺族厚生年金 １１４万円駐車場収入 ９６万円駐車場収入に係る経費 １８万円※伊丹さんは、駐車場経営を始めた６年前から青色申告者となっており、帳簿書類の備え付け等により、１０万円の青色申告特別控除の適用を受けるための要件を満たしている。

なお、この駐車場経営は、事業的規模には該当しない。

＜公的年金等控除額の速算表＞納税者区分 公的年金等の収入金額（Ａ）公的年金等控除額公的年金等に係る雑所得以外の所得に係る合計所得金額１,０００万円 以下６５歳未満の者１３０万円 以下 ６０万円１３０万円 超 ４１０万円 以下 （Ａ）×２５％＋ ２７.５万円４１０万円 超 ７７０万円 以下 （Ａ）×１５％＋ ６８.５万円７７０万円 超 １,０００万円 以下 （Ａ）× ５％＋１４５.５万円１,０００万円 超  １９５.５万円６５歳以上の者３３０万円 以下 １１０万円３３０万円 超 ４１０万円 以下 （Ａ）×２５％＋ ２７.５万円４１０万円 超 ７７０万円 以下 （Ａ）×１５％＋ ６８.５万円７７０万円 超 １,０００万円 以下 （Ａ）× ５％＋１４５.５万円１,０００万円 超  １９５.５万円",,,,,,,,,,,FALSE,FALSE,fp2_jitsugi_202605_q018,（正解・解説は解答資料の公表後に追加予定です。現時点では問題文の確認用に掲載しています。）,,,,,,
2026,令和8年度（実技）,79,open,タックスプランニング,FP2級;実技;記述;正解未収録,"会社員の松尾さんの退職に係るデータが下記＜資料＞のとおりである場合、松尾さんの退職一時金に係る退職所得の金額を計算しなさい。

なお、松尾さんは勤務先の役員であったことはなく、退職は障害者になったことに基因するものではない。

また、記載のない事項については一切考慮しないものとし、解答に当たっては、解答欄に記載されている単位に従うこと。

＜資料＞支給される退職一時金 ２,２００万円勤続期間 ３５年１０ヵ月",,,,,,,,,,,FALSE,FALSE,fp2_jitsugi_202605_q019,（正解・解説は解答資料の公表後に追加予定です。現時点では問題文の確認用に掲載しています。）,,,,,,
2026,令和8年度（実技）,80,single,タックスプランニング,FP2級;実技;四答択;正解未収録,会社員の小谷さんが、配当所得のすべてについて総合課税を選択した場合、下記＜資料＞に基づく小谷さんの当年分の所得税における配当控除の金額として、正しいものはどれか。,"なお、記載のない事項については一切考慮しないものとする。

＜資料＞

［小谷さんの当年分の給与所得の金額および所得控除額］給与所得の金額 １,２５０万円
所得控除額 ２９０万円

［小谷さんが当年中に受け取った配当金］銘柄 配当金の金額
（税引前） 左記の計算期間 備考株式会社ＰＡ ３０万円 １２ヵ月内国法人から受け取った非上場株式に係る利益剰余金の配当で、少額配当に該当するものはない。
株式会社ＰＢ ２３万円 １２ヵ月 内国法人から受け取った上場株式に係る利益剰余金の配当である。

［剰余金の配当等に係る配当控除の控除率］課税総所得金額等 控除率
① その年分の課税総所得金額等が１ ,０００万円
以下である場合 １０％
②その年分の課税総所得金額等が１ ,０００万円
を超え、かつ、課税総所得金額等から配当所得の金額を差し引いた金額が１ ,０００万円以下である場合課税総所得金額等１,０００万円以下の部
分の配当所得：１０％
課税総所得金額等１,０００万円超の部分
の配当所得：５％
③その年分の課税総所得金額等から配当所得の金額を差し引いた金額が１ ,０００万円を超える場合
５％",,,,,"２６,５００円","３３,０００円","４６,５００円","５３,０００円",,FALSE,FALSE,fp2_jitsugi_202605_q020,（正解・解説は解答資料の公表後に追加予定です。現時点では問題文の確認用に掲載しています。）,,,,,,
2026,令和8年度（実技）,81,open,相続・事業承継,FP2級;実技;記述;正解未収録,"個人事業主として飲食業を営む大野さん（青色申告者）の当年分の飲食 業の財務データが下記＜資料＞のとおりである場合、大野さんの当年分の所得税における事業所得の金額を計算しなさい。

なお、解答に当たっては、解答欄に記載されている単位に従うこと。

＜資料＞売上高（収入金額） １,５６０万円売上原価 ４８０万円販売費および一般管理費 ６４０万円青色事業専従者給与 １８０万円※青色事業専従者給与は大野さんの妻に対して支払われたものであり、この金額は販売費および一般管理費に含まれていない。※大野さんは、青色申告特別控除１０万円の適用を受けるものとする。",,,,,,,,,,,FALSE,FALSE,fp2_jitsugi_202605_q021,（正解・解説は解答資料の公表後に追加予定です。現時点では問題文の確認用に掲載しています。）,,,,,,
2026,令和8年度（実技）,82,truefalse,相続・事業承継,FP2級;実技;○×;正解未収録,"住宅借入金等特別控除（以下「住宅ローン控除」という）に関する次の（ア）～（エ）の記述について、適切なものは○、不適切なものは×を選択しなさい。

なお、記載のない事項については住宅ローン控除の適用要件をすべて満たしているものとする。",,住宅ローン控除は、取得した住宅への入居が取得した年の翌年となった場合であっても、取得した年分から適用を受けることができる。,当年分の住宅ローン控除可能額が所得税から控除しきれない場合、その差額を翌年度の住民税から控除することができるが、そのためには、市区町村への住民税の申告が必要である。,夫婦が連帯債務により住宅ローンを組んで共有名義で住宅を取得した場合、夫婦それぞれが住宅ローン控除の適用を受けることができる。,住宅ローン控除の適用を受けていた者が、勤務先からの転勤命令により同居家族と共に転居し、家屋を居住の用に供しなくなり住宅ローン控除の適用を受けることができなくなった場合であっても所定の手続きを行い、転勤終了後にその家屋に戻って再び居住の用に供したときは、残りの控除期間について住宅ローン控除の再適用を受けることができる。,,,,,,FALSE,FALSE,fp2_jitsugi_202605_q022,（正解・解説は解答資料の公表後に追加予定です。現時点では問題文の確認用に掲載しています。）,,,,,,
2026,令和8年度（実技）,83,open,相続・事業承継,FP2級;実技;記述;正解未収録,"下記＜相続人等関係図＞の場合において、民法の規定に基づく法定相続分および遺留分に関する次の記述の空欄（ア）～（ウ）にあてはまる適切な語句または数値を語群の中から選び、その番号のみを解答欄に入力しなさい。

なお、同じ番号を何度選んでもよいものとする。

また、記載のない事項については一切考慮しないものとする。

＜相続人等関係図＞

［各自の法定相続分と遺留分］
・ 被相続人の孫Ａの法定相続分は（ ア ）である。
・ 被相続人の孫Ａの遺留分は（ イ ）である。
・ 被相続人の孫Ｂの遺留分は（ ウ ）である。

＜語群＞１．ゼロ    ２． １／２   ３． １／３   ４． ２／３    ５． １／４６．１／６   ７． １／８   ８． １／９   ９． １／１２

孫Ｂ二男の妻二男（相続放棄）配偶者被相続人孫Ａ長男長男の妻（すでに死亡）",,,,,,,,,,,FALSE,FALSE,fp2_jitsugi_202605_q023,（正解・解説は解答資料の公表後に追加予定です。現時点では問題文の確認用に掲載しています。）,,,,,,
2026,令和8年度（実技）,84,open,相続・事業承継,FP2級;実技;記述;正解未収録,"下記の相続事例における相続税の課税価格の合計額を計算しなさい。

なお、記載のない事項については一切考慮しないものとする。

また、解答に当たっては、解答欄に記載されている単位に従うこと。

＜課税価格の合計額を算出するための財産等の相続税評価額＞土地：８００万円（小規模宅地等の特例適用後）建物：３００万円現預金：１,０００万円死亡保険金：１,２００万円（生命保険金等の非課税限度額控除前）債務および葬式費用：２００万円

＜相続人等関係図＞

※｢小規模宅地等の特例」の適用対象となる要件はすべて満たしており、その適用を受けるものとする。※死亡保険金はすべて被相続人の配偶者が受け取っている。※すべての相続人は、相続により財産を取得している。※相続開始前７年以内に被相続人からの贈与により財産を取得した相続人はおらず、相続時精算課税制度を選択した相続人もいない。

また、相続を放棄した者もいない。※債務および葬式費用は被相続人の配偶者がすべて負担している。

配偶者長女被相続人",,,,,,,,,,,FALSE,FALSE,fp2_jitsugi_202605_q024,（正解・解説は解答資料の公表後に追加予定です。現時点では問題文の確認用に掲載しています。）,,,,,,
2026,令和8年度（実技）,85,open,相続・事業承継,FP2級;実技;記述;正解未収録,"二木さん（５９歳）は当年中に夫から居住用不動産（財産評価額２,８００万円）の贈与を受けた。二木さんが贈与税の配偶者控除の適用を受けた場合の当年分の贈与税額を計算しなさい。

なお、当年においては、このほかに二木さんが受けた贈与はないものとし、記載のない事項については一切考慮しないものとする。

また、納付すべき贈与税額が最も少なくなるように計算するものとし、解答に当たっては、解答欄に記載されている単位に従うこと。

＜贈与税の速算表＞（イ）１８歳以上の者が直系尊属から贈与を受けた財産の場合（特例贈与財産、特例税率）基礎控除後の課税価格 税率 控除額２００万円 以下 １０％ －２００万円 超 ４００万円 以下 １５％  １０万円４００万円 超 ６００万円 以下 ２０％  ３０万円６００万円 超 １,０００万円 以下 ３０％  ９０万円１,０００万円 超 １,５００万円 以下 ４０％ １９０万円１,５００万円 超 ３,０００万円 以下 ４５％ ２６５万円３,０００万円 超 ４,５００万円 以下 ５０％ ４１５万円４,５００万円 超  ５５％ ６４０万円

（ロ）上記（イ）以外の場合（一般贈与財産、一般税率）基礎控除後の課税価格 税率 控除額２００万円 以下 １０％ －２００万円 超 ３００万円 以下 １５％  １０万円３００万円 超 ４００万円 以下 ２０％  ２５万円４００万円 超 ６００万円 以下 ３０％  ６５万円６００万円 超 １,０００万円 以下 ４０％ １２５万円１,０００万円 超 １,５００万円 以下 ４５％ １７５万円１,５００万円 超 ３,０００万円 以下 ５０％ ２５０万円３,０００万円 超  ５５％ ４００万円",,,,,,,,,,,FALSE,FALSE,fp2_jitsugi_202605_q025,（正解・解説は解答資料の公表後に追加予定です。現時点では問題文の確認用に掲載しています。）,,,,,,
2026,令和8年度（実技）,86,single,相続・事業承継,FP2級;実技;四答択;正解未収録,下記＜資料＞の土地に係る路線価方式による普通借地権の相続税評価額として、正しいものはどれか。,"なお、記載のない事項については一切考慮しないものとする。

＜資料＞

注１：奥行価格補正率（２０ｍ以上２４ｍ未満） １.００
注２：借地権割合 ７０％
注３：借家権割合 ３０％",,,,,"４５,０００千円","１０５,０００千円","１１８,５００千円","１５０,０００千円

（５００ｍ2）２０ｍ２５ｍ３００Ｃ",,FALSE,FALSE,fp2_jitsugi_202605_q026,（正解・解説は解答資料の公表後に追加予定です。現時点では問題文の確認用に掲載しています。）,,,,,,
2026,令和8年度（実技）,87,truefalse,相続・事業承継,FP2級;実技;○×;正解未収録,"配偶者短期居住権に関する次の（ア）～（エ）の記述について、適切なものは○、不適切なものは×を選択しなさい。

なお、記載のない事項については要件をすべて満たしているものとする。",,配偶者が相続放棄をした場合であっても、配偶者短期居住権は直ちに消滅しない。,居住建物の取得者は、配偶者短期居住権を有する配偶者に対し、配偶者短期居住権の設定の登記を備えさせる義務はない。,配偶者短期居住権を有する配偶者は、その後の遺産分割協議により、配偶者居住権を取得することはできない。,配偶者短期居住権を有する配偶者が、居住建物の取得者の承諾を得ずに第三者に居住建物を使用させた場合であっても、居住建物の取得者は、配偶者に対する意思表示によって配偶者短期居住権を消滅させることはできない。,,,,,,FALSE,FALSE,fp2_jitsugi_202605_q027,（正解・解説は解答資料の公表後に追加予定です。現時点では問題文の確認用に掲載しています。）,,,,,,
2026,令和8年度（実技）,88,open,ライフプランニングと資金計画,FP2級;実技;記述;正解未収録,"島田家が考えている進学プランは下記＜資料＞のとおりである。下記＜資料＞に基づく島田家のキャッシュフロー表の空欄（ア）にあてはまる教育費の予測数値を計算しなさい。

なお、記載のない事項については一切考慮しないものとする。

＜資料＞

［島田家の進学プラン］春香 公立小学校 → 公立中学校 → 私立高等学校 → 私立大学雄太 公立小学校 → 公立中学校 → 公立高等学校 → 国立大学

［教育費］中学校 高校公立 私立 公立 私立年間教育費 ５０万円 １５５万円 ５５万円 １００万円

［計算に際しての留意点］上記の教育費は基準年の金額とする。

＜島田家のキャッシュフロー表＞ （単位：万円)経過年数 基準年 １年後 ２年後 ３年後 ４年後家族・年齢島田 正人 本人 ４１歳 ４２歳 ４３歳 ４４歳 ４５歳京子 妻 ３８歳 ３９歳 ４０歳 ４１歳 ４２歳春香 長女 １４歳 １５歳 １６歳 １７歳 １８歳雄太 長男 １０歳 １１歳 １２歳 １３歳 １４歳ライフイベント    春香高校入学雄太中学校入学  変動率収入給与収入（本人） １％ ４８０給与収入（妻） １％ ３４０収入合計 － ８２０支出基本生活費 ２％ ３１０住宅関連費 － ２４２ ２４２ ２４２ ２４２ ２４２教育費 １％ ６０    （ ア ）保険料 － １８ １８ １８ １８ １８一時的支出 －その他支出 － １２ １２ １２ １２ １２支出合計 － ６４２年間収支  １７８金融資産残高 １％ ５４０※年齢および金融資産残高は各年１２月３１日現在のものとする。※給与収入は可処分所得で記載している。※記載されている数値は正しいものとする。

また、問題作成の都合上、一部を空欄としている。※各項目の計算に当たっては端数を残し、表中に記入の際は万円未満四捨五入したものを使用すること。ただし、金融資産残高は各年ごとに端数を残さず、万円未満四捨五入のうえ計算すること。※収入合計と支出合計、年間収支は表中に記載すべき整数で計算すること。",,,,,,,,,,,FALSE,FALSE,fp2_jitsugi_202605_q028,（正解・解説は解答資料の公表後に追加予定です。現時点では問題文の確認用に掲載しています。）,,,,,,
2026,令和8年度（実技）,89,open,ライフプランニングと資金計画,FP2級;実技;記述;正解未収録,"下記は、中村家のキャッシュフロー表（一部抜粋）である。このキャッシュフロー表の空欄（ア）にあてはまる数値を計算しなさい。

なお、記載のない事項については一切考慮しないものとする。

＜中村家のキャッシュフロー表＞ （単位：万円)経過年数 基準年 １年後 ２年後 ３年後 ４年後家族・年齢中村 徹 本人 ３８歳 ３９歳 ４０歳 ４１歳 ４２歳麻里 妻 ３５歳 ３６歳 ３７歳 ３８歳 ３９歳仁美 長女  ７歳  ８歳  ９歳 １０歳 １１歳ライフイベント

仁美小学校入学   海外旅行

変動率収入給与収入（本人） １％ ４８０給与収入（妻） － ８０ ８０ ８０ ８０ ８０収入合計 － ５６０支出基本生活費 ２％ ２５０住宅関連費 － １９２ １９２ １９２ １９２ １９２教育費 －   ４０保険料 － １８ １８ １８ １８ １８一時的支出 －    １２０その他支出 － １２ １２ １２ １２ １２支出合計 － ５２２年間収支  ３８  ４８金融資産残高 １％ ５４０ ５９３ （ ア ）※年齢および金融資産残高は各年１２月３１日現在のものとする。※給与収入は可処分所得で記載している。※記載されている数値は正しいものとする。

また、問題作成の都合上、一部を空欄としている。※各項目の計算に当たっては端数を残し、表中に記入の際は万円未満四捨五入したものを使用すること。ただし、金融資産残高は各年ごとに端数を残さず、万円未満四捨五入のうえ計算すること。※収入合計と支出合計、年間収支は表中に記載すべき整数で計算すること。",,,,,,,,,,,FALSE,FALSE,fp2_jitsugi_202605_q029,（正解・解説は解答資料の公表後に追加予定です。現時点では問題文の確認用に掲載しています。）,,,,,,
2026,令和8年度（実技）,90,single,ライフプランニングと資金計画,FP2級;実技;四答択;正解未収録,日本学生支援機構の奨学金に関する次の記述のうち、最も不適切なものはどれか。,,,,,,貸与型奨学金は原則として、学生本人が申込人になる。,奨学金には、進学前に申し込む「予約採用」と、進学後に申し込む「在学採用」がある。,貸与型奨学金の「第二種」は、無利子である。,給付型奨学金における支給金額は、収入基準に応じて、国公立・私立の別、自宅通学・自宅外通学の別などによって決められている。,,FALSE,FALSE,fp2_jitsugi_202605_q030,（正解・解説は解答資料の公表後に追加予定です。現時点では問題文の確認用に掲載しています。）,,,,,,
2026,令和8年度（実技）,91,open,ライフプランニングと資金計画,FP2級;実技;記述;正解未収録,"最上さんは、将来の子どもの進学費用の準備として新たに積立てを開始する予定である。毎年年末に４０万円を積み立てるものとし、６年間、年利１.０％で複利運用しながら積み立てた場合、６年後の合計額はいくらになるか、下記の係数早見表を乗算で使用し、計算しなさい。

なお、税金は一切考慮しないものとし、解答に当たっては、解答欄に記載されている単位に従うこと。

＜係数早見表（年利率１.０％)＞終価係数 現価係数 減債基金係数 資本回収係数 年金終価係数 年金現価係数１年 １.０１０ ０.９９０ １.０００ １.０１０ １.０００ ０.９９０２年 １.０２０ ０.９８０ ０.４９８ ０.５０８ ２.０１０ １.９７０３年 １.０３０ ０.９７１ ０.３３０ ０.３４０ ３.０３０ ２.９４１４年 １.０４１ ０.９６１ ０.２４６ ０.２５６ ４.０６０ ３.９０２５年 １.０５１ ０.９５１ ０.１９６ ０.２０６ ５.１０１ ４.８５３６年 １.０６２ ０.９４２ ０.１６３ ０.１７３ ６.１５２ ５.７９５７年 １.０７２ ０.９３３ ０.１３９ ０.１４９ ７.２１４ ６.７２８８年 １.０８３ ０.９２３ ０.１２１ ０.１３１ ８.２８６ ７.６５２９年 １.０９４ ０.９１４ ０.１０７ ０.１１７ ９.３６９ ８.５６６１０年 １.１０５ ０.９０５ ０.０９６ ０.１０６ １０.４６２ ９.４７１１５年 １.１６１ ０.８６１ ０.０６２ ０.０７２ １６.０９７ １３.８６５２０年 １.２２０ ０.８２０ ０.０４５ ０.０５５ ２２.０１９ １８.０４６２５年 １.２８２ ０.７８０ ０.０３５ ０.０４５ ２８.２４３ ２２.０２３３０年 １.３４８ ０.７４２ ０.０２９ ０.０３９ ３４.７８５ ２５.８０８※記載されている数値は正しいものとする。",,,,,,,,,,,FALSE,FALSE,fp2_jitsugi_202605_q031,（正解・解説は解答資料の公表後に追加予定です。現時点では問題文の確認用に掲載しています。）,,,,,,
2026,令和8年度（実技）,92,open,ライフプランニングと資金計画,FP2級;実技;記述;正解未収録,"榎本さんは、自宅のリフォーム費用５５０万円をリフォームローンにより返済しようと考えている。今後５年間、年利１.０％で毎年借入応当日に元利均等返済をする場合、毎年の返済額はいくらになるか、下記の係数早見表を乗算で使用し、計算しなさい。

なお、税金は一切考慮しないものとし、解答に当たっては、解答欄に記載されている単位に従うこと。

＜係数早見表（年利率１.０％)＞終価係数 現価係数 減債基金係数 資本回収係数 年金終価係数 年金現価係数１年 １.０１０ ０.９９０ １.０００ １.０１０ １.０００ ０.９９０２年 １.０２０ ０.９８０ ０.４９８ ０.５０８ ２.０１０ １.９７０３年 １.０３０ ０.９７１ ０.３３０ ０.３４０ ３.０３０ ２.９４１４年 １.０４１ ０.９６１ ０.２４６ ０.２５６ ４.０６０ ３.９０２５年 １.０５１ ０.９５１ ０.１９６ ０.２０６ ５.１０１ ４.８５３６年 １.０６２ ０.９４２ ０.１６３ ０.１７３ ６.１５２ ５.７９５７年 １.０７２ ０.９３３ ０.１３９ ０.１４９ ７.２１４ ６.７２８８年 １.０８３ ０.９２３ ０.１２１ ０.１３１ ８.２８６ ７.６５２９年 １.０９４ ０.９１４ ０.１０７ ０.１１７ ９.３６９ ８.５６６１０年 １.１０５ ０.９０５ ０.０９６ ０.１０６ １０.４６２ ９.４７１１５年 １.１６１ ０.８６１ ０.０６２ ０.０７２ １６.０９７ １３.８６５２０年 １.２２０ ０.８２０ ０.０４５ ０.０５５ ２２.０１９ １８.０４６２５年 １.２８２ ０.７８０ ０.０３５ ０.０４５ ２８.２４３ ２２.０２３３０年 １.３４８ ０.７４２ ０.０２９ ０.０３９ ３４.７８５ ２５.８０８※記載されている数値は正しいものとする。",,,,,,,,,,,FALSE,FALSE,fp2_jitsugi_202605_q032,（正解・解説は解答資料の公表後に追加予定です。現時点では問題文の確認用に掲載しています。）,,,,,,
2026,令和8年度（実技）,93,open,リスク管理,FP2級;実技;記述;正解未収録,"藤原家（高志さんと陽子さん）の現時点の資産および負債が下記＜資料＞のとおりである場合、＜資料＞に基づく藤原家のバランスシートの空欄（ア）にあてはまる数値を計算しなさい。

なお、記載のない事項については一切考慮しないものとする。

＜資料＞

［保有資産（時価)] （単位：万円)高志 陽子金融資産現金・預貯金 １,５００ ３００株式・投資信託 ４５０ ２００生命保険（解約返戻金相当額） ［生命保険］を参照 ［生命保険］を参照不動産土地（自宅の敷地） ２,４００建物（自宅の家屋） ７２０その他（動産等） ２５０ １００

［生命保険] （単位：万円）保険種類 保険契約者 被保険者 死亡保険金受取人 保険金額 解約返戻金相当額定期保険特約付終身保険Ａ 高志 高志 陽子（終身保険部分）    ２００ １２０（定期保険部分）    ２,０００ －個人年金保険Ｂ 高志 高志 陽子 － ４００終身保険Ｃ 高志 高志 陽子 ４００ ２８０終身保険Ｄ 陽子 陽子 高志 ２００ １２０※１：解約返戻金相当額は、現時点で解約した場合の金額である。※２：個人年金保険Ｂは、据置期間中に被保険者が死亡した場合、払込保険料相当額が死亡保険金として支払われるものである。※３：終身保険Ｃには、主契約とは別に保険金額４００万円の災害割増特約が付保されている。※４：すべての契約において、保険契約者が保険料を全額負担している。※５：契約者配当および契約者貸付については考慮しないこと。

［負債残高］住宅ローン：１,１２０万円（債務者は高志さん）自動車ローン：７０万円（債務者は高志さん）

＜藤原家（高志さんと陽子さん）のバランスシート＞ （単位：万円)［資産］ ××× ［負債］ ×××負債合計 ×××［純資産］ （ ア ）資産合計 ××× 負債・純資産合計 ×××",,,,,,,,,,,FALSE,FALSE,fp2_jitsugi_202605_q033,（正解・解説は解答資料の公表後に追加予定です。現時点では問題文の確認用に掲載しています。）,,,,,,
2026,令和8年度（実技）,94,open,ライフプランニングと資金計画,FP2級;実技;記述;正解未収録,"杉山さん夫婦はマンション購入に当たり、住宅ローンの年間元利合計返済額を世帯の手取り年収の２０％以内に抑えたいと考えている。下記＜資料＞に基づき、住宅ローンの借入可能額を計算しなさい。

なお、記載のない事項については一切考慮しないものとし、計算に当たっては、毎月の返済額は円未満を切り捨て、計算結果は万円未満を切り捨てること。

また、解答に当たっては、解答欄に記載されている単位に従うこと。

＜資料＞

［杉山さん夫婦のデータ］氏名 続柄 年齢 備考 年収（手取り）杉山 信也 本人 ３３歳 会社員 ４８０万円亜紀 妻 ３２歳 会社員 ３７０万円

［住宅ローンの条件］適用金利年２.５％（全期間固定） 、返済期間３０年（返済回数３６０回） 、元利均等返済のみ（ボーナス返済なし）

［借入額１００万円当たりの毎月の元利合計返済額早見表］全期間固定金利、元利均等返済（ボーナス返済なし）の場合 （単位：円）返済期間 適用金利２.０％ ２.５％ ３.０％２５年 ４,２３８ ４,４８６ ４,７４２３０年 ３,６９６ ３,９５１ ４,２１６３５年 ３,３１２ ３,５７４ ３,８４８※記載されている数値は正しいものとする。",,,,,,,,,,,FALSE,FALSE,fp2_jitsugi_202605_q034,（正解・解説は解答資料の公表後に追加予定です。現時点では問題文の確認用に掲載しています。）,,,,,,
2026,令和8年度（実技）,95,single,ライフプランニングと資金計画,FP2級;実技;四答択;正解未収録,湯川さんは、現在居住している自宅の住宅ローン（全期間固定金利、返済期間３０年、元利均等返済、ボーナス返済なし）の繰上げ返済を検討している。湯川さんが住宅ローンを１２０回返済後に、８０万円以内で期間短縮型の繰上げ返済をする場合、この繰上げ返済により短縮される返済期間として、正しいものはどれか。,"なお、計算に当たっては、下記＜資料＞を使用し、繰上げ返済額は８０万円を超えない範囲での最大額とすること。また、繰上げ返済に伴う手数料等は考慮しないものとする。

＜資料：湯川さんの住宅ローンの償還予定表の一部＞返済回数（回） 毎月返済額（円） うち元金（円） うち利息（円） 残高（円）
１２０ １１５,０５０ ６５,６０８ ４９,４４２ ２１,１２４,１５１
１２１ １１５,０５０ ６５,７６１ ４９,２８９ ２１,０５８,３９０
１２２ １１５,０５０ ６５,９１４ ４９,１３６ ２０,９９２,４７６
１２３ １１５,０５０ ６６,０６８ ４８,９８２ ２０,９２６,４０８
１２４ １１５,０５０ ６６,２２２ ４８,８２８ ２０,８６０,１８６
１２５ １１５,０５０ ６６,３７７ ４８,６７３ ２０,７９３,８０９
１２６ １１５,０５０ ６６,５３２ ４８,５１８ ２０,７２７,２７７
１２７ １１５,０５０ ６６,６８７ ４８,３６３ ２０,６６０,５９０
１２８ １１５,０５０ ６６,８４２ ４８,２０８ ２０,５９３,７４８
１２９ １１５,０５０ ６６,９９８ ４８,０５２ ２０,５２６,７５０
１３０ １１５,０５０ ６７,１５５ ４７,８９５ ２０,４５９,５９５
１３１ １１５,０５０ ６７,３１１ ４７,７３９ ２０,３９２,２８４
１３２ １１５,０５０ ６７,４６９ ４７,５８１ ２０,３２４,８１５
１３３ １１５,０５０ ６７,６２６ ４７,４２４ ２０,２５７,１８９
１３４ １１５,０５０ ６７,７８４ ４７,２６６ ２０,１８９,４０５
１３５ １１５,０５０ ６７,９４２ ４７,１０８ ２０,１２１,４６３",,,,,６ヵ月,１年０ヵ月,１年１ヵ月,１年２ヵ月,,FALSE,FALSE,fp2_jitsugi_202605_q035,（正解・解説は解答資料の公表後に追加予定です。現時点では問題文の確認用に掲載しています。）,,,,,,
2026,令和8年度（実技）,96,truefalse,ライフプランニングと資金計画,FP2級;実技;○×;正解未収録,"公的年金等に関する次の（ア）～（エ）の記述について、適切なものは○、不適切なものは×を選択しなさい。

なお、本問においては、 「離婚等をした場合における特例」による標準報酬の改定を合意分割といい、 「被扶養配偶者である期間についての特例」による標準報酬の改定を３号分割という。

また、老齢基礎年金等の年金の受給要件は満たしているものとする。",,合意分割において、夫婦の協議により按分割合について合意できない場合、当事者双方の申立てがあるときに限り、家庭裁判所が按分割合を定めることができる。,合意分割および３号分割の請求期限は、原則として、離婚等をした日の翌日から起算して３年以内である。,老齢基礎年金を繰下げ受給する場合、年金額の増額率は最大で４２％である。,６５歳到達日に老齢厚生年金の受給権を取得した者が、６６歳到達後も老齢厚生年金の請求をしないまま死亡した場合、その者の遺族は、本人に代わって繰下げ申出をすることはできない。,,,,,,FALSE,FALSE,fp2_jitsugi_202605_q036,（正解・解説は解答資料の公表後に追加予定です。現時点では問題文の確認用に掲載しています。）,,,,,,
2026,令和8年度（実技）,97,single,ライフプランニングと資金計画,FP2級;実技;四答択;正解未収録,鶴見久明さんの家族構成等は下記＜資料＞のとおりである。久明さんが在職中に４９歳で死亡した場合、久明さんの死亡時点において妻の友恵さんが受け取ることができる公的年金の遺族給付の組み合わせとして、最も適切なものはどれか。,"なお、久明さんは、大学卒業後の２２歳から死亡時まで継続して厚生年金保険の被保険者であったものとする。また、家族に障害者に該当する者はなく、記載以外の遺族給付の受給要件はすべて満たしているものとする。

＜資料＞氏名 続柄 年齢 備考 年収（前年）
鶴見 久明 本人 ４９歳 会社員 給与収入５４０万円
友恵 妻 ４８歳 会社員 給与収入４８０万円
彩華 長女 ２０歳 大学生 なし
※当年３月３１日時点のデータであるものとする。",,,,,遺族基礎年金＋遺族厚生年金,遺族基礎年金＋遺族厚生年金＋中高齢寡婦加算,遺族基礎年金＋中高齢寡婦加算,遺族厚生年金＋中高齢寡婦加算,,FALSE,FALSE,fp2_jitsugi_202605_q037,（正解・解説は解答資料の公表後に追加予定です。現時点では問題文の確認用に掲載しています。）,,,,,,
2026,令和8年度（実技）,98,single,ライフプランニングと資金計画,FP2級;実技;四答択;正解未収録,全国健康保険協会管掌健康保険（協会けんぽ）の傷病手当金に関する次の記述の空欄（ア）～（ウ）にあてはまる語句および数値の組み合わせとして、最も適切なものはどれか。,"なお、傷病手当金の支給要件はすべて満たしているものとする。また、記載のない事項については一切考慮しないものとする。

［出勤状況］

・ 傷病手当金は、 病気（私傷病）療養のため休業した月の出勤状況が上記のとおりの場合、
（ ア ）から支給される。
・ 傷病手当金の１日当たりの額は、次の算式で計算される。
［支給開始日以前の継続した１２ヵ月間の各月の標準報酬月額の平均額］×１／３０×（ イ ）
・ 傷病手当金が支給される期間は、支給を開始した日から通算して、最長で（ ウ ）である。",,,,,（ア） ８日 （イ）２／３ （ウ）１年６ヵ月間,（ア） ８日 （イ）３／４ （ウ）１年間,（ア）１０日 （イ）２／３ （ウ）１年間,"（ア）１０日 （イ）３／４ （ウ）１年６ヵ月間

２日（水）

３日（木）

４日（金）

５日（土）

６日（日）

７日（月）

８日（火）

出勤１日（火）９日（水）休業休業

休業出勤休業休業休業休業１０日（木）休業開始日▲休業",,FALSE,FALSE,fp2_jitsugi_202605_q038,（正解・解説は解答資料の公表後に追加予定です。現時点では問題文の確認用に掲載しています。）,,,,,,
2026,令和8年度（実技）,99,single,ライフプランニングと資金計画,FP2級;実技;四答択;正解未収録,後期高齢者医療制度に関する下表の空欄（ア）～（ウ）にあてはまる語句の組み合わせとして、最も適切なものはどれか。,"運営主体 後期高齢者医療広域連合被保険者原則として、以下の①または②に該当する者
① ( ア ）以上の者
② 一定の障害状態にある旨の認定を受けた６５歳以上（ ア ）未満の者保険料の徴収 ( イ ）が徴収一部負担金の割合 被保険者の所得等に応じ医療費の（ ウ ）",,,,,（ア）７０歳 （イ）市町村および特別区 （ウ）１割または２割,（ア）７５歳 （イ）市町村および特別区 （ウ）１割、２割または３割,（ア）７０歳 （イ）都道府県      （ウ）１割、２割または３割,（ア）７５歳 （イ）都道府県      （ウ）１割または２割,,FALSE,FALSE,fp2_jitsugi_202605_q039,（正解・解説は解答資料の公表後に追加予定です。現時点では問題文の確認用に掲載しています。）,,,,,,
2026,令和8年度（実技）,100,truefalse,ライフプランニングと資金計画,FP2級;実技;○×;正解未収録,"雇用保険制度に関する次の（ア）～（ウ）の記述について、適切なものは○、不適切なものは×を選択しなさい。
・ パートタイマーとして働いている場合、週の所定労働時間が（ ａ ）以上で、同一の事業主の適用事業に継続して３１日以上雇用される見込みがある者は、原則として、雇用保険の被保険者とされる。
・ ( ｂ ）以上の高年齢被保険者が失業し、一定の要件を満たす場合には、被保険者であった期間に応じて、基本手当日額の３０日分または５０日分相当の（ ｃ ）が一時金で支給される。",,空欄（ａ）にあてはまる語句は、 「２４時間」である。,空欄（ｂ）にあてはまる語句は、 「７０歳」である。,空欄（ｃ）にあてはまる語句は、 「高年齢求職者給付金」である。,,,,,,,FALSE,FALSE,fp2_jitsugi_202605_q040,（正解・解説は解答資料の公表後に追加予定です。現時点では問題文の確認用に掲載しています。）,,,,,,
