question_no,type,category,tags,source_ref,diagram_id,stem,preamble,statement_a,statement_b,statement_c,statement_d,choice_1,choice_2,choice_3,choice_4,correct,explanation,explanation_summary,explanation_correct,explanation_choices,explanation_point
1,single,金融資産運用,FP2級;学科;実践演習;四答択;source:2025-gakka-28-v1,2025-gakka-28,,"Ａさんのポートフォリオにおける各資産の構成比および期待収益率が下記のとおりである場合、当該ポートフォリオの期待収益率は、 （   ）である。

預金　50％　期待収益率0.2％
債券　25％　期待収益率1.2％
株式　25％　期待収益率5.0％",,,,,,1.25％,1.65％,2.00％,2.50％,2,正解は2です。期待収益率は各資産の期待収益率を構成比で加重平均します。0.2％×50％＋1.2％×25％＋5.0％×25％＝0.1％＋0.3％＋1.25％＝1.65％です。,2025年学科第28問（ポートフォリオの期待収益率）をベースに、構成比と収益率だけ変更した演習です。,0.2×0.5＋1.2×0.25＋5.0×0.25＝1.65％。各資産の期待収益率に構成比を掛けて合計する加重平均です。,1:1.25％は株式25％×5.0％だけを採用した値など、一部の資産だけを合計した誤りです。ポートフォリオ全体では預金・債券・株式すべての加重平均を計算し、1.65％になります。;3:2.00％は単純平均（0.2＋1.2＋5.0）÷3など、構成比を無視した計算で生じやすい誤答です。本問は50％・25％・25％で加重するため、単純平均の2.07％とも一致しません。;4:2.50％は構成比を50％・50％と誤認した計算など、比率の取り違えで出やすい値です。預金50％・債券25％・株式25％を正しく掛け合わせると1.65％が正答になります。,期待収益率の加重平均は「収益率×構成比」の合計。構成比の合計が100％か確認してから計算しましょう。
2,single,金融資産運用,FP2級;学科;実践演習;四答択;source:2026-gakka-26-v1,2026-gakka-26,,"Ｙ社の株価が2,400円、１株当たり純利益が80円である場合、Ｙ社のＰＥＲ（株価収益率）は、 （   ）である。",,,,,,20倍,30倍,32倍,48倍,2,"正解は2です。PER＝株価÷１株当たり純利益です。2,400円÷80円＝30倍です。",2026年学科第26問（投資指標）をベースに、PERを直接計算する演習に整理した問題です。,"PER＝2,400円÷80円＝30倍。株価を１株当たり純利益で割ります。","1:20倍は2,400円÷120円など、純利益の数値を誤った場合の誤答です。本問の純利益は80円なので、2,400÷80＝30倍が正しい計算になります。;3:32倍は2,560円÷80円など、株価を誤って大きくした場合に近い値です。株価2,400円・純利益80円をそのまま割ると30倍であり、32倍にはなりません。;4:48倍は80円×30倍の逆算を株価に足した誤りなど、掛け算と割り算を混同した誤答です。PERは株価を純利益で割る指標であり、2,400÷80＝30倍です。",PER＝株価÷EPS。PBR（株価÷BPS）やROE（純利益÷純資産）と分母が異なるので取り違えに注意。
3,single,金融資産運用,FP2級;学科;実践演習;四答択;source:2026-gakka-26-v2,2026-gakka-26,,"Ｚ社の１株当たり純利益が96円、１株当たり純資産（自己資本）が1,200円である場合、Ｚ社のＲＯＥは、 （   ）である。",,,,,,5％,8％,10％,12％,2,"正解は2です。ROE＝１株当たり純利益÷１株当たり純資産×100です。96円÷1,200円×100＝8％です。",2026年学科第26問のROEをベースに、純利益と純資産だけ変更した演習です。,"ROE＝96÷1,200×100＝8％。分子は純利益、分母は自己資本（純資産）です。","1:5％は96円÷1,920円×100など、純資産を大きく取った誤計算で生じやすい値です。本問の純資産は1,200円なので、96÷1,200×100＝8％が正しい計算になります。;3:10％は純利益を120円と誤認した場合の値です。純利益96円・純資産1,200円を用いると8％となり、10％にはなりません。分母の純資産を確認してください。;4:12％は96円÷800円×100など、分母の純資産を小さくした誤りで出やすい値です。自己資本1,200円を分母に割るとROEは8％になります。株価ではなく純資産を使います。",ROEは「純利益÷純資産」。PERは株価を分母に使うため、文中に株価が出てもROEでは使いません。
4,single,タックスプランニング,FP2級;学科;実践演習;四答択;source:2026-gakka-32-v1,2026-gakka-32,,所得税における一時所得に係る総収入金額が300万円で、その収入を得るために支出した金額が80万円である場合、一時所得の金額は（ ① ）となり、そのうち総所得金額に算入される金額は（ ② ）となる。,,,,,,① 170万円   ②  85万円,① 220万円   ② 110万円,① 220万円   ② 220万円,① 250万円   ② 125万円,1,正解は1です。一時所得の金額＝300万円－80万円－特別控除50万円＝170万円。総所得金額への算入はその2分の1なので、85万円です。,学科の一時所得をベースに、収入・支出だけ変更した演習です。,一時所得＝300－80－50＝170万円。総所得算入は半額の85万円です。,2:①220万円②110万円は特別控除50万円を差し引かない誤りです。一時所得は必ず50万円控除後の金額を半分だけ総所得に算入するため、170万円・85万円が正答です。;3:①220万円②220万円は2分の1の算入を忘れた誤りです。一時所得の金額170万円のうち、総所得に入るのは半分の85万円であり、全額は算入されません。半分だけ算入します。;4:①250万円②125万円は支出80万円を差し引かない誤りで生じやすい値です。収入を得るための支出は必ず差し引いてから50万円控除を適用し、170万円・85万円と計算します。,一時所得は「収入－支出－50万円」。総所得への算入はその半分。50万円控除と2分の1の両方を忘れないこと。
5,single,相続・事業承継,FP2級;学科;実践演習;四答択;source:2026-gakka-58-v1,2026-gakka-58,,貸家建付地の相続税評価額は、その自用地としての価額が1億円、借地権割合が60％、借家権割合が30％、賃貸割合が100％である場合、 （   ）となる。,,,,,,"6,000万円","7,000万円","8,200万円",1億円,3,"正解は3です。1億円×(1－60％×30％×100％)＝1億円×82％＝8,200万円です。借地権・借家権・賃貸割合を掛け合わせてから控除します。",学科の貸家建付地評価をベースに、自用地価額だけ変更した演習です。,"1億円×(1－0.6×0.3×1)＝8,200万円。3つの割合を掛けて控除率18％を求めます。","1:6,000万円は1億円×60％など、借地権割合だけを控除した誤りです。貸家建付地では借家権割合と賃貸割合も掛け合わせ、0.6×0.3×1＝18％を控除します。;2:7,000万円は別の自用地価額や割合を混同した誤答で生じやすい値です。本問は自用地1億円に82％を掛け、8,200万円が評価額になります。過去問の数値をそのまま選ばないこと。;4:1億円は自用地のままの評価額で、貸家建付地としての減額を反映していません。賃貸部分に係る借地権・借家権の影響を控除し、8,200万円が正しい評価額です。自用地価額のままではありません。",貸家建付地＝自用地価額×(1－借地権×借家権×賃貸割合)。貸宅地（建物なし）の公式と混同しないこと。
6,single,ライフプランニングと資金計画,FP2級;学科;実践演習;四答択;source:2025-gakka-01-v1,2025-gakka-01,,"Ｃさんの可処分所得（年間）の金額は、下記の〈資料〉によれば、 （   ）である。

〈資料〉Ｃさんの年間収入等
給与収入　　： 880万円（給与所得 ： 650万円）
所得税・住民税 ：  70万円
社会保険料　 ： 100万円
生命保険料　 ：  12万円",,,,,,620万円,690万円,760万円,868万円,2,正解は2です。可処分所得＝給与収入－所得税・住民税－社会保険料です。880万円－70万円－100万円＝690万円。生命保険料12万円は差し引きません。,学科の可処分所得をベースに、収入・控除額だけ変更した演習です。,880－70－100＝690万円。給与所得650万円や生命保険料12万円はこの式に含めません。,1:620万円は生命保険料まで差し引いた値など、家計支出を控除に含めた誤りです。可処分所得は税と社会保険料のみを給与収入から引き、保険料は控除項目ではありません。;3:760万円は給与所得650万円をベースにした誤計算で生じやすい値です。本問は給与収入880万円から税70万円と社保100万円を引き、690万円になります。給与所得額は使いません。;4:868万円は880万円－12万円など、保険料だけを引いた誤りです。所得税・住民税と社会保険料の両方を引く必要があり、690万円が正答です。保険料は控除しません。,可処分所得＝給与収入－所得税・住民税－社会保険料。給与所得額は使わない。
7,single,金融資産運用,FP2級;学科;実践演習;四答択;source:2025-gakka-24-v1,2025-gakka-24,,表面利率（クーポンレート）3％、残存期間5年の固定利付債券を額面100円当たり98円で購入した場合の最終利回り（年率・単利）は、 （   ）である。なお、税金等は考慮しないものとし、計算結果は表示単位の小数点以下第３位を四捨五入している。,,,,,,3.00％,3.47％,3.50％,4.00％,2,正解は2です。{3％＋(100円－98円)÷5年}÷98円×100＝{3＋0.4}÷98×100≒3.469％、小数点以下第3位を四捨五入して3.47％です。,学科の債券最終利回りをベースに、購入価格と残存期間だけ変更した演習です。,{3＋(100－98)÷5}÷98×100≒3.469％→3.47％。償還差益を残存期間で按分し、表面利率に加えて購入価格で割ります。,1:3.00％は表面利率そのもので、購入価格が額面と異なる場合の償還差益を反映していません。ディスカウント購入では最終利回りは表面利率より高くなり、本問は3.47％です。;3:3.50％は償還差益の按分や四捨五入の段階を誤った場合に出やすい値です。式どおり計算すると3.469％となり、第3位四捨五入で3.47％になります。;4:4.00％は(100－98)÷98×100など、クーポンを加算しない誤りで生じやすい値です。表面利率3％に償還差益の年割を加え、購入価格98円で割る必要があります。,最終利回り＝{表面利率＋(100－購入価格)÷残存年数}÷購入価格×100。符号と四捨五入に注意。
8,single,金融資産運用,FP2級;学科;実践演習;四答択;source:2026-gakka-26-v3,2026-gakka-26,,"下記の〈Ｗ社のデータ〉に基づいて計算したＷ社の配当性向は（ ① ）、配当利回りは（ ② ）である。

〈Ｗ社のデータ〉
株価　　　　　： 2,000円
１株当たり年間配当金：　 40円
１株当たり純利益　： 200円",,,,,,① 20％   ②  2％,① 20％   ②  2.5％,① 25％   ②  2％,① 25％   ②  2.5％,1,"正解は1です。配当性向＝40円÷200円×100＝20％。配当利回り＝40円÷2,000円×100＝2％です。",2026年学科第26問付近の配当指標を、数値だけ変更した演習です。,"配当性向＝40÷200×100＝20％。配当利回り＝40÷2,000×100＝2％。①20％②2％です。","2:①20％②2.5％は配当性向は正しいが、利回りを40÷1,600などで計算した誤りです。利回りの分母は株価2,000円なので、40÷2,000×100＝2％が正しい組合せになります。;3:①25％②2％は配当性向を純利益160円で割るなど、分母の取り違えで生じやすい誤りです。配当性向の分母は純利益200円であり、40÷200×100＝20％です。;4:①25％②2.5％は性向・利回りとも分母を誤った組合せです。性向は純利益200円、利回りは株価2,000円を分母に使い、①20％②2％が正答です。",配当性向＝配当÷純利益、配当利回り＝配当÷株価。それぞれ分母が異なるので取り違えに注意。
9,single,タックスプランニング,FP2級;学科;実践演習;四答択;source:2026-gakka-16-v1,2026-gakka-16,,"給与所得者が22年間勤務した会社を定年退職し、退職金2,500万円の支給を受けた場合、所得税における退職所得の金額の計算上、退職所得控除額は（   ）となる。",,,,,,800万円＋40万円×(22年－20年)＝880万円,800万円＋70万円×(22年－20年)＝940万円,"70万円×22年＝1,540万円",40万円×22年＝880万円,2,正解は2です。勤続22年（20年超）なので、800万円＋70万円×(22－20)＝800万円＋140万円＝940万円です。,学科の退職所得控除をベースに、勤続年数だけ変更した演習です。,20年超は800万円＋70万円×(年数－20)。22年なら800＋70×2＝940万円です。,1:40万円を乗じる式は20年以下の勤続年数向けの計算です。本問は22年勤続なので、800万円＋70万円×(年数－20年)の公式を使います。20年超かどうかを先に確認してください。;3:70万円×22年は退職所得控除の公式ではありません。20年超は最低800万円に、超過年数×70万円を加算する形です。勤続年数に応じて式を切り替えます。;4:40万円×22年は20年以下向けの別公式です。22年勤続は20年超に該当するため、800万円＋70万円×2年＝940万円が正しい控除額です。40万円×年数は使いません。,退職所得控除：20年以下は40万円×年数（最低80万円）、20年超は800万円＋70万円×(年数－20)。
10,single,相続・事業承継,FP2級;学科;実践演習;四答択;source:2026-gakka-55-v1,2026-gakka-55,,相続税における遺産に係る基礎控除額を計算する場合、法定相続人が配偶者1人と子2人のとき、遺産に係る基礎控除額は、 （   ）である。,,,,,,"4,200万円","4,800万円","5,400万円","6,000万円",2,"正解は2です。法定相続人は3人（配偶者1＋子2）なので、3,000万円＋600万円×3人＝4,800万円です。",2026年学科第55問を、親族図なしの直接計算問題に整理した演習です。,"人数3人→3,000＋600×3＝4,800万円。配偶者と子2人を数えてから式に当てはめます。","1:4,200万円は法定相続人2人の場合の金額です。配偶者1人と子2人で合計3人なので、600万円×3を加算し4,800万円になります。人数を先に数えてください。;3:5,400万円は法定相続人4人の場合の金額です。本問は3人なので、3,000万円＋600万円×3＝4,800万円が正しい基礎控除額です。4人と数えていません。;4:6,000万円は5人を数えた場合や、養子の数え方を誤った場合に出やすい値です。配偶者1＋子2で3人を先に確定し、4,800万円と計算してください。金額から人数を逆算しないこと。","基礎控除＝3,000万＋600万×法定相続人の数。人数を先に数えてから金額を計算する。"
11,single,金融資産運用,FP2級;学科;実践演習;四答択;source:2026-gakka-27-v1,2026-gakka-27,,"下記の〈条件〉で、円貨を米ドルに交換して米ドル建定期預金に10,000米ドルを預け入れ、満期時に元利金の米ドルを円貨に交換して受け取る場合における利回り（単利・年率）は、 （   ）である。なお、税金は考慮しないものとし、計算結果は表示単位の小数点以下第３位を四捨五入するものとする。

〈条件〉
・預入期間：１年
・預金金利：2.50％（年率）
・為替予約なし
・為替レート（米ドル／円）
　預入時…ＴＴＳ：138.00円　ＴＴＢ：137.00円
　満期時…ＴＴＳ：144.00円　ＴＴＢ：143.00円",,,,,,5.81％,6.27％,6.71％,7.45％,2,"正解は2です。円貨を米ドルに交換するときはＴＴＳ、満期時に円に戻すときはＴＴＢを用います。預入時1,380万円（10,000×138.00）、満期時1,465.75万円（10,250×143.00）。利回り＝85.75万円÷1,380万円×100≒6.268％→6.27％です。",2026年学科第27問（外貨預金利回り）をベースに、為替レートと金利だけ変更した演習です。,"10,000×138＝1,380万円、10,250×143＝1,465.75万円。（1,465.75－1,380）÷1,380×100≒6.27％。買いＴＴＳ・売りＴＴＢです。","1:5.81％は預入時にＴＴＢを用いた誤りや、金利加算を省いた計算で生じやすい値です。円→ドルはＴＴＳ138.00円、ドル→円はＴＴＢ143.00円で元利金を計算し、6.27％になります。;3:6.71％は満期時にＴＴＳを用いた誤りなど、為替の使い分けを誤った場合に近い値です。満期時の円受取はＴＴＢ143.00円を用い、6.27％が正しい利回りです。;4:7.45％は為替差益だけを過大に見積もった誤答で生じやすい値です。金利2.50％分の米ドル増と為替変動の両方を含め、投下円貨1,380万円で割ります。",外貨預金利回り＝（満期円受取－預入円払出）÷預入円払出×100。買いＴＴＳ・売りＴＴＢを固定で覚える。
12,single,相続・事業承継,FP2級;学科;実践演習;四答択;source:2026-gakka-57-v1,2026-gakka-57,,"Ｙ年７月15日（火）に死亡した被相続人が所有していた上場株式Ｚを相続により取得した場合、下記の〈資料〉に基づき、上場株式Ｚの１株当たりの相続税評価額は、 （   ）である。なお、記載のない事項については考慮しないものとする。

〈資料〉上場株式Ｚの価格
・Ｙ年５月の毎日の最終価格の月平均額：960円
・Ｙ年６月の毎日の最終価格の月平均額：1,020円
・Ｙ年７月の毎日の最終価格の月平均額：1,050円
・Ｙ年６月30日（月）の最終価格　：1,010円
・Ｙ年７月15日（火）の最終価格　：1,030円",,,,,,960円,"1,010円","1,020円","1,050円",3,"正解は3です。上場株式の相続税評価額は、原則として死亡日の属する月の前月の毎日の最終価格の月平均額です。７月15日死亡なら前月６月の月平均額1,020円です。",2026年学科第57問（上場株式評価）をベースに、死亡月と価格だけ変更した演習です。,"死亡日が７月15日なので、前月６月の月平均額1,020円が１株当たりの評価額です。","1:960円は５月の月平均額です。死亡月の前月である６月の平均を用いるため、５月の960円ではなく６月の1,020円が評価額になります。前月を取り違えないこと。;2:1,010円は６月末日の最終価格です。上場株式は原則月平均額を用い、特定日の終値1,010円ではなく６月全体の平均1,020円が評価額です。終値と平均を区別します。;4:1,050円は死亡日の属する７月の月平均額です。評価は死亡月の前月までの平均を用い、死亡月７月の1,050円は使いません。前月６月の1,020円が正答です。",上場株式の相続評価＝死亡日の属する月の前月の月平均額。終値・死亡月の平均と混同しない。
13,single,金融資産運用,FP2級;学科;実践演習;四答択;source:2026-gakka-26-v4,2026-gakka-26,,"Ｖ社の株価が2,160円、１株当たり純資産（自己資本）が720円である場合、Ｖ社のＰＢＲ（株価純資産倍率）は、 （   ）である。",,,,,,2.0倍,3.0倍,3.5倍,4.0倍,2,"正解は2です。PBR＝株価÷１株当たり純資産です。2,160円÷720円＝3.0倍です。",2026年学科第26問のPBRを、株価と純資産だけ変更した直接計算の演習です。,"PBR＝2,160÷720＝3.0倍。株価を１株当たり純資産で割ります。","1:2.0倍は2,160÷1,080など、純資産を2倍に誤った場合の値です。純資産は720円なので、2,160÷720＝3.0倍が正しい計算になります。;3:3.5倍は720×3.5など、株価を純資産に掛けた誤りで生じやすい値です。PBRは株価を純資産で割る指標であり、掛け算ではなく割り算で3.0倍になります。;4:4.0倍はPERと混同して純利益で割った場合などに出やすい誤答です。PBRの分母は純資産720円であり、2,160÷720＝3.0倍です。純利益は使いません。",PBR＝株価÷BPS。PER（株価÷EPS）・ROE（EPS÷BPS）と分母が異なるので取り違えに注意。
14,single,相続・事業承継,FP2級;学科;実践演習;四答択;source:2026-gakka-58-v2,2026-gakka-58,,"借地権（定期借地権等を除く）の目的となっている宅地の相続税評価額は、その自用地としての価額が7,500万円、借地権割合が65％である場合、原則として、 （   ）となる。",,,,,,"2,250万円","2,625万円","4,875万円","7,500万円",2,"正解は2です。貸宅地（借地権の目的地）の評価額は、自用地価額×(1－借地権割合)です。7,500万円×35％＝2,625万円です。",学科の貸宅地評価をベースに、自用地価額と借地権割合だけ変更した演習です。,"7,500万円×(1－65％)＝2,625万円。借地権割合だけを控除し、借家権は使いません。","1:2,250万円は7,500万円×30％など、控除後の割合を誤った場合の値です。借地権割合65％なら残りは35％であり、7,500×0.35＝2,625万円が正しい評価額です。;3:4,875万円は7,500万円×65％など、借地権割合を掛けた誤りで生じやすい値です。評価額は自用地から借地権分を控除し、残り35％の2,625万円になります。;4:7,500万円は自用地のままの評価額で、借地権の目的地としての減額を反映していません。借地権割合65％を控除し、2,625万円が貸宅地の評価額です。",貸宅地＝自用地×(1－借地権割合)。貸家建付地の3割合公式と混同しないこと。
15,single,タックスプランニング,FP2級;学科;実践演習;四答択;source:2026-gakka-34-v1,2026-gakka-34,,Ｂさんの2025年分の所得税における医療費控除の控除額を計算する場合、総所得金額が500万円、医療費として実際に支払った金額が45万円、その補填として受け取った保険金が5万円であるとき、医療費控除額は、 （   ）である。なお、「特定一般用医薬品等購入費を支払った場合の医療費控除の特例」は考慮しない。,,,,,,10万円,15万円,20万円,25万円,2,"正解は2です。医療費控除額＝支払医療費－保険金等の補填－max(10万円, 総所得金額×5％)です。45万円－5万円－25万円（500万円×5％）＝15万円です。",2026年学科第34問をベースに、医療費控除額を直接計算する演習です。,補填後40万円から、総所得500万円の5％である25万円（10万円超）を差し引き、控除額15万円です。,1:10万円は最低限度額10万円だけを差し引いた誤りです。総所得500万円の場合は5％の25万円が限度となるため、控除額は15万円です。10万円固定ではありません。;3:20万円は保険金補填5万円を差し引かない誤りで生じやすい値です。補填分は支払医療費から控除し、45－5－25＝15万円と計算します。補填を忘れないこと。;4:25万円は限度額25万円そのもので、実際の控除額ではありません。補填後の医療費40万円から限度25万円を引き、控除額は15万円です。限度と控除額は別です。,"医療費控除＝支払－補填－max(10万, 総所得×5％)。限度額は総所得5％と10万円のいずれか大きい方。"
16,single,相続・事業承継,FP2級;学科;実践演習;四答択;source:2025-gakka-52-v1,2025-gakka-52,,Ｄさんが暦年課税により父から現金200万円の贈与を受けた場合の贈与税の課税価格は、 （   ）である。なお、相続時精算課税制度の適用は受けないものとする。,,,,,,70万円,90万円,110万円,200万円,2,正解は2です。暦年課税の課税価格＝贈与財産の価額－基礎控除110万円です。200万円－110万円＝90万円です。,学科の贈与税をベースに、贈与額だけ変更した課税価格の演習です。,200万円－110万円＝90万円。暦年課税の基礎控除は年110万円です。,1:70万円は贈与170万円と誤認した場合の値です。贈与額200万円から基礎控除110万円を引き、課税価格は90万円になります。贈与額を確認してください。;3:110万円は基礎控除額そのもので、課税価格ではありません。基礎控除110万円を超える部分が課税価格となり、本問は200万円－110万円＝90万円です。;4:200万円は贈与財産の価額そのもので、基礎控除を差し引いていません。暦年課税では110万円の基礎控除後の90万円が課税価格です。贈与額全額は課税価格ではありません。,"暦年課税の課税価格＝贈与額－110万円。相続税の基礎控除3,000万＋600万×人と混同しない。"
17,single,不動産,FP2級;学科;実践演習;四答択;source:2026-gakka-49-v1,2026-gakka-49,,"Ｅさんが所有する土地を譲渡した場合の譲渡所得の金額は、譲渡価額が5,500万円、取得費が2,200万円、譲渡のための費用が150万円であるとき、 （   ）となる。なお、特別控除等は考慮しないものとする。",,,,,,"2,150万円","2,550万円","3,150万円","5,500万円",2,"正解は2です。譲渡所得の金額＝譲渡価額－取得費－譲渡費用です。5,500万円－2,200万円－150万円＝2,550万円です。",学科の譲渡所得をベースに、金額だけ変更した直接計算の演習です。,"5,500－2,200－150＝2,550万円。特別控除適用前の譲渡所得の金額です。","1:2,150万円は譲渡費用150万円を差し引かない誤りで生じやすい値です。取得費と譲渡費用の両方を引き、5,500－2,200－150＝2,550万円が正答です。費用を忘れないこと。;3:3,150万円は5,500－2,200のみで費用を引かない、または取得費を誤った誤答です。譲渡価額から取得費2,200万円と費用150万円を引き、2,550万円になります。両方控除します。;4:5,500万円は譲渡価額そのもので、取得費・費用を差し引いていません。譲渡所得は譲渡価額から必要経費を控除し、2,550万円が所得の金額です。売却額全額ではありません。","譲渡所得の金額＝譲渡価額－取得費－譲渡費用。3,000万円特別控除等は別途適用。"
18,single,金融資産運用,FP2級;学科;実践演習;四答択;source:2025-gakka-28-v2,2025-gakka-28,,"Ｆさんのポートフォリオにおける各資産の構成比および期待収益率が下記のとおりである場合、当該ポートフォリオの期待収益率は、 （   ）である。

預金　40％　期待収益率0.1％
債券　20％　期待収益率2.0％
株式　40％　期待収益率5.0％",,,,,,1.84％,2.24％,2.44％,2.70％,3,正解は3です。0.1％×40％＋2.0％×20％＋5.0％×40％＝0.04％＋0.40％＋2.00％＝2.44％です。,2025年学科第28問の2問目の派生。構成比と収益率を変更した演習です。,0.1×0.4＋2.0×0.2＋5.0×0.4＝2.44％。各資産の加重平均です。,1:1.84％は構成比を誤った加重平均の結果です。40％・20％・40％で0.1％・2.0％・5.0％を掛け合わせ、合計2.44％になります。構成比を確認してください。;2:2.24％は株式の構成比を30％と誤った場合などに出やすい値です。株式は40％なので5.0％×40％＝2.00％を加算し、全体で2.44％です。40％で計算します。;4:2.70％は過去問の別数値（60％・10％・30％構成）の結果に近い誤答です。本問の構成比40・20・40で再計算すると2.44％が正しい期待収益率です。数値を流用しないこと。,ポートフォリオ期待収益率は構成比×収益率の合計。過去問の数値をそのまま選ばないこと。
19,single,タックスプランニング,FP2級;学科;実践演習;四答択;source:2026-gakka-16-v2,2026-gakka-16,,"給与所得者が18年間勤務した会社を退職し、退職金1,800万円の支給を受けた場合、所得税における退職所得の金額の計算上、退職所得控除額は（   ）となる。",,,,,,40万円×18年＝720万円,800万円＋40万円×(18年－20年)＝720万円,800万円＋70万円×(18年－20年)＝940万円,"70万円×18年＝1,260万円",1,正解は1です。勤続18年は20年以下なので、退職所得控除額＝40万円×勤続年数（最低80万円）です。40万円×18年＝720万円です。,学科の退職所得控除の2問目。20年以下の勤続年数に変更した演習です。,18年は20年以下。40万円×18年＝720万円。800万円＋70万円×(年－20)の式は使いません。,2:800万円＋40万円×(18－20)は20年超用の式を誤用した選択肢です。18年勤続は20年以下なので、40万円×18年＝720万円の公式を使います。年数で式を選びます。;3:800万円＋70万円×(18－20)は20年超の70万円式を誤用した誤答です。20年以下は40万円×年数（最低80万円）であり、18年なら720万円が控除額です。70万円式は使いません。;4:70万円×18年は退職所得控除の公式ではありません。20年以下は40万円×勤続年数で計算し、18年なら720万円になります。70万円は20年超の加算額です。,退職所得控除は20年以下と20年超で式が異なる。年数を見てから式を選ぶ。
20,single,相続・事業承継,FP2級;学科;実践演習;四答択;source:2026-gakka-55-v2,2026-gakka-55,,相続税における遺産に係る基礎控除額を計算する場合、法定相続人が配偶者1人と子1人のとき、遺産に係る基礎控除額は、 （   ）である。,,,,,,"3,600万円","4,200万円","4,800万円","5,400万円",2,"正解は2です。法定相続人は2人（配偶者1＋子1）なので、3,000万円＋600万円×2人＝4,200万円です。",2026年学科第55問の2問目。法定相続人2人の直接計算に整理した演習です。,"人数2人→3,000＋600×2＝4,200万円。配偶者と子1人で合計2人です。","1:3,600万円は法定相続人1人の場合の金額です。配偶者1人と子1人で2人なので、600万円×2を加算し4,200万円になります。人数を先に数えてください。;3:4,800万円は法定相続人3人の場合の金額です。本問は配偶者1＋子1の2人なので、3,000＋600×2＝4,200万円が基礎控除額です。3人ではありません。;4:5,400万円は4人を数えた場合の金額です。2人を先に確定し、3,000万円＋1,200万円＝4,200万円と計算してください。金額から人数を逆算しません。","基礎控除＝3,000万＋600万×人数。第1バッチの3人（4,800万）と人数を取り違えない。"
21,single,ライフプランニングと資金計画,FP2級;学科;実践演習;四答択;source:2025-gakka-10-v1,2025-gakka-10,,"下記の〈Ｇ社の貸借対照表〉に基づくＧ社の自己資本比率は、 （   ）である。なお、自己資本比率＝純資産÷総資産×100とする。

〈Ｇ社の貸借対照表〉（単位：百万円）
総資産　8,000
純資産　3,500
負債合計　4,500",,,,,,35.0％,43.8％,50.0％,80.0％,2,"正解は2です。自己資本比率＝3,500百万円÷8,000百万円×100＝43.75％です。表示上43.8％とします。",2025年学科第10問（財務分析）をベースに、自己資本比率を直接計算する演習です。,"3,500÷8,000×100＝43.75％。純資産を総資産で割り、百分率に直します。","1:35.0％は純資産2,800百万円÷8,000など、純資産を誤った場合の値です。純資産は3,500百万円なので、3,500÷8,000×100＝43.75％が正しい計算になります。;3:50.0％は負債4,500百万円÷9,000など、負債を総資産と誤って割った誤答です。自己資本比率の分母は総資産8,000百万円であり、純資産3,500百万円を割ります。;4:80.0％は過去問の別会社データの比率を流用した誤答で生じやすい値です。本問は総資産8,000・純資産3,500で再計算し、43.8％（43.75％）が正答です。",自己資本比率＝純資産÷総資産×100。流動比率など他の指標と分子・分母を取り違えない。
22,single,リスク管理,FP2級;学科;実践演習;四答択;source:2026-gakka-14-v1,2026-gakka-14,,2012年１月１日以後に締結した一般の生命保険契約について、2025年中に支払った一般の生命保険料が8万円である場合の、所得税における一般の生命保険料控除の控除額は、 （   ）である。なお、ほかの生命保険料控除は考慮しないものとする。,,,,,,2万円,3万円,4万円,8万円,3,"正解は3です。新制度の一般生命保険料控除は、支払保険料が4万円超8万円以下の場合、支払保険料×1/4＋2万円です。80,000円×1/4＋20,000円＝40,000円（4万円）です。",2026年学科第14問をベースに、新制度のみの生命保険料控除を直接計算する演習です。,8万円は4万円超8万円以下の段階。8万×1/4＋2万＝4万円が控除額です。,1:2万円は支払保険料の1/4だけを計算した誤りです。新制度一般生命は8万円ちょうどは1/4＋2万の段階で、控除額は4万円になります。1/4だけでは不足です。;2:3万円は6万円支払時の控除額など、別の保険料額の結果を流用した誤答です。本問は8万円支払なので、8万×1/4＋2万＝4万円が控除額です。支払額を確認してください。;4:8万円は支払保険料そのもので、控除額ではありません。生命保険料控除は式で算出し、8万円支払でも控除額は4万円が上限です。支払額と控除額は別です。,新制度一般生命：4万超8万以下は「支払×1/4＋2万」。8万超は4万円が上限。
23,single,金融資産運用,FP2級;学科;実践演習;四答択;source:2025-gakka-24-v2,2025-gakka-24,,表面利率（クーポンレート）3％、残存期間4年の固定利付債券を額面100円当たり101円で購入した場合の最終利回り（年率・単利）は、 （   ）である。なお、税金等は考慮しないものとし、計算結果は表示単位の小数点以下第３位を四捨五入している。,,,,,,2.50％,2.72％,3.00％,3.50％,2,正解は2です。{3％＋(100円－101円)÷4年}÷101円×100＝{3－0.25}÷101×100≒2.723％→小数点以下第3位四捨五入で2.72％です。,学科の債券最終利回りの2問目。プレミアム購入・4年残存に変更した演習です。,{3＋(100－101)÷4}÷101×100≒2.723％→2.72％。償還差損を期間で按分します。,1:2.50％は償還差損の按分を誤った場合に出やすい値です。プレミアム購入では(100－101)÷4＝－0.25を加算し、式どおり2.72％になります。;3:3.00％は表面利率そのもので、購入価格101円による償還差損を反映していません。最終利回りは購入価格101円を分母に計算し、プレミアム購入では表面利率より低くなります。;4:3.50％は償還差損を加算した誤りなど、符号を誤った場合に出やすい値です。101円購入は償還差損なのでマイナスを加算し、2.72％が正しい利回りです。,プレミアム購入（101円）では(100－101)がマイナス。最終利回りは表面利率より低下する。
24,single,金融資産運用,FP2級;学科;実践演習;四答択;source:2026-gakka-27-v2,2026-gakka-27,,"下記の〈条件〉で、円貨を米ドルに交換して米ドル建定期預金に10,000米ドルを預け入れ、満期時に元利金の米ドルを円貨に交換して受け取る場合における利回り（単利・年率）は、 （   ）である。なお、税金は考慮しないものとし、計算結果は表示単位の小数点以下第３位を四捨五入するものとする。

〈条件〉
・預入期間：１年
・預金金利：2.00％（年率）
・為替予約なし
・為替レート（米ドル／円）
　預入時…ＴＴＳ：143.00円　ＴＴＢ：142.00円
　満期時…ＴＴＳ：149.00円　ＴＴＢ：148.00円",,,,,,4.85％,5.58％,6.27％,7.45％,2,"正解は2です。預入時10,000×143.00＝143.00万円、満期時10,200×148.00＝150.96万円。利回り＝7.96万円÷143.00万円×100≒5.577％→5.58％です。",2026年学科第27問の2問目。為替レートと金利だけ変更した外貨預金の演習です。,143.00万円投下、150.96万円受取。差額7.96万÷143.00万×100≒5.58％。買いＴＴＳ・売りＴＴＢです。,1:4.85％は預入時にＴＴＢを用いた誤りや、金利のみを見積もった誤答です。円→ドルはＴＴＳ143.00円、ドル→円はＴＴＢ148.00円で計算し、5.58％になります。;3:6.27％は満期時にＴＴＳ149.00円を用いた誤りなど、為替の使い分けを誤った場合に近い値です。満期の円受取はＴＴＢ148.00円を用い、5.58％が正しい利回りです。;4:7.45％は為替差益だけを過大に見積もった誤答で生じやすい値です。金利2.00％分の米ドル増と為替変動の両方を含め、投下143.00万円で割ります。,外貨預金利回りは第2バッチと同型。為替は買いＴＴＳ・売りＴＴＢを毎回確認する。
25,single,不動産,FP2級;学科;実践演習;四答択;source:2026-gakka-49-v2,2026-gakka-49,,"Ｈさんが所有する土地を譲渡した場合の譲渡所得の金額は、譲渡価額が4,800万円、取得費が1,900万円、譲渡のための費用が120万円であるとき、 （   ）となる。なお、特別控除等は考慮しないものとする。",,,,,,"2,180万円","2,780万円","3,180万円","4,800万円",2,"正解は2です。4,800万円－1,900万円－120万円＝2,780万円です。",学科の譲渡所得の2問目。譲渡価額・取得費・費用だけ変更した演習です。,"4,800－1,900－120＝2,780万円。特別控除適用前の譲渡所得の金額です。","1:2,180万円は譲渡費用120万円を差し引かない誤りで生じやすい値です。取得費と譲渡費用の両方を引き、4,800－1,900－120＝2,780万円が正答です。費用を忘れないこと。;3:3,180万円は4,800－1,900のみで費用を引かない誤答です。譲渡価額から取得費1,900万円と費用120万円を引き、2,780万円になります。両方控除します。;4:4,800万円は譲渡価額そのもので、取得費・費用を差し引いていません。譲渡所得は譲渡価額から必要経費を控除し、2,780万円が所得の金額です。売却額全額ではありません。","譲渡所得＝譲渡価額－取得費－譲渡費用。第2バッチの2,550万円と数値を取り違えない。"
26,single,タックスプランニング,FP2級;学科;実践演習;四答択;source:2026-gakka-33-v1,2026-gakka-33,,Ｉさんの2025年分の所得税における総所得金額は、給与所得の金額が350万円、不動産所得の金額が50万円であるとき、 （   ）である。なお、ほかの所得はないものとする。,,,,,,300万円,350万円,400万円,450万円,3,正解は3です。総所得金額は各所得の金額を合計します。350万円＋50万円＝400万円です。,2026年学科第33問を、損失がない単純合計の演習に整理した問題です。,給与所得350万円＋不動産所得50万円＝400万円。損益通算が不要な場合は単純合計です。,1:300万円は350万円－50万円など、所得を差し引いた誤りです。不動産所得は総所得に加算するため、350＋50＝400万円が総所得金額です。差し引きではありません。;2:350万円は給与所得のみで、不動産所得50万円を加算していません。ほかの所得がない場合でも、不動産所得を合計し、400万円が総所得金額です。両方足します。;4:450万円は給与収入金額と混同した誤答で生じやすい値です。本問は所得の金額（給与所得350万円）を合計し、400万円になります。収入金額ではありません。,総所得金額は各所得の金額の合計。損失がある場合は損益通算が先（本問は不要）。
27,single,タックスプランニング,FP2級;学科;実践演習;四答択;source:2026-gakka-16-v3,2026-gakka-16,,"給与所得者が15年間勤務した会社を退職し、退職金2,200万円の支給を受けた場合、所得税における退職所得の金額の計算上、退職所得控除額は（   ）となる。",,,,,,40万円×15年＝600万円,800万円＋40万円×(15年－20年)＝600万円,800万円＋70万円×(15年－20年)＝600万円,"70万円×15年＝1,050万円",1,正解は1です。勤続15年は20年以下なので、退職所得控除額＝40万円×15年＝600万円です（最低80万円は超えます）。,学科の退職所得控除の3問目。15年勤続（20年以下）に変更した演習です。,15年は20年以下。40万円×15年＝600万円。800万円＋70万円×(年－20)の式は使いません。,2:800万円＋40万円×(15－20)は20年超用の式を誤用した選択肢です。15年勤続は20年以下なので、40万円×15年＝600万円の公式を使います。年数で式を選びます。;3:800万円＋70万円×(15－20)は20年超の70万円式を誤用した誤答です。20年以下は40万円×年数であり、15年なら600万円が控除額です。70万円式は使いません。;4:70万円×15年は退職所得控除の公式ではありません。20年以下は40万円×勤続年数で計算し、15年なら600万円になります。70万円は20年超の加算額です。,退職所得控除は20年以下と20年超で式が異なる。第2バッチの18年・22年と並べて整理する。
28,single,金融資産運用,FP2級;学科;実践演習;四答択;source:2025-gakka-28-v3,2025-gakka-28,,"Ｊさんのポートフォリオにおける各資産の構成比および期待収益率が下記のとおりである場合、当該ポートフォリオの期待収益率は、 （   ）である。

預金　55％　期待収益率0.1％
債券　15％　期待収益率1.5％
株式　30％　期待収益率6.0％",,,,,,1.84％,2.08％,2.26％,2.44％,2,正解は2です。0.1％×55％＋1.5％×15％＋6.0％×30％＝0.055％＋0.225％＋1.80％＝2.08％です。,2025年学科第28問の3問目。構成比と収益率を再変更した演習です。,0.1×0.55＋1.5×0.15＋6.0×0.30＝2.08％。各資産の加重平均です。,1:1.84％は構成比を誤った加重平均の結果です。55％・15％・30％で0.1％・1.5％・6.0％を掛け合わせ、合計2.08％になります。構成比を確認してください。;3:2.26％は過去問の別構成比（60・10・30）の結果に近い誤答です。本問は55・15・30で再計算すると2.08％が正しい期待収益率です。数値を流用しないこと。;4:2.44％は第2バッチの構成比（40・20・40）の結果です。本問の構成比で計算すると2.08％であり、2.44％は別の派生問題の正答です。再計算が必要です。,ポートフォリオ期待収益率は毎回構成比から計算。過去の派生正答をそのまま選ばない。
29,single,相続・事業承継,FP2級;学科;実践演習;四答択;source:2025-gakka-52-v2,2025-gakka-52,,Ｋさんが暦年課税により母から現金150万円の贈与を受けた場合の贈与税の課税価格は、 （   ）である。なお、相続時精算課税制度の適用は受けないものとする。,,,,,,40万円,50万円,110万円,150万円,1,正解は1です。課税価格＝150万円－基礎控除110万円＝40万円です。,学科の贈与税の2問目。贈与額150万円に変更した課税価格の演習です。,150万円－110万円＝40万円。暦年課税の基礎控除は年110万円です。,2:50万円は贈与170万円と誤認した場合の課税価格など、別の贈与額の結果です。贈与額150万円から基礎控除110万円を引き、課税価格は40万円になります。贈与額を確認してください。;3:110万円は基礎控除額そのもので、課税価格ではありません。基礎控除110万円を超える部分が課税価格となり、本問は150－110＝40万円です。控除額と課税価格は別です。;4:150万円は贈与財産の価額そのもので、基礎控除を差し引いていません。暦年課税では110万円の基礎控除後の40万円が課税価格です。贈与額全額は課税価格ではありません。,暦年課税の課税価格＝贈与額－110万円。第2バッチの200万円・90万円と贈与額を取り違えない。
30,single,相続・事業承継,FP2級;学科;実践演習;四答択;source:2026-gakka-58-v3,2026-gakka-58,,"貸家建付地の相続税評価額は、その自用地としての価額が8,000万円、借地権割合が50％、借家権割合が40％、賃貸割合が100％である場合、 （   ）となる。",,,,,,"4,800万円","5,600万円","6,400万円","8,000万円",3,"正解は3です。8,000万円×(1－50％×40％×100％)＝8,000万円×80％＝6,400万円です。",学科の貸家建付地の3問目。借地権・借家権割合だけ変更した演習です。,"8,000×(1－0.5×0.4×1)＝6,400万円。3つの割合を掛けて控除率20％です。","1:4,800万円は8,000万円×60％など、借地権割合だけを控除した誤りです。貸家建付地では借家権割合と賃貸割合も掛け合わせ、0.5×0.4×1＝20％を控除します。3つ掛け算です。;2:5,600万円は別の割合を混同した誤答で生じやすい値です。本問は自用地8,000万円に80％を掛け、6,400万円が評価額になります。過去問の数値を流用しないこと。;4:8,000万円は自用地のままの評価額で、貸家建付地としての減額を反映していません。借地権50％・借家権40％を掛け合わせ控除し、6,400万円が正しい評価額です。自用地価額のままではありません。",貸家建付地＝自用地×(1－借地権×借家権×賃貸割合)。第1バッチの82％控除と割合を取り違えない。
31,single,ライフプランニングと資金計画,FP2級;学科;実践演習;四答択;source:2025-gakka-10-v2,2025-gakka-10,,"下記の〈Ｈ社の貸借対照表〉に基づくＨ社の流動比率は、 （   ）である。なお、流動比率＝流動資産÷流動負債×100とする。

〈Ｈ社の貸借対照表〉（単位：百万円）
流動資産　7,200
固定資産　4,800
流動負債　　900
固定負債　1,600
純資産　　8,500",,,,,,600％,700％,800％,900％,3,"正解は3です。流動比率＝7,200百万円÷900百万円×100＝800％です。",2025年学科第10問（財務分析）をベースに、流動比率を直接計算する演習です。,"7,200÷900×100＝800％。流動資産を流動負債で割り、百分率に直します。","1:600％は流動資産5,400百万円÷900など、流動資産を誤った場合の値です。流動資産は7,200百万円なので、7,200÷900×100＝800％が正しい計算になります。;2:700％は固定資産を流動負債で割った誤りなど、資産区分を取り違えた場合に近い値です。流動比率の分子は流動資産のみであり、7,200÷900＝800％です。固定資産は含めません。;4:900％は7,200÷800など、流動負債を小さくした誤計算で生じやすい値です。流動負債は900百万円なので、7,200÷900×100＝800％が正答です。負債額を確認してください。",流動比率＝流動資産÷流動負債×100。自己資本比率・固定長期適合率と分子・分母を取り違えない。
32,single,ライフプランニングと資金計画,FP2級;学科;実践演習;四答択;source:2025-gakka-10-v3,2025-gakka-10,,"下記の〈Ｉ社の貸借対照表〉に基づくＩ社の固定長期適合率は、 （   ）である。なお、固定長期適合率＝（純資産＋固定負債）÷固定資産×100とする。

〈Ｉ社の貸借対照表〉（単位：百万円）
固定資産　4,000
流動負債　　600
固定負債　　800
純資産　　3,200",,,,,,80％,90％,100％,120％,3,"正解は3です。（3,200＋800）百万円÷4,000百万円×100＝100％です。",学科第10問をベースに、固定長期適合率を直接計算する演習です。,"（3,200＋800）÷4,000×100＝100％。純資産と固定負債の合計を固定資産で割ります。","1:80％は純資産3,200百万円÷4,000など、固定負債を加算しない誤りです。固定長期適合率は純資産に固定負債800百万円を足し、4,000百万円で割ります。;2:90％は（3,200＋600）÷4,000など、流動負債を誤って加算した誤答です。加算するのは固定負債800百万円であり、流動負債600百万円は使いません。;4:120％は固定資産を3,333百万円と誤った場合などに出やすい値です。固定資産4,000百万円を分母に（3,200＋800）÷4,000×100＝100％が正答です。",固定長期適合率＝（純資産＋固定負債）÷固定資産×100。流動負債は分子に含めない。
33,single,ライフプランニングと資金計画,FP2級;学科;実践演習;四答択;source:2025-gakka-01-v2,2025-gakka-01,,"Ｌさんの可処分所得（年間）の金額は、下記の〈資料〉によれば、 （   ）である。

〈資料〉Ｌさんの年間収入等
給与収入　　： 720万円（給与所得 ： 520万円）
所得税・住民税 ：  55万円
社会保険料　 ：  88万円
生命保険料　 ：  10万円",,,,,,557万円,627万円,690万円,720万円,2,正解は2です。可処分所得＝給与収入－所得税・住民税－社会保険料です。720万円－55万円－88万円＝627万円。生命保険料10万円は差し引きません。,学科の可処分所得をベースに、収入・控除額だけ変更した第2の演習です。,720－55－88＝627万円。給与所得520万円や生命保険料10万円はこの式に含めません。,1:557万円は生命保険料まで差し引いた値など、家計支出を控除に含めた誤りです。可処分所得は税と社会保険料のみを給与収入から引き、保険料は控除項目ではありません。;3:690万円は給与所得520万円をベースにした誤計算で生じやすい値です。本問は給与収入720万円から税55万円と社保88万円を引き、627万円になります。給与所得額は使いません。;4:720万円は給与収入そのもので、税・社会保険料を差し引いていません。所得税・住民税55万円と社会保険料88万円の両方を引く必要があり、627万円が正答です。収入全額ではありません。,可処分所得＝給与収入－所得税・住民税－社会保険料。第6問（690万円）と数値を取り違えない。
34,single,リスク管理,FP2級;学科;実践演習;四答択;source:2026-gakka-14-v2,2026-gakka-14,,2012年１月１日以後に締結した個人年金保険契約について、2025年中に支払った個人年金保険料が24万円である場合の、所得税における個人年金保険料控除の控除額は、 （   ）である。なお、ほかの生命保険料控除は考慮しないものとする。,,,,,,12万円,15万円,18万円,24万円,3,"正解は3です。新制度の個人年金保険料控除は、支払保険料が12万円超32万円以下の場合、支払保険料×1/2＋6万円です。240,000円×1/2＋60,000円＝180,000円（18万円）です。",2026年学科第14問をベースに、個人年金保険料控除を直接計算する演習です。,24万円は12万円超32万円以下の段階。24万×1/2＋6万＝18万円が控除額です。,1:12万円は支払保険料の1/2だけを計算した誤りです。新制度個人年金は24万円ちょうどは1/2＋6万の段階で、控除額は18万円になります。1/2だけでは不足です。;2:15万円は18万円支払時の控除額など、別の保険料額の結果を流用した誤答です。本問は24万円支払なので、24万×1/2＋6万＝18万円が控除額です。支払額を確認してください。;4:24万円は支払保険料そのもので、控除額ではありません。個人年金保険料控除は式で算出し、24万円支払でも控除額は22万円が上限です。支払額全額を控除額と混同しないこと。,新制度個人年金：12万超32万以下は「支払×1/2＋6万」。32万超は22万円が上限。
35,single,リスク管理,FP2級;学科;実践演習;四答択;source:2026-gakka-14-v3,2026-gakka-14,,2012年１月１日以後に締結した介護医療保険契約について、2025年中に支払った介護医療保険料が6万円である場合の、所得税における介護医療保険料控除の控除額は、 （   ）である。なお、ほかの生命保険料控除は考慮しないものとする。,,,,,,3万円,4万円,5万円,6万円,3,"正解は3です。新制度の介護医療保険料控除は、支払保険料が4万円超8万円以下の場合、支払保険料×1/2＋2万円です。60,000円×1/2＋20,000円＝50,000円（5万円）です。",学科第14問をベースに、介護医療保険料控除を直接計算する演習です。,6万円は4万円超8万円以下の段階。6万×1/2＋2万＝5万円が控除額です。,1:3万円は支払保険料の1/2だけを計算した誤りです。介護医療は6万円ちょうどは1/2＋2万の段階で、控除額は5万円になります。1/2だけでは不足です。;2:4万円は一般生命保険料8万円支払時の控除額など、別制度の結果を流用した誤答です。介護医療保険料6万円は6万×1/2＋2万＝5万円が控除額です。制度ごとの式を確認してください。;4:6万円は支払保険料そのもので、控除額ではありません。介護医療保険料控除は式で算出し、6万円支払でも控除額は5万円です。支払額全額を控除額と混同しないこと。,新制度介護医療：4万超8万以下は「支払×1/2＋2万」。8万超は6万円が上限。
36,single,リスク管理,FP2級;学科;実践演習;四答択;source:2026-gakka-14-v4,2026-gakka-14,,"2025年中に支払った生命保険料が下記のとおりである場合、所得税における生命保険料控除の控除額の合計は、 （   ）である。なお、旧制度は2011年12月31日以前に締結した契約等に基づく控除、新制度は2012年１月１日以後に締結した契約等に基づく控除とする。

旧制度の一般生命保険料　10万円
新制度の個人年金保険料　10万円",,,,,,10万円,12万円,17万円,20万円,2,正解は2です。旧制度一般生命10万円の控除額は10万×1/2＋2.5万＝7.5万円、新制度個人年金10万円の控除額は10万円（12万円以下は全額）です。合計17.5万円ですが、生命保険料控除の控除限度額は12万円なので、控除額の合計は12万円です。,学科第14問をベースに、旧制度と新制度の合算と12万円上限を問う演習です。,旧7.5万円＋新10万円＝17.5万円だが、合計の上限は12万円。控除額の合計は12万円です。,1:10万円は新制度個人年金10万円だけを採用した誤りです。旧制度一般生命の控除7.5万円も合算し、上限12万円の範囲で12万円が控除額の合計になります。;3:17万円は上限を適用しない合算結果です。旧7.5万円と新10万円の合計17.5万円は、上限12万円を超えるため控除額の合計は12万円です。上限適用を忘れないこと。;4:20万円は支払保険料の合計など、控除額と混同した誤答で生じやすい値です。控除額は各式で算出し、合計12万円が上限です。支払保険料の合計20万円をそのまま控除額としないこと。,生命保険料控除の合計上限は12万円。各制度の控除額を算出したうえで上限を適用する。
37,single,金融資産運用,FP2級;学科;実践演習;四答択;source:2026-gakka-26-v5,2026-gakka-26,,"Ｍ社の株価が1,920円、１株当たり純利益が64円である場合、Ｍ社のＰＥＲ（株価収益率）は、 （   ）である。",,,,,,24倍,28倍,30倍,32倍,3,"正解は3です。PER＝株価÷１株当たり純利益です。1,920円÷64円＝30倍です。",2026年学科第26問をベースに、PERを直接計算する第2の演習です。,"PER＝1,920÷64＝30倍。株価を１株当たり純利益で割ります。","1:24倍は1,920÷80など、純利益を誤った場合の誤答です。本問の純利益は64円なので、1,920円÷64円＝30倍が正しいPERの計算になります。純利益の数値を確認してください。;2:28倍は1,792÷64など、株価を誤って小さくした場合に近い値です。株価1,920円・純利益64円をそのまま割ると30倍であり、28倍にはなりません。;4:32倍は64×30の逆算を株価に足した誤りなど、掛け算と割り算を混同した誤答です。PERは株価を純利益で割る指標であり、1,920÷64＝30倍です。",PER＝株価÷EPS。第2問（30倍・80円）と株価・純利益の組合せを取り違えない。
38,single,不動産,FP2級;学科;実践演習;四答択;source:2026-gakka-50-v1,2026-gakka-50,,"Ｎさんが5,000万円で購入した賃貸マンションの年間賃料収入が300万円である場合、当該不動産の表面利回り（年率）は、 （   ）である。なお、管理費等の経費は考慮しないものとする。",,,,,,4.0％,5.0％,6.0％,7.0％,3,"正解は3です。表面利回り＝年間賃料収入÷購入価格×100です。300万円÷5,000万円×100＝6.0％です。",学科の不動産利回りをベースに、表面利回りを直接計算する演習です。,"300÷5,000×100＝6.0％。購入価格を分母に年間賃料収入を割ります。","1:4.0％は200万円÷5,000万円など、年間賃料収入を誤った場合の値です。年間賃料収入は300万円なので、300÷5,000×100＝6.0％が正しい表面利回りの計算になります。;2:5.0％は250万円÷5,000万円など、賃料を小さく取った誤答です。購入価格5,000万円に対する賃料300万円なので、表面利回りは6.0％です。;4:7.0％は350万円÷5,000万円など、賃料を大きく取った誤答で生じやすい値です。経費を考慮しない表面利回りは300万円÷5,000万円×100＝6.0％です。",表面利回り＝年間賃料÷購入価格×100。純利回り（NOI）は経費控除後の賃料を使う。
39,single,不動産,FP2級;学科;実践演習;四答択;source:2026-gakka-46-v1,2026-gakka-46,,敷地面積400㎡の土地に、建築面積180㎡の建築物を建築する場合の建ぺい率は、 （   ）である。なお、建ぺい率＝建築面積÷敷地面積×100とする。,,,,,,36％,40％,45％,50％,3,正解は3です。建ぺい率＝180㎡÷400㎡×100＝45％です。,学科の建築基準法をベースに、建ぺい率を直接計算する演習です。,180÷400×100＝45％。建築面積を敷地面積で割り、百分率に直します。,1:36％は144㎡÷400㎡など、建築面積を誤った場合の値です。建築面積は180㎡なので、180㎡÷400㎡×100＝45％が正しい建ぺい率の計算になります。;2:40％は160㎡÷400㎡など、建築面積を小さく取った誤答です。敷地面積400㎡に対する建築面積180㎡なので、建ぺい率は45％です。面積を再確認してください。;4:50％は200㎡÷400㎡など、建築面積を大きく取った誤答で生じやすい値です。建築面積180㎡÷敷地面積400㎡×100＝45％が正答です。延床面積ではありません。,建ぺい率＝建築面積÷敷地面積×100。容積率は延床面積÷敷地面積で分子が異なる。
40,single,相続・事業承継,FP2級;学科;実践演習;四答択;source:2026-gakka-55-v4,2026-gakka-55,,"相続税における遺産に係る基礎控除額を計算する場合、法定相続人が配偶者1人と子3人のとき、遺産に係る基礎控除額は、 （   ）である。なお、基礎控除額＝3,000万円＋600万円×法定相続人の数とする。",,,,,,"4,200万円","4,800万円","5,400万円","6,000万円",3,"正解は3です。法定相続人は配偶者1人と子3人で計4人です。3,000万円＋600万円×4人＝5,400万円です。",学科の遺産基礎控除をベースに、法定相続人4人の演習です。,"法定相続人4人（配偶者1＋子3）。3,000＋600×4＝5,400万円です。","1:4,200万円は配偶者1人と子1人（法定相続人2人）の基礎控除額です。本問は子が3人なので法定相続人は4人であり、3,000万円＋600万円×4＝5,400万円が正答です。;2:4,800万円は配偶者1人と子2人（法定相続人3人）の基礎控除額です。子3人なら法定相続人は4人です。3,000万円＋600万円×4人＝5,400万円と計算してください。;4:6,000万円は法定相続人5人の場合の基礎控除額です。配偶者1人と子3人は4人なので、3,000＋600×4＝5,400万円が正しい基礎控除額です。","遺産基礎控除＝3,000万＋600万×法定相続人の数。第10問（3人）・第20問（2人）と人数を取り違えない。"
41,single,タックスプランニング,FP2級;学科;実践演習;四答択;source:2026-gakka-32-v2,2026-gakka-32,,所得税における一時所得に係る総収入金額が260万円で、その収入を得るために支出した金額が60万円である場合、一時所得の金額は（ ① ）となり、そのうち総所得金額に算入される金額は（ ② ）となる。,,,,,,① 150万円   ②  75万円,① 200万円   ② 100万円,① 200万円   ② 200万円,① 210万円   ② 105万円,1,正解は1です。一時所得の金額＝260万円－60万円－特別控除50万円＝150万円。総所得金額への算入はその2分の1なので、75万円です。,学科の一時所得をベースに、収入・支出だけ変更した第2の演習です。,一時所得＝260－60－50＝150万円。総所得算入は半額の75万円です。,2:①200万円②100万円は特別控除50万円を差し引かない誤りです。一時所得は必ず50万円控除後の金額を半分だけ総所得に算入するため、150万円・75万円が正答です。;3:①200万円②200万円は2分の1の算入を忘れた誤りです。一時所得の金額150万円のうち、総所得に入るのは半分の75万円であり、全額は算入されません。半分だけ算入します。;4:①210万円②105万円は支出60万円を差し引かない誤りで生じやすい値です。収入を得るための支出は必ず差し引いてから50万円控除を適用し、150万円・75万円と計算します。,一時所得は「収入－支出－50万円」。総所得への算入はその半分。第4問（170万・85万）と数値を取り違えない。
42,single,タックスプランニング,FP2級;学科;実践演習;四答択;source:2026-gakka-33-v2,2026-gakka-33,,Ｏさんの2025年分の所得税における総所得金額は、不動産所得の金額が90万円、事業所得の金額が▲55万円（飲食店の経営により生じた損失）であるとき、 （   ）である。なお、ほかの所得はないものとする。,,,,,,35万円,45万円,90万円,145万円,1,正解は1です。事業所得の損失55万円は不動産所得と損益通算できます。90万円－55万円＝35万円が総所得金額です。,2026年学科第33問をベースに、損益通算だけを問う演習に整理した問題です。,不動産90万円から事業損失55万円を差し引き、35万円が総所得金額です。,2:45万円は不動産90万円－事業損失45万円など、損失額を誤った場合の値です。事業損失は55万円なので、90－55＝35万円が正しい総所得金額になります。損失額を確認してください。;3:90万円は不動産所得のみで、事業損失55万円の損益通算を行っていません。事業所得の損失は不動産所得と通算し、90－55＝35万円が総所得金額です。両方を反映します。;4:145万円は90万円＋55万円など、損失を加算した誤りで生じやすい値です。事業損失は不動産所得から差し引くため、90－55＝35万円です。損失を足し算しません。,事業所得の損失は不動産所得と損益通算。第26問（単純合計400万）と損益通算の要否を見分ける。
43,single,ライフプランニングと資金計画,FP2級;学科;実践演習;四答択;source:2025-gakka-10-v4,2025-gakka-10,,"下記の〈Ｐ社の貸借対照表〉および当期純利益に基づくＰ社の自己資本当期純利益率は、 （   ）である。なお、自己資本当期純利益率＝当期純利益÷純資産×100とする。

〈Ｐ社の貸借対照表〉（単位：百万円）
総資産　12,000
純資産　　9,600
当期純利益　480",,,,,,4.0％,5.0％,6.0％,8.0％,2,"正解は2です。自己資本当期純利益率＝480百万円÷9,600百万円×100＝5.0％です。",学科第10問をベースに、自己資本当期純利益率を直接計算する演習です。,"480÷9,600×100＝5.0％。当期純利益を純資産で割り、百分率に直します。","1:4.0％は480÷12,000など、総資産を分母にした誤りです。自己資本当期純利益率の分母は純資産9,600百万円であり、480÷9,600×100＝5.0％です。総資産は使いません。;3:6.0％は576÷9,600など、当期純利益を誤った場合の値です。当期純利益は480百万円なので、480÷9,600×100＝5.0％が正しい計算になります。;4:8.0％は768÷9,600など、当期純利益を大きく取った誤答で生じやすい値です。純資産9,600百万円に対する当期純利益480百万円なので、自己資本当期純利益率は5.0％です。",自己資本当期純利益率＝当期純利益÷純資産×100。自己資本比率（純資産÷総資産）と分母が異なる。
44,single,ライフプランニングと資金計画,FP2級;学科;実践演習;四答択;source:2025-gakka-10-v5,2025-gakka-10,,"下記の〈Ｑ社の貸借対照表〉に基づくＱ社の自己資本比率は、 （   ）である。なお、自己資本比率＝純資産÷総資産×100とする。

〈Ｑ社の貸借対照表〉（単位：百万円）
総資産　12,000
純資産　　5,400",,,,,,36.0％,40.0％,45.0％,50.0％,3,"正解は3です。自己資本比率＝5,400百万円÷12,000百万円×100＝45.0％です。",学科第10問をベースに、自己資本比率を直接計算する第2の演習です。,"5,400÷12,000×100＝45.0％。純資産を総資産で割り、百分率に直します。","1:36.0％は4,320÷12,000など、純資産を誤った場合の値です。純資産は5,400百万円なので、5,400÷12,000×100＝45.0％が正しい計算になります。;2:40.0％は4,800÷12,000など、純資産を小さく取った誤答です。本問の純資産5,400百万円を総資産12,000百万円で割ると45.0％になります。数値を確認してください。;4:50.0％は6,000÷12,000など、純資産を大きく取った誤答で生じやすい値です。自己資本比率は純資産5,400百万円÷総資産12,000百万円×100＝45.0％です。第21問（43.8％）と取り違えないこと。",自己資本比率＝純資産÷総資産×100。第21問のＧ社データと数値を流用しない。
45,single,金融資産運用,FP2級;学科;実践演習;四答択;source:2026-gakka-26-v6,2026-gakka-26,,"Ｓ社の１株当たり純利益が84円、１株当たり純資産（自己資本）が1,050円である場合、Ｓ社のＲＯＥは、 （   ）である。",,,,,,6％,8％,10％,12％,2,"正解は2です。ROE＝１株当たり純利益÷１株当たり純資産×100です。84円÷1,050円×100＝8％です。",2026年学科第26問のROEをベースに、純利益と純資産だけ変更した第3の演習です。,"ROE＝84÷1,050×100＝8％。分子は純利益、分母は自己資本（純資産）です。","1:6％は84÷1,400×100など、純資産を大きく取った誤計算で生じやすい値です。本問の純資産は1,050円なので、84÷1,050×100＝8％が正しい計算になります。;3:10％は純利益を105円と誤認した場合の値です。純利益84円・純資産1,050円を用いると8％となり、10％にはなりません。純利益の数値を確認してください。;4:12％は84÷700×100など、分母の純資産を小さくした誤りで出やすい値です。自己資本1,050円を分母に割るとROEは8％になります。株価ではなく純資産を使います。","ROE＝純利益÷純資産×100。第3問（96円・1,200円・8％）と数値を取り違えない。"
46,single,金融資産運用,FP2級;学科;実践演習;四答択;source:2025-gakka-24-v4,2025-gakka-24,,表面利率（クーポンレート）2％、残存期間3年の固定利付債券を額面100円当たり97円で購入した場合の最終利回り（年率・単利）は、 （   ）である。なお、税金等は考慮しないものとし、計算結果は表示単位の小数点以下第３位を四捨五入している。,,,,,,2.75％,3.09％,3.50％,4.00％,2,正解は2です。{2％＋(100円－97円)÷3年}÷97円×100＝{2＋1}÷97×100≒3.093％→小数点以下第3位四捨五入で3.09％です。,学科の債券最終利回りの4問目。ディスカウント購入・3年残存に変更した演習です。,{2＋(100－97)÷3}÷97×100≒3.093％→3.09％。償還差益を期間で按分します。,1:2.75％は償還差益の按分を誤った場合に出やすい値です。ディスカウント購入では(100－97)÷3＝1を加算し、式どおり3.09％になります。符号と按分を確認してください。;3:3.50％は表面利率2％に償還差益3円をそのまま加算した誤りなどに近い値です。償還差益は残存3年で按分し、{2＋1}÷97×100≒3.09％が正しい利回りです。;4:4.00％は(100－97)÷97×100など、クーポンを省いた誤計算で生じやすい値です。表面利率2％と償還差益の按分の両方を含め、3.09％が最終利回りです。,ディスカウント購入（97円）では(100－97)がプラス。最終利回りは表面利率より上昇する。
47,single,金融資産運用,FP2級;学科;実践演習;四答択;source:2025-gakka-28-v4,2025-gakka-28,,"Ｔさんのポートフォリオにおける各資産の構成比および期待収益率が下記のとおりである場合、当該ポートフォリオの期待収益率は、 （   ）である。

預金　40％　期待収益率0.1％
債券　30％　期待収益率2.0％
株式　30％　期待収益率7.0％",,,,,,2.44％,2.59％,2.74％,3.00％,3,正解は3です。0.1％×40％＋2.0％×30％＋7.0％×30％＝0.04％＋0.60％＋2.10％＝2.74％です。,2025年学科第28問の4問目。構成比と収益率を再変更した演習です。,0.1×0.4＋2.0×0.3＋7.0×0.3＝2.74％。各資産の加重平均です。,1:2.44％は第2バッチの構成比（40・20・40）の結果です。本問は40・30・30で再計算すると2.74％が正しい期待収益率です。過去の派生正答を流用しないこと。;2:2.59％は構成比を誤った加重平均の結果です。40％・30％・30％で0.1％・2.0％・7.0％を掛け合わせ、合計2.74％になります。構成比を確認してください。;4:3.00％は単純平均（0.1＋2.0＋7.0）÷3など、構成比を無視した計算で生じやすい誤答です。本問は40％・30％・30％で加重するため、2.74％が正答です。単純平均ではありません。,ポートフォリオ期待収益率は毎回構成比から計算。第18問（2.44％）と構成比を取り違えない。
48,single,リスク管理,FP2級;学科;実践演習;四答択;source:2026-gakka-14-v5,2026-gakka-14,,2012年１月１日以後に締結した一般の生命保険契約について、2025年中に支払った一般の生命保険料が6万円である場合の、所得税における一般の生命保険料控除の控除額は、 （   ）である。なお、ほかの生命保険料控除は考慮しないものとする。,,,,,,2.5万円,3.0万円,3.5万円,6.0万円,3,"正解は3です。新制度の一般生命保険料控除は、支払保険料が4万円超8万円以下の場合、支払保険料×1/4＋2万円です。60,000円×1/4＋20,000円＝35,000円（3.5万円）です。",学科第14問をベースに、一般生命保険料控除（6万円支払）の演習です。,6万円は4万円超8万円以下の段階。6万×1/4＋2万＝3.5万円が控除額です。,1:2.5万円は5万円以下の段階（全額控除）など、別の保険料額の結果です。6万円支払は4万円超8万円以下なので、6万×1/4＋2万＝3.5万円が控除額になります。;2:3.0万円は6万×1/2など、介護医療保険の式を誤用した誤答です。一般生命保険は6万円支払で1/4＋2万の段階であり、3.5万円が控除額です。制度ごとの式を確認してください。;4:6.0万円は支払保険料そのもので、控除額ではありません。一般生命保険料控除は式で算出し、6万円支払でも控除額は3.5万円です。支払額全額を控除額と混同しないこと。,新制度一般生命：4万超8万以下は「支払×1/4＋2万」。第22問（8万円・4万円）と支払額を取り違えない。
49,single,不動産,FP2級;学科;実践演習;四答択;source:2026-gakka-49-v3,2026-gakka-49,,"Ｕさんが所有する土地を譲渡した場合の譲渡所得の金額は、譲渡価額が5,500万円、取得費が2,300万円、譲渡のための費用が150万円であるとき、 （   ）となる。なお、特別控除等は考慮しないものとする。",,,,,,"2,250万円","2,550万円","2,800万円","5,500万円",2,"正解は2です。5,500万円－2,300万円－150万円＝2,550万円です。",学科の譲渡所得の3問目。譲渡価額・取得費・費用だけ変更した演習です。,"5,500－2,300－150＝2,550万円。特別控除適用前の譲渡所得の金額です。","1:2,250万円は譲渡費用150万円を差し引かない誤りで生じやすい値です。取得費と譲渡費用の両方を引き、5,500－2,300－150＝2,550万円が正答です。費用を忘れないこと。;3:2,800万円は5,500－2,300のみで費用を引かない誤答です。譲渡価額から取得費2,300万円と費用150万円を引き、2,550万円になります。両方控除します。;4:5,500万円は譲渡価額そのもので、取得費・費用を差し引いていません。譲渡所得は譲渡価額から必要経費を控除し、2,550万円が所得の金額です。売却額全額ではありません。","譲渡所得＝譲渡価額－取得費－譲渡費用。第17問（2,550万円）と同額だが前提数値が異なるので式で確認する。"
50,single,相続・事業承継,FP2級;学科;実践演習;四答択;source:2026-gakka-58-v4,2026-gakka-58,,"借地権（定期借地権等を除く）の目的となっている宅地の相続税評価額は、その自用地としての価額が6,500万円、借地権割合が55％である場合、原則として、 （   ）となる。",,,,,,"1,950万円","2,925万円","3,575万円","6,500万円",2,"正解は2です。貸宅地の評価額は、自用地価額×(1－借地権割合)です。6,500万円×45％＝2,925万円です。",学科の貸宅地評価をベースに、自用地価額と借地権割合だけ変更した第2の演習です。,"6,500万円×(1－55％)＝2,925万円。借地権割合だけを控除し、借家権は使いません。","1:1,950万円は6,500万円×30％など、控除後の割合を誤った場合の値です。借地権割合55％なら残りは45％であり、6,500×0.45＝2,925万円が正しい評価額です。;3:3,575万円は6,500万円×55％など、借地権割合を掛けた誤りで生じやすい値です。評価額は自用地から借地権分を控除し、残り45％の2,925万円になります。割合の掛け方に注意してください。;4:6,500万円は自用地のままの評価額で、借地権の目的地としての減額を反映していません。借地権割合55％を控除し、2,925万円が貸宅地の評価額です。第14問（2,625万円）と数値を取り違えないこと。",貸宅地＝自用地×(1－借地権割合)。貸家建付地の3割合公式と混同しないこと。
51,single,相続・事業承継,FP2級;学科;実践演習;四答択;source:2025-gakka-52-v3,2025-gakka-52,,Ｖさんが暦年課税により兄から現金170万円の贈与を受けた場合の贈与税の課税価格は、 （   ）である。なお、相続時精算課税制度の適用は受けないものとする。,,,,,,50万円,60万円,110万円,170万円,2,正解は2です。課税価格＝170万円－基礎控除110万円＝60万円です。,学科の贈与税をベースに、贈与額170万円に変更した課税価格の演習です。,170万円－110万円＝60万円。暦年課税の基礎控除は年110万円です。,1:50万円は贈与160万円と誤認した場合の課税価格など、別の贈与額の結果です。贈与額170万円から基礎控除110万円を引き、課税価格は60万円になります。贈与額を確認してください。;3:110万円は基礎控除額そのもので、課税価格ではありません。基礎控除110万円を超える部分が課税価格となり、本問は170－110＝60万円です。控除額と課税価格は別です。;4:170万円は贈与財産の価額そのもので、基礎控除を差し引いていません。暦年課税では110万円の基礎控除後の60万円が課税価格です。贈与額全額は課税価格ではありません。,暦年課税の課税価格＝贈与額－110万円。第16問（90万円）・第29問（40万円）と贈与額を取り違えない。
52,single,相続・事業承継,FP2級;学科;実践演習;四答択;source:2026-gakka-55-v5,2026-gakka-55,,"相続税における遺産に係る基礎控除額を計算する場合、法定相続人が配偶者1人と子4人のとき、遺産に係る基礎控除額は、 （   ）である。なお、基礎控除額＝3,000万円＋600万円×法定相続人の数とする。",,,,,,"4,800万円","5,400万円","6,000万円","6,600万円",3,"正解は3です。法定相続人は配偶者1人と子4人で計5人です。3,000万円＋600万円×5人＝6,000万円です。",学科の遺産基礎控除をベースに、法定相続人5人の演習です。,"法定相続人5人（配偶者1＋子4）。3,000＋600×5＝6,000万円です。","1:4,800万円は法定相続人3人の場合の基礎控除額です。配偶者1人と子4人は5人なので、3,000＋600×5＝6,000万円が正しい基礎控除額になります。;2:5,400万円は法定相続人4人の場合の基礎控除額です。子4人なら配偶者と合わせて5人です。3,000＋600×5＝6,000万円と計算してください。;4:6,600万円は法定相続人6人の場合の基礎控除額です。配偶者1人と子4人は5人なので、3,000＋600×5＝6,000万円が正しい基礎控除額です。","遺産基礎控除＝3,000万＋600万×人数。第40問（4人・5,400万）と人数を取り違えない。"
53,single,相続・事業承継,FP2級;学科;実践演習;四答択;source:2026-gakka-58-v5,2026-gakka-58,,"貸家建付地の相続税評価額は、その自用地としての価額が6,000万円、借地権割合が50％、借家権割合が35％、賃貸割合が100％である場合、 （   ）となる。",,,,,,"3,900万円","4,500万円","4,950万円","6,000万円",3,"正解は3です。6,000万円×(1－50％×35％×100％)＝6,000万円×82.5％＝4,950万円です。",学科の貸家建付地の4問目。借地権・借家権割合だけ変更した演習です。,"6,000×(1－0.5×0.35×1)＝4,950万円。3つの割合を掛けて控除率17.5％です。","1:3,900万円は6,000万円×65％など、借地権割合だけを控除した誤りです。貸家建付地では借家権割合と賃貸割合も掛け合わせ、0.5×0.35×1＝17.5％を控除します。3つ掛け算です。;2:4,500万円は6,000万円×75％など、別の割合を混同した誤答で生じやすい値です。本問は自用地6,000万円に82.5％を掛け、4,950万円が評価額になります。過去問の数値を流用しないこと。;4:6,000万円は自用地のままの評価額で、貸家建付地としての減額を反映していません。借地権50％・借家権35％を掛け合わせ控除し、4,950万円が正しい評価額です。自用地価額のままではありません。","貸家建付地＝自用地×(1－借地権×借家権×賃貸割合)。第30問（6,400万円）と割合を取り違えない。"
54,single,相続・事業承継,FP2級;学科;実践演習;四答択;source:2026-gakka-57-v2,2026-gakka-57,,"Ｚ年９月12日（金）に死亡した被相続人が所有していた上場株式Ａを相続により取得した場合、下記の〈資料〉に基づき、上場株式Ａの１株当たりの相続税評価額は、 （   ）である。なお、記載のない事項については考慮しないものとする。

〈資料〉上場株式Ａの価格
・Ｚ年６月の毎日の最終価格の月平均額：880円
・Ｚ年７月の毎日の最終価格の月平均額：940円
・Ｚ年８月の毎日の最終価格の月平均額：1,010円
・Ｚ年７月31日（木）の最終価格　：965円
・Ｚ年９月12日（金）の最終価格　：1,005円",,,,,,880円,940円,"1,010円","1,005円",3,"正解は3です。上場株式の相続税評価額は、原則として死亡日の属する月の前月の毎日の最終価格の月平均額です。９月12日死亡なら前月８月の月平均額1,010円です。",2026年学科第57問の2問目。死亡月と価格だけ変更した演習です。,"死亡日が９月12日なので、前月８月の月平均額1,010円が１株当たりの評価額です。","1:880円は６月の月平均額です。死亡月の前月である８月の平均を用いるため、６月の880円ではなく８月の1,010円が評価額になります。前月を取り違えないこと。;2:940円は７月の月平均額です。評価は死亡月の前月までの平均を用い、９月死亡なら前月８月の1,010円が評価額です。７月の940円は使いません。前月を確認してください。;4:1,005円は死亡日の終値です。上場株式は原則月平均額を用い、特定日の終値1,005円ではなく８月全体の平均1,010円が評価額です。終値と平均を区別します。",上場株式の相続評価＝死亡月の前月の月平均額。第12問（７月死亡・6月平均）と死亡月を取り違えない。
55,single,不動産,FP2級;学科;実践演習;四答択;source:2026-gakka-50-v2,2026-gakka-50,,"Ｗさんが7,000万円で購入した賃貸マンションの年間賃料収入が480万円、年間の管理費等および固定資産税が80万円である場合、当該不動産のＮＯＩ利回り（純利回り・年率）は、 （   ）である。なお、ＮＯＩ＝年間賃料収入－管理費等および固定資産税とする。",,,,,,5.14％,5.43％,5.71％,6.86％,3,"正解は3です。ＮＯＩ＝480万円－80万円＝400万円。ＮＯＩ利回り＝400万円÷7,000万円×100≒5.714％→5.71％です。",学科の不動産利回りをベースに、ＮＯＩ利回りを直接計算する演習です。,"NOI400万円÷7,000万円×100≒5.71％。経費控除後の純収益を購入価格で割ります。","1:5.14％は360万円÷7,000万円など、ＮＯＩを誤った場合の値です。ＮＯＩは480－80＝400万円なので、400÷7,000×100≒5.71％が正しい純利回りになります。;2:5.43％は380万円÷7,000万円など、経費を誤って差し引いた誤答です。管理費等および固定資産税80万円を差し引き、400万円÷7,000万円×100≒5.71％です。;4:6.86％は480万円÷7,000万円など、表面利回りの計算で生じやすい値です。純利回りは経費控除後のＮＯＩ400万円を分母7,000万円で割り、5.71％が正答です。",ＮＯＩ利回り＝（賃料－経費）÷購入価格×100。第38問の表面利回り（6.0％）と混同しない。
56,single,不動産,FP2級;学科;実践演習;四答択;source:2026-gakka-46-v2,2026-gakka-46,,敷地面積350㎡の土地に、延べ面積210㎡の建築物を建築する場合の容積率は、 （   ）である。なお、容積率＝延べ面積÷敷地面積×100とする。,,,,,,50％,55％,60％,70％,3,正解は3です。容積率＝210㎡÷350㎡×100＝60％です。,学科の建築基準法をベースに、容積率を直接計算する演習です。,210÷350×100＝60％。延べ面積を敷地面積で割り、百分率に直します。,1:50％は175㎡÷350㎡など、延べ面積を誤った場合の値です。延べ面積は210㎡なので、210÷350×100＝60％が正しい容積率の計算になります。;2:55％は193㎡÷350㎡など、延べ面積を小さく取った誤答です。敷地面積350㎡に対する延べ面積210㎡なので、容積率は60％です。面積を再確認してください。;4:70％は245㎡÷350㎡など、延べ面積を大きく取った誤答で生じやすい値です。容積率は延べ面積210㎡÷敷地面積350㎡×100＝60％です。建築面積ではありません。,容積率＝延べ面積÷敷地面積×100。第39問の建ぺい率（建築面積÷敷地）と分子が異なる。
57,single,リスク管理,FP2級;学科;実践演習;四答択;source:2026-gakka-14-v6,2026-gakka-14,,2011年12月31日以前に締結した一般の生命保険契約について、2025年中に支払った一般の生命保険料が10万円である場合の、所得税における一般の生命保険料控除（旧制度）の控除額は、 （   ）である。なお、ほかの生命保険料控除は考慮しないものとする。,,,,,,5.0万円,7.5万円,10.0万円,12.0万円,2,"正解は2です。旧制度の一般生命保険料控除は、支払保険料が5万円超15万円以下の場合、支払保険料×1/2＋2.5万円です。100,000円×1/2＋25,000円＝75,000円（7.5万円）です。",学科第14問をベースに、旧制度の一般生命保険料控除を直接計算する演習です。,10万円は5万円超15万円以下の段階。10万×1/2＋2.5万＝7.5万円が控除額です。,1:5.0万円は支払保険料の1/2だけを計算した誤りです。旧制度一般生命は10万円ちょうどは1/2＋2.5万の段階で、控除額は7.5万円になります。1/2だけでは不足です。;3:10.0万円は新制度の控除額など、制度を取り違えた誤答です。旧制度では10万×1/2＋2.5万＝7.5万円が控除額です。新制度の式は使いません。;4:12.0万円は生命保険料控除の合計上限などと混同した誤答で生じやすい値です。本問は旧制度単独の控除額であり、10万円支払でも控除額は7.5万円です。上限12万円ではありません。,旧制度一般生命：5万超15万以下は「支払×1/2＋2.5万」。新制度（1/4＋2万）と取り違えない。
58,single,タックスプランニング,FP2級;学科;実践演習;四答択;source:2026-gakka-34-v2,2026-gakka-34,,Ｘさんの2025年分の所得税における医療費控除の控除額を計算する場合、総所得金額が400万円、医療費として実際に支払った金額が38万円、その補填として受け取った保険金が3万円であるとき、医療費控除額は、 （   ）である。なお、「特定一般用医薬品等購入費を支払った場合の医療費控除の特例」は考慮しない。,,,,,,10万円,15万円,20万円,25万円,2,"正解は2です。医療費控除額＝支払医療費－保険金等の補填－max(10万円, 総所得金額×5％)です。38万円－3万円－20万円（400万円×5％）＝15万円です。",2026年学科第34問の2問目。医療費控除額を直接計算する演習です。,補填後35万円から、総所得400万円の5％である20万円（10万円超）を差し引き、控除額15万円です。,1:10万円は最低限度額10万円だけを差し引いた誤りです。総所得400万円の場合は5％の20万円が限度となるため、控除額は15万円です。10万円固定ではありません。;3:20万円は限度額20万円そのもので、実際の控除額ではありません。補填後の医療費35万円から限度20万円を引き、控除額は15万円です。限度と控除額は別です。;4:25万円は保険金補填3万円を差し引かない誤りで生じやすい値です。補填分は支払医療費から控除し、38－3－20＝15万円と計算します。補填を忘れないこと。,"医療費控除＝支払－補填－max(10万, 総所得×5％)。第15問（総所得500万・15万円）と数値を取り違えない。"
59,single,金融資産運用,FP2級;学科;実践演習;四答択;source:2026-gakka-27-v3,2026-gakka-27,,"下記の〈条件〉で、円貨を米ドルに交換して米ドル建定期預金に10,000米ドルを預け入れ、満期時に元利金の米ドルを円貨に交換して受け取る場合における利回り（単利・年率）は、 （   ）である。なお、税金は考慮しないものとし、計算結果は表示単位の小数点以下第３位を四捨五入するものとする。

〈条件〉
・預入期間：１年
・預金金利：2.00％（年率）
・為替予約なし
・為替レート（米ドル／円）
　預入時…ＴＴＳ：140.00円　ＴＴＢ：139.00円
　満期時…ＴＴＳ：146.00円　ＴＴＢ：145.00円",,,,,,4.85％,5.21％,5.64％,6.43％,3,"正解は3です。預入時10,000×140.00＝140.00万円、満期時10,200×145.00＝147.90万円。利回り＝7.90万円÷140.00万円×100≒5.643％→5.64％です。",2026年学科第27問の3問目。為替レートと金利だけ変更した外貨預金の演習です。,140.00万円投下、147.90万円受取。差額7.90万÷140.00万×100≒5.64％。買いＴＴＳ・売りＴＴＢです。,1:4.85％は預入時にＴＴＢを用いた誤りや、金利のみを見積もった誤答です。円→ドルはＴＴＳ140.00円、ドル→円はＴＴＢ145.00円で計算し、5.64％になります。;2:5.21％は満期時にＴＴＳを用いた誤りなど、為替の使い分けを誤った場合に近い値です。満期の円受取はＴＴＢ145.00円を用い、5.64％が正しい利回りです。;4:6.43％は為替差益だけを過大に見積もった誤答で生じやすい値です。金利2.00％分の米ドル増と為替変動の両方を含め、投下140.00万円で割ります。,外貨預金利回りは第2・3バッチと同型。為替は買いＴＴＳ・売りＴＴＢを毎回確認する。
60,single,タックスプランニング,FP2級;学科;実践演習;四答択;source:2026-gakka-16-v4,2026-gakka-16,,"給与所得者が25年間勤務した会社を定年退職し、退職金3,000万円の支給を受けた場合、所得税における退職所得の金額の計算上、退職所得控除額は（   ）となる。",,,,,,"800万円＋40万円×(25年－20年)＝1,000万円","800万円＋70万円×(25年－20年)＝1,150万円","70万円×25年＝1,750万円","40万円×25年＝1,000万円",2,"正解は2です。勤続25年（20年超）なので、800万円＋70万円×(25－20)＝800万円＋350万円＝1,150万円です。",学科の退職所得控除の4問目。25年勤続（20年超）に変更した演習です。,"25年は20年超。800万円＋70万円×(25－20)＝1,150万円。40万円×年数の式は使いません。","1:800万円＋40万円×(25－20)は20年超用の70万円式を誤用した選択肢です。25年勤続は20年超なので、800万円＋70万円×5年＝1,150万円の公式を使います。年数で式を選びます。;3:70万円×25年は退職所得控除の公式ではありません。20年超は800万円＋70万円×(年－20)であり、25年なら1,150万円になります。70万円×年数ではありません。;4:40万円×25年は20年以下用の式を誤用した誤答です。25年勤続は20年超なので、800万円＋70万円×(25－20)＝1,150万円が控除額です。40万円×年数は使いません。",退職所得控除は20年以下と20年超で式が異なる。第9問（22年・940万）と勤続年数を取り違えない。
61,single,金融資産運用,FP2級;学科;実践演習;四答択;source:2026-gakka-26-v7,2026-gakka-26,,"Ｔ社の株価が2,340円、１株当たり純資産（自己資本）が780円である場合、Ｔ社のＰＢＲ（株価純資産倍率）は、 （   ）である。",,,,,,2.5倍,3.0倍,3.5倍,4.0倍,2,"正解は2です。PBR＝株価÷１株当たり純資産です。2,340円÷780円＝3.0倍です。",2026年学科第26問のPBRをベースに、株価と純資産だけ変更した第2の演習です。,"PBR＝2,340÷780＝3.0倍。株価を１株当たり純資産で割ります。","1:2.5倍は2,340÷936など、純資産を大きく取った誤計算で生じやすい値です。純資産は780円なので、2,340÷780＝3.0倍が正しい計算になります。分母の純資産を確認してください。;3:3.5倍は2,730÷780など、株価を誤って大きくした場合に近い値です。株価2,340円・純資産780円をそのまま割ると3.0倍であり、3.5倍にはなりません。;4:4.0倍はPERと混同して純利益で割った場合などに出やすい誤答です。PBRの分母は純資産780円であり、2,340÷780＝3.0倍です。純利益は使いません。",PBR＝株価÷BPS。第13問（3.0倍・720円）と株価・純資産の組合せを取り違えない。
62,single,金融資産運用,FP2級;学科;実践演習;四答択;source:2026-gakka-26-v8,2026-gakka-26,,"下記の〈Ｕ社のデータ〉に基づいて計算したＵ社の配当性向は（ ① ）、配当利回りは（ ② ）である。

〈Ｕ社のデータ〉
株価　　　　　： 1,600円
１株当たり年間配当金：　 32円
１株当たり純利益　： 128円",,,,,,① 25％   ②  2％,① 25％   ②  2.5％,① 30％   ②  2％,① 30％   ②  2.5％,1,"正解は1です。配当性向＝32円÷128円×100＝25％。配当利回り＝32円÷1,600円×100＝2％です。",学科第26問付近の配当指標を、数値だけ変更した第2の演習です。,"配当性向＝32÷128×100＝25％。配当利回り＝32÷1,600×100＝2％。①25％②2％です。","2:①25％②2.5％は配当性向は正しいが、利回りを32÷1,280などで計算した誤りです。利回りの分母は株価1,600円なので、32÷1,600×100＝2％が正しい組合せになります。;3:①30％②2％は配当性向を純利益106円で割るなど、分母の取り違えで生じやすい誤りです。配当性向の分母は純利益128円であり、32÷128×100＝25％です。純利益を確認してください。;4:①30％②2.5％は性向・利回りとも分母を誤った組合せです。性向は純利益128円、利回りは株価1,600円を分母に使い、①25％②2％が正答です。",配当性向＝配当÷純利益、配当利回り＝配当÷株価。第8問（20％・2％）と数値を取り違えない。
63,single,金融資産運用,FP2級;学科;実践演習;四答択;source:2025-gakka-28-v5,2025-gakka-28,,"Ｖさんのポートフォリオにおける各資産の構成比および期待収益率が下記のとおりである場合、当該ポートフォリオの期待収益率は、 （   ）である。

預金　20％　期待収益率0.1％
債券　50％　期待収益率1.5％
株式　30％　期待収益率6.0％",,,,,,2.27％,2.44％,2.57％,2.75％,3,正解は3です。0.1％×20％＋1.5％×50％＋6.0％×30％＝0.02％＋0.75％＋1.80％＝2.57％です。,2025年学科第28問の5問目。構成比と収益率を再変更した演習です。,0.1×0.2＋1.5×0.5＋6.0×0.3＝2.57％。各資産の加重平均です。,1:2.27％は構成比を誤った加重平均の結果です。20％・50％・30％で0.1％・1.5％・6.0％を掛け合わせ、合計2.57％になります。構成比を確認してください。;2:2.44％は第2バッチの構成比（40・20・40）の結果に近い誤答です。本問は20・50・30で再計算すると2.57％が正しい期待収益率です。過去の派生正答を流用しないこと。;4:2.75％は単純平均（0.1＋1.5＋6.0）÷3など、構成比を無視した計算で生じやすい誤答です。本問は20％・50％・30％で加重するため、2.57％が正答です。単純平均ではありません。,ポートフォリオ期待収益率は毎回構成比から計算。第47問（2.74％）と構成比を取り違えない。
64,single,金融資産運用,FP2級;学科;実践演習;四答択;source:2025-gakka-24-v5,2025-gakka-24,,表面利率（クーポンレート）4％、残存期間2年の固定利付債券を額面100円当たり102円で購入した場合の最終利回り（年率・単利）は、 （   ）である。なお、税金等は考慮しないものとし、計算結果は表示単位の小数点以下第３位を四捨五入している。,,,,,,2.50％,2.94％,3.50％,4.00％,2,正解は2です。{4％＋(100円－102円)÷2年}÷102円×100＝{4－1}÷102×100≒2.941％→小数点以下第3位四捨五入で2.94％です。,学科の債券最終利回りの5問目。プレミアム購入・2年残存に変更した演習です。,{4＋(100－102)÷2}÷102×100≒2.941％→2.94％。償還差損を期間で按分します。,1:2.50％は償還差損の按分を誤った場合に出やすい値です。プレミアム購入では(100－102)÷2＝－1を加算し、式どおり2.94％になります。符号と按分を確認してください。;3:3.50％は表面利率4％に償還差損2円をそのまま加算した誤りなどに近い値です。償還差損は残存2年で按分し、{4－1}÷102×100≒2.94％が正しい利回りです。;4:4.00％は表面利率そのもので、購入価格102円による償還差損を反映していません。最終利回りは購入価格102円を分母に計算し、プレミアム購入では表面利率より低くなります。,プレミアム購入（102円）では(100－102)がマイナス。第23問（101円・2.72％）と数値を取り違えない。
65,single,ライフプランニングと資金計画,FP2級;学科;実践演習;四答択;source:2025-gakka-01-v3,2025-gakka-01,,"Ｙさんの可処分所得（年間）の金額は、下記の〈資料〉によれば、 （   ）である。

〈資料〉Ｙさんの年間収入等
給与収入　　： 950万円（給与所得 ： 680万円）
所得税・住民税 ：  80万円
社会保険料　 ： 105万円
生命保険料　 ：  15万円",,,,,,765万円,830万円,890万円,950万円,1,正解は1です。可処分所得＝給与収入－所得税・住民税－社会保険料です。950万円－80万円－105万円＝765万円。生命保険料15万円は差し引きません。,学科の可処分所得をベースに、収入・控除額だけ変更した第3の演習です。,950－80－105＝765万円。給与所得680万円や生命保険料15万円はこの式に含めません。,2:830万円は生命保険料まで差し引いた値など、家計支出を控除に含めた誤りです。可処分所得は税と社会保険料のみを給与収入から引き、保険料15万円は控除項目ではありません。;3:890万円は給与所得680万円をベースにした誤計算で生じやすい値です。本問は給与収入950万円から税80万円と社保105万円を引き、765万円になります。給与所得額は使いません。;4:950万円は給与収入そのもので、税・社会保険料を差し引いていません。所得税・住民税と社会保険料の両方を引く必要があり、765万円が正答です。収入全額ではありません。,可処分所得＝給与収入－所得税・住民税－社会保険料。第33問（627万円）と数値を取り違えない。
66,single,ライフプランニングと資金計画,FP2級;学科;実践演習;四答択;source:2025-gakka-10-v6,2025-gakka-10,,"下記の〈Ｒ社の貸借対照表〉に基づくＲ社の流動比率は、 （   ）である。なお、流動比率＝流動資産÷流動負債×100とする。

〈Ｒ社の貸借対照表〉（単位：百万円）
流動資産　5,400
固定資産　3,600
流動負債　　600
固定負債　1,200
純資産　　7,200",,,,,,750％,800％,900％,"1,000％",3,"正解は3です。流動比率＝5,400百万円÷600百万円×100＝900％です。",学科第10問をベースに、流動比率を直接計算する第2の演習です。,"5,400÷600×100＝900％。流動資産を流動負債で割り、百分率に直します。","1:750％は流動資産4,500百万円÷600など、流動資産を誤った場合の値です。流動資産は5,400百万円なので、5,400÷600×100＝900％が正しい計算になります。;2:800％は5,400÷675など、流動負債を誤った場合に近い値です。流動負債は600百万円なので、5,400÷600×100＝900％が正答です。負債額を確認してください。;4:1,000％は5,400÷540など、流動負債を小さくした誤計算で生じやすい値です。流動比率の分母は流動負債600百万円であり、5,400÷600×100＝900％です。第31問（800％）と取り違えないこと。",流動比率＝流動資産÷流動負債×100。自己資本比率・固定長期適合率と分子・分母を取り違えない。
67,single,タックスプランニング,FP2級;学科;実践演習;四答択;source:2026-gakka-32-v3,2026-gakka-32,,所得税における一時所得に係る総収入金額が280万円で、その収入を得るために支出した金額が70万円である場合、一時所得の金額は（ ① ）、そのうち総所得金額に算入される金額は（ ② ）となる。,,,,,,① 160万円   ②  80万円,① 210万円   ② 105万円,① 210万円   ② 210万円,① 230万円   ② 115万円,1,正解は1です。一時所得の金額＝280万円－70万円－特別控除50万円＝160万円。総所得金額への算入はその2分の1なので、80万円です。,学科の一時所得をベースに、収入・支出だけ変更した第3の演習です。,一時所得＝280－70－50＝160万円。総所得算入は半額の80万円です。,2:①210万円②105万円は特別控除50万円を差し引かない誤りです。一時所得は必ず50万円控除後の金額を半分だけ総所得に算入するため、160万円・80万円が正答です。;3:①210万円②210万円は2分の1の算入を忘れた誤りです。一時所得の金額160万円のうち、総所得に入るのは半分の80万円であり、全額は算入されません。半分だけ算入します。;4:①230万円②115万円は支出70万円を差し引かない誤りで生じやすい値です。収入を得るための支出は必ず差し引いてから50万円控除を適用し、160万円・80万円と計算します。,一時所得は「収入－支出－50万円」。総所得への算入はその半分。第41問（150万・75万）と取り違えない。
68,single,タックスプランニング,FP2級;学科;実践演習;四答択;source:2026-gakka-33-v3,2026-gakka-33,,Ｚさんの2025年分の所得税における総所得金額は、給与所得の金額が320万円、不動産所得の金額が45万円であるとき、 （   ）である。なお、ほかの所得はないものとする。,,,,,,275万円,320万円,365万円,405万円,3,正解は3です。総所得金額は各所得の金額を合計します。320万円＋45万円＝365万円です。,2026年学科第33問をベースに、損失がない単純合計の第2の演習です。,給与所得320万円＋不動産所得45万円＝365万円。損益通算が不要な場合は単純合計です。,1:275万円は320万円－45万円など、所得を差し引いた誤りです。不動産所得は総所得に加算するため、320＋45＝365万円が総所得金額です。差し引きではありません。;2:320万円は給与所得のみで、不動産所得45万円を加算していません。ほかの所得がない場合でも、不動産所得を合計し、365万円が総所得金額です。両方足します。;4:405万円は給与収入金額と混同した誤答で生じやすい値です。本問は所得の金額（給与所得320万円）を合計し、365万円になります。収入金額ではありません。,総所得金額は各所得の金額の合計。第26問（350＋50＝400万）と数値を取り違えない。
69,single,リスク管理,FP2級;学科;実践演習;四答択;source:2026-gakka-14-v7,2026-gakka-14,,2012年１月１日以後に締結した介護医療保険契約について、2025年中に支払った介護医療保険料が8万円である場合の、所得税における介護医療保険料控除の控除額は、 （   ）である。なお、ほかの生命保険料控除は考慮しないものとする。,,,,,,4万円,5万円,6万円,8万円,3,"正解は3です。新制度の介護医療保険料控除は、支払保険料が4万円超8万円以下の場合、支払保険料×1/2＋2万円です。80,000円×1/2＋20,000円＝60,000円（6万円）です。",学科第14問をベースに、介護医療8万円支払（上限段階）の演習です。,8万円は4万円超8万円以下の段階。8万×1/2＋2万＝6万円が控除額です。,1:4万円は支払保険料の1/2だけを計算した誤りです。介護医療は8万円ちょうどは1/2＋2万の段階で、控除額は6万円になります。1/2だけでは不足です。;2:5万円は6万円支払時の控除額など、別の保険料額の結果を流用した誤答です。介護医療保険料8万円は8万×1/2＋2万＝6万円が控除額です。支払額を確認してください。;4:8万円は支払保険料そのもので、控除額ではありません。介護医療保険料控除は式で算出し、8万円支払でも控除額は6万円です。支払額全額を控除額と混同しないこと。,新制度介護医療：4万超8万以下は「支払×1/2＋2万」。第35問（6万円・5万円控除）と支払額を取り違えない。
70,single,相続・事業承継,FP2級;学科;実践演習;四答択;source:2026-gakka-58-v6,2026-gakka-58,,"借地権（定期借地権等を除く）の目的となっている宅地の相続税評価額は、その自用地としての価額が8,000万円、借地権割合が68％である場合、原則として、 （   ）となる。",,,,,,"1,600万円","2,560万円","3,200万円","8,000万円",2,"正解は2です。貸宅地の評価額は、自用地価額×(1－借地権割合)です。8,000万円×32％＝2,560万円です。",学科の貸宅地評価をベースに、自用地価額と借地権割合だけ変更した第3の演習です。,"8,000万円×(1－68％)＝2,560万円。借地権割合だけを控除し、借家権は使いません。","1:1,600万円は8,000万円×20％など、控除後の割合を誤った場合の値です。借地権割合68％なら残りは32％であり、8,000×0.32＝2,560万円が正しい評価額です。;3:3,200万円は8,000万円×40％など、借地権割合を誤って控除した誤答です。評価額は自用地から借地権分68％を控除し、残り32％の2,560万円になります。割合を確認してください。;4:8,000万円は自用地のままの評価額で、借地権の目的地としての減額を反映していません。借地権割合68％を控除し、2,560万円が貸宅地の評価額です。第50問（2,925万円）と数値を取り違えないこと。",貸宅地＝自用地×(1－借地権割合)。貸家建付地の3割合公式と混同しないこと。
71,single,金融資産運用,FP2級;学科;実践演習;四答択;source:2026-gakka-26-v9,2026-gakka-26,,"Ｗ社の１株当たり純利益が108円、１株当たり純資産（自己資本）が1,350円である場合、Ｗ社のＲＯＥは、 （   ）である。",,,,,,6％,8％,10％,12％,2,"正解は2です。ROE＝１株当たり純利益÷１株当たり純資産×100です。108円÷1,350円×100＝8％です。",2026年学科第26問のROEをベースに、純利益と純資産だけ変更した第4の演習です。,"ROE＝108÷1,350×100＝8％。分子は純利益、分母は自己資本（純資産）です。","1:6％は108÷1,800×100など、純資産を大きく取った誤計算で生じやすい値です。本問の純資産は1,350円なので、108÷1,350×100＝8％が正しい計算になります。;3:10％は純利益を135円と誤認した場合の値です。純利益108円・純資産1,350円を用いると8％となり、10％にはなりません。純利益の数値を確認してください。;4:12％は108÷900×100など、分母の純資産を小さくした誤りで出やすい値です。自己資本1,350円を分母に割るとROEは8％になります。株価ではなく純資産を使います。","ROE＝純利益÷純資産×100。第45問（84円・1,050円・8％）と数値を取り違えない。"
72,single,金融資産運用,FP2級;学科;実践演習;四答択;source:2025-gakka-28-v6,2025-gakka-28,,"Ｘさんのポートフォリオにおける各資産の構成比および期待収益率が下記のとおりである場合、当該ポートフォリオの期待収益率は、 （   ）である。

預金　10％　期待収益率0.1％
債券　40％　期待収益率2.0％
株式　50％　期待収益率5.5％",,,,,,2.76％,2.91％,3.06％,3.25％,3,正解は3です。0.1％×10％＋2.0％×40％＋5.5％×50％＝0.01％＋0.80％＋2.75％＝3.06％です。,2025年学科第28問の6問目。構成比と収益率を再変更した演習です。,0.1×0.1＋2.0×0.4＋5.5×0.5＝3.06％。各資産の加重平均です。,1:2.76％は構成比を誤った加重平均の結果です。10％・40％・50％で0.1％・2.0％・5.5％を掛け合わせ、合計3.06％になります。構成比を確認してください。;2:2.91％は第7バッチの構成比（20・50・30）の結果に近い誤答です。本問は10・40・50で再計算すると3.06％が正しい期待収益率です。過去の派生正答を流用しないこと。;4:3.25％は単純平均（0.1＋2.0＋5.5）÷3など、構成比を無視した計算で生じやすい誤答です。本問は10％・40％・50％で加重するため、3.06％が正答です。単純平均ではありません。,ポートフォリオ期待収益率は毎回構成比から計算。第63問（2.57％）と構成比を取り違えない。
73,single,金融資産運用,FP2級;学科;実践演習;四答択;source:2025-gakka-24-v6,2025-gakka-24,,表面利率（クーポンレート）2.5％、残存期間3年の固定利付債券を額面100円当たり96円で購入した場合の最終利回り（年率・単利）は、 （   ）である。なお、税金等は考慮しないものとし、計算結果は表示単位の小数点以下第３位を四捨五入している。,,,,,,3.47％,3.75％,3.99％,4.25％,3,正解は3です。{2.5％＋(100円－96円)÷3年}÷96円×100＝{2.5＋1.333}÷96×100≒3.993％→小数点以下第3位四捨五入で3.99％です。,学科の債券最終利回りの6問目。ディスカウント購入・3年残存に変更した演習です。,{2.5＋(100－96)÷3}÷96×100≒3.993％→3.99％。償還差益を期間で按分します。,1:3.47％は第7問（98円・5年・3.47％）の正答を流用した誤答です。本問は購入価格96円・残存3年で再計算し、3.99％が正しい最終利回りです。数値を流用しないこと。;2:3.75％は償還差益の按分を誤った場合に出やすい値です。ディスカウント購入では(100－96)÷3を加算し、式どおり3.99％になります。按分年数を確認してください。;4:4.25％は表面利率2.5％に償還差益4円をそのまま加算した誤りなどに近い値です。償還差益は残存3年で按分し、{2.5＋1.333}÷96×100≒3.99％が正しい利回りです。,ディスカウント購入（96円）では(100－96)がプラス。第7問（98円・3.47％）と購入価格を取り違えない。
74,single,金融資産運用,FP2級;学科;実践演習;四答択;source:2026-gakka-27-v4,2026-gakka-27,,"下記の〈条件〉で、円貨を米ドルに交換して米ドル建定期預金に10,000米ドルを預け入れ、満期時に元利金の米ドルを円貨に交換して受け取る場合における利回り（単利・年率）は、 （   ）である。なお、税金は考慮しないものとし、計算結果は表示単位の小数点以下第３位を四捨五入するものとする。

〈条件〉
・預入期間：１年
・預金金利：2.00％（年率）
・為替予約なし
・為替レート（米ドル／円）
　預入時…ＴＴＳ：132.00円　ＴＴＢ：131.00円
　満期時…ＴＴＳ：138.00円　ＴＴＢ：137.00円",,,,,,5.50％,5.86％,6.27％,7.45％,2,"正解は2です。預入時10,000×132.00＝132.00万円、満期時10,200×137.00＝139.74万円。利回り＝7.74万円÷132.00万円×100≒5.864％→5.86％です。",2026年学科第27問の4問目。為替レートと金利だけ変更した外貨預金の演習です。,132.00万円投下、139.74万円受取。差額7.74万÷132.00万×100≒5.86％。買いＴＴＳ・売りＴＴＢです。,1:5.50％は預入時にＴＴＢを用いた誤りや、金利加算を省いた計算で生じやすい値です。円→ドルはＴＴＳ132.00円、ドル→円はＴＴＢ137.00円で計算し、5.86％になります。;3:6.27％は満期時にＴＴＳを用いた誤りなど、為替の使い分けを誤った場合に近い値です。満期の円受取はＴＴＢ137.00円を用い、5.86％が正しい利回りです。為替の使い分けに注意してください。;4:7.45％は為替差益だけを過大に見積もった誤答で生じやすい値です。金利2.00％分の米ドル増と為替変動の両方を含め、投下132.00万円で割ります。,外貨預金利回りは第2〜7バッチと同型。為替は買いＴＴＳ・売りＴＴＢを毎回確認する。
75,single,ライフプランニングと資金計画,FP2級;学科;実践演習;四答択;source:2025-gakka-10-v7,2025-gakka-10,,"下記の〈Ｓ社の貸借対照表〉に基づくＳ社の自己資本比率は、 （   ）である。なお、自己資本比率＝純資産÷総資産×100とする。

〈Ｓ社の貸借対照表〉（単位：百万円）
総資産　16,000
純資産　　4,800",,,,,,25.0％,30.0％,35.0％,40.0％,2,"正解は2です。自己資本比率＝4,800百万円÷16,000百万円×100＝30.0％です。",学科第10問をベースに、自己資本比率を直接計算する第3の演習です。,"4,800÷16,000×100＝30.0％。純資産を総資産で割り、百分率に直します。","1:25.0％は4,000÷16,000など、純資産を誤った場合の値です。純資産は4,800百万円なので、4,800÷16,000×100＝30.0％が正しい計算になります。;3:35.0％は5,600÷16,000など、純資産を大きく取った誤答です。本問の純資産4,800百万円を総資産16,000百万円で割ると30.0％になります。数値を確認してください。;4:40.0％は6,400÷16,000など、純資産を過大に取った誤答で生じやすい値です。自己資本比率は純資産4,800百万円÷総資産16,000百万円×100＝30.0％です。第44問（45％）と取り違えないこと。",自己資本比率＝純資産÷総資産×100。第21問（43.8％）・第44問（45％）と数値を流用しない。
76,single,ライフプランニングと資金計画,FP2級;学科;実践演習;四答択;source:2025-gakka-10-v8,2025-gakka-10,,"下記の〈Ｔ社の貸借対照表〉および当期純利益に基づくＴ社の自己資本当期純利益率は、 （   ）である。なお、自己資本当期純利益率＝当期純利益÷純資産×100とする。

〈Ｔ社の貸借対照表〉（単位：百万円）
総資産　10,500
純資産　　8,400
当期純利益　420",,,,,,4.0％,5.0％,6.0％,8.0％,2,"正解は2です。自己資本当期純利益率＝420百万円÷8,400百万円×100＝5.0％です。",学科第10問をベースに、自己資本当期純利益率を直接計算する第2の演習です。,"420÷8,400×100＝5.0％。当期純利益を純資産で割り、百分率に直します。","1:4.0％は420÷10,500など、総資産を分母にした誤りです。自己資本当期純利益率の分母は純資産8,400百万円であり、420÷8,400×100＝5.0％です。総資産は使いません。;3:6.0％は504÷8,400など、当期純利益を誤った場合の値です。当期純利益は420百万円なので、420÷8,400×100＝5.0％が正しい計算になります。;4:8.0％は672÷8,400など、当期純利益を大きく取った誤答で生じやすい値です。純資産8,400百万円に対する当期純利益420百万円なので、自己資本当期純利益率は5.0％です。",自己資本当期純利益率＝当期純利益÷純資産×100。第43問（5.0％）と同率だが前提数値が異なるので式で確認する。
77,single,タックスプランニング,FP2級;学科;実践演習;四答択;source:2026-gakka-33-v4,2026-gakka-33,,Ａさんの2025年分の所得税における総所得金額は、不動産所得の金額が55万円、事業所得の金額が▲25万円（飲食店の経営により生じた損失）であるとき、 （   ）である。なお、ほかの所得はないものとする。,,,,,,25万円,30万円,55万円,80万円,2,正解は2です。事業所得の損失25万円は不動産所得と損益通算できます。55万円－25万円＝30万円が総所得金額です。,2026年学科第33問をベースに、損益通算だけを問う第2の演習です。,不動産55万円から事業損失25万円を差し引き、30万円が総所得金額です。,1:25万円は事業損失25万円そのもので、総所得金額ではありません。事業損失は不動産所得と通算し、55－25＝30万円が総所得金額です。損失額と総所得を混同しないこと。;3:55万円は不動産所得のみで、事業損失25万円の損益通算を行っていません。事業所得の損失は不動産所得と通算し、55－25＝30万円が総所得金額です。両方を反映します。;4:80万円は55万円＋25万円など、損失を加算した誤りで生じやすい値です。事業損失は不動産所得から差し引くため、55－25＝30万円です。損失を足し算しません。,事業所得の損失は不動産所得と損益通算。第42問（90－55＝35万）と数値を取り違えない。
78,single,タックスプランニング,FP2級;学科;実践演習;四答択;source:2026-gakka-16-v5,2026-gakka-16,,"給与所得者が12年間勤務した会社を退職し、退職金1,500万円の支給を受けた場合、所得税における退職所得の金額の計算上、退職所得控除額は（   ）となる。",,,,,,40万円×12年＝480万円,800万円＋40万円×(12年－20年)＝480万円,800万円＋70万円×(12年－20年)＝480万円,70万円×12年＝840万円,1,正解は1です。勤続12年は20年以下なので、退職所得控除額＝40万円×12年＝480万円です（最低80万円は超えます）。,学科の退職所得控除をベースに、12年勤続（20年以下）に変更した演習です。,12年は20年以下。40万円×12年＝480万円。800万円＋70万円×(年－20)の式は使いません。,2:800万円＋40万円×(12－20)は20年超用の式を誤用した選択肢です。12年勤続は20年以下なので、40万円×12年＝480万円の公式を使います。年数で式を選びます。;3:800万円＋70万円×(12－20)は20年超の70万円式を誤用した誤答です。20年以下は40万円×年数であり、12年なら480万円が控除額です。70万円式は使いません。;4:70万円×12年は退職所得控除の公式ではありません。20年以下は40万円×勤続年数で計算し、12年なら480万円になります。70万円は20年超の加算額です。,退職所得控除は20年以下と20年超で式が異なる。第27問（15年・600万）と勤続年数を取り違えない。
79,single,リスク管理,FP2級;学科;実践演習;四答択;source:2026-gakka-14-v8,2026-gakka-14,,2012年１月１日以後に締結した一般の生命保険契約について、2025年中に支払った一般の生命保険料が3万円である場合の、所得税における一般の生命保険料控除の控除額は、 （   ）である。なお、ほかの生命保険料控除は考慮しないものとする。,,,,,,2万円,2.5万円,3万円,4万円,3,正解は3です。新制度の一般生命保険料控除は、支払保険料が4万円以下の場合、支払保険料の全額が控除額です。3万円支払なので、控除額は3万円です。,学科第14問をベースに、一般生命保険料4万円以下（全額控除）の演習です。,3万円は4万円以下の段階。支払全額3万円が控除額です。,1:2万円は4万円超8万円以下の段階（1/4＋2万）を誤用した誤答です。3万円支払は4万円以下なので、支払全額3万円が控除額になります。式の段階を確認してください。;2:2.5万円は旧制度の5万円超15万円以下の式など、制度を取り違えた誤答です。新制度では4万円以下は全額控除であり、3万円支払なら控除額は3万円です。;4:4万円は4万円支払時の控除額（全額）など、別の保険料額の結果です。本問は3万円支払なので、控除額は3万円です。支払額と控除額の段階を毎回確認してください。,新制度一般生命：4万円以下は支払全額。第48問（6万円・3.5万円）と支払額を取り違えない。
80,single,相続・事業承継,FP2級;学科;実践演習;四答択;source:2025-gakka-52-v4,2025-gakka-52,,Ｂさんが暦年課税により姉から現金130万円の贈与を受けた場合の贈与税の課税価格は、 （   ）である。なお、相続時精算課税制度の適用は受けないものとする。,,,,,,10万円,20万円,110万円,130万円,2,正解は2です。課税価格＝130万円－基礎控除110万円＝20万円です。,学科の贈与税をベースに、贈与額130万円に変更した課税価格の演習です。,130万円－110万円＝20万円。暦年課税の基礎控除は年110万円です。,1:10万円は贈与120万円と誤認した場合の課税価格など、別の贈与額の結果です。贈与額130万円から基礎控除110万円を引き、課税価格は20万円になります。贈与額を確認してください。;3:110万円は基礎控除額そのもので、課税価格ではありません。基礎控除110万円を超える部分が課税価格となり、本問は130－110＝20万円です。控除額と課税価格は別です。;4:130万円は贈与財産の価額そのもので、基礎控除を差し引いていません。暦年課税では110万円の基礎控除後の20万円が課税価格です。贈与額全額は課税価格ではありません。,暦年課税の課税価格＝贈与額－110万円。第51問（60万円）・第29問（40万円）と贈与額を取り違えない。
81,single,金融資産運用,FP2級;学科;実践演習;四答択;source:2026-gakka-26-v10,2026-gakka-26,,"Ｚ社の株価が2,280円、１株当たり純利益が76円である場合、Ｚ社のＰＥＲ（株価収益率）は、 （   ）である。",,,,,,24倍,28倍,30倍,36倍,3,"正解は3です。PER＝株価÷１株当たり純利益です。2,280円÷76円＝30倍です。",2026年学科第26問をベースに、PERを直接計算する第3の演習です。,"PER＝2,280÷76＝30倍。株価を１株当たり純利益で割ります。","1:24倍は2,280÷95など、純利益を誤った場合の誤答です。本問の純利益は76円なので、2,280÷76＝30倍が正しい計算になります。純利益の数値を確認してください。;2:28倍は2,128÷76など、株価を誤って小さくした場合に近い値です。株価2,280円・純利益76円をそのまま割ると30倍であり、28倍にはなりません。;4:36倍は76×30の逆算を株価に足した誤りなど、掛け算と割り算を混同した誤答です。PERは株価を純利益で割る指標であり、2,280÷76＝30倍です。掛け算ではなく割り算です。",PER＝株価÷EPS。第37問（30倍・64円）と株価・純利益の組合せを取り違えない。
82,single,金融資産運用,FP2級;学科;実践演習;四答択;source:2025-gakka-28-v7,2025-gakka-28,,"Ｃさんのポートフォリオにおける各資産の構成比および期待収益率が下記のとおりである場合、当該ポートフォリオの期待収益率は、 （   ）である。

預金　30％　期待収益率0.1％
債券　20％　期待収益率1.8％
株式　50％　期待収益率4.5％",,,,,,2.31％,2.49％,2.64％,2.80％,3,正解は3です。0.1％×30％＋1.8％×20％＋4.5％×50％＝0.03％＋0.36％＋2.25％＝2.64％です。,2025年学科第28問の7問目。構成比と収益率を再変更した演習です。,0.1×0.3＋1.8×0.2＋4.5×0.5＝2.64％。各資産の加重平均です。,1:2.31％は構成比を誤った加重平均の結果です。30％・20％・50％で0.1％・1.8％・4.5％を掛け合わせ、合計2.64％になります。構成比を確認してください。;2:2.49％は第8バッチの構成比（10・40・50）の結果に近い誤答です。本問は30・20・50で再計算すると2.64％が正しい期待収益率です。過去の派生正答を流用しないこと。;4:2.80％は単純平均（0.1＋1.8＋4.5）÷3など、構成比を無視した計算で生じやすい誤答です。本問は30％・20％・50％で加重するため、2.64％が正答です。単純平均ではありません。,ポートフォリオ期待収益率は毎回構成比から計算。第72問（3.06％）と構成比を取り違えない。
83,single,金融資産運用,FP2級;学科;実践演習;四答択;source:2025-gakka-24-v7,2025-gakka-24,,表面利率（クーポンレート）3％、残存期間5年の固定利付債券を額面100円当たり95円で購入した場合の最終利回り（年率・単利）は、 （   ）である。なお、税金等は考慮しないものとし、計算結果は表示単位の小数点以下第３位を四捨五入している。,,,,,,3.75％,4.00％,4.21％,4.50％,3,正解は3です。{3％＋(100円－95円)÷5年}÷95円×100＝{3＋1}÷95×100≒4.211％→小数点以下第3位四捨五入で4.21％です。,学科の債券最終利回りの7問目。ディスカウント購入・5年残存に変更した演習です。,{3＋(100－95)÷5}÷95×100≒4.211％→4.21％。償還差益を期間で按分します。,1:3.75％は第7問（98円・5年・3.47％）の正答を流用した誤答です。本問は購入価格95円・残存5年で再計算し、4.21％が正しい最終利回りです。数値を流用しないこと。;2:4.00％は償還差益の按分を誤った場合に出やすい値です。ディスカウント購入では(100－95)÷5＝1を加算し、式どおり4.21％になります。按分年数を確認してください。;4:4.50％は表面利率3％に償還差益5円をそのまま加算した誤りなどに近い値です。償還差益は残存5年で按分し、{3＋1}÷95×100≒4.21％が正しい利回りです。,ディスカウント購入（95円）では(100－95)がプラス。第7問（98円・3.47％）と購入価格を取り違えない。
84,single,金融資産運用,FP2級;学科;実践演習;四答択;source:2026-gakka-27-v5,2026-gakka-27,,"下記の〈条件〉で、円貨を米ドルに交換して米ドル建定期預金に10,000米ドルを預け入れ、満期時に元利金の米ドルを円貨に交換して受け取る場合における利回り（単利・年率）は、 （   ）である。なお、税金は考慮しないものとし、計算結果は表示単位の小数点以下第３位を四捨五入するものとする。

〈条件〉
・預入期間：１年
・預金金利：2.00％（年率）
・為替予約なし
・為替レート（米ドル／円）
　預入時…ＴＴＳ：128.00円　ＴＴＢ：127.00円
　満期時…ＴＴＳ：134.00円　ＴＴＢ：133.00円",,,,,,5.50％,5.86％,5.98％,6.71％,3,"正解は3です。預入時10,000×128.00＝128.00万円、満期時10,200×133.00＝135.66万円。利回り＝7.66万円÷128.00万円×100≒5.984％→5.98％です。",2026年学科第27問の5問目。為替レートと金利だけ変更した外貨預金の演習です。,128.00万円投下、135.66万円受取。差額7.66万÷128.00万×100≒5.98％。買いＴＴＳ・売りＴＴＢです。,1:5.50％は預入時にＴＴＢを用いた誤りや、金利加算を省いた計算で生じやすい値です。円→ドルはＴＴＳ128.00円、ドル→円はＴＴＢ133.00円で計算し、5.98％になります。;2:5.86％は第8バッチ（132.00円・137.00円）の正答を流用した誤答です。本問は128.00円・133.00円で再計算し、5.98％が正しい利回りです。為替レートを確認してください。;4:6.71％は満期時にＴＴＳを用いた誤りなど、為替の使い分けを誤った場合に近い値です。満期の円受取はＴＴＢ133.00円を用い、5.98％が正しい利回りです。為替の使い分けに注意してください。,外貨預金利回りは各バッチと同型。為替は買いＴＴＳ・売りＴＴＢを毎回確認する。
85,single,ライフプランニングと資金計画,FP2級;学科;実践演習;四答択;source:2025-gakka-01-v4,2025-gakka-01,,"Ｄさんの可処分所得（年間）の金額は、下記の〈資料〉によれば、 （   ）である。

〈資料〉Ｄさんの年間収入等
給与収入　　： 860万円（給与所得 ： 610万円）
所得税・住民税 ：  65万円
社会保険料　 ：  92万円
生命保険料　 ：  18万円",,,,,,703万円,775万円,828万円,860万円,1,正解は1です。可処分所得＝給与収入－所得税・住民税－社会保険料です。860万円－65万円－92万円＝703万円。生命保険料18万円は差し引きません。,学科の可処分所得をベースに、収入・控除額だけ変更した第4の演習です。,860－65－92＝703万円。給与所得610万円や生命保険料18万円はこの式に含めません。,2:775万円は生命保険料まで差し引いた値など、家計支出を控除に含めた誤りです。可処分所得は税と社会保険料のみを給与収入から引き、保険料18万円は控除項目ではありません。;3:828万円は給与所得610万円をベースにした誤計算で生じやすい値です。本問は給与収入860万円から税65万円と社保92万円を引き、703万円になります。給与所得額は使いません。;4:860万円は給与収入そのもので、税・社会保険料を差し引いていません。所得税・住民税と社会保険料の両方を引く必要があり、703万円が正答です。収入全額ではありません。,可処分所得＝給与収入－所得税・住民税－社会保険料。第65問（765万円）と数値を取り違えない。
86,single,ライフプランニングと資金計画,FP2級;学科;実践演習;四答択;source:2025-gakka-10-v9,2025-gakka-10,,"下記の〈Ｕ社の貸借対照表〉に基づくＵ社の固定長期適合率は、 （   ）である。なお、固定長期適合率＝（純資産＋固定負債）÷固定資産×100とする。

〈Ｕ社の貸借対照表〉（単位：百万円）
固定資産　2,500
流動負債　　400
固定負債　　500
純資産　　2,000",,,,,,80％,90％,100％,110％,3,"正解は3です。（2,000＋500）百万円÷2,500百万円×100＝100％です。",学科第10問をベースに、固定長期適合率を直接計算する第2の演習です。,"（2,000＋500）÷2,500×100＝100％。純資産と固定負債の合計を固定資産で割ります。","1:80％は純資産2,000百万円÷2,500など、固定負債を加算しない誤りです。固定長期適合率は純資産に固定負債500百万円を足し、2,500百万円で割ります。;2:90％は（2,000＋400）÷2,500など、流動負債を誤って加算した誤答です。加算するのは固定負債500百万円であり、流動負債400百万円は使いません。負債区分に注意してください。;4:110％は固定資産を2,273百万円と誤った場合などに出やすい値です。固定資産2,500百万円を分母に（2,000＋500）÷2,500×100＝100％が正答です。第32問（100％）と同率でも再計算すること。",固定長期適合率＝（純資産＋固定負債）÷固定資産×100。流動負債は分子に含めない。
87,single,タックスプランニング,FP2級;学科;実践演習;四答択;source:2026-gakka-34-v3,2026-gakka-34,,Ｅさんの2025年分の所得税における医療費控除の控除額を計算する場合、総所得金額が380万円、医療費として実際に支払った金額が48万円、その補填として受け取った保険金が4万円であるとき、医療費控除額は、 （   ）である。なお、「特定一般用医薬品等購入費を支払った場合の医療費控除の特例」は考慮しない。,,,,,,17万円,22万円,27万円,32万円,3,"正解は3です。医療費控除額＝支払医療費－保険金等の補填－max(10万円, 総所得金額×5％)です。48万円－4万円－19万円（380万円×5％）＝27万円です。",2026年学科第34問の3問目。医療費控除額を直接計算する演習です。,補填後44万円から、総所得380万円の5％である19万円（10万円超）を差し引き、控除額27万円です。,1:17万円は最低限度額10万円だけを差し引いた誤りです。総所得380万円の場合は5％の19万円が限度となるため、控除額は27万円です。10万円固定ではありません。;2:22万円は保険金補填4万円を差し引かない誤りで生じやすい値です。補填分は支払医療費から控除し、48－4－19＝27万円と計算します。補填を忘れないこと。;4:32万円は限度額を差し引かない誤答で生じやすい値です。補填後44万円から限度19万円を引き、控除額は27万円です。限度額そのものを控除額と混同しないこと。,"医療費控除＝支払－補填－max(10万, 総所得×5％)。第58問（400万・15万円）と数値を取り違えない。"
88,single,タックスプランニング,FP2級;学科;実践演習;四答択;source:2026-gakka-32-v4,2026-gakka-32,,所得税における一時所得に係る総収入金額が250万円で、その収入を得るために支出した金額が58万円である場合、一時所得の金額は（ ① ）、そのうち総所得金額に算入される金額は（ ② ）となる。,,,,,,① 142万円   ②  71万円,① 192万円   ②  96万円,① 192万円   ② 192万円,① 200万円   ② 100万円,1,正解は1です。一時所得の金額＝250万円－58万円－特別控除50万円＝142万円。総所得金額への算入はその2分の1なので、71万円です。,学科の一時所得をベースに、収入・支出だけ変更した第4の演習です。,一時所得＝250－58－50＝142万円。総所得算入は半額の71万円です。,2:①192万円②96万円は特別控除50万円を差し引かない誤りです。一時所得は必ず50万円控除後の金額を半分だけ総所得に算入するため、142万円・71万円が正答です。;3:①192万円②192万円は2分の1の算入を忘れた誤りです。一時所得の金額142万円のうち、総所得に入るのは半分の71万円であり、全額は算入されません。半分だけ算入します。;4:①200万円②100万円は支出58万円を差し引かない誤りで生じやすい値です。収入を得るための支出は必ず差し引いてから50万円控除を適用し、142万円・71万円と計算します。支出控除を忘れないこと。,一時所得は「収入－支出－50万円」。総所得への算入はその半分。第67問（160万・80万）と取り違えない。
89,single,相続・事業承継,FP2級;学科;実践演習;四答択;source:2026-gakka-58-v7,2026-gakka-58,,"借地権（定期借地権等を除く）の目的となっている宅地の相続税評価額は、その自用地としての価額が9,500万円、借地権割合が72％である場合、原則として、 （   ）となる。",,,,,,"1,900万円","2,660万円","3,420万円","9,500万円",2,"正解は2です。貸宅地の評価額は、自用地価額×(1－借地権割合)です。9,500万円×28％＝2,660万円です。",学科の貸宅地評価をベースに、自用地価額と借地権割合だけ変更した第4の演習です。,"9,500万円×(1－72％)＝2,660万円。借地権割合だけを控除し、借家権は使いません。","1:1,900万円は9,500万円×20％など、控除後の割合を誤った場合の値です。借地権割合72％なら残りは28％であり、9,500×0.28＝2,660万円が正しい評価額です。;3:3,420万円は9,500万円×36％など、借地権割合を誤って控除した誤答です。評価額は自用地から借地権分72％を控除し、残り28％の2,660万円になります。割合を確認してください。;4:9,500万円は自用地のままの評価額で、借地権の目的地としての減額を反映していません。借地権割合72％を控除し、2,660万円が貸宅地の評価額です。第70問（2,560万円）と数値を取り違えないこと。",貸宅地＝自用地×(1－借地権割合)。貸家建付地の3割合公式と混同しないこと。
90,single,相続・事業承継,FP2級;学科;実践演習;四答択;source:2026-gakka-58-v8,2026-gakka-58,,"貸家建付地の相続税評価額は、その自用地としての価額が5,000万円、借地権割合が55％、借家権割合が40％、賃貸割合が100％である場合、 （   ）となる。",,,,,,"3,100万円","3,600万円","3,900万円","5,000万円",3,"正解は3です。5,000万円×(1－55％×40％×100％)＝5,000万円×78％＝3,900万円です。",学科の貸家建付地の5問目。借地権・借家権割合だけ変更した演習です。,"5,000×(1－0.55×0.4×1)＝3,900万円。3つの割合を掛けて控除率22％です。","1:3,100万円は5,000万円×62％など、借地権割合だけを控除した誤りです。貸家建付地では借家権割合と賃貸割合も掛け合わせ、0.55×0.4×1＝22％を控除します。3つ掛け算です。;2:3,600万円は別の割合を混同した誤答で生じやすい値です。本問は自用地5,000万円に78％を掛け、3,900万円が評価額になります。過去問の数値を流用しないこと。;4:5,000万円は自用地のままの評価額で、貸家建付地としての減額を反映していません。借地権55％・借家権40％を掛け合わせ控除し、3,900万円が正しい評価額です。自用地価額のままではありません。","貸家建付地＝自用地×(1－借地権×借家権×賃貸割合)。第53問（4,950万円）と割合を取り違えない。"
91,single,金融資産運用,FP2級;学科;実践演習;四答択;source:2026-gakka-26-v11,2026-gakka-26,,"Ａ社の株価が2,040円、１株当たり純利益が68円である場合、Ａ社のＰＥＲ（株価収益率）は、 （   ）である。",,,,,,24倍,28倍,30倍,34倍,3,"正解は3です。PER＝株価÷１株当たり純利益です。2,040円÷68円＝30倍です。",2026年学科第26問をベースに、PERを直接計算する第4の演習です。,"PER＝2,040÷68＝30倍。株価を１株当たり純利益で割ります。","1:24倍は2,040÷85など、純利益を誤った場合の誤答です。本問の純利益は68円なので、2,040÷68＝30倍が正しい計算になります。純利益の数値を確認してください。;2:28倍は1,904÷68など、株価を誤って小さくした場合に近い値です。株価2,040円・純利益68円をそのまま割ると30倍であり、28倍にはなりません。;4:34倍は68×30の逆算を株価に足した誤りなど、掛け算と割り算を混同した誤答です。PERは株価を純利益で割る指標であり、2,040÷68＝30倍です。掛け算ではなく割り算です。","PER＝株価÷EPS。第81問（2,280円・76円・30倍）と株価・純利益の組合せを取り違えない。"
92,single,金融資産運用,FP2級;学科;実践演習;四答択;source:2025-gakka-28-v8,2025-gakka-28,,"Ｆさんのポートフォリオにおける各資産の構成比および期待収益率が下記のとおりである場合、当該ポートフォリオの期待収益率は、 （   ）である。

預金　25％　期待収益率0.1％
債券　35％　期待収益率2.2％
株式　40％　期待収益率5.0％",,,,,,2.65％,2.75％,2.80％,2.95％,3,正解は3です。0.1％×25％＋2.2％×35％＋5.0％×40％＝0.025％＋0.77％＋2.00％＝2.795％→表示上2.80％です。,2025年学科第28問の8問目。構成比と収益率を再変更した演習です。,0.1×0.25＋2.2×0.35＋5.0×0.4＝2.795％→2.80％。各資産の加重平均です。,1:2.65％は構成比を誤った加重平均の結果です。25％・35％・40％で0.1％・2.2％・5.0％を掛け合わせ、合計2.80％になります。構成比を確認してください。;2:2.75％は第9バッチの構成比（30・20・50）の結果に近い誤答です。本問は25・35・40で再計算すると2.80％が正しい期待収益率です。過去の派生正答を流用しないこと。;4:2.95％は単純平均（0.1＋2.2＋5.0）÷3など、構成比を無視した計算で生じやすい誤答です。本問は25％・35％・40％で加重するため、2.80％が正答です。単純平均ではありません。,ポートフォリオ期待収益率は毎回構成比から計算。第82問（2.64％）と構成比を取り違えない。
93,single,金融資産運用,FP2級;学科;実践演習;四答択;source:2025-gakka-24-v8,2025-gakka-24,,表面利率（クーポンレート）2％、残存期間4年の固定利付債券を額面100円当たり103円で購入した場合の最終利回り（年率・単利）は、 （   ）である。なお、税金等は考慮しないものとし、計算結果は表示単位の小数点以下第３位を四捨五入している。,,,,,,1.00％,1.21％,1.50％,2.00％,2,正解は2です。{2％＋(100円－103円)÷4年}÷103円×100＝{2－0.75}÷103×100≒1.214％→小数点以下第3位四捨五入で1.21％です。,学科の債券最終利回りの8問目。プレミアム購入・4年残存に変更した演習です。,{2＋(100－103)÷4}÷103×100≒1.214％→1.21％。償還差損を期間で按分します。,1:1.00％は償還差損の按分を誤った場合に出やすい値です。プレミアム購入では(100－103)÷4＝－0.75を加算し、式どおり1.21％になります。符号と按分を確認してください。;3:1.50％は表面利率2％に償還差損3円をそのまま加算した誤りなどに近い値です。償還差損は残存4年で按分し、{2－0.75}÷103×100≒1.21％が正しい利回りです。;4:2.00％は表面利率そのもので、購入価格103円による償還差損を反映していません。最終利回りは購入価格103円を分母に計算し、プレミアム購入では表面利率より低くなります。,プレミアム購入（103円）では(100－103)がマイナス。第23問（101円・2.72％）と購入価格を取り違えない。
94,single,金融資産運用,FP2級;学科;実践演習;四答択;source:2026-gakka-27-v6,2026-gakka-27,,"下記の〈条件〉で、円貨を米ドルに交換して米ドル建定期預金に10,000米ドルを預け入れ、満期時に元利金の米ドルを円貨に交換して受け取る場合における利回り（単利・年率）は、 （   ）である。なお、税金は考慮しないものとし、計算結果は表示単位の小数点以下第３位を四捨五入するものとする。

〈条件〉
・預入期間：１年
・預金金利：2.50％（年率）
・為替予約なし
・為替レート（米ドル／円）
　預入時…ＴＴＳ：125.00円　ＴＴＢ：124.00円
　満期時…ＴＴＳ：131.00円　ＴＴＢ：130.00円",,,,,,5.81％,6.27％,6.60％,7.45％,3,"正解は3です。預入時10,000×125.00＝125.00万円、満期時10,250×130.00＝133.25万円。利回り＝8.25万円÷125.00万円×100＝6.60％です。",2026年学科第27問の6問目。為替レートと金利だけ変更した外貨預金の演習です。,125.00万円投下、133.25万円受取。差額8.25万÷125.00万×100＝6.60％。買いＴＴＳ・売りＴＴＢです。,1:5.81％は預入時にＴＴＢを用いた誤りや、金利加算を省いた計算で生じやすい値です。円→ドルはＴＴＳ125.00円、ドル→円はＴＴＢ130.00円で計算し、6.60％になります。;2:6.27％は第2バッチ（138.00円・143.00円・2.50％）の正答を流用した誤答です。本問は125.00円・130.00円で再計算し、6.60％が正しい利回りです。為替レートを確認してください。;4:7.45％は為替差益だけを過大に見積もった誤答で生じやすい値です。金利2.50％分の米ドル増と為替変動の両方を含め、投下125.00万円で割ります。,外貨預金利回りは各バッチと同型。為替は買いＴＴＳ・売りＴＴＢを毎回確認する。
95,single,ライフプランニングと資金計画,FP2級;学科;実践演習;四答択;source:2025-gakka-01-v5,2025-gakka-01,,"Ｇさんの可処分所得（年間）の金額は、下記の〈資料〉によれば、 （   ）である。

〈資料〉Ｇさんの年間収入等
給与収入　　： 780万円（給与所得 ： 560万円）
所得税・住民税 ：  58万円
社会保険料　 ：  85万円
生命保険料　 ：  20万円",,,,,,637万円,657万円,700万円,780万円,2,正解は2です。可処分所得＝給与収入－所得税・住民税－社会保険料です。780万円－58万円－85万円＝657万円。生命保険料20万円は差し引きません。,学科の可処分所得をベースに、収入・控除額だけ変更した第5の演習です。,780－58－85＝657万円。給与所得560万円や生命保険料20万円はこの式に含めません。,1:637万円は生命保険料まで差し引いた値など、家計支出を控除に含めた誤りです。可処分所得は税と社会保険料のみを給与収入から引き、保険料20万円は控除項目ではありません。;3:700万円は給与所得560万円をベースにした誤計算で生じやすい値です。本問は給与収入780万円から税58万円と社保85万円を引き、657万円になります。給与所得額は使いません。;4:780万円は給与収入そのもので、税・社会保険料を差し引いていません。所得税・住民税と社会保険料の両方を引く必要があり、657万円が正答です。収入全額ではありません。,可処分所得＝給与収入－所得税・住民税－社会保険料。第85問（703万円）と数値を取り違えない。
96,single,ライフプランニングと資金計画,FP2級;学科;実践演習;四答択;source:2025-gakka-10-v10,2025-gakka-10,,"下記の〈Ｖ社の貸借対照表〉に基づくＶ社の自己資本比率は、 （   ）である。なお、自己資本比率＝純資産÷総資産×100とする。

〈Ｖ社の貸借対照表〉（単位：百万円）
総資産　9,000
純資産　3,600",,,,,,30.0％,35.0％,40.0％,45.0％,3,"正解は3です。自己資本比率＝3,600百万円÷9,000百万円×100＝40.0％です。",学科第10問をベースに、自己資本比率を直接計算する第4の演習です。,"3,600÷9,000×100＝40.0％。純資産を総資産で割り、百分率に直します。","1:30.0％は2,700÷9,000など、純資産を誤った場合の値です。純資産は3,600百万円なので、3,600÷9,000×100＝40.0％が正しい計算になります。;2:35.0％は3,150÷9,000など、純資産を小さく取った誤答です。本問の純資産3,600百万円を総資産9,000百万円で割ると40.0％になります。数値を確認してください。;4:45.0％は4,050÷9,000など、純資産を大きく取った誤答で生じやすい値です。自己資本比率は純資産3,600百万円÷総資産9,000百万円×100＝40.0％です。第75問（30％）と取り違えないこと。",自己資本比率＝純資産÷総資産×100。第21問（43.8％）・第44問（45％）と数値を流用しない。
97,single,ライフプランニングと資金計画,FP2級;学科;実践演習;四答択;source:2025-gakka-10-v11,2025-gakka-10,,"下記の〈Ｗ社の貸借対照表〉に基づくＷ社の固定長期適合率は、 （   ）である。なお、固定長期適合率＝（純資産＋固定負債）÷固定資産×100とする。

〈Ｗ社の貸借対照表〉（単位：百万円）
固定資産　2,200
流動負債　　350
固定負債　　400
純資産　　1,800",,,,,,80％,90％,100％,110％,3,"正解は3です。（1,800＋400）百万円÷2,200百万円×100＝100％です。",学科第10問をベースに、固定長期適合率を直接計算する第3の演習です。,"（1,800＋400）÷2,200×100＝100％。純資産と固定負債の合計を固定資産で割ります。","1:80％は純資産1,800百万円÷2,200など、固定負債を加算しない誤りです。固定長期適合率は純資産に固定負債400百万円を足し、2,200百万円で割ります。;2:90％は（1,800＋350）÷2,200など、流動負債を誤って加算した誤答です。加算するのは固定負債400百万円であり、流動負債350百万円は使いません。負債区分に注意してください。;4:110％は固定資産を2,000百万円と誤った場合などに出やすい値です。固定資産2,200百万円を分母に（1,800＋400）÷2,200×100＝100％が正答です。第86問と同率でも再計算すること。",固定長期適合率＝（純資産＋固定負債）÷固定資産×100。流動負債は分子に含めない。
98,single,タックスプランニング,FP2級;学科;実践演習;四答択;source:2026-gakka-34-v4,2026-gakka-34,,Ｈさんの2025年分の所得税における医療費控除の控除額を計算する場合、総所得金額が420万円、医療費として実際に支払った金額が52万円、その補填として受け取った保険金が3万円であるとき、医療費控除額は、 （   ）である。なお、「特定一般用医薬品等購入費を支払った場合の医療費控除の特例」は考慮しない。,,,,,,19万円,25万円,30万円,35万円,3,"正解は3です。医療費控除額＝支払医療費－保険金等の補填－max(10万円, 総所得金額×5％)です。52万円－3万円－21万円（420万円×5％）＝30万円です。",2026年学科第34問の4問目。医療費控除額を直接計算する演習です。,補填後49万円から、総所得420万円の5％である21万円（10万円超）を差し引き、控除額30万円です。,1:19万円は最低限度額10万円だけを差し引いた誤りです。総所得420万円の場合は5％の21万円が限度となるため、控除額は30万円です。10万円固定ではありません。;2:25万円は保険金補填3万円を差し引かない誤りで生じやすい値です。補填分は支払医療費から控除し、52－3－21＝30万円と計算します。補填を忘れないこと。;4:35万円は限度額を差し引かない誤答で生じやすい値です。補填後49万円から限度21万円を引き、控除額は30万円です。限度額そのものを控除額と混同しないこと。,"医療費控除＝支払－補填－max(10万, 総所得×5％)。第87問（380万・27万円）と数値を取り違えない。"
99,single,タックスプランニング,FP2級;学科;実践演習;四答択;source:2026-gakka-32-v5,2026-gakka-32,,所得税における一時所得に係る総収入金額が220万円で、その収入を得るために支出した金額が52万円である場合、一時所得の金額は（ ① ）、そのうち総所得金額に算入される金額は（ ② ）となる。,,,,,,① 128万円   ②  64万円,① 178万円   ②  89万円,① 178万円   ② 178万円,① 200万円   ② 100万円,1,正解は1です。一時所得の金額＝220万円－52万円－特別控除50万円＝128万円。総所得金額への算入はその2分の1なので、64万円です。,学科の一時所得をベースに、収入・支出だけ変更した第5の演習です。,一時所得＝220－52－50＝128万円。総所得算入は半額の64万円です。,2:①178万円②89万円は特別控除50万円を差し引かない誤りです。一時所得は必ず50万円控除後の金額を半分だけ総所得に算入するため、128万円・64万円が正答です。;3:①178万円②178万円は2分の1の算入を忘れた誤りです。一時所得の金額128万円のうち、総所得に入るのは半分の64万円であり、全額は算入されません。半分だけ算入します。;4:①200万円②100万円は支出52万円を差し引かない誤りで生じやすい値です。収入を得るための支出は必ず差し引いてから50万円控除を適用し、128万円・64万円と計算します。,一時所得は「収入－支出－50万円」。総所得への算入はその半分。第88問（142万・71万）と取り違えない。
100,single,相続・事業承継,FP2級;学科;実践演習;四答択;source:2025-gakka-52-v5,2025-gakka-52,,Ｉさんが暦年課税により叔父から現金125万円の贈与を受けた場合の贈与税の課税価格は、 （   ）である。なお、相続時精算課税制度の適用は受けないものとする。,,,,,,5万円,15万円,110万円,125万円,2,正解は2です。課税価格＝125万円－基礎控除110万円＝15万円です。,学科の贈与税をベースに、贈与額125万円に変更した課税価格の演習です。,125万円－110万円＝15万円。暦年課税の基礎控除は年110万円です。,1:5万円は贈与115万円と誤認した場合の課税価格など、別の贈与額の結果です。贈与額125万円から基礎控除110万円を引き、課税価格は15万円になります。贈与額を確認してください。;3:110万円は基礎控除額そのもので、課税価格ではありません。基礎控除110万円を超える部分が課税価格となり、本問は125－110＝15万円です。控除額と課税価格は別です。;4:125万円は贈与財産の価額そのもので、基礎控除を差し引いていません。暦年課税では110万円の基礎控除後の15万円が課税価格です。贈与額全額は課税価格ではありません。,暦年課税の課税価格＝贈与額－110万円。第80問（20万円）・第51問（60万円）と贈与額を取り違えない。
101,single,金融資産運用,FP2級;学科;実践演習;四答択;source:2026-gakka-26-v12,2026-gakka-26,,"Ｂ社の１株当たり純利益が120円、１株当たり純資産（自己資本）が1,500円である場合、Ｂ社のＲＯＥは、 （   ）である。",,,,,,6％,8％,10％,12％,2,"正解は2です。ROE＝１株当たり純利益÷１株当たり純資産×100です。120円÷1,500円×100＝8％です。",2026年学科第26問のROEをベースに、純利益と純資産だけ変更した第5の演習です。,"ROE＝120÷1,500×100＝8％。分子は純利益、分母は自己資本（純資産）です。","1:6％は120÷2,000×100など、純資産を大きく取った誤計算で生じやすい値です。本問の純資産は1,500円なので、120÷1,500×100＝8％が正しい計算になります。;3:10％は純利益を150円と誤認した場合の値です。純利益120円・純資産1,500円を用いると8％となり、10％にはなりません。純利益の数値を確認してください。;4:12％は120÷1,000×100など、分母の純資産を小さくした誤りで出やすい値です。自己資本1,500円を分母に割るとROEは8％になります。株価ではなく純資産を使います。","ROE＝純利益÷純資産×100。第71問（108円・1,350円・8％）と数値を取り違えない。"
102,single,金融資産運用,FP2級;学科;実践演習;四答択;source:2026-gakka-26-v13,2026-gakka-26,,"Ｃ社の株価が2,070円、１株当たり純資産（自己資本）が690円である場合、Ｃ社のＰＢＲ（株価純資産倍率）は、 （   ）である。",,,,,,2.5倍,3.0倍,3.5倍,4.0倍,2,"正解は2です。PBR＝株価÷１株当たり純資産です。2,070円÷690円＝3.0倍です。",2026年学科第26問のPBRをベースに、株価と純資産だけ変更した第3の演習です。,"PBR＝2,070÷690＝3.0倍。株価を１株当たり純資産で割ります。","1:2.5倍は2,070÷828など、純資産を大きく取った誤計算で生じやすい値です。純資産は690円なので、2,070÷690＝3.0倍が正しい計算になります。分母の純資産を確認してください。;3:3.5倍は2,415÷690など、株価を誤って大きくした場合に近い値です。株価2,070円・純資産690円をそのまま割ると3.0倍であり、3.5倍にはなりません。;4:4.0倍はPERと混同して純利益で割った場合などに出やすい誤答です。PBRの分母は純資産690円であり、2,070÷690＝3.0倍です。純利益は使いません。","PBR＝株価÷BPS。第61問（1,950円・650円・3.0倍）と株価・純資産の組合せを取り違えない。"
103,single,金融資産運用,FP2級;学科;実践演習;四答択;source:2025-gakka-28-v9,2025-gakka-28,,"Ｊさんのポートフォリオにおける各資産の構成比および期待収益率が下記のとおりである場合、当該ポートフォリオの期待収益率は、 （   ）である。

預金　15％　期待収益率0.1％
債券　45％　期待収益率1.6％
株式　40％　期待収益率5.8％",,,,,,2.95％,3.04％,3.15％,3.25％,2,正解は2です。0.1％×15％＋1.6％×45％＋5.8％×40％＝0.015％＋0.72％＋2.32％＝3.035％→表示上3.04％です。,2025年学科第28問の9問目。構成比と収益率を再変更した演習です。,0.1×0.15＋1.6×0.45＋5.8×0.4＝3.035％→3.04％。各資産の加重平均です。,1:2.95％は構成比を誤った加重平均の結果です。15％・45％・40％で0.1％・1.6％・5.8％を掛け合わせ、合計3.04％になります。構成比を確認してください。;3:3.15％は第10バッチの構成比（25・35・40）の結果に近い誤答です。本問は15・45・40で再計算すると3.04％が正しい期待収益率です。過去の派生正答を流用しないこと。;4:3.25％は単純平均（0.1＋1.6＋5.8）÷3など、構成比を無視した計算で生じやすい誤答です。本問は15％・45％・40％で加重するため、3.04％が正答です。単純平均ではありません。,ポートフォリオ期待収益率は毎回構成比から計算。第92問（2.80％）と構成比を取り違えない。
104,single,金融資産運用,FP2級;学科;実践演習;四答択;source:2025-gakka-24-v9,2025-gakka-24,,表面利率（クーポンレート）3％、残存期間4年の固定利付債券を額面100円当たり96円で購入した場合の最終利回り（年率・単利）は、 （   ）である。なお、税金等は考慮しないものとし、計算結果は表示単位の小数点以下第３位を四捨五入している。,,,,,,3.47％,4.00％,4.17％,4.50％,3,正解は3です。{3％＋(100円－96円)÷4年}÷96円×100＝{3＋1}÷96×100≒4.167％→小数点以下第3位四捨五入で4.17％です。,学科の債券最終利回りの9問目。ディスカウント購入・4年残存に変更した演習です。,{3＋(100－96)÷4}÷96×100≒4.167％→4.17％。償還差益を期間で按分します。,1:3.47％は第7問（98円・5年・3.47％）の正答を流用した誤答です。本問は購入価格96円・残存4年で再計算し、4.17％が正しい最終利回りです。数値を流用しないこと。;2:4.00％は償還差益の按分を誤った場合に出やすい値です。ディスカウント購入では(100－96)÷4＝1を加算し、式どおり4.17％になります。按分年数を確認してください。;4:4.50％は表面利率3％に償還差益4円をそのまま加算した誤りなどに近い値です。償還差益は残存4年で按分し、{3＋1}÷96×100≒4.17％が正しい利回りです。,ディスカウント購入（96円）では(100－96)がプラス。第73問（3.99％）と購入価格・期間を取り違えない。
105,single,金融資産運用,FP2級;学科;実践演習;四答択;source:2026-gakka-27-v7,2026-gakka-27,,"下記の〈条件〉で、円貨を米ドルに交換して米ドル建定期預金に10,000米ドルを預け入れ、満期時に元利金の米ドルを円貨に交換して受け取る場合における利回り（単利・年率）は、 （   ）である。なお、税金は考慮しないものとし、計算結果は表示単位の小数点以下第３位を四捨五入するものとする。

〈条件〉
・預入期間：１年
・預金金利：2.50％（年率）
・為替予約なし
・為替レート（米ドル／円）
　預入時…ＴＴＳ：134.00円　ＴＴＢ：133.00円
　満期時…ＴＴＳ：140.00円　ＴＴＢ：139.00円",,,,,,5.81％,6.27％,6.55％,7.45％,3,"正解は3です。預入時10,000×134.00＝134.00万円、満期時10,250×139.00＝142.775万円。利回り＝8.775万円÷134.00万円×100≒6.548％→6.55％です。",2026年学科第27問の7問目。為替レートと金利だけ変更した外貨預金の演習です。,134.00万円投下、142.775万円受取。差額8.775万÷134.00万×100≒6.55％。買いＴＴＳ・売りＴＴＢです。,1:5.81％は預入時にＴＴＢを用いた誤りや、金利加算を省いた計算で生じやすい値です。円→ドルはＴＴＳ134.00円、ドル→円はＴＴＢ139.00円で計算し、6.55％になります。;2:6.27％は第2バッチ（138.00円・143.00円）の正答を流用した誤答です。本問は134.00円・139.00円で再計算し、6.55％が正しい利回りです。為替レートを確認してください。;4:7.45％は為替差益だけを過大に見積もった誤答で生じやすい値です。金利2.50％分の米ドル増と為替変動の両方を含め、投下134.00万円で割ります。,外貨預金利回りは各バッチと同型。為替は買いＴＴＳ・売りＴＴＢを毎回確認する。
106,single,ライフプランニングと資金計画,FP2級;学科;実践演習;四答択;source:2025-gakka-01-v6,2025-gakka-01,,"Ｋさんの可処分所得（年間）の金額は、下記の〈資料〉によれば、 （   ）である。

〈資料〉Ｋさんの年間収入等
給与収入　　： 920万円（給与所得 ： 660万円）
所得税・住民税 ：  72万円
社会保険料　 ：  98万円
生命保険料　 ：  22万円",,,,,,750万円,810万円,850万円,920万円,1,正解は1です。可処分所得＝給与収入－所得税・住民税－社会保険料です。920万円－72万円－98万円＝750万円。生命保険料22万円は差し引きません。,学科の可処分所得をベースに、収入・控除額だけ変更した第6の演習です。,920－72－98＝750万円。給与所得660万円や生命保険料22万円はこの式に含めません。,2:810万円は生命保険料まで差し引いた値など、家計支出を控除に含めた誤りです。可処分所得は税と社会保険料のみを給与収入から引き、保険料22万円は控除項目ではありません。;3:850万円は給与所得660万円をベースにした誤計算で生じやすい値です。本問は給与収入920万円から税72万円と社保98万円を引き、750万円になります。給与所得額は使いません。;4:920万円は給与収入そのもので、税・社会保険料を差し引いていません。所得税・住民税と社会保険料の両方を引く必要があり、750万円が正答です。収入全額ではありません。,可処分所得＝給与収入－所得税・住民税－社会保険料。第95問（657万円）と数値を取り違えない。
107,single,ライフプランニングと資金計画,FP2級;学科;実践演習;四答択;source:2025-gakka-10-v12,2025-gakka-10,,"下記の〈Ｘ社の貸借対照表〉および当期純利益に基づくＸ社の自己資本当期純利益率は、 （   ）である。なお、自己資本当期純利益率＝当期純利益÷純資産×100とする。

〈Ｘ社の貸借対照表〉（単位：百万円）
総資産　10,800
純資産　　8,400
当期純利益　420",,,,,,4.0％,5.0％,6.0％,8.0％,2,"正解は2です。自己資本当期純利益率＝420百万円÷8,400百万円×100＝5.0％です。",学科第10問をベースに、自己資本当期純利益率を直接計算する第3の演習です。,"420÷8,400×100＝5.0％。当期純利益を純資産で割り、百分率に直します。","1:4.0％は420÷10,500など、総資産を分母にした誤りです。自己資本当期純利益率の分母は純資産8,400百万円であり、420÷8,400×100＝5.0％です。総資産は使いません。;3:6.0％は504÷8,400など、当期純利益を誤った場合の値です。当期純利益は420百万円なので、420÷8,400×100＝5.0％が正しい計算になります。;4:8.0％は672÷8,400など、当期純利益を大きく取った誤答で生じやすい値です。純資産8,400百万円に対する当期純利益420百万円なので、自己資本当期純利益率は5.0％です。",自己資本当期純利益率＝当期純利益÷純資産×100。第43問・第76問（5.0％）と同率でも再計算すること。
108,single,タックスプランニング,FP2級;学科;実践演習;四答択;source:2026-gakka-33-v5,2026-gakka-33,,Ｌさんの2025年分の所得税における総所得金額は、給与所得の金額が310万円、配当所得の金額が25万円であるとき、 （   ）である。なお、ほかの所得はないものとする。,,,,,,285万円,310万円,335万円,375万円,3,正解は3です。総所得金額は各所得の金額を合計します。310万円＋25万円＝335万円です。,2026年学科第33問をベースに、給与所得と配当所得の単純合計の演習です。,給与所得310万円＋配当所得25万円＝335万円。損益通算が不要な場合は単純合計です。,1:285万円は310万円－25万円など、所得を差し引いた誤りです。配当所得は総所得に加算するため、310＋25＝335万円が総所得金額です。差し引きではありません。;2:310万円は給与所得のみで、配当所得25万円を加算していません。ほかの所得がない場合でも、配当所得を合計し、335万円が総所得金額です。両方足します。;4:375万円は給与収入金額と混同した誤答で生じやすい値です。本問は所得の金額（給与所得310万円）を合計し、335万円になります。収入金額ではありません。,総所得金額は各所得の金額の合計。第68問（給与＋不動産）と所得の種類を取り違えない。
109,single,タックスプランニング,FP2級;学科;実践演習;四答択;source:2026-gakka-16-v6,2026-gakka-16,,"給与所得者が28年間勤務した会社を定年退職し、退職金2,800万円の支給を受けた場合、所得税における退職所得の金額の計算上、退職所得控除額は（   ）となる。",,,,,,"800万円＋40万円×(28年－20年)＝1,120万円","800万円＋70万円×(28年－20年)＝1,360万円","70万円×28年＝1,960万円","40万円×28年＝1,120万円",2,"正解は2です。勤続28年（20年超）なので、800万円＋70万円×(28－20)＝800万円＋560万円＝1,360万円です。",学科の退職所得控除の6問目。28年勤続（20年超）に変更した演習です。,"28年は20年超。800万円＋70万円×(28－20)＝1,360万円。40万円×年数の式は使いません。","1:800万円＋40万円×(28－20)は20年超用の70万円式を誤用した選択肢です。28年勤続は20年超なので、800万円＋70万円×8年＝1,360万円の公式を使います。年数で式を選びます。;3:70万円×28年は退職所得控除の公式ではありません。20年超は800万円＋70万円×(年－20)であり、28年なら1,360万円になります。70万円×年数ではありません。;4:40万円×28年は20年以下用の式を誤用した誤答です。28年勤続は20年超なので、800万円＋70万円×(28－20)＝1,360万円が控除額です。40万円×年数は使いません。","退職所得控除は20年以下と20年超で式が異なる。第60問（25年・1,150万）と勤続年数を取り違えない。"
110,single,相続・事業承継,FP2級;学科;実践演習;四答択;source:2026-gakka-58-v9,2026-gakka-58,,"貸家建付地の相続税評価額は、その自用地としての価額が6,000万円、借地権割合が60％、借家権割合が30％、賃貸割合が100％である場合、 （   ）となる。",,,,,,"4,200万円","4,680万円","4,920万円","6,000万円",3,"正解は3です。6,000万円×(1－60％×30％×100％)＝6,000万円×82％＝4,920万円です。",学科の貸家建付地の6問目。借地権・借家権割合だけ変更した演習です。,"6,000×(1－0.6×0.3×1)＝4,920万円。3つの割合を掛けて控除率18％です。","1:4,200万円は6,000万円×70％など、借地権割合だけを控除した誤りです。貸家建付地では借家権割合と賃貸割合も掛け合わせ、0.6×0.3×1＝18％を控除します。3つ掛け算です。;2:4,680万円は別の割合を混同した誤答で生じやすい値です。本問は自用地6,000万円に82％を掛け、4,920万円が評価額になります。過去問の数値を流用しないこと。;4:6,000万円は自用地のままの評価額で、貸家建付地としての減額を反映していません。借地権60％・借家権30％を掛け合わせ控除し、4,920万円が正しい評価額です。自用地価額のままではありません。","貸家建付地＝自用地×(1－借地権×借家権×賃貸割合)。第90問（3,900万円）と割合を取り違えない。"
111,single,金融資産運用,FP2級;学科;実践演習;四答択;source:2026-gakka-26-v14,2026-gakka-26,,"Ｄ社の株価が2,100円、１株当たり純利益が75円である場合、Ｄ社のＰＥＲ（株価収益率）は、 （   ）である。",,,,,,24倍,28倍,30倍,32倍,2,"正解は2です。PER＝株価÷１株当たり純利益です。2,100円÷75円＝28倍です。",2026年学科第26問をベースに、PERを直接計算する第5の演習です。,"PER＝2,100÷75＝28倍。株価を１株当たり純利益で割ります。","1:24倍は2,100÷87.5など、純利益を誤った場合の誤答です。本問の純利益は75円なので、2,100÷75＝28倍が正しい計算になります。純利益の数値を確認してください。;3:30倍は2,250÷75など、株価を誤って大きくした場合に近い値です。株価2,100円・純利益75円をそのまま割ると28倍であり、30倍にはなりません。;4:32倍は2,400÷75など、株価をさらに大きく取った誤答で生じやすい値です。PERは株価2,100円を純利益75円で割り、28倍です。掛け算ではなく割り算です。","PER＝株価÷EPS。第91問（2,040円・68円・30倍）と株価・純利益の組合せを取り違えない。"
112,single,金融資産運用,FP2級;学科;実践演習;四答択;source:2025-gakka-28-v10,2025-gakka-28,,"Ｇさんのポートフォリオにおける各資産の構成比および期待収益率が下記のとおりである場合、当該ポートフォリオの期待収益率は、 （   ）である。

預金　20％　期待収益率0.1％
債券　30％　期待収益率1.8％
株式　50％　期待収益率6.0％",,,,,,3.35％,3.46％,3.56％,3.68％,3,正解は3です。0.1％×20％＋1.8％×30％＋6.0％×50％＝0.02％＋0.54％＋3.00％＝3.56％です。,2025年学科第28問の10問目。構成比と収益率を再変更した演習です。,0.1×0.2＋1.8×0.3＋6.0×0.5＝3.56％。各資産の加重平均です。,1:3.35％は構成比を誤った加重平均の結果です。20％・30％・50％で0.1％・1.8％・6.0％を掛け合わせ、合計3.56％になります。構成比を確認してください。;2:3.46％は第11バッチの構成比（15・45・40）の結果に近い誤答です。本問は20・30・50で再計算すると3.56％が正しい期待収益率です。過去の派生正答を流用しないこと。;4:3.68％は単純平均（0.1＋1.8＋6.0）÷3など、構成比を無視した計算で生じやすい誤答です。本問は20％・30％・50％で加重するため、3.56％が正答です。単純平均ではありません。,ポートフォリオ期待収益率は毎回構成比から計算。第103問（3.04％）と構成比を取り違えない。
113,single,金融資産運用,FP2級;学科;実践演習;四答択;source:2025-gakka-24-v10,2025-gakka-24,,表面利率（クーポンレート）3％、残存期間3年の固定利付債券を額面100円当たり102円で購入した場合の最終利回り（年率・単利）は、 （   ）である。なお、税金等は考慮しないものとし、計算結果は表示単位の小数点以下第３位を四捨五入している。,,,,,,2.28％,2.50％,2.83％,3.00％,1,正解は1です。{3％＋(100円－102円)÷3年}÷102円×100＝{3－0.667}÷102×100≒2.284％→小数点以下第3位四捨五入で2.28％です。,学科の債券最終利回りの10問目。プレミアム購入・3年残存に変更した演習です。,{3＋(100－102)÷3}÷102×100≒2.284％→2.28％。償還差損を期間で按分します。,2:2.50％は償還差損の按分を誤った場合に出やすい値です。プレミアム購入では(100－102)÷3がマイナスとなり、式どおり2.28％になります。按分年数を確認してください。;3:2.83％はディスカウント購入の式を誤用した誤答で生じやすい値です。本問は102円で購入するプレミアム債であり、{3＋(100－102)÷3}÷102×100≒2.28％です。;4:3.00％は表面利率そのもので、償還差損の按分を反映していません。最終利回りは購入価格と償還差損を考慮し、2.28％が正しい利回りです。表面利率だけではありません。,プレミアム購入では(100－購入価格)がマイナス。第104問（ディスカウント96円）と購入価格を取り違えない。
114,single,金融資産運用,FP2級;学科;実践演習;四答択;source:2026-gakka-27-v8,2026-gakka-27,,"下記の〈条件〉で、円貨を米ドルに交換して米ドル建定期預金に10,000米ドルを預け入れ、満期時に元利金の米ドルを円貨に交換して受け取る場合における利回り（単利・年率）は、 （   ）である。なお、税金は考慮しないものとし、計算結果は表示単位の小数点以下第３位を四捨五入するものとする。

〈条件〉
・預入期間：１年
・預金金利：2.50％（年率）
・為替予約なし
・為替レート（米ドル／円）
　預入時…ＴＴＳ：134.00円　ＴＴＢ：133.00円
　満期時…ＴＴＳ：140.00円　ＴＴＢ：139.50円",,,,,,5.96％,6.23％,6.40％,6.68％,3,"正解は3です。預入時10,000×134.00＝134.00万円、満期時10,250×139.50＝142.575万円。利回り＝8.575万円÷134.00万円×100≒6.398％→6.40％です。",2026年学科第27問の8問目。為替レートと金利だけ変更した外貨預金の演習です。,134.00万円投下、142.575万円受取。差額8.575万÷134.00万×100≒6.40％。買いＴＴＳ・売りＴＴＢです。,1:5.96％は預入時にＴＴＢを用いた誤りや、金利加算を省いた計算で生じやすい値です。円→ドルはＴＴＳ134.00円、ドル→円はＴＴＢ139.50円で計算し、6.40％になります。;2:6.23％は満期時ＴＴＢを139.00円と誤認した場合に近い誤答です。本問は満期時ＴＴＢ139.50円で再計算し、6.40％が正しい利回りです。為替レートを確認してください。;4:6.68％は第11バッチ（139.00円）の正答を流用した誤答です。本問は139.50円で再計算し、6.40％が正しい利回りです。過去の派生正答を流用しないこと。,外貨預金利回りは各バッチと同型。為替は買いＴＴＳ・売りＴＴＢを毎回確認する。
115,single,ライフプランニングと資金計画,FP2級;学科;実践演習;四答択;source:2025-gakka-01-v7,2025-gakka-01,,"Ｍさんの可処分所得（年間）の金額は、下記の〈資料〉によれば、 （   ）である。

〈資料〉Ｍさんの年間収入等
給与収入　　： 905万円（給与所得 ： 645万円）
所得税・住民税 ：  68万円
社会保険料　 ： 102万円
生命保険料　 ：  24万円",,,,,,715万円,875万円,905万円,921万円,2,正解は2です。可処分所得＝給与収入－所得税・住民税－社会保険料です。905万円－68万円－102万円＝875万円。生命保険料24万円は差し引きません。,学科の可処分所得をベースに、収入・控除額だけ変更した第7の演習です。,905－68－102＝875万円。給与所得645万円や生命保険料24万円はこの式に含めません。,1:715万円は社会保険料をさらに大きく差し引いた誤りで生じやすい値です。社保は102万円なので、905－68－102＝875万円が可処分所得です。控除額を確認してください。;3:905万円は給与収入そのもので、税・社会保険料を差し引いていません。所得税・住民税と社会保険料の両方を引く必要があり、875万円が正答です。収入全額ではありません。;4:921万円は生命保険料24万円を加算した誤りで生じやすい値です。生命保険料は可処分所得の控除項目ではなく、905－68－102＝875万円です。保険料を足し算しません。,可処分所得＝給与収入－所得税・住民税－社会保険料。第106問（750万円）と数値を取り違えない。
116,single,ライフプランニングと資金計画,FP2級;学科;実践演習;四答択;source:2025-gakka-10-v13,2025-gakka-10,,"下記の〈Ｙ社の貸借対照表〉に基づくＹ社の固定長期適合率は、 （   ）である。なお、固定長期適合率＝（純資産＋固定負債）÷固定資産×100とする。

〈Ｙ社の貸借対照表〉（単位：百万円）
固定資産　3,200
流動負債　　380
固定負債　　720
純資産　　2,580",,,,,,95％,100％,103％,110％,3,"正解は3です。（2,580＋720）百万円÷3,200百万円×100＝103.125％→表示上103％です。",学科第10問をベースに、固定長期適合率を直接計算する第4の演習です。,"（2,580＋720）÷3,200×100＝103.125％→103％。純資産と固定負債の合計を固定資産で割ります。","1:95％は純資産2,580百万円÷2,730など、固定負債を加算しない誤りです。固定長期適合率は純資産に固定負債720百万円を足し、3,200百万円で割ります。;2:100％は（2,580＋620）÷3,200など、固定負債を誤った場合の値です。固定負債は720百万円なので、（2,580＋720）÷3,200×100＝103％が正答です。負債区分に注意してください。;4:110％は固定資産を小さく取った誤りで生じやすい値です。固定資産3,200百万円を分母に（2,580＋720）÷3,200×100＝103％が正しい計算になります。",固定長期適合率＝（純資産＋固定負債）÷固定資産×100。第86問（100％）と数値を取り違えない。
117,single,タックスプランニング,FP2級;学科;実践演習;四答択;source:2026-gakka-34-v4,2026-gakka-34,,Ｎさんの2025年分の所得税における医療費控除の控除額を計算する場合、総所得金額が420万円、医療費として実際に支払った金額が52万円、その補填として受け取った保険金が5万円であるとき、医療費控除額は、 （   ）である。なお、「特定一般用医薬品等購入費を支払った場合の医療費控除の特例」は考慮しない。,,,,,,17万円,22万円,26万円,32万円,3,"正解は3です。医療費控除額＝支払医療費－保険金等の補填－max(10万円, 総所得金額×5％)です。52万円－5万円－21万円（420万円×5％）＝26万円です。",2026年学科第34問の4問目。医療費控除額を直接計算する演習です。,補填後47万円から、総所得420万円の5％である21万円（10万円超）を差し引き、控除額26万円です。,1:17万円は最低限度額10万円だけを差し引いた誤りです。総所得420万円の場合は5％の21万円が限度となるため、控除額は26万円です。10万円固定ではありません。;2:22万円は保険金補填5万円を差し引かない誤りで生じやすい値です。補填分は支払医療費から控除し、52－5－21＝26万円と計算します。補填を忘れないこと。;4:32万円は限度額を差し引かない誤答で生じやすい値です。補填後47万円から限度21万円を引き、控除額は26万円です。限度額そのものを控除額と混同しないこと。,"医療費控除＝支払－補填－max(10万, 総所得×5％)。第87問（380万・27万円）と数値を取り違えない。"
118,single,タックスプランニング,FP2級;学科;実践演習;四答択;source:2026-gakka-32-v5,2026-gakka-32,,所得税における一時所得に係る総収入金額が300万円で、その収入を得るために支出した金額が70万円である場合、一時所得の金額は（ ① ）、そのうち総所得金額に算入される金額は（ ② ）となる。,,,,,,① 130万円   ②  65万円,① 180万円   ②  90万円,① 180万円   ② 180万円,① 230万円   ② 115万円,2,正解は2です。一時所得の金額＝300万円－70万円－特別控除50万円＝180万円。総所得金額への算入はその2分の1なので、90万円です。,学科の一時所得をベースに、収入・支出だけ変更した第5の演習です。,一時所得＝300－70－50＝180万円。総所得算入は半額の90万円です。,1:①130万円②65万円は支出70万円を差し引かない誤りです。300－70－50＝180万円が一時所得の金額であり、半額の90万円が総所得への算入額です。支出を忘れないこと。;3:①180万円②180万円は半額算入のルールを誤用した誤答です。一時所得180万円のうち総所得に算入するのは2分の1の90万円です。全額算入ではありません。;4:①230万円②115万円は特別控除50万円を差し引かない誤りです。一時所得は収入－支出－50万円であり、300－70－50＝180万円、算入は90万円です。特別控除を忘れないこと。,一時所得＝収入－支出－50万円、総所得算入は半額。第88問（142万・71万円）と数値を取り違えない。
119,single,相続・事業承継,FP2級;学科;実践演習;四答択;source:2025-gakka-52-v5,2025-gakka-52,,Ｃさんが暦年課税により弟から現金145万円の贈与を受けた場合の贈与税の課税価格は、 （   ）である。なお、相続時精算課税制度の適用は受けないものとする。,,,,,,25万円,35万円,110万円,145万円,2,正解は2です。課税価格＝145万円－基礎控除110万円＝35万円です。,学科の贈与税をベースに、贈与額145万円に変更した課税価格の演習です。,145万円－110万円＝35万円。暦年課税の基礎控除は年110万円です。,1:25万円は贈与135万円と誤認した場合の課税価格など、別の贈与額の結果です。贈与額145万円から基礎控除110万円を引き、課税価格は35万円になります。贈与額を確認してください。;3:110万円は基礎控除額そのもので、課税価格ではありません。基礎控除110万円を超える部分が課税価格となり、本問は145－110＝35万円です。控除額と課税価格は別です。;4:145万円は贈与財産の価額そのもので、基礎控除を差し引いていません。暦年課税では110万円の基礎控除後の35万円が課税価格です。贈与額全額は課税価格ではありません。,暦年課税の課税価格＝贈与額－110万円。第80問（130万・20万円）と贈与額を取り違えない。
120,single,不動産,FP2級;学科;実践演習;四答択;source:2026-gakka-58-v7,2026-gakka-58,,"貸宅地の相続税評価額は、その自用地としての価額が5,500万円、借地権割合が70％、賃貸割合が100％である場合、 （   ）となる。",,,,,,"1,100万円","1,650万円","3,850万円","5,500万円",2,"正解は2です。5,500万円×(1－70％×100％)＝5,500万円×30％＝1,650万円です。",学科の貸宅地の7問目。借地権割合だけ変更した演習です。,"5,500×(1－0.7×1)＝1,650万円。借地権割合と賃貸割合を掛けて控除率30％です。","1:1,100万円は5,500万円×20％など、借地権割合を80％と誤認した場合の値です。借地権割合は70％なので、5,500×30％＝1,650万円が評価額になります。割合を確認してください。;3:3,850万円は5,500万円×70％など、借地権割合をそのまま掛けた誤りです。貸宅地は自用地価額から借地権割合×賃貸割合を控除し、1,650万円が正しい評価額です。;4:5,500万円は自用地のままの評価額で、貸宅地としての減額を反映していません。借地権70％・賃貸100％を控除し、1,650万円が正しい評価額です。自用地価額のままではありません。",貸宅地＝自用地×(1－借地権×賃貸割合)。貸家建付地（3因子）と式を取り違えない。
121,single,金融資産運用,FP2級;学科;実践演習;四答択;source:2026-gakka-26-v15,2026-gakka-26,,"Ｅ社の１株当たり純利益が126円、１株当たり純資産（自己資本）が1,400円である場合、Ｅ社のＲＯＥは、 （   ）である。",,,,,,7％,8％,9％,10％,3,"正解は3です。ROE＝１株当たり純利益÷１株当たり純資産×100です。126円÷1,400円×100＝9％です。",2026年学科第26問のROEをベースに、純利益と純資産だけ変更した第6の演習です。,"ROE＝126÷1,400×100＝9％。分子は純利益、分母は自己資本（純資産）です。","1:7％は126÷1,800×100など、純資産を大きく取った誤計算で生じやすい値です。本問の純資産は1,400円なので、126÷1,400×100＝9％が正しい計算になります。;2:8％は第101問（120円・1,500円）の正答を流用した誤答です。本問は126円・1,400円で再計算し、9％が正しいROEです。過去の派生正答を流用しないこと。;4:10％は140÷1,400×100など、純利益を誤認した場合の値です。純利益126円・純資産1,400円を用いると9％となり、10％にはなりません。純利益の数値を確認してください。",ROE＝純利益÷純資産×100。第101問（8％）と数値を取り違えない。
122,single,金融資産運用,FP2級;学科;実践演習;四答択;source:2026-gakka-26-v16,2026-gakka-26,,"Ｆ社の株価が2,160円、１株当たり純資産（自己資本）が540円である場合、Ｆ社のＰＢＲ（株価純資産倍率）は、 （   ）である。",,,,,,2.5倍,3.0倍,3.5倍,4.0倍,4,"正解は4です。PBR＝株価÷１株当たり純資産です。2,160円÷540円＝4.0倍です。",2026年学科第26問のPBRをベースに、株価と純資産だけ変更した第4の演習です。,"PBR＝2,160÷540＝4.0倍。株価を１株当たり純資産で割ります。","1:2.5倍は2,160÷864など、純資産を大きく取った誤計算で生じやすい値です。純資産は540円なので、2,160÷540＝4.0倍が正しい計算になります。分母の純資産を確認してください。;2:3.0倍は第102問（2,070円・690円）の正答を流用した誤答です。本問は2,160円・540円で再計算し、4.0倍が正しいPBRです。過去の派生正答を流用しないこと。;3:3.5倍は1,890÷540など、株価を誤って小さくした場合に近い値です。株価2,160円・純資産540円をそのまま割ると4.0倍であり、3.5倍にはなりません。",PBR＝株価÷BPS。第102問（3.0倍）と株価・純資産の組合せを取り違えない。
123,single,金融資産運用,FP2級;学科;実践演習;四答択;source:2025-gakka-28-v11,2025-gakka-28,,"Ｈさんのポートフォリオにおける各資産の構成比および期待収益率が下記のとおりである場合、当該ポートフォリオの期待収益率は、 （   ）である。

預金　25％　期待収益率0.1％
債券　25％　期待収益率2.2％
株式　50％　期待収益率6.0％",,,,,,3.45％,3.58％,3.68％,3.75％,2,正解は2です。0.1％×25％＋2.2％×25％＋6.0％×50％＝0.025％＋0.55％＋3.00％＝3.575％→表示上3.58％です。,2025年学科第28問の11問目。構成比と収益率を再変更した演習です。,0.1×0.25＋2.2×0.25＋6.0×0.5＝3.575％→3.58％。各資産の加重平均です。,1:3.45％は構成比を誤った加重平均の結果です。25％・25％・50％で0.1％・2.2％・6.0％を掛け合わせ、合計3.58％になります。構成比を確認してください。;3:3.68％は第12バッチの構成比（20・30・50）の結果に近い誤答です。本問は25・25・50で再計算すると3.58％が正しい期待収益率です。過去の派生正答を流用しないこと。;4:3.75％は単純平均（0.1＋2.2＋6.0）÷3など、構成比を無視した計算で生じやすい誤答です。本問は25％・25％・50％で加重するため、3.58％が正答です。単純平均ではありません。,ポートフォリオ期待収益率は毎回構成比から計算。第112問（3.56％）と構成比を取り違えない。
124,single,金融資産運用,FP2級;学科;実践演習;四答択;source:2025-gakka-24-v11,2025-gakka-24,,表面利率（クーポンレート）3％、残存期間4年の固定利付債券を額面100円当たり95円で購入した場合の最終利回り（年率・単利）は、 （   ）である。なお、税金等は考慮しないものとし、計算結果は表示単位の小数点以下第３位を四捨五入している。,,,,,,4.47％,4.60％,4.75％,5.00％,1,正解は1です。{3％＋(100円－95円)÷4年}÷95円×100＝{3＋1.25}÷95×100≒4.474％→小数点以下第3位四捨五入で4.47％です。,学科の債券最終利回りの11問目。ディスカウント購入・4年残存に変更した演習です。,{3＋(100－95)÷4}÷95×100≒4.474％→4.47％。償還差益を期間で按分します。,2:4.60％は償還差益の按分を誤った場合に出やすい値です。ディスカウント購入では(100－95)÷4＝1.25を加算し、式どおり4.47％になります。按分年数を確認してください。;3:4.75％は第104問（96円・4.17％）の正答を流用した誤答です。本問は購入価格95円で再計算し、4.47％が正しい最終利回りです。購入価格を確認してください。;4:5.00％は表面利率に償還差益5円をそのまま加算した誤りなどに近い値です。償還差益は残存4年で按分し、{3＋1.25}÷95×100≒4.47％が正しい利回りです。,ディスカウント購入（95円）では(100－95)がプラス。第104問（96円・4.17％）と購入価格を取り違えない。
125,single,金融資産運用,FP2級;学科;実践演習;四答択;source:2026-gakka-27-v9,2026-gakka-27,,"下記の〈条件〉で、円貨を米ドルに交換して米ドル建定期預金に10,000米ドルを預け入れ、満期時に元利金の米ドルを円貨に交換して受け取る場合における利回り（単利・年率）は、 （   ）である。なお、税金は考慮しないものとし、計算結果は表示単位の小数点以下第３位を四捨五入するものとする。

〈条件〉
・預入期間：１年
・預金金利：2.50％（年率）
・為替予約なし
・為替レート（米ドル／円）
　預入時…ＴＴＳ：133.00円　ＴＴＢ：132.00円
　満期時…ＴＴＳ：139.00円　ＴＴＢ：138.50円",,,,,,5.86％,6.40％,6.82％,7.15％,3,"正解は3です。預入時10,000×133.00＝133.00万円、満期時10,250×138.50＝142.0625万円。利回り＝9.0625万円÷133.00万円×100≒6.817％→6.82％です。",2026年学科第27問の9問目。為替レートと金利だけ変更した外貨預金の演習です。,133.00万円投下、142.0625万円受取。差額9.0625万÷133.00万×100≒6.82％。買いＴＴＳ・売りＴＴＢです。,1:5.86％は預入時にＴＴＢを用いた誤りや、金利加算を省いた計算で生じやすい値です。円→ドルはＴＴＳ133.00円、ドル→円はＴＴＢ138.50円で計算し、6.82％になります。;2:6.40％は第12バッチ（134.00円・139.50円）の正答を流用した誤答です。本問は133.00円・138.50円で再計算し、6.82％が正しい利回りです。為替レートを確認してください。;4:7.15％は為替差益だけを過大に見積もった誤答で生じやすい値です。金利2.50％分の米ドル増と為替変動の両方を含め、投下133.00万円で割ります。,外貨預金利回りは各バッチと同型。為替は買いＴＴＳ・売りＴＴＢを毎回確認する。
126,single,ライフプランニングと資金計画,FP2級;学科;実践演習;四答択;source:2025-gakka-01-v8,2025-gakka-01,,"Ｐさんの可処分所得（年間）の金額は、下記の〈資料〉によれば、 （   ）である。

〈資料〉Ｐさんの年間収入等
給与収入　　： 940万円（給与所得 ： 670万円）
所得税・住民税 ：  75万円
社会保険料　 ：  98万円
生命保険料　 ：  26万円",,,,,,857万円,877万円,940万円,966万円,2,正解は2です。可処分所得＝給与収入－所得税・住民税－社会保険料です。940万円－75万円－98万円＝877万円。生命保険料26万円は差し引きません。,学科の可処分所得をベースに、収入・控除額だけ変更した第8の演習です。,940－75－98＝877万円。給与所得670万円や生命保険料26万円はこの式に含めません。,1:857万円は社会保険料をさらに大きく差し引いた誤りで生じやすい値です。社保は98万円なので、940－75－98＝877万円が可処分所得です。控除額を確認してください。;3:940万円は給与収入そのもので、税・社会保険料を差し引いていません。所得税・住民税と社会保険料の両方を引く必要があり、877万円が正答です。収入全額ではありません。;4:966万円は生命保険料26万円を加算した誤りで生じやすい値です。生命保険料は可処分所得の控除項目ではなく、940－75－98＝877万円です。保険料を足し算しません。,可処分所得＝給与収入－所得税・住民税－社会保険料。第115問（875万円）と数値を取り違えない。
127,single,ライフプランニングと資金計画,FP2級;学科;実践演習;四答択;source:2025-gakka-10-v14,2025-gakka-10,,"下記の〈Ｚ社の貸借対照表〉に基づくＺ社の流動比率は、 （   ）である。なお、流動比率＝流動資産÷流動負債×100とする。

〈Ｚ社の貸借対照表〉（単位：百万円）
流動資産　1,680
固定資産　2,400
流動負債　　960
固定負債　　600
純資産　　2,720",,,,,,150％,160％,175％,200％,3,"正解は3です。流動比率＝1,680百万円÷960百万円×100＝175％です。",学科第10問をベースに、流動比率を直接計算する第3の演習です。,"1,680÷960×100＝175％。流動資産を流動負債で割ります。","1:150％は1,440÷960など、流動資産を誤った場合の値です。流動資産は1,680百万円なので、1,680÷960×100＝175％が正しい計算になります。;2:160％は1,536÷960など、流動資産を小さく取った誤答です。流動負債960百万円に対する流動資産1,680百万円なので、流動比率は175％です。面積を再確認してください。;4:200％は第31問（7,200÷900）の正答を流用した誤答です。本問は流動資産1,680・流動負債960で再計算し、175％が正しい流動比率です。過去の派生正答を流用しないこと。",流動比率＝流動資産÷流動負債×100。第66問（900％）と数値を取り違えない。
128,single,タックスプランニング,FP2級;学科;実践演習;四答択;source:2026-gakka-34-v5,2026-gakka-34,,Ｏさんの2025年分の所得税における医療費控除の控除額を計算する場合、総所得金額が460万円、医療費として実際に支払った金額が60万円、その補填として受け取った保険金が5万円であるとき、医療費控除額は、 （   ）である。なお、「特定一般用医薬品等購入費を支払った場合の医療費控除の特例」は考慮しない。,,,,,,25万円,29万円,32万円,35万円,3,"正解は3です。医療費控除額＝支払医療費－保険金等の補填－max(10万円, 総所得金額×5％)です。60万円－5万円－23万円（460万円×5％）＝32万円です。",2026年学科第34問の5問目。医療費控除額を直接計算する演習です。,補填後55万円から、総所得460万円の5％である23万円（10万円超）を差し引き、控除額32万円です。,1:25万円は最低限度額10万円だけを差し引いた誤りです。総所得460万円の場合は5％の23万円が限度となるため、控除額は32万円です。10万円固定ではありません。;2:29万円は第117問（420万・26万円）の正答を流用した誤答です。本問は総所得460万円・支払60万円で再計算し、32万円が正しい控除額です。数値を流用しないこと。;4:35万円は限度額を差し引かない誤答で生じやすい値です。補填後55万円から限度23万円を引き、控除額は32万円です。限度額そのものを控除額と混同しないこと。,"医療費控除＝支払－補填－max(10万, 総所得×5％)。第117問（26万円）と数値を取り違えない。"
129,single,タックスプランニング,FP2級;学科;実践演習;四答択;source:2026-gakka-32-v6,2026-gakka-32,,所得税における一時所得に係る総収入金額が340万円で、その収入を得るために支出した金額が80万円である場合、一時所得の金額は（ ① ）、そのうち総所得金額に算入される金額は（ ② ）となる。,,,,,,① 130万円   ②  65万円,① 230万円   ② 115万円,① 230万円   ② 230万円,① 260万円   ② 130万円,2,正解は2です。一時所得の金額＝340万円－80万円－特別控除50万円＝230万円。総所得金額への算入はその2分の1なので、115万円です。,学科の一時所得をベースに、収入・支出だけ変更した第6の演習です。,一時所得＝340－80－50＝230万円。総所得算入は半額の115万円です。,1:①130万円②65万円は支出80万円を差し引かない誤りです。340－80－50＝230万円が一時所得の金額であり、半額の115万円が総所得への算入額です。支出を忘れないこと。;3:①230万円②230万円は半額算入のルールを誤用した誤答です。一時所得230万円のうち総所得に算入するのは2分の1の115万円です。全額算入ではありません。;4:①260万円②130万円は特別控除50万円を差し引かない誤りです。一時所得は収入－支出－50万円であり、340－80－50＝230万円、算入は115万円です。特別控除を忘れないこと。,一時所得＝収入－支出－50万円、総所得算入は半額。第118問（180万・90万円）と数値を取り違えない。
130,single,相続・事業承継,FP2級;学科;実践演習;四答択;source:2026-gakka-55-v5,2026-gakka-55,,"相続税における遺産に係る基礎控除額を計算する場合、法定相続人が配偶者1人と子2人のとき、遺産に係る基礎控除額は、 （   ）である。なお、基礎控除額＝3,000万円＋600万円×法定相続人の数とする。",,,,,,"3,600万円","4,200万円","4,800万円","5,400万円",3,"正解は3です。法定相続人は配偶者1人と子2人で計3人です。3,000万円＋600万円×3人＝4,800万円です。",学科の遺産基礎控除をベースに、法定相続人3人の演習です。,"法定相続人3人（配偶者1＋子2）。3,000＋600×3＝4,800万円です。","1:3,600万円は配偶者1人と子0人（法定相続人1人）の基礎控除額です。本問は子が2人なので法定相続人は3人であり、3,000万円＋600万円×3＝4,800万円が正答です。;2:4,200万円は配偶者1人と子1人（法定相続人2人）の基礎控除額です。子2人なら法定相続人は3人です。3,000万円＋600万円×3人＝4,800万円と計算してください。;4:5,400万円は第40問（配偶者1＋子3＝4人）の正答を流用した誤答です。配偶者1人と子2人は3人なので、3,000＋600×3＝4,800万円が正しい基礎控除額です。","遺産基礎控除＝3,000万＋600万×法定相続人の数。第40問（4人・5,400万）と人数を取り違えない。"
131,single,金融資産運用,FP2級;学科;実践演習;四答択;source:2026-gakka-26-v17,2026-gakka-26,,"Ｇ社の株価が2,184円、１株当たり純利益が78円である場合、Ｇ社のＰＥＲ（株価収益率）は、 （   ）である。",,,,,,24倍,28倍,30倍,32倍,2,"正解は2です。PER＝株価÷１株当たり純利益です。2,184円÷78円＝28倍です。",2026年学科第26問をベースに、PERを直接計算する第6の演習です。,"PER＝2,184÷78＝28倍。株価を１株当たり純利益で割ります。","1:24倍は2,184÷91など、純利益を誤った場合の誤答です。本問の純利益は78円なので、2,184÷78＝28倍が正しい計算になります。純利益の数値を確認してください。;3:30倍は第91問（2,040円・68円）の正答を流用した誤答です。本問は2,184円・78円で再計算し、28倍が正しいPERです。過去の派生正答を流用しないこと。;4:32倍は2,496÷78など、株価を誤って大きくした誤答で生じやすい値です。PERは株価2,184円を純利益78円で割り、28倍です。掛け算ではなく割り算です。",PER＝株価÷EPS。第111問（28倍）と同率だが株価・純利益が異なるので毎回計算する。
132,single,金融資産運用,FP2級;学科;実践演習;四答択;source:2025-gakka-28-v12,2025-gakka-28,,"Ｉさんのポートフォリオにおける各資産の構成比および期待収益率が下記のとおりである場合、当該ポートフォリオの期待収益率は、 （   ）である。

預金　30％　期待収益率0.1％
債券　20％　期待収益率2.0％
株式　50％　期待収益率6.5％",,,,,,3.48％,3.58％,3.68％,3.78％,3,正解は3です。0.1％×30％＋2.0％×20％＋6.5％×50％＝0.03％＋0.40％＋3.25％＝3.68％です。,2025年学科第28問の12問目。構成比と収益率を再変更した演習です。,0.1×0.3＋2.0×0.2＋6.5×0.5＝3.68％。各資産の加重平均です。,1:3.48％は構成比を誤った加重平均の結果です。30％・20％・50％で0.1％・2.0％・6.5％を掛け合わせ、合計3.68％になります。構成比を確認してください。;2:3.58％は第13バッチの構成比（25・25・50）の結果に近い誤答です。本問は30・20・50で再計算すると3.68％が正しい期待収益率です。過去の派生正答を流用しないこと。;4:3.78％は単純平均（0.1＋2.0＋6.5）÷3など、構成比を無視した計算で生じやすい誤答です。本問は30％・20％・50％で加重するため、3.68％が正答です。単純平均ではありません。,ポートフォリオ期待収益率は毎回構成比から計算。第123問（3.58％）と構成比を取り違えない。
133,single,金融資産運用,FP2級;学科;実践演習;四答択;source:2025-gakka-24-v12,2025-gakka-24,,表面利率（クーポンレート）3％、残存期間5年の固定利付債券を額面100円当たり103円で購入した場合の最終利回り（年率・単利）は、 （   ）である。なお、税金等は考慮しないものとし、計算結果は表示単位の小数点以下第３位を四捨五入している。,,,,,,2.33％,2.50％,2.67％,3.00％,1,正解は1です。{3％＋(100円－103円)÷5年}÷103円×100＝{3－0.6}÷103×100≒2.327％→小数点以下第3位四捨五入で2.33％です。,学科の債券最終利回りの12問目。プレミアム購入・5年残存に変更した演習です。,{3＋(100－103)÷5}÷103×100≒2.327％→2.33％。償還差損を期間で按分します。,2:2.50％は償還差損の按分を誤った場合に出やすい値です。プレミアム購入では(100－103)÷5がマイナスとなり、式どおり2.33％になります。按分年数を確認してください。;3:2.67％は第113問（102円・3年・2.28％）の正答を流用した誤答です。本問は購入価格103円・残存5年で再計算し、2.33％が正しい最終利回りです。数値を流用しないこと。;4:3.00％は表面利率そのもので、償還差損の按分を反映していません。最終利回りは購入価格と償還差損を考慮し、2.33％が正しい利回りです。表面利率だけではありません。,プレミアム購入（103円）では(100－103)がマイナス。第113問（102円・2.28％）と購入価格・期間を取り違えない。
134,single,金融資産運用,FP2級;学科;実践演習;四答択;source:2026-gakka-27-v10,2026-gakka-27,,"下記の〈条件〉で、円貨を米ドルに交換して米ドル建定期預金に10,000米ドルを預け入れ、満期時に元利金の米ドルを円貨に交換して受け取る場合における利回り（単利・年率）は、 （   ）である。なお、税金は考慮しないものとし、計算結果は表示単位の小数点以下第３位を四捨五入するものとする。

〈条件〉
・預入期間：１年
・預金金利：2.00％（年率）
・為替予約なし
・為替レート（米ドル／円）
　預入時…ＴＴＳ：130.00円　ＴＴＢ：129.00円
　満期時…ＴＴＳ：136.00円　ＴＴＢ：135.50円",,,,,,5.90％,6.15％,6.32％,6.55％,3,"正解は3です。預入時10,000×130.00＝130.00万円、満期時10,200×135.50＝138.21万円。利回り＝8.21万円÷130.00万円×100≒6.315％→6.32％です。",2026年学科第27問の10問目。為替レートと金利だけ変更した外貨預金の演習です。,130.00万円投下、138.21万円受取。差額8.21万÷130.00万×100≒6.32％。買いＴＴＳ・売りＴＴＢです。,"1:5.90％は預入時にＴＴＢを用いた誤りや、金利加算を省いた計算で生じやすい値です。円→ドルはＴＴＳ130.00円、ドル→円はＴＴＢ135.50円で計算し、6.32％になります。;2:6.15％は金利2.50％と混同した誤答で生じやすい値です。本問の預金金利は2.00％であり、10,200米ドルで受取を計算し、6.32％が正しい利回りです。;4:6.55％は第11バッチ（134.00円・139.00円）の正答を流用した誤答です。本問は130.00円・135.50円で再計算し、6.32％が正しい利回りです。為替レートを確認してください。","外貨預金利回りは各バッチと同型。金利2.00％なら満期は10,200米ドルになる。"
135,single,ライフプランニングと資金計画,FP2級;学科;実践演習;四答択;source:2025-gakka-01-v9,2025-gakka-01,,"Ｑさんの可処分所得（年間）の金額は、下記の〈資料〉によれば、 （   ）である。

〈資料〉Ｑさんの年間収入等
給与収入　　： 965万円（給与所得 ： 685万円）
所得税・住民税 ：  70万円
社会保険料　 ：  96万円
生命保険料　 ：  28万円",,,,,,889万円,909万円,965万円,993万円,2,正解は2です。可処分所得＝給与収入－所得税・住民税－社会保険料です。965万円－70万円－96万円＝909万円。生命保険料28万円は差し引きません。,学科の可処分所得をベースに、収入・控除額だけ変更した第9の演習です。,965－70－96＝909万円。給与所得685万円や生命保険料28万円はこの式に含めません。,1:889万円は社会保険料をさらに大きく差し引いた誤りで生じやすい値です。社保は96万円なので、965－70－96＝909万円が可処分所得です。控除額を確認してください。;3:965万円は給与収入そのもので、税・社会保険料を差し引いていません。所得税・住民税と社会保険料の両方を引く必要があり、909万円が正答です。収入全額ではありません。;4:993万円は生命保険料28万円を加算した誤りで生じやすい値です。生命保険料は可処分所得の控除項目ではなく、965－70－96＝909万円です。保険料を足し算しません。,可処分所得＝給与収入－所得税・住民税－社会保険料。第126問（877万円）と数値を取り違えない。
136,single,ライフプランニングと資金計画,FP2級;学科;実践演習;四答択;source:2025-gakka-10-v15,2025-gakka-10,,"下記の〈Ｗ社の貸借対照表〉に基づくＷ社の固定長期適合率は、 （   ）である。なお、固定長期適合率＝（純資産＋固定負債）÷固定資産×100とする。

〈Ｗ社の貸借対照表〉（単位：百万円）
固定資産　2,750
流動負債　　420
固定負債　　580
純資産　　2,350",,,,,,100％,103％,107％,110％,3,"正解は3です。（2,350＋580）百万円÷2,750百万円×100＝106.545％→表示上107％です。",学科第10問をベースに、固定長期適合率を直接計算する第5の演習です。,"（2,350＋580）÷2,750×100＝106.545％→107％。純資産と固定負債の合計を固定資産で割ります。","1:100％は純資産2,350百万円÷2,350など、固定負債を加算しない誤りです。固定長期適合率は純資産に固定負債580百万円を足し、2,750百万円で割ります。;2:103％は（2,350＋420）÷2,750など、流動負債を誤って加算した誤答です。加算するのは固定負債580百万円であり、流動負債420百万円は使いません。負債区分に注意してください。;4:110％は固定資産を小さく取った誤りで生じやすい値です。固定資産2,750百万円を分母に（2,350＋580）÷2,750×100＝107％が正答です。第116問（103％）と取り違えないこと。",固定長期適合率＝（純資産＋固定負債）÷固定資産×100。第116問（103％）と数値を取り違えない。
137,single,タックスプランニング,FP2級;学科;実践演習;四答択;source:2026-gakka-33-v6,2026-gakka-33,,Ｂさんの2025年分の所得税における総所得金額は、不動産所得の金額が95万円、事業所得の金額が▲40万円（飲食店の経営により生じた損失）であるとき、 （   ）である。なお、ほかの所得はないものとする。,,,,,,40万円,55万円,95万円,135万円,2,正解は2です。事業所得の損失40万円は不動産所得と損益通算できます。95万円－40万円＝55万円が総所得金額です。,2026年学科第33問をベースに、損益通算だけを問う第3の演習です。,不動産95万円から事業損失40万円を差し引き、55万円が総所得金額です。,1:40万円は事業損失40万円そのもので、総所得金額ではありません。事業損失は不動産所得と通算し、95－40＝55万円が総所得金額です。損失額と総所得を混同しないこと。;3:95万円は不動産所得のみで、事業損失40万円の損益通算を行っていません。事業所得の損失は不動産所得と通算し、95－40＝55万円が総所得金額です。両方を反映します。;4:135万円は95万円＋40万円など、損失を加算した誤りで生じやすい値です。事業損失は不動産所得から差し引くため、95－40＝55万円です。損失を足し算しません。,事業所得の損失は不動産所得と損益通算。第77問（55万・▲25万・30万）と数値を取り違えない。
138,single,タックスプランニング,FP2級;学科;実践演習;四答択;source:2026-gakka-16-v7,2026-gakka-16,,"給与所得者が22年間勤務した会社を退職し、退職金2,200万円の支給を受けた場合、所得税における退職所得の金額の計算上、退職所得控除額は（   ）となる。",,,,,,800万円＋40万円×(22年－20年)＝880万円,800万円＋70万円×(22年－20年)＝940万円,40万円×22年＝880万円,"70万円×22年＝1,540万円",2,正解は2です。勤続22年（20年超）なので、800万円＋70万円×(22－20)＝800万円＋140万円＝940万円です。,学科の退職所得控除の7問目。22年勤続（20年超）に変更した演習です。,22年は20年超。800万円＋70万円×(22－20)＝940万円。40万円×年数の式は使いません。,1:800万円＋40万円×(22－20)は20年超用の70万円式を誤用した選択肢です。22年勤続は20年超なので、800万円＋70万円×2年＝940万円の公式を使います。年数で式を選びます。;3:40万円×22年は20年以下用の式を誤用した誤答です。22年勤続は20年超なので、800万円＋70万円×(22－20)＝940万円が控除額です。40万円×年数は使いません。;4:70万円×22年は退職所得控除の公式ではありません。20年超は800万円＋70万円×(年－20)であり、22年なら940万円になります。70万円×年数ではありません。,"退職所得控除は20年以下と20年超で式が異なる。第109問（28年・1,360万）と勤続年数を取り違えない。"
139,single,相続・事業承継,FP2級;学科;実践演習;四答択;source:2025-gakka-52-v6,2025-gakka-52,,Ｄさんが暦年課税により母から現金158万円の贈与を受けた場合の贈与税の課税価格は、 （   ）である。なお、相続時精算課税制度の適用は受けないものとする。,,,,,,38万円,48万円,110万円,158万円,2,正解は2です。課税価格＝158万円－基礎控除110万円＝48万円です。,学科の贈与税をベースに、贈与額158万円に変更した課税価格の演習です。,158万円－110万円＝48万円。暦年課税の基礎控除は年110万円です。,1:38万円は贈与148万円と誤認した場合の課税価格など、別の贈与額の結果です。贈与額158万円から基礎控除110万円を引き、課税価格は48万円になります。贈与額を確認してください。;3:110万円は基礎控除額そのもので、課税価格ではありません。基礎控除110万円を超える部分が課税価格となり、本問は158－110＝48万円です。控除額と課税価格は別です。;4:158万円は贈与財産の価額そのもので、基礎控除を差し引いていません。暦年課税では110万円の基礎控除後の48万円が課税価格です。贈与額全額は課税価格ではありません。,暦年課税の課税価格＝贈与額－110万円。第119問（145万・35万円）と贈与額を取り違えない。
140,single,不動産,FP2級;学科;実践演習;四答択;source:2026-gakka-46-v3,2026-gakka-46,,敷地面積440㎡の土地に、延べ面積264㎡の建築物を建築する場合の容積率は、 （   ）である。なお、容積率＝延べ面積÷敷地面積×100とする。,,,,,,55％,60％,65％,70％,2,正解は2です。容積率＝264㎡÷440㎡×100＝60％です。,学科の建築基準法をベースに、容積率を直接計算する第2の演習です。,264÷440×100＝60％。延べ面積を敷地面積で割り、百分率に直します。,1:55％は242㎡÷440㎡など、延べ面積を誤った場合の値です。延べ面積は264㎡なので、264÷440×100＝60％が正しい容積率の計算になります。;3:65％は286㎡÷440㎡など、延べ面積を大きく取った誤答です。敷地面積440㎡に対する延べ面積264㎡なので、容積率は60％です。面積を再確認してください。;4:70％は308㎡÷440㎡など、延べ面積をさらに大きく取った誤答で生じやすい値です。容積率は延べ面積264㎡÷敷地面積440㎡×100＝60％です。建築面積ではありません。,容積率＝延べ面積÷敷地面積×100。第56問（210㎡・350㎡・60％）と同率だが敷地・延床が異なる。
141,single,金融資産運用,FP2級;学科;実践演習;四答択;source:2026-gakka-26-v18,2026-gakka-26,,"Ｈ社の１株当たり純利益が132円、１株当たり純資産（自己資本）が1,650円である場合、Ｈ社のＲＯＥは、 （   ）である。",,,,,,6％,8％,9％,10％,2,"正解は2です。ROE＝１株当たり純利益÷１株当たり純資産×100です。132円÷1,650円×100＝8％です。",2026年学科第26問のROEをベースに、純利益と純資産だけ変更した第7の演習です。,"ROE＝132÷1,650×100＝8％。分子は純利益、分母は自己資本（純資産）です。","1:6％は132÷2,200×100など、純資産を大きく取った誤計算で生じやすい値です。本問の純資産は1,650円なので、132÷1,650×100＝8％が正しい計算になります。;3:9％は第121問（126円・1,400円）の正答を流用した誤答です。本問は132円・1,650円で再計算し、8％が正しいROEです。過去の派生正答を流用しないこと。;4:10％は165÷1,650×100など、純利益を誤認した場合の値です。純利益132円・純資産1,650円を用いると8％となり、10％にはなりません。純利益の数値を確認してください。",ROE＝純利益÷純資産×100。第121問（9％）と数値を取り違えない。
142,single,金融資産運用,FP2級;学科;実践演習;四答択;source:2026-gakka-26-v19,2026-gakka-26,,"Ｉ社の株価が2,380円、１株当たり純資産（自己資本）が680円である場合、Ｉ社のＰＢＲ（株価純資産倍率）は、 （   ）である。",,,,,,2.5倍,3.0倍,3.5倍,4.0倍,3,"正解は3です。PBR＝株価÷１株当たり純資産です。2,380円÷680円＝3.5倍です。",2026年学科第26問のPBRをベースに、株価と純資産だけ変更した第5の演習です。,"PBR＝2,380÷680＝3.5倍。株価を１株当たり純資産で割ります。","1:2.5倍は2,380÷952など、純資産を大きく取った誤計算で生じやすい値です。純資産は680円なので、2,380÷680＝3.5倍が正しい計算になります。分母の純資産を確認してください。;2:3.0倍は第102問（2,070円・690円）の正答を流用した誤答です。本問は2,380円・680円で再計算し、3.5倍が正しいPBRです。過去の派生正答を流用しないこと。;4:4.0倍は2,720÷680など、株価を誤って大きくした場合に近い値です。株価2,380円・純資産680円をそのまま割ると3.5倍であり、4.0倍にはなりません。",PBR＝株価÷BPS。第122問（4.0倍）と株価・純資産の組合せを取り違えない。
143,single,金融資産運用,FP2級;学科;実践演習;四答択;source:2025-gakka-28-v13,2025-gakka-28,,"Ｊさんのポートフォリオにおける各資産の構成比および期待収益率が下記のとおりである場合、当該ポートフォリオの期待収益率は、 （   ）である。

預金　15％　期待収益率0.1％
債券　40％　期待収益率2.2％
株式　45％　期待収益率6.0％",,,,,,3.45％,3.50％,3.60％,3.75％,3,正解は3です。0.1％×15％＋2.2％×40％＋6.0％×45％＝0.015％＋0.88％＋2.70％＝3.595％→表示上3.60％です。,2025年学科第28問の13問目。構成比と収益率を再変更した演習です。,0.1×0.15＋2.2×0.4＋6.0×0.45＝3.595％→3.60％。各資産の加重平均です。,1:3.45％は構成比を誤った加重平均の結果です。15％・40％・45％で0.1％・2.2％・6.0％を掛け合わせ、合計3.60％になります。構成比を確認してください。;2:3.50％は第13バッチの構成比（25・25・50）の結果に近い誤答です。本問は15・40・45で再計算すると3.60％が正しい期待収益率です。過去の派生正答を流用しないこと。;4:3.75％は単純平均（0.1＋2.2＋6.0）÷3など、構成比を無視した計算で生じやすい誤答です。本問は15％・40％・45％で加重するため、3.60％が正答です。単純平均ではありません。,ポートフォリオ期待収益率は毎回構成比から計算。第132問（3.68％）と構成比を取り違えない。
144,single,金融資産運用,FP2級;学科;実践演習;四答択;source:2025-gakka-24-v13,2025-gakka-24,,表面利率（クーポンレート）3％、残存期間5年の固定利付債券を額面100円当たり94円で購入した場合の最終利回り（年率・単利）は、 （   ）である。なお、税金等は考慮しないものとし、計算結果は表示単位の小数点以下第３位を四捨五入している。,,,,,,4.22％,4.42％,4.60％,4.75％,2,正解は2です。{3％＋(100円－94円)÷5年}÷94円×100＝{3＋1.2}÷94×100≒4.421％→小数点以下第3位四捨五入で4.42％です。,学科の債券最終利回りの13問目。ディスカウント購入・5年残存に変更した演習です。,{3＋(100－94)÷5}÷94×100≒4.421％→4.42％。償還差益を期間で按分します。,1:4.22％は償還差益の按分を誤った場合に出やすい値です。ディスカウント購入では(100－94)÷5＝1.2を加算し、式どおり4.42％になります。按分年数を確認してください。;3:4.60％は第124問（95円・4.47％）の正答を流用した誤答です。本問は購入価格94円・残存5年で再計算し、4.42％が正しい最終利回りです。数値を流用しないこと。;4:4.75％は表面利率に償還差益6円をそのまま加算した誤りなどに近い値です。償還差益は残存5年で按分し、{3＋1.2}÷94×100≒4.42％が正しい利回りです。,ディスカウント購入（94円）では(100－94)がプラス。第124問（95円・4.47％）と購入価格を取り違えない。
145,single,金融資産運用,FP2級;学科;実践演習;四答択;source:2026-gakka-27-v11,2026-gakka-27,,"下記の〈条件〉で、円貨を米ドルに交換して米ドル建定期預金に10,000米ドルを預け入れ、満期時に元利金の米ドルを円貨に交換して受け取る場合における利回り（単利・年率）は、 （   ）である。なお、税金は考慮しないものとし、計算結果は表示単位の小数点以下第３位を四捨五入するものとする。

〈条件〉
・預入期間：１年
・預金金利：2.50％（年率）
・為替予約なし
・為替レート（米ドル／円）
　預入時…ＴＴＳ：128.00円　ＴＴＢ：127.00円
　満期時…ＴＴＳ：134.00円　ＴＴＢ：133.50円",,,,,,6.32％,6.55％,6.91％,7.25％,3,"正解は3です。預入時10,000×128.00＝128.00万円、満期時10,250×133.50＝136.8375万円。利回り＝8.8375万円÷128.00万円×100≒6.912％→6.91％です。",2026年学科第27問の11問目。為替レートと金利だけ変更した外貨預金の演習です。,128.00万円投下、136.8375万円受取。差額8.8375万÷128.00万×100≒6.91％。買いＴＴＳ・売りＴＴＢです。,1:6.32％は第14バッチ（130.00円・135.50円）の正答を流用した誤答です。本問は128.00円・133.50円で再計算し、6.91％が正しい利回りです。為替レートを確認してください。;2:6.55％は第11バッチ（134.00円・139.00円）の正答を流用した誤答です。本問は128.00円・133.50円で再計算し、6.91％が正しい利回りです。過去の派生正答を流用しないこと。;4:7.25％は為替差益だけを過大に見積もった誤答で生じやすい値です。金利2.50％分の米ドル増と為替変動の両方を含め、投下128.00万円で割ります。,外貨預金利回りは各バッチと同型。為替は買いＴＴＳ・売りＴＴＢを毎回確認する。
146,single,ライフプランニングと資金計画,FP2級;学科;実践演習;四答択;source:2025-gakka-01-v10,2025-gakka-01,,"Ｒさんの可処分所得（年間）の金額は、下記の〈資料〉によれば、 （   ）である。

〈資料〉Ｒさんの年間収入等
給与収入　　： 982万円（給与所得 ： 700万円）
所得税・住民税 ：  72万円
社会保険料　 ： 100万円
生命保険料　 ：  30万円",,,,,,870万円,890万円,982万円,"1,012万円",2,正解は2です。可処分所得＝給与収入－所得税・住民税－社会保険料です。982万円－72万円－100万円＝890万円。生命保険料30万円は差し引きません。,学科の可処分所得をベースに、収入・控除額だけ変更した第10の演習です。,982－72－100＝890万円。給与所得700万円や生命保険料30万円はこの式に含めません。,"1:870万円は社会保険料をさらに大きく差し引いた誤りで生じやすい値です。社保は100万円なので、982－72－100＝890万円が可処分所得です。控除額を確認してください。;3:982万円は給与収入そのもので、税・社会保険料を差し引いていません。所得税・住民税と社会保険料の両方を引く必要があり、890万円が正答です。収入全額ではありません。;4:1,012万円は生命保険料30万円を加算した誤りで生じやすい値です。生命保険料は可処分所得の控除項目ではなく、982－72－100＝890万円です。保険料を足し算しません。",可処分所得＝給与収入－所得税・住民税－社会保険料。第135問（909万円）と数値を取り違えない。
147,single,ライフプランニングと資金計画,FP2級;学科;実践演習;四答択;source:2025-gakka-10-v16,2025-gakka-10,,"下記の〈Ａ社の貸借対照表〉に基づくＡ社の自己資本比率は、 （   ）である。なお、自己資本比率＝純資産÷総資産×100とする。

〈Ａ社の貸借対照表〉（単位：百万円）
総資産　8,400
純資産　3,360",,,,,,35.0％,38.0％,40.0％,42.0％,3,"正解は3です。自己資本比率＝3,360百万円÷8,400百万円×100＝40.0％です。",学科第10問をベースに、自己資本比率を直接計算する第5の演習です。,"3,360÷8,400×100＝40.0％。純資産を総資産で割ります。","1:35.0％は2,940÷8,400など、純資産を誤った場合の値です。純資産は3,360百万円なので、3,360÷8,400×100＝40.0％が正しい計算になります。;2:38.0％は3,192÷8,400など、純資産を小さく取った誤答です。総資産8,400百万円に対する純資産3,360百万円なので、自己資本比率は40.0％です。;4:42.0％は第96問（3,600÷9,000）の正答を流用した誤答です。本問は純資産3,360・総資産8,400で再計算し、40.0％が正しい自己資本比率です。数値を流用しないこと。",自己資本比率＝純資産÷総資産×100。第96問（40％）と同率だが前提数値が異なるので式で確認する。
148,single,タックスプランニング,FP2級;学科;実践演習;四答択;source:2026-gakka-34-v6,2026-gakka-34,,Ｓさんの2025年分の所得税における医療費控除の控除額を計算する場合、総所得金額が480万円、医療費として実際に支払った金額が62万円、その補填として受け取った保険金が6万円であるとき、医療費控除額は、 （   ）である。なお、「特定一般用医薬品等購入費を支払った場合の医療費控除の特例」は考慮しない。,,,,,,22万円,28万円,32万円,38万円,3,"正解は3です。医療費控除額＝支払医療費－保険金等の補填－max(10万円, 総所得金額×5％)です。62万円－6万円－24万円（480万円×5％）＝32万円です。",2026年学科第34問の6問目。医療費控除額を直接計算する演習です。,補填後56万円から、総所得480万円の5％である24万円（10万円超）を差し引き、控除額32万円です。,1:22万円は最低限度額10万円だけを差し引いた誤りです。総所得480万円の場合は5％の24万円が限度となるため、控除額は32万円です。10万円固定ではありません。;2:28万円は第128問（460万・29万円）の正答を流用した誤答です。本問は総所得480万円・支払62万円で再計算し、32万円が正しい控除額です。数値を流用しないこと。;4:38万円は限度額を差し引かない誤答で生じやすい値です。補填後56万円から限度24万円を引き、控除額は32万円です。限度額そのものを控除額と混同しないこと。,"医療費控除＝支払－補填－max(10万, 総所得×5％)。第128問（32万円）と総所得額を取り違えない。"
149,single,相続・事業承継,FP2級;学科;実践演習;四答択;source:2026-gakka-58-v10,2026-gakka-58,,"貸家建付地の相続税評価額は、その自用地としての価額が8,000万円、借地権割合が50％、借家権割合が35％、賃貸割合が100％である場合、 （   ）となる。",,,,,,"5,200万円","6,000万円","6,600万円","8,000万円",3,"正解は3です。8,000万円×(1－50％×35％×100％)＝8,000万円×82.5％＝6,600万円です。",学科の貸家建付地の7問目。借地権・借家権割合だけ変更した演習です。,"8,000×(1－0.5×0.35×1)＝6,600万円。3つの割合を掛けて控除率17.5％です。","1:5,200万円は8,000万円×65％など、借地権割合だけを控除した誤りです。貸家建付地では借家権割合と賃貸割合も掛け合わせ、0.5×0.35×1＝17.5％を控除します。3つ掛け算です。;2:6,000万円は借地権50％だけを控除した誤答で生じやすい値です。本問は借地権50％・借家権35％を掛け合わせ、6,600万円が評価額になります。3つ掛け算の式を確認してください。;4:8,000万円は自用地のままの評価額で、貸家建付地としての減額を反映していません。借地権50％・借家権35％を掛け合わせ控除し、6,600万円が正しい評価額です。自用地価額のままではありません。","貸家建付地＝自用地×(1－借地権×借家権×賃貸割合)。第110問（4,920万円）と割合を取り違えない。"
150,single,不動産,FP2級;学科;実践演習;四答択;source:2026-gakka-46-v4,2026-gakka-46,,"年間賃料収入が318万円の不動産を5,300万円で購入した場合、当該不動産の表面利回り（年率）は、 （   ）である。なお、表面利回り＝年間賃料収入÷購入価格×100とする。",,,,,,5.0％,5.5％,6.0％,6.5％,3,"正解は3です。表面利回り＝318万円÷5,300万円×100＝6.0％です。",学科の不動産利回りをベースに、表面利回りを直接計算する第2の演習です。,"318÷5,300×100＝6.0％。経費控除前の賃料を購入価格で割ります。","1:5.0％は265万円÷5,300万円など、賃料収入を誤った場合の値です。年間賃料収入は318万円なので、318÷5,300×100＝6.0％が正しい表面利回りの計算になります。;2:5.5％は291.5万円÷5,300万円など、賃料収入を小さく取った誤答です。購入価格5,300万円に対する賃料318万円なので、表面利回りは6.0％です。賃料額を再確認してください。;4:6.5％は344.5万円÷5,300万円など、ＮＯＩ利回りと混同した誤答で生じやすい値です。表面利回りは経費控除前の318万円を分母5,300万円で割り、6.0％が正答です。純利回りではありません。","表面利回り＝年間賃料÷購入価格×100。第38問（300万・5,000万・6.0％）と同率だが数値が異なる。"
151,single,金融資産運用,FP2級;学科;実践演習;四答択;source:2026-gakka-26-v20,2026-gakka-26,,"Ｊ社の株価が2,160円、１株当たり純利益が72円である場合、Ｊ社のＰＥＲ（株価収益率）は、 （   ）である。",,,,,,24倍,28倍,30倍,32倍,3,"正解は3です。PER＝株価÷１株当たり純利益です。2,160円÷72円＝30倍です。",2026年学科第26問をベースに、PERを直接計算する第7の演習です。,"PER＝2,160÷72＝30倍。株価を１株当たり純利益で割ります。","1:24倍は2,160÷90など、純利益を誤った場合の誤答です。本問の純利益は72円なので、2,160÷72＝30倍が正しい計算になります。純利益の数値を確認してください。;2:28倍は第131問（2,184円・78円）の正答を流用した誤答です。本問は2,160円・72円で再計算し、30倍が正しいPERです。過去の派生正答を流用しないこと。;4:32倍は2,304÷72など、株価を誤って大きくした誤答で生じやすい値です。PERは株価2,160円を純利益72円で割り、30倍です。掛け算ではなく割り算です。","PER＝株価÷EPS。第91問（2,040円・68円・30倍）と同率だが株価・純利益が異なる。"
152,single,金融資産運用,FP2級;学科;実践演習;四答択;source:2025-gakka-28-v14,2025-gakka-28,,"Ｋさんのポートフォリオにおける各資産の構成比および期待収益率が下記のとおりである場合、当該ポートフォリオの期待収益率は、 （   ）である。

預金　20％　期待収益率0.1％
債券　25％　期待収益率2.0％
株式　55％　期待収益率6.5％",,,,,,3.85％,4.00％,4.10％,4.25％,3,正解は3です。0.1％×20％＋2.0％×25％＋6.5％×55％＝0.02％＋0.50％＋3.575％＝4.095％→表示上4.10％です。,2025年学科第28問の14問目。構成比と収益率を再変更した演習です。,0.1×0.2＋2.0×0.25＋6.5×0.55＝4.095％→4.10％。各資産の加重平均です。,1:3.85％は構成比を誤った加重平均の結果です。20％・25％・55％で0.1％・2.0％・6.5％を掛け合わせ、合計4.10％になります。構成比を確認してください。;2:4.00％は第15バッチの構成比（15・40・45）の結果に近い誤答です。本問は20・25・55で再計算すると4.10％が正しい期待収益率です。過去の派生正答を流用しないこと。;4:4.25％は単純平均（0.1＋2.0＋6.5）÷3など、構成比を無視した計算で生じやすい誤答です。本問は20％・25％・55％で加重するため、4.10％が正答です。単純平均ではありません。,ポートフォリオ期待収益率は毎回構成比から計算。第143問（3.60％）と構成比を取り違えない。
153,single,金融資産運用,FP2級;学科;実践演習;四答択;source:2025-gakka-24-v14,2025-gakka-24,,表面利率（クーポンレート）3％、残存期間4年の固定利付債券を額面100円当たり104円で購入した場合の最終利回り（年率・単利）は、 （   ）である。なお、税金等は考慮しないものとし、計算結果は表示単位の小数点以下第３位を四捨五入している。,,,,,,1.92％,2.00％,2.33％,2.50％,1,正解は1です。{3％＋(100円－104円)÷4年}÷104円×100＝{3－1}÷104×100≒1.923％→小数点以下第3位四捨五入で1.92％です。,学科の債券最終利回りの14問目。プレミアム購入・4年残存に変更した演習です。,{3＋(100－104)÷4}÷104×100≒1.923％→1.92％。償還差損を期間で按分します。,2:2.00％は償還差損の按分を誤った場合に出やすい値です。プレミアム購入では(100－104)÷4がマイナスとなり、式どおり1.92％になります。按分年数を確認してください。;3:2.33％は第133問（103円・5年・2.33％）の正答を流用した誤答です。本問は購入価格104円・残存4年で再計算し、1.92％が正しい最終利回りです。数値を流用しないこと。;4:2.50％は表面利率に償還差損4円をそのまま加算した誤りなどに近い値です。償還差損は残存4年で按分し、{3－1}÷104×100≒1.92％が正しい利回りです。,プレミアム購入（104円）では(100－104)がマイナス。第113問（102円・2.28％）と購入価格を取り違えない。
154,single,金融資産運用,FP2級;学科;実践演習;四答択;source:2026-gakka-27-v12,2026-gakka-27,,"下記の〈条件〉で、円貨を米ドルに交換して米ドル建定期預金に10,000米ドルを預け入れ、満期時に元利金の米ドルを円貨に交換して受け取る場合における利回り（単利・年率）は、 （   ）である。なお、税金は考慮しないものとし、計算結果は表示単位の小数点以下第３位を四捨五入するものとする。

〈条件〉
・預入期間：１年
・預金金利：2.00％（年率）
・為替予約なし
・為替レート（米ドル／円）
　預入時…ＴＴＳ：127.00円　ＴＴＢ：126.00円
　満期時…ＴＴＳ：133.00円　ＴＴＢ：132.50円",,,,,,5.90％,6.15％,6.42％,6.68％,3,"正解は3です。預入時10,000×127.00＝127.00万円、満期時10,200×132.50＝135.15万円。利回り＝8.15万円÷127.00万円×100≒6.417％→6.42％です。",2026年学科第27問の12問目。為替レートと金利だけ変更した外貨預金の演習です。,127.00万円投下、135.15万円受取。差額8.15万÷127.00万×100≒6.42％。買いＴＴＳ・売りＴＴＢです。,"1:5.90％は預入時にＴＴＢを用いた誤りや、金利加算を省いた計算で生じやすい値です。円→ドルはＴＴＳ127.00円、ドル→円はＴＴＢ132.50円で計算し、6.42％になります。;2:6.15％は金利2.50％と混同した誤答で生じやすい値です。本問の預金金利は2.00％であり、10,200米ドルで受取を計算し、6.42％が正しい利回りです。;4:6.68％は第14バッチ（130.00円）の正答を流用した誤答です。本問は127.00円・132.50円で再計算し、6.42％が正しい利回りです。為替レートを確認してください。","外貨預金利回りは各バッチと同型。金利2.00％なら満期は10,200米ドルになる。"
155,single,ライフプランニングと資金計画,FP2級;学科;実践演習;四答択;source:2025-gakka-01-v11,2025-gakka-01,,"Ｓさんの可処分所得（年間）の金額は、下記の〈資料〉によれば、 （   ）である。

〈資料〉Ｓさんの年間収入等
給与収入　　： 998万円（給与所得 ： 715万円）
所得税・住民税 ：  74万円
社会保険料　 ： 104万円
生命保険料　 ：  32万円",,,,,,852万円,872万円,998万円,"1,030万円",2,正解は2です。可処分所得＝給与収入－所得税・住民税－社会保険料です。998万円－74万円－104万円＝872万円。生命保険料32万円は差し引きません。,学科の可処分所得をベースに、収入・控除額だけ変更した第11の演習です。,998－74－104＝872万円。給与所得715万円や生命保険料32万円はこの式に含めません。,"1:852万円は社会保険料をさらに大きく差し引いた誤りで生じやすい値です。社保は104万円なので、998－74－104＝872万円が可処分所得です。控除額を確認してください。;3:998万円は給与収入そのもので、税・社会保険料を差し引いていません。所得税・住民税と社会保険料の両方を引く必要があり、872万円が正答です。収入全額ではありません。;4:1,030万円は生命保険料32万円を加算した誤りで生じやすい値です。生命保険料は可処分所得の控除項目ではなく、998－74－104＝872万円です。保険料を足し算しません。",可処分所得＝給与収入－所得税・住民税－社会保険料。第146問（890万円）と数値を取り違えない。
156,single,ライフプランニングと資金計画,FP2級;学科;実践演習;四答択;source:2025-gakka-10-v17,2025-gakka-10,,"下記の〈Ｂ社の貸借対照表〉に基づくＢ社の流動比率は、 （   ）である。なお、流動比率＝流動資産÷流動負債×100とする。

〈Ｂ社の貸借対照表〉（単位：百万円）
流動資産　2,250
固定資産　3,100
流動負債　　900
固定負債　　650
純資産　　4,200",,,,,,200％,225％,250％,275％,3,"正解は3です。流動比率＝2,250百万円÷900百万円×100＝250％です。",学科第10問をベースに、流動比率を直接計算する第4の演習です。,"2,250÷900×100＝250％。流動資産を流動負債で割ります。","1:200％は1,800÷900など、流動資産を誤った場合の値です。流動資産は2,250百万円なので、2,250÷900×100＝250％が正しい計算になります。;2:225％は2,025÷900など、流動資産を小さく取った誤答です。流動負債900百万円に対する流動資産2,250百万円なので、流動比率は250％です。;4:275％は2,475÷900など、流動資産を大きく取った誤答で生じやすい値です。流動資産2,250百万円÷流動負債900百万円なので、流動比率は250％です。",流動比率＝流動資産÷流動負債×100。第127問（175％）と数値を取り違えない。
157,single,タックスプランニング,FP2級;学科;実践演習;四答択;source:2026-gakka-33-v7,2026-gakka-33,,Ｔさんの2025年分の所得税における総所得金額は、給与所得の金額が315万円、配当所得の金額が32万円であるとき、 （   ）である。なお、ほかの所得はないものとする。,,,,,,283万円,315万円,347万円,383万円,3,正解は3です。総所得金額は各所得の金額を合計します。315万円＋32万円＝347万円です。,2026年学科第33問をベースに、給与所得と配当所得の単純合計の演習です。,給与所得315万円＋配当所得32万円＝347万円。損益通算が不要な場合は単純合計です。,1:283万円は315万円－32万円など、所得を差し引いた誤りです。配当所得は総所得に加算するため、315＋32＝347万円が総所得金額です。差し引きではありません。;2:315万円は給与所得のみで、配当所得32万円を加算していません。ほかの所得がない場合でも、配当所得を合計し、347万円が総所得金額です。両方足します。;4:383万円は給与収入金額と混同した誤答で生じやすい値です。本問は所得の金額（給与所得315万円）を合計し、347万円になります。収入金額ではありません。,総所得金額は各所得の金額の合計。第108問（335万円）と所得の種類を取り違えない。
158,single,タックスプランニング,FP2級;学科;実践演習;四答択;source:2026-gakka-16-v8,2026-gakka-16,,"給与所得者が16年間勤務した会社を退職し、退職金1,600万円の支給を受けた場合、所得税における退職所得の金額の計算上、退職所得控除額は（   ）となる。",,,,,,40万円×16年＝640万円,800万円＋40万円×(16年－20年)＝640万円,800万円＋70万円×(16年－20年)＝720万円,"70万円×16年＝1,120万円",1,正解は1です。勤続16年は20年以下なので、退職所得控除額＝40万円×16年＝640万円です（最低80万円は超えます）。,学科の退職所得控除の8問目。16年勤続（20年以下）に変更した演習です。,16年は20年以下。40万円×16年＝640万円。800万円＋70万円×(年－20)の式は使いません。,2:800万円＋40万円×(16－20)は20年超用の式を誤用した選択肢です。16年勤続は20年以下なので、40万円×16年＝640万円の公式を使います。年数で式を選びます。;3:800万円＋70万円×(16－20)は20年超の70万円式を誤用した誤答です。20年以下は40万円×年数であり、16年なら640万円が控除額です。70万円式は使いません。;4:70万円×16年は退職所得控除の公式ではありません。20年以下は40万円×勤続年数で計算し、16年なら640万円になります。70万円は20年超の加算額です。,退職所得控除は20年以下と20年超で式が異なる。第19問（18年・720万）と勤続年数を取り違えない。
159,single,相続・事業承継,FP2級;学科;実践演習;四答択;source:2025-gakka-52-v7,2025-gakka-52,,Ｅさんが暦年課税により父から現金165万円の贈与を受けた場合の贈与税の課税価格は、 （   ）である。なお、相続時精算課税制度の適用は受けないものとする。,,,,,,45万円,55万円,110万円,165万円,2,正解は2です。課税価格＝165万円－基礎控除110万円＝55万円です。,学科の贈与税をベースに、贈与額165万円に変更した課税価格の演習です。,165万円－110万円＝55万円。暦年課税の基礎控除は年110万円です。,1:45万円は贈与155万円と誤認した場合の課税価格など、別の贈与額の結果です。贈与額165万円から基礎控除110万円を引き、課税価格は55万円になります。贈与額を確認してください。;3:110万円は基礎控除額そのもので、課税価格ではありません。基礎控除110万円を超える部分が課税価格となり、本問は165－110＝55万円です。控除額と課税価格は別です。;4:165万円は贈与財産の価額そのもので、基礎控除を差し引いていません。暦年課税では110万円の基礎控除後の55万円が課税価格です。贈与額全額は課税価格ではありません。,暦年課税の課税価格＝贈与額－110万円。第139問（158万・48万円）と贈与額を取り違えない。
160,single,相続・事業承継,FP2級;学科;実践演習;四答択;source:2026-gakka-58-v11,2026-gakka-58,,"貸宅地の相続税評価額は、その自用地としての価額が6,200万円、借地権割合が65％、賃貸割合が100％である場合、 （   ）となる。",,,,,,"1,550万円","2,170万円","4,030万円","6,200万円",2,"正解は2です。6,200万円×(1－65％×100％)＝6,200万円×35％＝2,170万円です。",学科の貸宅地の8問目。借地権割合だけ変更した演習です。,"6,200×(1－0.65×1)＝2,170万円。借地権割合と賃貸割合を掛けて控除率35％です。","1:1,550万円は6,200万円×25％など、借地権割合を75％と誤認した場合の値です。借地権割合は65％なので、6,200×35％＝2,170万円が評価額になります。割合を確認してください。;3:4,030万円は6,200万円×65％など、借地権割合をそのまま掛けた誤りです。貸宅地は自用地価額から借地権割合×賃貸割合を控除し、2,170万円が正しい評価額です。;4:6,200万円は自用地のままの評価額で、貸宅地としての減額を反映していません。借地権65％・賃貸100％を控除し、2,170万円が正しい評価額です。自用地価額のままではありません。",貸宅地＝自用地×(1－借地権×賃貸割合)。貸家建付地（3因子）と式を取り違えない。
161,single,金融資産運用,FP2級;学科;実践演習;四答択;source:2026-gakka-26-v21,2026-gakka-26,,"Ｋ社の１株当たり純利益が117円、１株当たり純資産（自己資本）が1,300円である場合、Ｋ社のＲＯＥは、 （   ）である。",,,,,,7％,8％,9％,10％,3,"正解は3です。ROE＝１株当たり純利益÷１株当たり純資産×100です。117円÷1,300円×100＝9％です。",2026年学科第26問のROEをベースに、純利益と純資産だけ変更した第8の演習です。,"ROE＝117÷1,300×100＝9％。分子は純利益、分母は自己資本（純資産）です。","1:7％は117÷1,670×100など、純資産を大きく取った誤計算で生じやすい値です。本問の純資産は1,300円なので、117÷1,300×100＝9％が正しい計算になります。;2:8％は第141問（132円・1,650円）の正答を流用した誤答です。本問は117円・1,300円で再計算し、9％が正しいROEです。過去の派生正答を流用しないこと。;4:10％は130÷1,300×100など、純利益を誤認した場合の値です。純利益117円・純資産1,300円を用いると9％となり、10％にはなりません。純利益の数値を確認してください。",ROE＝純利益÷純資産×100。第121問（9％）と同率だが前提数値が異なるので毎回計算する。
162,single,金融資産運用,FP2級;学科;実践演習;四答択;source:2026-gakka-26-v22,2026-gakka-26,,"Ｌ社の株価が2,550円、１株当たり純資産（自己資本）が510円である場合、Ｌ社のＰＢＲ（株価純資産倍率）は、 （   ）である。",,,,,,3.0倍,4.0倍,5.0倍,6.0倍,3,"正解は3です。PBR＝株価÷１株当たり純資産です。2,550円÷510円＝5.0倍です。",2026年学科第26問のPBRをベースに、株価と純資産だけ変更した第6の演習です。,"PBR＝2,550÷510＝5.0倍。株価を１株当たり純資産で割ります。","1:3.0倍は第102問（2,070円・690円）の正答を流用した誤答です。本問は2,550円・510円で再計算し、5.0倍が正しいPBRです。過去の派生正答を流用しないこと。;2:4.0倍は第122問（2,160円・540円）の正答を流用した誤答です。株価2,550円・純資産510円をそのまま割ると5.0倍であり、4.0倍にはなりません。;4:6.0倍は3,060÷510など、株価を誤って大きくした誤答で生じやすい値です。PBRの分母は純資産510円であり、2,550÷510＝5.0倍です。純利益は使いません。",PBR＝株価÷BPS。第122問（4.0倍）と株価・純資産の組合せを取り違えない。
163,single,金融資産運用,FP2級;学科;実践演習;四答択;source:2025-gakka-28-v15,2025-gakka-28,,"Ｎさんのポートフォリオにおける各資産の構成比および期待収益率が下記のとおりである場合、当該ポートフォリオの期待収益率は、 （   ）である。

預金　12％　期待収益率0.1％
債券　38％　期待収益率2.1％
株式　50％　期待収益率6.8％",,,,,,3.72％,3.84％,4.00％,4.21％,4,正解は4です。0.1％×12％＋2.1％×38％＋6.8％×50％＝0.012％＋0.798％＋3.40％＝4.210％→表示上4.21％です。,2025年学科第28問の15問目。構成比と収益率を再変更した演習です。,0.1×0.12＋2.1×0.38＋6.8×0.5＝4.210％→4.21％。各資産の加重平均です。,1:3.72％は第15バッチの構成比（15・40・45）の結果に近い誤答です。本問は12・38・50で再計算すると4.21％が正しい期待収益率です。過去の派生正答を流用しないこと。;2:3.84％は構成比を誤った加重平均の結果です。12％・38％・50％で0.1％・2.1％・6.8％を掛け合わせ、合計4.21％になります。構成比を確認してください。;3:4.00％は単純平均（0.1＋2.1＋6.8）÷3など、構成比を無視した計算で生じやすい誤答です。本問は12％・38％・50％で加重するため、4.21％が正答です。単純平均ではありません。,ポートフォリオ期待収益率は毎回構成比から計算。第152問（4.10％）と構成比を取り違えない。
164,single,金融資産運用,FP2級;学科;実践演習;四答択;source:2025-gakka-24-v15,2025-gakka-24,,表面利率（クーポンレート）3％、残存期間5年の固定利付債券を額面100円当たり93円で購入した場合の最終利回り（年率・単利）は、 （   ）である。なお、税金等は考慮しないものとし、計算結果は表示単位の小数点以下第３位を四捨五入している。,,,,,,4.42％,4.60％,4.73％,4.90％,3,正解は3です。{3％＋(100円－93円)÷5年}÷93円×100＝{3＋1.4}÷93×100≒4.731％→小数点以下第3位四捨五入で4.73％です。,学科の債券最終利回りの15問目。ディスカウント購入・5年残存に変更した演習です。,{3＋(100－93)÷5}÷93×100≒4.731％→4.73％。償還差益を期間で按分します。,1:4.42％は第144問（94円・4.42％）の正答を流用した誤答です。本問は購入価格93円で再計算し、4.73％が正しい最終利回りです。購入価格を確認してください。;2:4.60％は償還差益の按分を誤った場合に出やすい値です。ディスカウント購入では(100－93)÷5＝1.4を加算し、式どおり4.73％になります。按分年数を確認してください。;4:4.90％は表面利率に償還差益7円をそのまま加算した誤りなどに近い値です。償還差益は残存5年で按分し、{3＋1.4}÷93×100≒4.73％が正しい利回りです。,ディスカウント購入（93円）では(100－93)がプラス。第144問（94円・4.42％）と購入価格を取り違えない。
165,single,金融資産運用,FP2級;学科;実践演習;四答択;source:2026-gakka-27-v13,2026-gakka-27,,"下記の〈条件〉で、円貨を米ドルに交換して米ドル建定期預金に10,000米ドルを預け入れ、満期時に元利金の米ドルを円貨に交換して受け取る場合における利回り（単利・年率）は、 （   ）である。なお、税金は考慮しないものとし、計算結果は表示単位の小数点以下第３位を四捨五入するものとする。

〈条件〉
・預入期間：１年
・預金金利：2.50％（年率）
・為替予約なし
・為替レート（米ドル／円）
　預入時…ＴＴＳ：126.00円　ＴＴＢ：125.00円
　満期時…ＴＴＳ：132.00円　ＴＴＢ：131.00円",,,,,,6.15％,6.42％,6.79％,6.91％,3,"正解は3です。預入時10,000×126.00＝126.00万円、満期時10,250×131.00＝134.575万円。利回り＝8.575万円÷126.00万円×100≒6.793％→6.79％です。",2026年学科第27問の13問目。為替レートと金利だけ変更した外貨預金の演習です。,126.00万円投下、134.575万円受取。差額8.575万÷126.00万×100≒6.79％。買いＴＴＳ・売りＴＴＢです。,"1:6.15％は金利2.00％と混同した誤答で生じやすい値です。本問の預金金利は2.50％であり、10,250米ドルで受取を計算し、6.79％が正しい利回りです。;2:6.42％は第16バッチ（127.00円・132.50円）の正答を流用した誤答です。本問は126.00円・131.00円で再計算し、6.79％が正しい利回りです。為替レートを確認してください。;4:6.91％は第15バッチ（128.00円・133.50円）の正答を流用した誤答です。本問は126.00円・131.00円で再計算し、6.79％が正しい利回りです。過去の派生正答を流用しないこと。",外貨預金利回りは各バッチと同型。為替は買いＴＴＳ・売りＴＴＢを毎回確認する。
166,single,ライフプランニングと資金計画,FP2級;学科;実践演習;四答択;source:2025-gakka-01-v12,2025-gakka-01,,"Ｕさんの可処分所得（年間）の金額は、下記の〈資料〉によれば、 （   ）である。

〈資料〉Ｕさんの年間収入等
給与収入　　：1,010万円（給与所得 ： 725万円）
所得税・住民税 ：  76万円
社会保険料　 ： 108万円
生命保険料　 ：  34万円",,,,,,856万円,876万円,"1,010万円","1,044万円",2,"正解は2です。可処分所得＝給与収入－所得税・住民税－社会保険料です。1,010万円－76万円－108万円＝876万円。生命保険料34万円は差し引きません。",学科の可処分所得をベースに、収入・控除額だけ変更した第12の演習です。,"1,010－76－108＝876万円。給与所得725万円や生命保険料34万円はこの式に含めません。","1:856万円は社会保険料をさらに大きく差し引いた誤りで生じやすい値です。社保は108万円なので、1,010－76－108＝876万円が可処分所得です。控除額を確認してください。;3:1,010万円は給与収入そのもので、税・社会保険料を差し引いていません。所得税・住民税と社会保険料の両方を引く必要があり、876万円が正答です。収入全額ではありません。;4:1,044万円は生命保険料34万円を加算した誤りで生じやすい値です。生命保険料は可処分所得の控除項目ではなく、1,010－76－108＝876万円です。保険料を足し算しません。",可処分所得＝給与収入－所得税・住民税－社会保険料。第155問（872万円）と数値を取り違えない。
167,single,ライフプランニングと資金計画,FP2級;学科;実践演習;四答択;source:2025-gakka-10-v18,2025-gakka-10,,"下記の〈Ｃ社の貸借対照表〉に基づくＣ社の固定長期適合率は、 （   ）である。なお、固定長期適合率＝（純資産＋固定負債）÷固定資産×100とする。

〈Ｃ社の貸借対照表〉（単位：百万円）
固定資産　3,100
流動負債　　450
固定負債　　720
純資産　　2,520",,,,,,100％,103％,105％,110％,3,"正解は3です。（2,520＋720）百万円÷3,100百万円×100＝104.516％→表示上105％です。",学科第10問をベースに、固定長期適合率を直接計算する第6の演習です。,"（2,520＋720）÷3,100×100＝104.516％→105％。純資産と固定負債の合計を固定資産で割ります。","1:100％は純資産2,520百万円÷2,520など、固定負債を加算しない誤りです。固定長期適合率は純資産に固定負債720百万円を足し、3,100百万円で割ります。;2:103％は（2,520＋450）÷3,100など、流動負債を誤って加算した誤答です。加算するのは固定負債720百万円であり、流動負債450百万円は使いません。負債区分に注意してください。;4:110％は固定資産を小さく取った誤りで生じやすい値です。固定資産3,100百万円を分母に（2,520＋720）÷3,100×100＝105％が正しい計算になります。",固定長期適合率＝（純資産＋固定負債）÷固定資産×100。第136問（107％）と数値を取り違えない。
168,single,タックスプランニング,FP2級;学科;実践演習;四答択;source:2026-gakka-32-v7,2026-gakka-32,,所得税における一時所得に係る総収入金額が350万円で、その収入を得るために支出した金額が78万円である場合、一時所得の金額は（ ① ）、そのうち総所得金額に算入される金額は（ ② ）となる。,,,,,,① 172万円   ②  86万円,① 222万円   ② 111万円,① 222万円   ② 222万円,① 272万円   ② 136万円,2,正解は2です。一時所得の金額＝350万円－78万円－特別控除50万円＝222万円。総所得金額への算入はその2分の1なので、111万円です。,学科の一時所得をベースに、収入・支出だけ変更した第7の演習です。,一時所得＝350－78－50＝222万円。総所得算入は半額の111万円です。,1:①172万円②86万円は支出78万円を差し引かない誤りです。350－78－50＝222万円が一時所得の金額であり、半額の111万円が総所得への算入額です。支出を忘れないこと。;3:①222万円②222万円は半額算入のルールを誤用した誤答です。一時所得222万円のうち総所得に算入するのは2分の1の111万円です。全額算入ではありません。;4:①272万円②136万円は特別控除50万円を差し引かない誤りです。一時所得は収入－支出－50万円であり、350－78－50＝222万円、算入は111万円です。特別控除を忘れないこと。,一時所得＝収入－支出－50万円、総所得算入は半額。第129問（230万・115万円）と数値を取り違えない。
169,single,不動産,FP2級;学科;実践演習;四答択;source:2026-gakka-46-v5,2026-gakka-46,,敷地面積480㎡の土地に、建築面積216㎡の建築物を建築する場合の建ぺい率は、 （   ）である。なお、建ぺい率＝建築面積÷敷地面積×100とする。,,,,,,40％,42％,45％,50％,3,正解は3です。建ぺい率＝216㎡÷480㎡×100＝45％です。,学科の建築基準法をベースに、建ぺい率を直接計算する第2の演習です。,216÷480×100＝45％。建築面積を敷地面積で割り、百分率に直します。,1:40％は192㎡÷480㎡など、建築面積を誤った場合の値です。建築面積は216㎡なので、216㎡÷480㎡×100＝45％が正しい建ぺい率の計算になります。;2:42％は201.6㎡÷480㎡など、建築面積を小さく取った誤答です。敷地面積480㎡に対する建築面積216㎡なので、建ぺい率は45％です。面積を再確認してください。;4:50％は240㎡÷480㎡など、建築面積を大きく取った誤答で生じやすい値です。建築面積216㎡÷敷地面積480㎡×100＝45％が正答です。延床面積ではありません。,建ぺい率＝建築面積÷敷地面積×100。第39問（180㎡・400㎡・45％）と同率だが面積が異なる。
170,single,相続・事業承継,FP2級;学科;実践演習;四答択;source:2026-gakka-55-v6,2026-gakka-55,,"相続税における遺産に係る基礎控除額を計算する場合、法定相続人が配偶者1人と子1人のとき、遺産に係る基礎控除額は、 （   ）である。なお、基礎控除額＝3,000万円＋600万円×法定相続人の数とする。",,,,,,"3,600万円","4,200万円","4,800万円","5,400万円",2,"正解は2です。法定相続人は配偶者1人と子1人で計2人です。3,000万円＋600万円×2人＝4,200万円です。",学科の遺産基礎控除をベースに、法定相続人2人の演習です。,"法定相続人2人（配偶者1＋子1）。3,000＋600×2＝4,200万円です。","1:3,600万円は配偶者のみ（法定相続人1人）の基礎控除額です。本問は子が1人あるので法定相続人は2人であり、3,000万円＋600万円×2＝4,200万円が正答です。;3:4,800万円は第130問（配偶者1＋子2＝3人）の正答を流用した誤答です。配偶者1人と子1人は2人なので、3,000＋600×2＝4,200万円が正しい基礎控除額です。;4:5,400万円は第40問（配偶者1＋子3＝4人）の正答を流用した誤答です。配偶者1人と子1人は2人なので、3,000＋600×2＝4,200万円が正しい基礎控除額です。","遺産基礎控除＝3,000万＋600万×法定相続人の数。第130問（3人・4,800万）と人数を取り違えない。"
171,single,金融資産運用,FP2級;学科;実践演習;四答択;source:2026-gakka-26-v23,2026-gakka-26,,"Ｍ社の株価が2,450円、１株当たり純利益が70円である場合、Ｍ社のＰＥＲ（株価収益率）は、 （   ）である。",,,,,,28倍,30倍,32倍,35倍,4,"正解は4です。PER＝株価÷１株当たり純利益です。2,450円÷70円＝35倍です。",2026年学科第26問をベースに、PERを直接計算する第8の演習です。,"PER＝2,450÷70＝35倍。株価を１株当たり純利益で割ります。","1:28倍は第131問（2,184円・78円）の正答を流用した誤答です。本問は2,450円・70円で再計算し、35倍が正しいPERです。過去の派生正答を流用しないこと。;2:30倍は第151問（2,160円・72円）の正答を流用した誤答です。株価2,450円・純利益70円をそのまま割ると35倍であり、30倍にはなりません。;3:32倍は2,240÷70など、株価を誤って小さくした誤答で生じやすい値です。PERは株価2,450円を純利益70円で割り、35倍です。掛け算ではなく割り算です。",PER＝株価÷EPS。第151問（30倍）と株価・純利益の組合せを取り違えない。
172,single,金融資産運用,FP2級;学科;実践演習;四答択;source:2025-gakka-28-v16,2025-gakka-28,,"Ｏさんのポートフォリオにおける各資産の構成比および期待収益率が下記のとおりである場合、当該ポートフォリオの期待収益率は、 （   ）である。

預金　25％　期待収益率0.1％
債券　25％　期待収益率2.4％
株式　50％　期待収益率7.2％",,,,,,3.85％,3.95％,4.03％,4.15％,3,正解は3です。0.1％×25％＋2.4％×25％＋7.2％×50％＝0.025％＋0.60％＋3.60％＝4.025％→表示上4.03％です。,2025年学科第28問の16問目。構成比と収益率を再変更した演習です。,0.1×0.25＋2.4×0.25＋7.2×0.5＝4.025％→4.03％。各資産の加重平均です。,1:3.85％は構成比を誤った加重平均の結果です。25％・25％・50％で0.1％・2.4％・7.2％を掛け合わせ、合計4.03％になります。構成比を確認してください。;2:3.95％は第17バッチの構成比（12・38・50）の結果に近い誤答です。本問は25・25・50で再計算すると4.03％が正しい期待収益率です。過去の派生正答を流用しないこと。;4:4.15％は単純平均（0.1＋2.4＋7.2）÷3など、構成比を無視した計算で生じやすい誤答です。本問は25％・25％・50％で加重するため、4.03％が正答です。単純平均ではありません。,ポートフォリオ期待収益率は毎回構成比から計算。第163問（4.21％）と構成比を取り違えない。
173,single,金融資産運用,FP2級;学科;実践演習;四答択;source:2025-gakka-24-v16,2025-gakka-24,,表面利率（クーポンレート）3％、残存期間4年の固定利付債券を額面100円当たり105円で購入した場合の最終利回り（年率・単利）は、 （   ）である。なお、税金等は考慮しないものとし、計算結果は表示単位の小数点以下第３位を四捨五入している。,,,,,,1.67％,1.92％,2.00％,2.33％,1,正解は1です。{3％＋(100円－105円)÷4年}÷105円×100＝{3－1.25}÷105×100≒1.667％→小数点以下第3位四捨五入で1.67％です。,学科の債券最終利回りの16問目。プレミアム購入・4年残存に変更した演習です。,{3＋(100－105)÷4}÷105×100≒1.667％→1.67％。償還差損を期間で按分します。,2:1.92％は第153問（104円・4年・1.92％）の正答を流用した誤答です。本問は購入価格105円で再計算し、1.67％が正しい最終利回りです。購入価格を確認してください。;3:2.00％は償還差損の按分を誤った場合に出やすい値です。プレミアム購入では(100－105)÷4がマイナスとなり、式どおり1.67％になります。按分年数を確認してください。;4:2.33％は第133問（103円・5年・2.33％）の正答を流用した誤答です。本問は105円・残存4年で再計算し、1.67％が正しい利回りです。数値を流用しないこと。,プレミアム購入（105円）では(100－105)がマイナス。第153問（104円・1.92％）と購入価格を取り違えない。
174,single,金融資産運用,FP2級;学科;実践演習;四答択;source:2026-gakka-27-v14,2026-gakka-27,,"下記の〈条件〉で、円貨を米ドルに交換して米ドル建定期預金に10,000米ドルを預け入れ、満期時に元利金の米ドルを円貨に交換して受け取る場合における利回り（単利・年率）は、 （   ）である。なお、税金は考慮しないものとし、計算結果は表示単位の小数点以下第３位を四捨五入するものとする。

〈条件〉
・預入期間：１年
・預金金利：2.00％（年率）
・為替予約なし
・為替レート（米ドル／円）
　預入時…ＴＴＳ：125.00円　ＴＴＢ：124.00円
　満期時…ＴＴＳ：131.00円　ＴＴＢ：130.50円",,,,,,6.15％,6.32％,6.49％,6.79％,3,"正解は3です。預入時10,000×125.00＝125.00万円、満期時10,200×130.50＝133.11万円。利回り＝8.11万円÷125.00万円×100≒6.488％→6.49％です。",2026年学科第27問の14問目。為替レートと金利だけ変更した外貨預金の演習です。,125.00万円投下、133.11万円受取。差額8.11万÷125.00万×100≒6.49％。買いＴＴＳ・売りＴＴＢです。,"1:6.15％は金利2.50％と混同した誤答で生じやすい値です。本問の預金金利は2.00％であり、10,200米ドルで受取を計算し、6.49％が正しい利回りです。;2:6.32％は第16バッチ（127.00円・132.50円）の正答を流用した誤答です。本問は125.00円・130.50円で再計算し、6.49％が正しい利回りです。為替レートを確認してください。;4:6.79％は第17バッチ（126.00円・131.00円）の正答を流用した誤答です。本問は125.00円・130.50円で再計算し、6.49％が正しい利回りです。過去の派生正答を流用しないこと。","外貨預金利回りは各バッチと同型。金利2.00％なら満期は10,200米ドルになる。"
175,single,ライフプランニングと資金計画,FP2級;学科;実践演習;四答択;source:2025-gakka-01-v13,2025-gakka-01,,"Ｖさんの可処分所得（年間）の金額は、下記の〈資料〉によれば、 （   ）である。

〈資料〉Ｖさんの年間収入等
給与収入　　：1,025万円（給与所得 ： 735万円）
所得税・住民税 ：  78万円
社会保険料　 ： 110万円
生命保険料　 ：  36万円",,,,,,867万円,887万円,"1,025万円","1,061万円",2,"正解は2です。可処分所得＝給与収入－所得税・住民税－社会保険料です。1,025万円－78万円－110万円＝887万円。生命保険料36万円は差し引きません。",学科の可処分所得をベースに、収入・控除額だけ変更した第13の演習です。,"1,025－78－110＝887万円。給与所得735万円や生命保険料36万円はこの式に含めません。","1:867万円は社会保険料をさらに大きく差し引いた誤りで生じやすい値です。社保は110万円なので、1,025－78－110＝887万円が可処分所得です。控除額を確認してください。;3:1,025万円は給与収入そのもので、税・社会保険料を差し引いていません。所得税・住民税と社会保険料の両方を引く必要があり、887万円が正答です。収入全額ではありません。;4:1,061万円は生命保険料36万円を加算した誤りで生じやすい値です。生命保険料は可処分所得の控除項目ではなく、1,025－78－110＝887万円です。保険料を足し算しません。",可処分所得＝給与収入－所得税・住民税－社会保険料。第166問（876万円）と数値を取り違えない。
176,single,ライフプランニングと資金計画,FP2級;学科;実践演習;四答択;source:2025-gakka-10-v19,2025-gakka-10,,"下記の〈Ｄ社の貸借対照表〉に基づくＤ社の自己資本比率は、 （   ）である。なお、自己資本比率＝純資産÷総資産×100とする。

〈Ｄ社の貸借対照表〉（単位：百万円）
総資産　7,200
純資産　2,520",,,,,,30.0％,32.5％,35.0％,37.5％,3,"正解は3です。自己資本比率＝2,520百万円÷7,200百万円×100＝35.0％です。",学科第10問をベースに、自己資本比率を直接計算する第6の演習です。,"2,520÷7,200×100＝35.0％。純資産を総資産で割ります。","1:30.0％は2,160÷7,200など、純資産を誤った場合の値です。純資産は2,520百万円なので、2,520÷7,200×100＝35.0％が正しい計算になります。;2:32.5％は2,340÷7,200など、純資産を小さく取った誤答です。総資産7,200百万円に対する純資産2,520百万円なので、自己資本比率は35.0％です。;4:37.5％は第147問（40.0％）の正答を流用した誤答です。本問は純資産2,520・総資産7,200で再計算し、35.0％が正しい自己資本比率です。数値を流用しないこと。",自己資本比率＝純資産÷総資産×100。第147問（40％）と数値を取り違えない。
177,single,タックスプランニング,FP2級;学科;実践演習;四答択;source:2026-gakka-33-v8,2026-gakka-33,,Ｗさんの2025年分の所得税における総所得金額は、不動産所得の金額が88万円、事業所得の金額が▲38万円（飲食店の経営により生じた損失）であるとき、 （   ）である。なお、ほかの所得はないものとする。,,,,,,38万円,50万円,88万円,126万円,2,正解は2です。事業所得の損失38万円は不動産所得と損益通算できます。88万円－38万円＝50万円が総所得金額です。,2026年学科第33問をベースに、損益通算だけを問う第4の演習です。,不動産88万円から事業損失38万円を差し引き、50万円が総所得金額です。,1:38万円は事業損失38万円そのもので、総所得金額ではありません。事業損失は不動産所得と通算し、88－38＝50万円が総所得金額です。損失額と総所得を混同しないこと。;3:88万円は不動産所得のみで、事業損失38万円の損益通算を行っていません。事業所得の損失は不動産所得と通算し、88－38＝50万円が総所得金額です。両方を反映します。;4:126万円は88万円＋38万円など、損失を加算した誤りで生じやすい値です。事業損失は不動産所得から差し引くため、88－38＝50万円です。損失を足し算しません。,事業所得の損失は不動産所得と損益通算。第137問（95万・▲40万・55万）と数値を取り違えない。
178,single,タックスプランニング,FP2級;学科;実践演習;四答択;source:2026-gakka-34-v7,2026-gakka-34,,Ｘさんの2025年分の所得税における医療費控除の控除額を計算する場合、総所得金額が500万円、医療費として実際に支払った金額が65万円、その補填として受け取った保険金が7万円であるとき、医療費控除額は、 （   ）である。なお、「特定一般用医薬品等購入費を支払った場合の医療費控除の特例」は考慮しない。,,,,,,25万円,30万円,33万円,38万円,3,"正解は3です。医療費控除額＝支払医療費－保険金等の補填－max(10万円, 総所得金額×5％)です。65万円－7万円－25万円（500万円×5％）＝33万円です。",2026年学科第34問の7問目。医療費控除額を直接計算する演習です。,補填後58万円から、総所得500万円の5％である25万円（10万円超）を差し引き、控除額33万円です。,1:25万円は最低限度額10万円だけを差し引いた誤りです。総所得500万円の場合は5％の25万円が限度となるため、控除額は33万円です。10万円固定ではありません。;2:30万円は第148問（480万・32万円）の正答を流用した誤答です。本問は総所得500万円・支払65万円で再計算し、33万円が正しい控除額です。数値を流用しないこと。;4:38万円は限度額を差し引かない誤答で生じやすい値です。補填後58万円から限度25万円を引き、控除額は33万円です。限度額そのものを控除額と混同しないこと。,"医療費控除＝支払－補填－max(10万, 総所得×5％)。第148問（32万円）と総所得額を取り違えない。"
179,single,相続・事業承継,FP2級;学科;実践演習;四答択;source:2025-gakka-52-v8,2025-gakka-52,,Ｆさんが暦年課税により叔父から現金172万円の贈与を受けた場合の贈与税の課税価格は、 （   ）である。なお、相続時精算課税制度の適用は受けないものとする。,,,,,,52万円,62万円,110万円,172万円,2,正解は2です。課税価格＝172万円－基礎控除110万円＝62万円です。,学科の贈与税をベースに、贈与額172万円に変更した課税価格の演習です。,172万円－110万円＝62万円。暦年課税の基礎控除は年110万円です。,1:52万円は贈与162万円と誤認した場合の課税価格など、別の贈与額の結果です。贈与額172万円から基礎控除110万円を引き、課税価格は62万円になります。贈与額を確認してください。;3:110万円は基礎控除額そのもので、課税価格ではありません。基礎控除110万円を超える部分が課税価格となり、本問は172－110＝62万円です。控除額と課税価格は別です。;4:172万円は贈与財産の価額そのもので、基礎控除を差し引いていません。暦年課税では110万円の基礎控除後の62万円が課税価格です。贈与額全額は課税価格ではありません。,暦年課税の課税価格＝贈与額－110万円。第159問（165万・55万円）と贈与額を取り違えない。
180,single,不動産,FP2級;学科;実践演習;四答択;source:2026-gakka-46-v6,2026-gakka-46,,"年間賃料収入が570万円、管理費等および固定資産税が102万円の不動産を8,800万円で購入した場合、当該不動産のＮＯＩ利回り（純利回り・年率）は、 （   ）である。なお、ＮＯＩ＝年間賃料収入－管理費等および固定資産税とする。",,,,,,5.00％,5.15％,5.32％,5.50％,3,"正解は3です。ＮＯＩ＝570万円－102万円＝468万円。ＮＯＩ利回り＝468万円÷8,800万円×100≒5.318％→5.32％です。",学科の不動産利回りをベースに、ＮＯＩ利回りを直接計算する第2の演習です。,"NOI468万円÷8,800万円×100≒5.32％。経費控除後の純収益を購入価格で割ります。","1:5.00％は440万円÷8,800万円など、ＮＯＩを誤った場合の値です。ＮＯＩは570－102＝468万円なので、468÷8,800×100≒5.32％が正しい純利回りになります。;2:5.15％は454万円÷8,800万円など、経費を誤って差し引いた誤答です。管理費等および固定資産税102万円を差し引き、468万円÷8,800万円×100≒5.32％です。;4:5.50％は570万円÷8,800万円など、表面利回りの計算で生じやすい値です。純利回りは経費控除後のＮＯＩ468万円を分母8,800万円で割り、5.32％が正答です。",ＮＯＩ利回り＝（賃料－経費）÷購入価格×100。第150問の表面利回り（6.0％）と混同しない。
181,single,金融資産運用,FP2級;学科;実践演習;四答択;source:2026-gakka-26-v24,2026-gakka-26,,"Ｎ社の１株当たり純利益が99円、１株当たり純資産（自己資本）が1,100円である場合、Ｎ社のＲＯＥは、 （   ）である。",,,,,,7％,8％,9％,10％,3,"正解は3です。ROE＝１株当たり純利益÷１株当たり純資産×100です。99円÷1,100円×100＝9％です。",2026年学科第26問のROEをベースに、純利益と純資産だけ変更した第9の演習です。,"ROE＝99÷1,100×100＝9％。分子は純利益、分母は自己資本（純資産）です。","1:7％は99÷1,410×100など、純資産を大きく取った誤計算で生じやすい値です。本問の純資産は1,100円なので、99÷1,100×100＝9％が正しい計算になります。;2:8％は第141問（132円・1,650円）の正答を流用した誤答です。本問は99円・1,100円で再計算し、9％が正しいROEです。過去の派生正答を流用しないこと。;4:10％は110÷1,100×100など、純利益を誤認した場合の値です。純利益99円・純資産1,100円を用いると9％となり、10％にはなりません。純利益の数値を確認してください。",ROE＝純利益÷純資産×100。第161問（9％）と同率だが前提数値が異なるので毎回計算する。
182,single,金融資産運用,FP2級;学科;実践演習;四答択;source:2026-gakka-26-v25,2026-gakka-26,,"Ｏ社の株価が2,835円、１株当たり純資産（自己資本）が630円である場合、Ｏ社のＰＢＲ（株価純資産倍率）は、 （   ）である。",,,,,,3.5倍,4.0倍,4.5倍,5.0倍,3,"正解は3です。PBR＝株価÷１株当たり純資産です。2,835円÷630円＝4.5倍です。",2026年学科第26問のPBRをベースに、株価と純資産だけ変更した第7の演習です。,"PBR＝2,835÷630＝4.5倍。株価を１株当たり純資産で割ります。","1:3.5倍は第142問（2,380円・680円）の正答を流用した誤答です。本問は2,835円・630円で再計算し、4.5倍が正しいPBRです。過去の派生正答を流用しないこと。;2:4.0倍は第122問（2,160円・540円）の正答を流用した誤答です。株価2,835円・純資産630円をそのまま割ると4.5倍であり、4.0倍にはなりません。;4:5.0倍は第162問（2,550円・510円）の正答を流用した誤答です。PBRの分母は純資産630円であり、2,835÷630＝4.5倍です。純利益は使いません。",PBR＝株価÷BPS。第162問（5.0倍）と株価・純資産の組合せを取り違えない。
183,single,金融資産運用,FP2級;学科;実践演習;四答択;source:2025-gakka-28-v17,2025-gakka-28,,"Ｐさんのポートフォリオにおける各資産の構成比および期待収益率が下記のとおりである場合、当該ポートフォリオの期待収益率は、 （   ）である。

預金　18％　期待収益率0.1％
債券　32％　期待収益率2.2％
株式　50％　期待収益率6.5％",,,,,,3.72％,3.85％,3.97％,4.10％,3,正解は3です。0.1％×18％＋2.2％×32％＋6.5％×50％＝0.018％＋0.704％＋3.25％＝3.972％→表示上3.97％です。,2025年学科第28問の17問目。構成比と収益率を再変更した演習です。,0.1×0.18＋2.2×0.32＋6.5×0.5＝3.972％→3.97％。各資産の加重平均です。,1:3.72％は構成比を誤った加重平均の結果です。18％・32％・50％で0.1％・2.2％・6.5％を掛け合わせ、合計3.97％になります。構成比を確認してください。;2:3.85％は第18バッチの構成比（25・25・50）の結果に近い誤答です。本問は18・32・50で再計算すると3.97％が正しい期待収益率です。過去の派生正答を流用しないこと。;4:4.10％は第18バッチ（20・25・55）の正答を流用した誤答です。本問は18・32・50で再計算し、3.97％が正しい期待収益率です。構成比を確認してください。,ポートフォリオ期待収益率は毎回構成比から計算。第172問（4.03％）と構成比を取り違えない。
184,single,金融資産運用,FP2級;学科;実践演習;四答択;source:2025-gakka-24-v17,2025-gakka-24,,表面利率（クーポンレート）3％、残存期間4年の固定利付債券を額面100円当たり92円で購入した場合の最終利回り（年率・単利）は、 （   ）である。なお、税金等は考慮しないものとし、計算結果は表示単位の小数点以下第３位を四捨五入している。,,,,,,5.22％,5.43％,5.65％,5.80％,2,正解は2です。{3％＋(100円－92円)÷4年}÷92円×100＝{3＋2}÷92×100≒5.435％→小数点以下第3位四捨五入で5.43％です。,学科の債券最終利回りの17問目。ディスカウント購入・4年残存に変更した演習です。,{3＋(100－92)÷4}÷92×100≒5.435％→5.43％。償還差益を期間で按分します。,1:5.22％は償還差益の按分を誤った場合に出やすい値です。ディスカウント購入では(100－92)÷4＝2を加算し、式どおり5.43％になります。按分年数を確認してください。;3:5.65％は第164問（93円・5年・4.73％）の正答を流用した誤答です。本問は購入価格92円・残存4年で再計算し、5.43％が正しい最終利回りです。数値を流用しないこと。;4:5.80％は表面利率に償還差益8円をそのまま加算した誤りなどに近い値です。償還差益は残存4年で按分し、{3＋2}÷92×100≒5.43％が正しい利回りです。,ディスカウント購入（92円）では(100－92)がプラス。第164問（93円・4.73％）と購入価格を取り違えない。
185,single,金融資産運用,FP2級;学科;実践演習;四答択;source:2026-gakka-27-v15,2026-gakka-27,,"下記の〈条件〉で、円貨を米ドルに交換して米ドル建定期預金に10,000米ドルを預け入れ、満期時に元利金の米ドルを円貨に交換して受け取る場合における利回り（単利・年率）は、 （   ）である。なお、税金は考慮しないものとし、計算結果は表示単位の小数点以下第３位を四捨五入するものとする。

〈条件〉
・預入期間：１年
・預金金利：2.50％（年率）
・為替予約なし
・為替レート（米ドル／円）
　預入時…ＴＴＳ：124.00円　ＴＴＢ：123.00円
　満期時…ＴＴＳ：130.00円　ＴＴＢ：129.50円",,,,,,6.49％,6.79％,7.16％,7.45％,3,"正解は3です。預入時10,000×124.00＝124.00万円、満期時10,250×129.50＝132.8875万円。利回り＝8.8875万円÷124.00万円×100≒7.164％→7.16％です。",2026年学科第27問の15問目。為替レートと金利だけ変更した外貨預金の演習です。,124.00万円投下、132.8875万円受取。差額8.8875万÷124.00万×100≒7.16％。買いＴＴＳ・売りＴＴＢです。,1:6.49％は第18バッチ（125.00円・130.50円）の正答を流用した誤答です。本問は124.00円・129.50円で再計算し、7.16％が正しい利回りです。為替レートを確認してください。;2:6.79％は第17バッチ（126.00円・131.00円）の正答を流用した誤答です。本問は124.00円・129.50円で再計算し、7.16％が正しい利回りです。過去の派生正答を流用しないこと。;4:7.45％は為替差益だけを過大に見積もった誤答で生じやすい値です。金利2.50％分の米ドル増と為替変動の両方を含め、投下124.00万円で割ります。,外貨預金利回りは各バッチと同型。為替は買いＴＴＳ・売りＴＴＢを毎回確認する。
186,single,ライフプランニングと資金計画,FP2級;学科;実践演習;四答択;source:2025-gakka-01-v14,2025-gakka-01,,"Ｗさんの可処分所得（年間）の金額は、下記の〈資料〉によれば、 （   ）である。

〈資料〉Ｗさんの年間収入等
給与収入　　：1,040万円（給与所得 ： 750万円）
所得税・住民税 ：  80万円
社会保険料　 ： 112万円
生命保険料　 ：  38万円",,,,,,908万円,928万円,"1,040万円","1,078万円",2,"正解は2です。可処分所得＝給与収入－所得税・住民税－社会保険料です。1,040万円－80万円－112万円＝928万円。生命保険料38万円は差し引きません。",学科の可処分所得をベースに、収入・控除額だけ変更した第14の演習です。,"1,040－80－112＝928万円。給与所得750万円や生命保険料38万円はこの式に含めません。","1:908万円は社会保険料をさらに大きく差し引いた誤りで生じやすい値です。社保は112万円なので、1,040－80－112＝928万円が可処分所得です。控除額を確認してください。;3:1,040万円は給与収入そのもので、税・社会保険料を差し引いていません。所得税・住民税と社会保険料の両方を引く必要があり、928万円が正答です。収入全額ではありません。;4:1,078万円は生命保険料38万円を加算した誤りで生じやすい値です。生命保険料は可処分所得の控除項目ではなく、1,040－80－112＝928万円です。保険料を足し算しません。",可処分所得＝給与収入－所得税・住民税－社会保険料。第175問（887万円）と数値を取り違えない。
187,single,ライフプランニングと資金計画,FP2級;学科;実践演習;四答択;source:2025-gakka-10-v20,2025-gakka-10,,"下記の〈Ｅ社の貸借対照表〉に基づくＥ社の流動比率は、 （   ）である。なお、流動比率＝流動資産÷流動負債×100とする。

〈Ｅ社の貸借対照表〉（単位：百万円）
流動資産　2,040
固定資産　2,860
流動負債　　680
固定負債　　720
純資産　　3,900",,,,,,250％,275％,300％,325％,3,"正解は3です。流動比率＝2,040百万円÷680百万円×100＝300％です。",学科第10問をベースに、流動比率を直接計算する第5の演習です。,"2,040÷680×100＝300％。流動資産を流動負債で割ります。","1:250％は第18バッチ（2,250÷900）の正答を流用した誤答です。本問は流動資産2,040・流動負債680で再計算し、300％が正しい流動比率です。数値を流用しないこと。;2:275％は1,870÷680など、流動資産を小さく取った誤答です。流動負債680百万円に対する流動資産2,040百万円なので、流動比率は300％です。;4:325％は2,210÷680など、流動資産を大きく取った誤答で生じやすい値です。流動資産2,040百万円÷流動負債680百万円×100＝300％が正しい計算になります。",流動比率＝流動資産÷流動負債×100。第156問（250％）と数値を取り違えない。
188,single,タックスプランニング,FP2級;学科;実践演習;四答択;source:2026-gakka-33-v9,2026-gakka-33,,Ｙさんの2025年分の所得税における総所得金額は、給与所得の金額が302万円、不動産所得の金額が48万円であるとき、 （   ）である。なお、ほかの所得はないものとする。,,,,,,254万円,302万円,350万円,390万円,3,正解は3です。総所得金額は各所得の金額を合計します。302万円＋48万円＝350万円です。,2026年学科第33問をベースに、給与所得と不動産所得の単純合計の演習です。,給与所得302万円＋不動産所得48万円＝350万円。損益通算が不要な場合は単純合計です。,1:254万円は302万円－48万円など、所得を差し引いた誤りです。不動産所得は総所得に加算するため、302＋48＝350万円が総所得金額です。差し引きではありません。;2:302万円は給与所得のみで、不動産所得48万円を加算していません。ほかの所得がない場合でも、不動産所得を合計し、350万円が総所得金額です。両方足します。;4:390万円は給与収入金額と混同した誤答で生じやすい値です。本問は所得の金額（給与所得302万円）を合計し、350万円になります。収入金額ではありません。,総所得金額は各所得の金額の合計。第68問（320万＋45万）と所得の種類を取り違えない。
189,single,タックスプランニング,FP2級;学科;実践演習;四答択;source:2026-gakka-16-v9,2026-gakka-16,,"給与所得者が24年間勤務した会社を定年退職し、退職金2,600万円の支給を受けた場合、所得税における退職所得の金額の計算上、退職所得控除額は（   ）となる。",,,,,,800万円＋40万円×(24年－20年)＝960万円,"800万円＋70万円×(24年－20年)＝1,080万円",40万円×24年＝960万円,"70万円×24年＝1,680万円",2,"正解は2です。勤続24年（20年超）なので、800万円＋70万円×(24－20)＝800万円＋280万円＝1,080万円です。",学科の退職所得控除の9問目。24年勤続（20年超）に変更した演習です。,"24年は20年超。800万円＋70万円×(24－20)＝1,080万円。40万円×年数の式は使いません。","1:800万円＋40万円×(24－20)は20年超用の70万円式を誤用した選択肢です。24年勤続は20年超なので、800万円＋70万円×4年＝1,080万円の公式を使います。年数で式を選びます。;3:40万円×24年は20年以下用の式を誤用した誤答です。24年勤続は20年超なので、800万円＋70万円×(24－20)＝1,080万円が控除額です。40万円×年数は使いません。;4:70万円×24年は退職所得控除の公式ではありません。20年超は800万円＋70万円×(年－20)であり、24年なら1,080万円になります。70万円×年数ではありません。",退職所得控除は20年以下と20年超で式が異なる。第9問（22年・940万）と勤続年数を取り違えない。
190,single,相続・事業承継,FP2級;学科;実践演習;四答択;source:2026-gakka-58-v12,2026-gakka-58,,"貸家建付地の相続税評価額は、その自用地としての価額が9,000万円、借地権割合が58％、借家権割合が32％、賃貸割合が100％である場合、 （   ）となる。",,,,,,"6,500万円","7,330万円","8,100万円","9,000万円",2,"正解は2です。9,000万円×(1－58％×32％×100％)＝9,000万円×81.44％＝7,329.6万円→表示上7,330万円です。",学科の貸家建付地の8問目。借地権・借家権割合だけ変更した演習です。,"9,000×(1－0.58×0.32×1)＝7,329.6万円→7,330万円。3つの割合を掛けて控除率18.56％です。","1:6,500万円は借地権割合だけを控除した誤りで生じやすい値です。貸家建付地では借家権割合と賃貸割合も掛け合わせ、0.58×0.32×1＝18.56％を控除します。3つ掛け算です。;3:8,100万円は9,000万円×90％など、別の割合を混同した誤答です。本問は自用地9,000万円に81.44％を掛け、7,330万円が評価額になります。過去問の数値を流用しないこと。;4:9,000万円は自用地のままの評価額で、貸家建付地としての減額を反映していません。借地権58％・借家権32％を掛け合わせ控除し、7,330万円が正しい評価額です。自用地価額のままではありません。","貸家建付地＝自用地×(1－借地権×借家権×賃貸割合)。第149問（6,600万円）と割合を取り違えない。"
191,single,金融資産運用,FP2級;学科;実践演習;四答択;source:2026-gakka-26-v26,2026-gakka-26,,"Ｐ社の株価が2,736円、１株当たり純利益が76円である場合、Ｐ社のＰＥＲ（株価収益率）は、 （   ）である。",,,,,,30倍,32倍,34倍,36倍,4,"正解は4です。PER＝株価÷１株当たり純利益です。2,736円÷76円＝36倍です。",2026年学科第26問をベースに、PERを直接計算する第9の演習です。,"PER＝2,736÷76＝36倍。株価を１株当たり純利益で割ります。","1:30倍は第151問（2,160円・72円）の正答を流用した誤答です。本問は2,736円・76円で再計算し、36倍が正しいPERです。過去の派生正答を流用しないこと。;2:32倍は2,432÷76など、株価を誤って小さくした誤答で生じやすい値です。株価2,736円・純利益76円をそのまま割ると36倍であり、32倍にはなりません。;3:34倍は第171問（2,450円・70円）の正答を流用した誤答です。PERは株価2,736円を純利益76円で割り、36倍です。掛け算ではなく割り算です。",PER＝株価÷EPS。第171問（35倍）と株価・純利益の組合せを取り違えない。
192,single,金融資産運用,FP2級;学科;実践演習;四答択;source:2025-gakka-28-v18,2025-gakka-28,,"Ｑさんのポートフォリオにおける各資産の構成比および期待収益率が下記のとおりである場合、当該ポートフォリオの期待収益率は、 （   ）である。

預金　22％　期待収益率0.1％
債券　28％　期待収益率2.2％
株式　50％　期待収益率7.0％",,,,,,3.85％,4.00％,4.14％,4.28％,3,正解は3です。0.1％×22％＋2.2％×28％＋7.0％×50％＝0.022％＋0.616％＋3.50％＝4.138％→表示上4.14％です。,2025年学科第28問の18問目。構成比と収益率を再変更した演習です。,0.1×0.22＋2.2×0.28＋7.0×0.5＝4.138％→4.14％。各資産の加重平均です。,1:3.85％は構成比を誤った加重平均の結果です。22％・28％・50％で0.1％・2.2％・7.0％を掛け合わせ、合計4.14％になります。構成比を確認してください。;2:4.00％は第19バッチの構成比（18・32・50）の結果に近い誤答です。本問は22・28・50で再計算すると4.14％が正しい期待収益率です。過去の派生正答を流用しないこと。;4:4.28％は単純平均（0.1＋2.2＋7.0）÷3など、構成比を無視した計算で生じやすい誤答です。本問は22％・28％・50％で加重するため、4.14％が正答です。単純平均ではありません。,ポートフォリオ期待収益率は毎回構成比から計算。第183問（3.97％）と構成比を取り違えない。
193,single,金融資産運用,FP2級;学科;実践演習;四答択;source:2025-gakka-24-v18,2025-gakka-24,,表面利率（クーポンレート）3％、残存期間5年の固定利付債券を額面100円当たり91円で購入した場合の最終利回り（年率・単利）は、 （   ）である。なお、税金等は考慮しないものとし、計算結果は表示単位の小数点以下第３位を四捨五入している。,,,,,,5.05％,5.28％,5.43％,5.65％,2,正解は2です。{3％＋(100円－91円)÷5年}÷91円×100＝{3＋1.8}÷91×100≒5.275％→小数点以下第3位四捨五入で5.28％です。,学科の債券最終利回りの18問目。ディスカウント購入・5年残存に変更した演習です。,{3＋(100－91)÷5}÷91×100≒5.275％→5.28％。償還差益を期間で按分します。,1:5.05％は償還差益の按分を誤った場合に出やすい値です。ディスカウント購入では(100－91)÷5＝1.8を加算し、式どおり5.28％になります。按分年数を確認してください。;3:5.43％は第19バッチ（92円・4年・5.43％）の正答を流用した誤答です。本問は購入価格91円・残存5年で再計算し、5.28％が正しい最終利回りです。数値を流用しないこと。;4:5.65％は表面利率に償還差益9円をそのまま加算した誤りなどに近い値です。償還差益は残存5年で按分し、{3＋1.8}÷91×100≒5.28％が正しい利回りです。,ディスカウント購入（91円）では(100－91)がプラス。第184問（92円・5.43％）と購入価格・期間を取り違えない。
194,single,金融資産運用,FP2級;学科;実践演習;四答択;source:2026-gakka-27-v16,2026-gakka-27,,"下記の〈条件〉で、円貨を米ドルに交換して米ドル建定期預金に10,000米ドルを預け入れ、満期時に元利金の米ドルを円貨に交換して受け取る場合における利回り（単利・年率）は、 （   ）である。なお、税金は考慮しないものとし、計算結果は表示単位の小数点以下第３位を四捨五入するものとする。

〈条件〉
・預入期間：１年
・預金金利：2.00％（年率）
・為替予約なし
・為替レート（米ドル／円）
　預入時…ＴＴＳ：123.00円　ＴＴＢ：122.00円
　満期時…ＴＴＳ：129.00円　ＴＴＢ：128.50円",,,,,,6.15％,6.42％,6.59％,6.79％,3,"正解は3です。預入時10,000×123.00＝123.00万円、満期時10,200×128.50＝131.07万円。利回り＝8.07万円÷123.00万円×100≒6.588％→6.59％です。",2026年学科第27問の16問目。為替レートと金利だけ変更した外貨預金の演習です。,123.00万円投下、131.07万円受取。差額8.07万÷123.00万×100≒6.59％。買いＴＴＳ・売りＴＴＢです。,"1:6.15％は金利2.50％と混同した誤答で生じやすい値です。本問の預金金利は2.00％であり、10,200米ドルで受取を計算し、6.59％が正しい利回りです。;2:6.42％は第19バッチ（124.00円・129.50円）の正答を流用した誤答です。本問は123.00円・128.50円で再計算し、6.59％が正しい利回りです。為替レートを確認してください。;4:6.79％は第19バッチ（126.00円・131.00円）の正答を流用した誤答です。本問は123.00円・128.50円で再計算し、6.59％が正しい利回りです。過去の派生正答を流用しないこと。","外貨預金利回りは各バッチと同型。金利2.00％なら満期は10,200米ドルになる。"
195,single,ライフプランニングと資金計画,FP2級;学科;実践演習;四答択;source:2025-gakka-01-v15,2025-gakka-01,,"Ｘさんの可処分所得（年間）の金額は、下記の〈資料〉によれば、 （   ）である。

〈資料〉Ｘさんの年間収入等
給与収入　　：1,055万円（給与所得 ： 760万円）
所得税・住民税 ：  82万円
社会保険料　 ： 114万円
生命保険料　 ：  40万円",,,,,,909万円,929万円,"1,055万円","1,095万円",2,"正解は2です。可処分所得＝給与収入－所得税・住民税－社会保険料です。1,055万円－82万円－114万円＝929万円。生命保険料40万円は差し引きません。",学科の可処分所得をベースに、収入・控除額だけ変更した第15の演習です。,"1,055－82－114＝929万円。給与所得760万円や生命保険料40万円はこの式に含めません。","1:909万円は社会保険料をさらに大きく差し引いた誤りで生じやすい値です。社保は114万円なので、1,055－82－114＝929万円が可処分所得です。控除額を確認してください。;3:1,055万円は給与収入そのもので、税・社会保険料を差し引いていません。所得税・住民税と社会保険料の両方を引く必要があり、929万円が正答です。収入全額ではありません。;4:1,095万円は生命保険料40万円を加算した誤りで生じやすい値です。生命保険料は可処分所得の控除項目ではなく、1,055－82－114＝929万円です。保険料を足し算しません。",可処分所得＝給与収入－所得税・住民税－社会保険料。第186問（928万円）と数値を取り違えない。
196,single,ライフプランニングと資金計画,FP2級;学科;実践演習;四答択;source:2025-gakka-10-v21,2025-gakka-10,,"下記の〈Ｆ社の貸借対照表〉に基づくＦ社の固定長期適合率は、 （   ）である。なお、固定長期適合率＝（純資産＋固定負債）÷固定資産×100とする。

〈Ｆ社の貸借対照表〉（単位：百万円）
固定資産　3,350
流動負債　　480
固定負債　　780
純資産　　2,700",,,,,,100％,102％,104％,108％,3,"正解は3です。（2,700＋780）百万円÷3,350百万円×100＝103.881％→表示上104％です。",学科第10問をベースに、固定長期適合率を直接計算する第7の演習です。,"（2,700＋780）÷3,350×100＝103.881％→104％。純資産と固定負債の合計を固定資産で割ります。","1:100％は純資産2,700百万円÷2,700など、固定負債を加算しない誤りです。固定長期適合率は純資産に固定負債780百万円を足し、3,350百万円で割ります。;2:102％は（2,700＋480）÷3,350など、流動負債を誤って加算した誤答です。加算するのは固定負債780百万円であり、流動負債480百万円は使いません。負債区分に注意してください。;4:108％は固定資産を小さく取った誤りで生じやすい値です。固定資産3,350百万円を分母に（2,700＋780）÷3,350×100＝104％が正しい計算になります。",固定長期適合率＝（純資産＋固定負債）÷固定資産×100。第167問（105％）と数値を取り違えない。
197,single,タックスプランニング,FP2級;学科;実践演習;四答択;source:2026-gakka-32-v8,2026-gakka-32,,所得税における一時所得に係る総収入金額が380万円で、その収入を得るために支出した金額が88万円である場合、一時所得の金額は（ ① ）、そのうち総所得金額に算入される金額は（ ② ）となる。,,,,,,① 182万円   ②  91万円,① 232万円   ② 116万円,① 282万円   ② 141万円,① 332万円   ② 166万円,3,正解は3です。一時所得の金額＝380万円－88万円－特別控除50万円＝282万円。総所得金額への算入はその2分の1なので、141万円です。,学科の一時所得をベースに、収入・支出だけ変更した第8の演習です。,一時所得＝380－88－50＝282万円。総所得算入は半額の141万円です。,1:①182万円②91万円は支出88万円を差し引かない誤りです。380－88－50＝282万円が一時所得の金額であり、半額の141万円が総所得への算入額です。支出を忘れないこと。;2:①232万円②116万円は特別控除50万円を差し引かない誤りです。一時所得は収入－支出－50万円であり、380－88－50＝282万円、算入は141万円です。特別控除を忘れないこと。;4:①332万円②166万円は支出88万円と特別控除50万円の両方を差し引かない誤りです。一時所得は380－88－50＝282万円、総所得算入は半額の141万円です。支出と特別控除の両方が必要です。,一時所得＝収入－支出－50万円、総所得算入は半額。第168問（222万・111万円）と数値を取り違えない。
198,single,相続・事業承継,FP2級;学科;実践演習;四答択;source:2025-gakka-52-v9,2025-gakka-52,,Ｇさんが暦年課税により祖母から現金178万円の贈与を受けた場合の贈与税の課税価格は、 （   ）である。なお、相続時精算課税制度の適用は受けないものとする。,,,,,,58万円,68万円,110万円,178万円,2,正解は2です。課税価格＝178万円－基礎控除110万円＝68万円です。,学科の贈与税をベースに、贈与額178万円に変更した課税価格の演習です。,178万円－110万円＝68万円。暦年課税の基礎控除は年110万円です。,1:58万円は贈与168万円と誤認した場合の課税価格など、別の贈与額の結果です。贈与額178万円から基礎控除110万円を引き、課税価格は68万円になります。贈与額を確認してください。;3:110万円は基礎控除額そのもので、課税価格ではありません。基礎控除110万円を超える部分が課税価格となり、本問は178－110＝68万円です。控除額と課税価格は別です。;4:178万円は贈与財産の価額そのもので、基礎控除を差し引いていません。暦年課税では110万円の基礎控除後の68万円が課税価格です。贈与額全額は課税価格ではありません。,暦年課税の課税価格＝贈与額－110万円。第179問（172万・62万円）と贈与額を取り違えない。
199,single,相続・事業承継,FP2級;学科;実践演習;四答択;source:2026-gakka-55-v7,2026-gakka-55,,"相続税における遺産に係る基礎控除額を計算する場合、法定相続人が配偶者1人と子5人のとき、遺産に係る基礎控除額は、 （   ）である。なお、基礎控除額＝3,000万円＋600万円×法定相続人の数とする。",,,,,,"5,400万円","6,000万円","6,600万円","7,200万円",3,"正解は3です。法定相続人は配偶者1人と子5人で計6人です。3,000万円＋600万円×6人＝6,600万円です。",学科の遺産基礎控除をベースに、法定相続人6人の演習です。,"法定相続人6人（配偶者1＋子5）。3,000＋600×6＝6,600万円です。","1:5,400万円は第40問（配偶者1＋子3＝4人）の正答を流用した誤答です。配偶者1人と子5人は6人なので、3,000＋600×6＝6,600万円が正しい基礎控除額です。;2:6,000万円は第52問（配偶者1＋子4＝5人）の正答を流用した誤答です。子5人なら法定相続人は6人です。3,000万円＋600万円×6人＝6,600万円と計算してください。;4:7,200万円は法定相続人7人の場合の基礎控除額です。配偶者1人と子5人は6人なので、3,000＋600×6＝6,600万円が正しい基礎控除額です。","遺産基礎控除＝3,000万＋600万×法定相続人の数。第52問（5人・6,000万）と人数を取り違えない。"
200,single,不動産,FP2級;学科;実践演習;四答択;source:2026-gakka-46-v7,2026-gakka-46,,"年間賃料収入が342万円の不動産を5,700万円で購入した場合、当該不動産の表面利回り（年率）は、 （   ）である。なお、表面利回り＝年間賃料収入÷購入価格×100とする。",,,,,,5.0％,5.5％,6.0％,6.5％,3,"正解は3です。表面利回り＝342万円÷5,700万円×100＝6.0％です。",学科の不動産利回りをベースに、表面利回りを直接計算する第3の演習です。,"342÷5,700×100＝6.0％。経費控除前の賃料を購入価格で割ります。","1:5.0％は285万円÷5,700万円など、賃料収入を誤った場合の値です。年間賃料収入は342万円なので、342÷5,700×100＝6.0％が正しい表面利回りの計算になります。;2:5.5％は313.5万円÷5,700万円など、賃料収入を小さく取った誤答です。購入価格5,700万円に対する賃料342万円なので、表面利回りは6.0％です。賃料額を再確認してください。;4:6.5％は370.5万円÷5,700万円など、ＮＯＩ利回りと混同した誤答で生じやすい値です。表面利回りは経費控除前の342万円を分母5,700万円で割り、6.0％が正答です。純利回りではありません。","表面利回り＝年間賃料÷購入価格×100。第150問（318万・5,300万・6.0％）と同率だが数値が異なる。"
201,single,金融資産運用,FP2級;学科;実践演習;四答択;source:2026-gakka-26-v27,2026-gakka-26,,"Ｑ社の１株当たり純利益が125円、１株当たり純資産（自己資本）が1,250円である場合、Ｑ社のＲＯＥは、 （   ）である。",,,,,,8％,9％,10％,12％,3,"正解は3です。ROE＝１株当たり純利益÷１株当たり純資産×100です。125円÷1,250円×100＝10％です。",2026年学科第26問のROEをベースに、純利益と純資産だけ変更した第10の演習です。,"ROE＝125÷1,250×100＝10％。分子は純利益、分母は自己資本（純資産）です。","1:8％は第141問（132円・1,650円）の正答を流用した誤答です。本問は125円・1,250円で再計算し、10％が正しいROEです。過去の派生正答を流用しないこと。;2:9％は第181問（99円・1,100円）の正答を流用した誤答です。純利益125円・純資産1,250円を用いると10％となり、9％にはなりません。純利益の数値を確認してください。;4:12％は150÷1,250×100など、純利益を誤認した場合の値です。自己資本1,250円を分母に割るとROEは10％になります。株価ではなく純資産を使います。",ROE＝純利益÷純資産×100。第161問（9％）と数値を取り違えない。
202,single,金融資産運用,FP2級;学科;実践演習;四答択;source:2026-gakka-26-v28,2026-gakka-26,,"Ｒ社の株価が2,880円、１株当たり純資産（自己資本）が720円である場合、Ｒ社のＰＢＲ（株価純資産倍率）は、 （   ）である。",,,,,,3.0倍,3.5倍,4.0倍,4.5倍,3,"正解は3です。PBR＝株価÷１株当たり純資産です。2,880円÷720円＝4.0倍です。",2026年学科第26問のPBRをベースに、株価と純資産だけ変更した第8の演習です。,"PBR＝2,880÷720＝4.0倍。株価を１株当たり純資産で割ります。","1:3.0倍は第102問（2,070円・690円）の正答を流用した誤答です。本問は2,880円・720円で再計算し、4.0倍が正しいPBRです。過去の派生正答を流用しないこと。;2:3.5倍は第142問（2,380円・680円）の正答を流用した誤答です。株価2,880円・純資産720円をそのまま割ると4.0倍であり、3.5倍にはなりません。;4:4.5倍は第182問（2,835円・630円）の正答を流用した誤答です。PBRの分母は純資産720円であり、2,880÷720＝4.0倍です。純利益は使いません。",PBR＝株価÷BPS。第122問（4.0倍）と同率だが株価・純資産が異なるので毎回計算する。
203,single,金融資産運用,FP2級;学科;実践演習;四答択;source:2025-gakka-28-v19,2025-gakka-28,,"Ｓさんのポートフォリオにおける各資産の構成比および期待収益率が下記のとおりである場合、当該ポートフォリオの期待収益率は、 （   ）である。

預金　15％　期待収益率0.1％
債券　35％　期待収益率2.5％
株式　50％　期待収益率7.5％",,,,,,4.35％,4.50％,4.64％,4.80％,3,正解は3です。0.1％×15％＋2.5％×35％＋7.5％×50％＝0.015％＋0.875％＋3.75％＝4.64％です。,2025年学科第28問の19問目。構成比と収益率を再変更した演習です。,0.1×0.15＋2.5×0.35＋7.5×0.5＝4.64％。各資産の加重平均です。,1:4.35％は構成比を誤った加重平均の結果です。15％・35％・50％で0.1％・2.5％・7.5％を掛け合わせ、合計4.64％になります。構成比を確認してください。;2:4.50％は第20バッチの構成比（22・28・50）の結果に近い誤答です。本問は15・35・50で再計算すると4.64％が正しい期待収益率です。過去の派生正答を流用しないこと。;4:4.80％は単純平均（0.1＋2.5＋7.5）÷3など、構成比を無視した計算で生じやすい誤答です。本問は15％・35％・50％で加重するため、4.64％が正答です。単純平均ではありません。,ポートフォリオ期待収益率は毎回構成比から計算。第192問（4.14％）と構成比を取り違えない。
204,single,金融資産運用,FP2級;学科;実践演習;四答択;source:2025-gakka-24-v19,2025-gakka-24,,表面利率（クーポンレート）3％、残存期間3年の固定利付債券を額面100円当たり106円で購入した場合の最終利回り（年率・単利）は、 （   ）である。なお、税金等は考慮しないものとし、計算結果は表示単位の小数点以下第３位を四捨五入している。,,,,,,0.94％,1.67％,2.00％,2.33％,1,正解は1です。{3％＋(100円－106円)÷3年}÷106円×100＝{3－2}÷106×100≒0.943％→小数点以下第3位四捨五入で0.94％です。,学科の債券最終利回りの19問目。プレミアム購入・3年残存に変更した演習です。,{3＋(100－106)÷3}÷106×100≒0.943％→0.94％。償還差損を期間で按分します。,2:1.67％は第20バッチ（105円・4年・1.67％）の正答を流用した誤答です。本問は購入価格106円・残存3年で再計算し、0.94％が正しい最終利回りです。数値を流用しないこと。;3:2.00％は償還差損の按分を誤った場合に出やすい値です。プレミアム購入では(100－106)÷3がマイナスとなり、式どおり0.94％になります。按分年数を確認してください。;4:2.33％は第20バッチ（103円・5年・2.33％）の正答を流用した誤答です。本問は106円・残存3年で再計算し、0.94％が正しい利回りです。購入価格・期間を確認してください。,プレミアム購入（106円）では(100－106)がマイナス。第173問（105円・1.67％）と購入価格を取り違えない。
205,single,金融資産運用,FP2級;学科;実践演習;四答択;source:2026-gakka-27-v17,2026-gakka-27,,"下記の〈条件〉で、円貨を米ドルに交換して米ドル建定期預金に10,000米ドルを預け入れ、満期時に元利金の米ドルを円貨に交換して受け取る場合における利回り（単利・年率）は、 （   ）である。なお、税金は考慮しないものとし、計算結果は表示単位の小数点以下第３位を四捨五入するものとする。

〈条件〉
・預入期間：１年
・預金金利：2.50％（年率）
・為替予約なし
・為替レート（米ドル／円）
　預入時…ＴＴＳ：122.00円　ＴＴＢ：121.00円
　満期時…ＴＴＳ：128.00円　ＴＴＢ：127.50円",,,,,,6.59％,6.91％,7.11％,7.45％,3,"正解は3です。預入時10,000×122.00＝122.00万円、満期時10,250×127.50＝130.6875万円。利回り＝8.6875万円÷122.00万円×100≒7.106％→7.11％です。",2026年学科第27問の17問目。為替レートと金利だけ変更した外貨預金の演習です。,122.00万円投下、130.6875万円受取。差額8.6875万÷122.00万×100≒7.11％。買いＴＴＳ・売りＴＴＢです。,1:6.59％は第20バッチ（123.00円・128.50円）の正答を流用した誤答です。本問は122.00円・127.50円で再計算し、7.11％が正しい利回りです。為替レートを確認してください。;2:6.91％は第19バッチ（124.00円・129.50円）の正答を流用した誤答です。本問は122.00円・127.50円で再計算し、7.11％が正しい利回りです。過去の派生正答を流用しないこと。;4:7.45％は為替差益だけを過大に見積もった誤答で生じやすい値です。金利2.50％分の米ドル増と為替変動の両方を含め、投下122.00万円で割ります。,外貨預金利回りは各バッチと同型。為替は買いＴＴＳ・売りＴＴＢを毎回確認する。
206,single,ライフプランニングと資金計画,FP2級;学科;実践演習;四答択;source:2025-gakka-01-v16,2025-gakka-01,,"Ｙさんの可処分所得（年間）の金額は、下記の〈資料〉によれば、 （   ）である。

〈資料〉Ｙさんの年間収入等
給与収入　　：1,068万円（給与所得 ： 770万円）
所得税・住民税 ：  84万円
社会保険料　 ： 116万円
生命保険料　 ：  42万円",,,,,,912万円,932万円,"1,068万円","1,110万円",2,"正解は2です。可処分所得＝給与収入－所得税・住民税－社会保険料です。1,068万円－84万円－116万円＝932万円。生命保険料42万円は差し引きません。",学科の可処分所得をベースに、収入・控除額だけ変更した第16の演習です。,"1,068－84－116＝932万円。給与所得770万円や生命保険料42万円はこの式に含めません。","1:912万円は社会保険料をさらに大きく差し引いた誤りで生じやすい値です。社保は116万円なので、1,068－84－116＝932万円が可処分所得です。控除額を確認してください。;3:1,068万円は給与収入そのもので、税・社会保険料を差し引いていません。所得税・住民税と社会保険料の両方を引く必要があり、932万円が正答です。収入全額ではありません。;4:1,110万円は生命保険料42万円を加算した誤りで生じやすい値です。生命保険料は可処分所得の控除項目ではなく、1,068－84－116＝932万円です。保険料を足し算しません。",可処分所得＝給与収入－所得税・住民税－社会保険料。第195問（929万円）と数値を取り違えない。
207,single,ライフプランニングと資金計画,FP2級;学科;実践演習;四答択;source:2025-gakka-10-v22,2025-gakka-10,,"下記の〈Ｇ社の貸借対照表〉に基づくＧ社の自己資本比率は、 （   ）である。なお、自己資本比率＝純資産÷総資産×100とする。

〈Ｇ社の貸借対照表〉（単位：百万円）
総資産　9,600
純資産　2,880",,,,,,28.0％,30.0％,32.0％,35.0％,2,"正解は2です。自己資本比率＝2,880百万円÷9,600百万円×100＝30.0％です。",学科第10問をベースに、自己資本比率を直接計算する第7の演習です。,"2,880÷9,600×100＝30.0％。純資産を総資産で割ります。","1:28.0％は2,688÷9,600など、純資産を誤った場合の値です。純資産は2,880百万円なので、2,880÷9,600×100＝30.0％が正しい計算になります。;3:32.0％は3,072÷9,600など、純資産を大きく取った誤答です。総資産9,600百万円に対する純資産2,880百万円なので、自己資本比率は30.0％です。;4:35.0％は第176問（35.0％）の正答を流用した誤答です。本問は純資産2,880・総資産9,600で再計算し、30.0％が正しい自己資本比率です。数値を流用しないこと。",自己資本比率＝純資産÷総資産×100。第176問（35％）と数値を取り違えない。
208,single,タックスプランニング,FP2級;学科;実践演習;四答択;source:2026-gakka-34-v8,2026-gakka-34,,Ｚさんの2025年分の所得税における医療費控除の控除額を計算する場合、総所得金額が520万円、医療費として実際に支払った金額が68万円、その補填として受け取った保険金が8万円であるとき、医療費控除額は、 （   ）である。なお、「特定一般用医薬品等購入費を支払った場合の医療費控除の特例」は考慮しない。,,,,,,24万円,30万円,34万円,40万円,3,"正解は3です。医療費控除額＝支払医療費－保険金等の補填－max(10万円, 総所得金額×5％)です。68万円－8万円－26万円（520万円×5％）＝34万円です。",2026年学科第34問の8問目。医療費控除額を直接計算する演習です。,補填後60万円から、総所得520万円の5％である26万円（10万円超）を差し引き、控除額34万円です。,1:24万円は最低限度額10万円だけを差し引いた誤りです。総所得520万円の場合は5％の26万円が限度となるため、控除額は34万円です。10万円固定ではありません。;2:30万円は第178問（500万・33万円）の正答を流用した誤答です。本問は総所得520万円・支払68万円で再計算し、34万円が正しい控除額です。数値を流用しないこと。;4:40万円は限度額を差し引かない誤答で生じやすい値です。補填後60万円から限度26万円を引き、控除額は34万円です。限度額そのものを控除額と混同しないこと。,"医療費控除＝支払－補填－max(10万, 総所得×5％)。第178問（33万円）と総所得額を取り違えない。"
209,single,タックスプランニング,FP2級;学科;実践演習;四答択;source:2026-gakka-33-v10,2026-gakka-33,,Ａさんの2025年分の所得税における総所得金額は、不動産所得の金額が102万円、事業所得の金額が▲45万円（飲食店の経営により生じた損失）であるとき、 （   ）である。なお、ほかの所得はないものとする。,,,,,,45万円,57万円,102万円,147万円,2,正解は2です。事業所得の損失45万円は不動産所得と損益通算できます。102万円－45万円＝57万円が総所得金額です。,2026年学科第33問をベースに、損益通算だけを問う第5の演習です。,不動産102万円から事業損失45万円を差し引き、57万円が総所得金額です。,1:45万円は事業損失45万円そのもので、総所得金額ではありません。事業損失は不動産所得と通算し、102－45＝57万円が総所得金額です。損失額と総所得を混同しないこと。;3:102万円は不動産所得のみで、事業損失45万円の損益通算を行っていません。事業所得の損失は不動産所得と通算し、102－45＝57万円が総所得金額です。両方を反映します。;4:147万円は102万円＋45万円など、損失を加算した誤りで生じやすい値です。事業損失は不動産所得から差し引くため、102－45＝57万円です。損失を足し算しません。,事業所得の損失は不動産所得と損益通算。第177問（88万・▲38万・50万）と数値を取り違えない。
210,single,不動産,FP2級;学科;実践演習;四答択;source:2026-gakka-46-v8,2026-gakka-46,,敷地面積460㎡の土地に、延べ面積276㎡の建築物を建築する場合の容積率は、 （   ）である。なお、容積率＝延べ面積÷敷地面積×100とする。,,,,,,55％,58％,60％,65％,3,正解は3です。容積率＝276㎡÷460㎡×100＝60％です。,学科の建築基準法をベースに、容積率を直接計算する第3の演習です。,276÷460×100＝60％。延べ面積を敷地面積で割り、百分率に直します。,1:55％は253㎡÷460㎡など、延べ面積を誤った場合の値です。延べ面積は276㎡なので、276÷460×100＝60％が正しい容積率の計算になります。;2:58％は266.8㎡÷460㎡など、延べ面積を小さく取った誤答です。敷地面積460㎡に対する延べ面積276㎡なので、容積率は60％です。面積を再確認してください。;4:65％は299㎡÷460㎡など、延べ面積を大きく取った誤答で生じやすい値です。容積率は延べ面積276㎡÷敷地面積460㎡×100＝60％です。建築面積ではありません。,容積率＝延べ面積÷敷地面積×100。第140問（264㎡・440㎡・60％）と同率だが面積が異なる。
211,single,金融資産運用,FP2級;学科;実践演習;四答択;source:2026-gakka-26-v29,2026-gakka-26,,"Ｓ社の株価が2,640円、１株当たり純利益が66円である場合、Ｓ社のＰＥＲ（株価収益率）は、 （   ）である。",,,,,,32倍,36倍,38倍,40倍,4,"正解は4です。PER＝株価÷１株当たり純利益です。2,640円÷66円＝40倍です。",2026年学科第26問をベースに、PERを直接計算する第10の演習です。,"PER＝2,640÷66＝40倍。株価を１株当たり純利益で割ります。","1:32倍は2,640÷82.5など、純利益を誤った場合の誤答です。本問の純利益は66円なので、2,640÷66＝40倍が正しい計算になります。純利益の数値を確認してください。;2:36倍は第191問（2,736円・76円）の正答を流用した誤答です。本問は2,640円・66円で再計算し、40倍が正しいPERです。過去の派生正答を流用しないこと。;3:38倍は2,508÷66など、株価を誤って小さくした誤答で生じやすい値です。株価2,640円・純利益66円をそのまま割ると40倍であり、38倍にはなりません。",PER＝株価÷EPS。第191問（36倍）と株価・純利益の組合せを取り違えない。
212,single,金融資産運用,FP2級;学科;実践演習;四答択;source:2025-gakka-28-v20,2025-gakka-28,,"Ｔさんのポートフォリオにおける各資産の構成比および期待収益率が下記のとおりである場合、当該ポートフォリオの期待収益率は、 （   ）である。

預金　18％　期待収益率0.1％
債券　32％　期待収益率2.6％
株式　50％　期待収益率8.0％",,,,,,4.55％,4.70％,4.85％,5.00％,3,正解は3です。0.1％×18％＋2.6％×32％＋8.0％×50％＝0.018％＋0.832％＋4.00％＝4.85％です。,2025年学科第28問の20問目。構成比と収益率を再変更した演習です。,0.1×0.18＋2.6×0.32＋8.0×0.5＝4.85％。各資産の加重平均です。,1:4.55％は構成比を誤った加重平均の結果です。18％・32％・50％で0.1％・2.6％・8.0％を掛け合わせ、合計4.85％になります。構成比を確認してください。;2:4.70％は第21バッチの構成比（15・35・50）の結果に近い誤答です。本問は18・32・50で再計算すると4.85％が正しい期待収益率です。過去の派生正答を流用しないこと。;4:5.00％は単純平均（0.1＋2.6＋8.0）÷3など、構成比を無視した計算で生じやすい誤答です。本問は18％・32％・50％で加重するため、4.85％が正答です。単純平均ではありません。,ポートフォリオ期待収益率は毎回構成比から計算。第203問（4.64％）と構成比を取り違えない。
213,single,金融資産運用,FP2級;学科;実践演習;四答択;source:2025-gakka-24-v20,2025-gakka-24,,表面利率（クーポンレート）3％、残存期間4年の固定利付債券を額面100円当たり90円で購入した場合の最終利回り（年率・単利）は、 （   ）である。なお、税金等は考慮しないものとし、計算結果は表示単位の小数点以下第３位を四捨五入している。,,,,,,5.80％,6.00％,6.11％,6.35％,3,正解は3です。{3％＋(100円－90円)÷4年}÷90円×100＝{3＋2.5}÷90×100≒6.111％→小数点以下第3位四捨五入で6.11％です。,学科の債券最終利回りの20問目。ディスカウント購入・4年残存に変更した演習です。,{3＋(100－90)÷4}÷90×100≒6.111％→6.11％。償還差益を期間で按分します。,1:5.80％は償還差益の按分を誤った場合に出やすい値です。ディスカウント購入では(100－90)÷4＝2.5を加算し、式どおり6.11％になります。按分年数を確認してください。;2:6.00％は第19バッチ（92円・5.43％）の正答を流用した誤答です。本問は購入価格90円・残存4年で再計算し、6.11％が正しい最終利回りです。数値を流用しないこと。;4:6.35％は表面利率に償還差益10円をそのまま加算した誤りなどに近い値です。償還差益は残存4年で按分し、{3＋2.5}÷90×100≒6.11％が正しい利回りです。,ディスカウント購入（90円）では(100－90)がプラス。第184問（92円・5.43％）と購入価格を取り違えない。
214,single,金融資産運用,FP2級;学科;実践演習;四答択;source:2026-gakka-27-v18,2026-gakka-27,,"下記の〈条件〉で、円貨を米ドルに交換して米ドル建定期預金に10,000米ドルを預け入れ、満期時に元利金の米ドルを円貨に交換して受け取る場合における利回り（単利・年率）は、 （   ）である。なお、税金は考慮しないものとし、計算結果は表示単位の小数点以下第３位を四捨五入するものとする。

〈条件〉
・預入期間：１年
・預金金利：2.00％（年率）
・為替予約なし
・為替レート（米ドル／円）
　預入時…ＴＴＳ：121.00円　ＴＴＢ：120.00円
　満期時…ＴＴＳ：127.00円　ＴＴＢ：126.50円",,,,,,6.32％,6.59％,6.88％,7.11％,3,"正解は3です。預入時10,000×121.00＝121.00万円、満期時10,200×126.50＝129.33万円。利回り＝8.33万円÷121.00万円×100≒6.884％→6.88％です。",2026年学科第27問の18問目。為替レートと金利だけ変更した外貨預金の演習です。,121.00万円投下、129.33万円受取。差額8.33万÷121.00万×100≒6.88％。買いＴＴＳ・売りＴＴＢです。,1:6.32％は第20バッチ（123.00円・128.50円）の正答を流用した誤答です。本問は121.00円・126.50円で再計算し、6.88％が正しい利回りです。為替レートを確認してください。;2:6.59％は第20バッチ（123.00円）の別組合せに近い誤答です。本問は121.00円・126.50円で再計算し、6.88％が正しい利回りです。過去の派生正答を流用しないこと。;4:7.11％は第21バッチ（122.00円・127.50円）の正答を流用した誤答です。本問は121.00円・126.50円で再計算し、6.88％が正しい利回りです。為替レートを確認してください。,"外貨預金利回りは各バッチと同型。金利2.00％なら満期は10,200米ドルになる。"
215,single,ライフプランニングと資金計画,FP2級;学科;実践演習;四答択;source:2025-gakka-01-v17,2025-gakka-01,,"Ｚさんの可処分所得（年間）の金額は、下記の〈資料〉によれば、 （   ）である。

〈資料〉Ｚさんの年間収入等
給与収入　　：1,085万円（給与所得 ： 780万円）
所得税・住民税 ：  86万円
社会保険料　 ： 118万円
生命保険料　 ：  44万円",,,,,,917万円,937万円,"1,085万円","1,129万円",2,"正解は2です。可処分所得＝給与収入－所得税・住民税－社会保険料です。1,085万円－86万円－118万円＝937万円。生命保険料44万円は差し引きません。",学科の可処分所得をベースに、収入・控除額だけ変更した第17の演習です。,"1,085－86－118＝937万円。給与所得780万円や生命保険料44万円はこの式に含めません。","1:917万円は社会保険料をさらに大きく差し引いた誤りで生じやすい値です。社保は118万円なので、1,085－86－118＝937万円が可処分所得です。控除額を確認してください。;3:1,085万円は給与収入そのもので、税・社会保険料を差し引いていません。所得税・住民税と社会保険料の両方を引く必要があり、937万円が正答です。収入全額ではありません。;4:1,129万円は生命保険料44万円を加算した誤りで生じやすい値です。生命保険料は可処分所得の控除項目ではなく、1,085－86－118＝937万円です。保険料を足し算しません。",可処分所得＝給与収入－所得税・住民税－社会保険料。第206問（932万円）と数値を取り違えない。
216,single,ライフプランニングと資金計画,FP2級;学科;実践演習;四答択;source:2025-gakka-10-v23,2025-gakka-10,,"下記の〈Ｈ社の貸借対照表〉に基づくＨ社の流動比率は、 （   ）である。なお、流動比率＝流動資産÷流動負債×100とする。

〈Ｈ社の貸借対照表〉（単位：百万円）
流動資産　2,380
固定資産　3,420
流動負債　　680
固定負債　　820
純資産　　4,900",,,,,,300％,325％,350％,375％,3,"正解は3です。流動比率＝2,380百万円÷680百万円×100＝350％です。",学科第10問をベースに、流動比率を直接計算する第6の演習です。,"2,380÷680×100＝350％。流動資産を流動負債で割ります。","1:300％は第19バッチ（2,040÷680）の正答を流用した誤答です。本問は流動資産2,380・流動負債680で再計算し、350％が正しい流動比率です。数値を流用しないこと。;2:325％は2,210÷680など、流動資産を小さく取った誤答です。流動負債680百万円に対する流動資産2,380百万円なので、流動比率は350％です。;4:375％は2,550÷680など、流動資産を大きく取った誤答で生じやすい値です。流動資産2,380百万円÷流動負債680百万円×100＝350％が正しい計算になります。",流動比率＝流動資産÷流動負債×100。第187問（300％）と数値を取り違えない。
217,single,タックスプランニング,FP2級;学科;実践演習;四答択;source:2026-gakka-33-v11,2026-gakka-33,,Ｂさんの2025年分の所得税における総所得金額は、給与所得の金額が295万円、配当所得の金額が40万円であるとき、 （   ）である。なお、ほかの所得はないものとする。,,,,,,255万円,295万円,335万円,375万円,3,正解は3です。総所得金額は各所得の金額を合計します。295万円＋40万円＝335万円です。,2026年学科第33問をベースに、給与所得と配当所得の単純合計の演習です。,給与所得295万円＋配当所得40万円＝335万円。損益通算が不要な場合は単純合計です。,1:255万円は295万円－40万円など、所得を差し引いた誤りです。配当所得は総所得に加算するため、295＋40＝335万円が総所得金額です。差し引きではありません。;2:295万円は給与所得のみで、配当所得40万円を加算していません。ほかの所得がない場合でも、配当所得を合計し、335万円が総所得金額です。両方足します。;4:375万円は給与収入金額と混同した誤答で生じやすい値です。本問は所得の金額（給与所得295万円）を合計し、335万円になります。収入金額ではありません。,総所得金額は各所得の金額の合計。第157問（347万円）と所得の種類を取り違えない。
218,single,タックスプランニング,FP2級;学科;実践演習;四答択;source:2026-gakka-16-v10,2026-gakka-16,,"給与所得者が26年間勤務した会社を定年退職し、退職金2,800万円の支給を受けた場合、所得税における退職所得の金額の計算上、退職所得控除額は（   ）となる。",,,,,,"800万円＋40万円×(26年－20年)＝1,040万円","800万円＋70万円×(26年－20年)＝1,220万円","40万円×26年＝1,040万円","70万円×26年＝1,820万円",2,"正解は2です。勤続26年（20年超）なので、800万円＋70万円×(26－20)＝800万円＋420万円＝1,220万円です。",学科の退職所得控除の10問目。26年勤続（20年超）に変更した演習です。,"26年は20年超。800万円＋70万円×(26－20)＝1,220万円。40万円×年数の式は使いません。","1:800万円＋40万円×(26－20)は20年超用の70万円式を誤用した選択肢です。26年勤続は20年超なので、800万円＋70万円×6年＝1,220万円の公式を使います。年数で式を選びます。;3:40万円×26年は20年以下用の式を誤用した誤答です。26年勤続は20年超なので、800万円＋70万円×(26－20)＝1,220万円が控除額です。40万円×年数は使いません。;4:70万円×26年は退職所得控除の公式ではありません。20年超は800万円＋70万円×(年－20)であり、26年なら1,220万円になります。70万円×年数ではありません。","退職所得控除は20年以下と20年超で式が異なる。第189問（24年・1,080万）と勤続年数を取り違えない。"
219,single,相続・事業承継,FP2級;学科;実践演習;四答択;source:2025-gakka-52-v10,2025-gakka-52,,Ｈさんが暦年課税により叔父から現金185万円の贈与を受けた場合の贈与税の課税価格は、 （   ）である。なお、相続時精算課税制度の適用は受けないものとする。,,,,,,65万円,75万円,110万円,185万円,2,正解は2です。課税価格＝185万円－基礎控除110万円＝75万円です。,学科の贈与税をベースに、贈与額185万円に変更した課税価格の演習です。,185万円－110万円＝75万円。暦年課税の基礎控除は年110万円です。,1:65万円は贈与175万円と誤認した場合の課税価格など、別の贈与額の結果です。贈与額185万円から基礎控除110万円を引き、課税価格は75万円になります。贈与額を確認してください。;3:110万円は基礎控除額そのもので、課税価格ではありません。基礎控除110万円を超える部分が課税価格となり、本問は185－110＝75万円です。控除額と課税価格は別です。;4:185万円は贈与財産の価額そのもので、基礎控除を差し引いていません。暦年課税では110万円の基礎控除後の75万円が課税価格です。贈与額全額は課税価格ではありません。,暦年課税の課税価格＝贈与額－110万円。第198問（178万・68万円）と贈与額を取り違えない。
220,single,相続・事業承継,FP2級;学科;実践演習;四答択;source:2026-gakka-58-v13,2026-gakka-58,,"貸家建付地の相続税評価額は、その自用地としての価額が9,500万円、借地権割合が52％、借家権割合が30％、賃貸割合が100％である場合、 （   ）となる。",,,,,,"6,650万円","7,515万円","8,018万円","9,500万円",3,"正解は3です。9,500万円×(1－52％×30％×100％)＝9,500万円×84.4％＝8,018万円です。",学科の貸家建付地の9問目。借地権・借家権割合だけ変更した演習です。,"9,500×(1－0.52×0.3×1)＝8,018万円。3つの割合を掛けて控除率15.6％です。","1:6,650万円は借地権割合だけを控除した誤りで生じやすい値です。貸家建付地では借家権割合と賃貸割合も掛け合わせ、0.52×0.3×1＝15.6％を控除します。3つ掛け算です。;2:7,515万円は第190問（9,000万円・58％・32％）の正答を流用した誤答です。本問は9,500万円・52％・30％で再計算し、8,018万円が評価額になります。割合を確認してください。;4:9,500万円は自用地のままの評価額で、貸家建付地としての減額を反映していません。借地権52％・借家権30％を掛け合わせ控除し、8,018万円が正しい評価額です。自用地価額のままではありません。","貸家建付地＝自用地×(1－借地権×借家権×賃貸割合)。第190問（7,330万円）と割合を取り違えない。"
221,single,金融資産運用,FP2級;学科;実践演習;四答択;source:2026-gakka-26-v30,2026-gakka-26,,"Ｘ社の１株当たり純利益が111円、１株当たり純資産（自己資本）が1,230円である場合、Ｘ社のＲＯＥは、 （   ）である。",,,,,,7％,8％,9％,10％,3,"正解は3です。ROE＝１株当たり純利益÷１株当たり純資産×100です。111円÷1,230円×100＝9％です。",2026年学科第26問のROEをベースに、純利益と純資産だけ変更した第11の演習です。,"ROE＝111÷1,230×100＝9％。分子は純利益、分母は自己資本（純資産）です。","1:7％は111÷1,590×100など、純資産を大きく取った誤計算で生じやすい値です。本問の純資産は1,230円なので、111÷1,230×100＝9％が正しい計算になります。純資産の数値を確認してください。;2:8％は第71問（108円・1,350円）の正答を流用した誤答です。本問は111円・1,230円で再計算し、9％が正しいROEです。過去の派生正答を流用しないこと。;4:10％は123÷1,230×100など、純利益を誤認した場合の値です。純利益111円・純資産1,230円を用いると9％となり、10％にはなりません。純利益の数値を確認してください。","ROE＝純利益÷純資産×100。第161問（117円・1,300円・9％）と数値を取り違えない。"
222,single,金融資産運用,FP2級;学科;実践演習;四答択;source:2026-gakka-26-v31,2026-gakka-26,,"Ｐ社の株価が2,499円、１株当たり純資産（自己資本）が714円である場合、Ｐ社のＰＢＲ（株価純資産倍率）は、 （   ）である。",,,,,,3.0倍,3.5倍,4.0倍,4.5倍,2,"正解は2です。PBR＝株価÷１株当たり純資産です。2,499円÷714円＝3.5倍です。",2026年学科第26問のPBRをベースに、株価と純資産だけ変更した第9の演習です。,"PBR＝2,499÷714＝3.5倍。株価を１株当たり純資産で割ります。","1:3.0倍は第102問（2,070円・690円）の正答を流用した誤答です。本問は2,499円・714円で再計算し、3.5倍が正しいPBRです。過去の派生正答を流用しないこと。;3:4.0倍は第202問（2,880円・720円）の正答を流用した誤答です。株価2,499円・純資産714円をそのまま割ると3.5倍であり、4.0倍にはなりません。数値を流用しないこと。;4:4.5倍は第182問（2,835円・630円）の正答を流用した誤答です。PBRの分母は純資産714円であり、2,499÷714＝3.5倍です。純利益は使いません。",PBR＝株価÷BPS。第142問（3.5倍）と同率だが株価・純資産が異なるので毎回計算する。
223,single,金融資産運用,FP2級;学科;実践演習;四答択;source:2025-gakka-28-v21,2025-gakka-28,,"Ｕさんのポートフォリオにおける各資産の構成比および期待収益率が下記のとおりである場合、当該ポートフォリオの期待収益率は、 （   ）である。

預金　22％　期待収益率0.1％
債券　28％　期待収益率2.7％
株式　50％　期待収益率7.6％",,,,,,4.35％,4.50％,4.58％,4.75％,3,正解は3です。0.1％×22％＋2.7％×28％＋7.6％×50％＝0.022％＋0.756％＋3.80％＝4.58％です。,2025年学科第28問の21問目。構成比と収益率を再変更した演習です。,0.1×0.22＋2.7×0.28＋7.6×0.5＝4.58％。各資産の加重平均です。,1:4.35％は構成比を誤った加重平均の結果です。22％・28％・50％で0.1％・2.7％・7.6％を掛け合わせ、合計4.58％になります。構成比を確認してください。;2:4.50％は第21バッチの構成比（15・35・50）の結果に近い誤答です。本問は22・28・50で再計算すると4.58％が正しい期待収益率です。過去の派生正答を流用しないこと。;4:4.75％は単純平均（0.1＋2.7＋7.6）÷3など、構成比を無視した計算で生じやすい誤答です。本問は22％・28％・50％で加重するため、4.58％が正答です。単純平均ではありません。,ポートフォリオ期待収益率は毎回構成比から計算。第212問（4.85％）と構成比を取り違えない。
224,single,金融資産運用,FP2級;学科;実践演習;四答択;source:2025-gakka-24-v21,2025-gakka-24,,表面利率（クーポンレート）3％、残存期間6年の固定利付債券を額面100円当たり91円で購入した場合の最終利回り（年率・単利）は、 （   ）である。なお、税金等は考慮しないものとし、計算結果は表示単位の小数点以下第３位を四捨五入している。,,,,,,4.60％,4.73％,4.95％,5.22％,3,正解は3です。{3％＋(100円－91円)÷6年}÷91円×100＝{3＋1.5}÷91×100≒4.945％→小数点以下第3位四捨五入で4.95％です。,学科の債券最終利回りの21問目。ディスカウント購入・6年残存に変更した演習です。,{3＋(100－91)÷6}÷91×100≒4.945％→4.95％。償還差益を期間で按分します。,1:4.60％は償還差益の按分を誤った場合に出やすい値です。ディスカウント購入では(100－91)÷6＝1.5を加算し、式どおり4.95％になります。按分年数を確認してください。;2:4.73％は第164問（93円・5年・4.73％）の正答を流用した誤答です。本問は購入価格91円・残存6年で再計算し、4.95％が正しい最終利回りです。数値を流用しないこと。;4:5.22％は第184問（92円・4年・5.43％）の正答を流用した誤答です。本問は91円・残存6年で再計算し、4.95％が正しい利回りです。購入価格・期間を確認してください。,ディスカウント購入（91円）では(100－91)がプラス。第213問（90円・6.11％）と購入価格を取り違えない。
225,single,金融資産運用,FP2級;学科;実践演習;四答択;source:2026-gakka-27-v19,2026-gakka-27,,"下記の〈条件〉で、円貨を米ドルに交換して米ドル建定期預金に10,000米ドルを預け入れ、満期時に元利金の米ドルを円貨に交換して受け取る場合における利回り（単利・年率）は、 （   ）である。なお、税金は考慮しないものとし、計算結果は表示単位の小数点以下第３位を四捨五入するものとする。

〈条件〉
・預入期間：１年
・預金金利：2.75％（年率）
・為替予約なし
・為替レート（米ドル／円）
　預入時…ＴＴＳ：121.50円　ＴＴＢ：120.50円
　満期時…ＴＴＳ：129.00円　ＴＴＢ：128.25円",,,,,,7.85％,8.08％,8.47％,8.70％,3,"正解は3です。預入時10,000×121.50＝121.50万円、満期時10,275×128.25＝131.776875万円。利回り＝10.276875万円÷121.50万円×100≒8.467％→8.47％です。",2026年学科第27問の19問目。為替レートと金利だけ変更した外貨預金の演習です。,121.50万円投下、131.776875万円受取。差額10.276875万÷121.50万×100≒8.47％。買いＴＴＳ・売りＴＴＢです。,1:7.85％は第21バッチ（122.00円・127.50円）の正答を流用した誤答です。本問は121.50円・128.25円で再計算し、8.47％が正しい利回りです。為替レートを確認してください。;2:8.08％は為替差益だけを過小に見積もった誤答で生じやすい値です。金利2.75％分の米ドル増と為替変動の両方を含め、投下121.50万円で割ります。;4:8.70％は第205問（122.00円・127.50円・2.50％）の別組合せに近い誤答です。本問は121.50円・128.25円・2.75％で再計算し、8.47％が正しい利回りです。過去の派生正答を流用しないこと。,"外貨預金利回りは各バッチと同型。金利2.75％なら満期は10,275米ドルになる。"
226,single,ライフプランニングと資金計画,FP2級;学科;実践演習;四答択;source:2025-gakka-10-v24,2025-gakka-10,,"下記の〈Ｍ社の貸借対照表〉に基づくＭ社の固定長期適合率は、 （   ）である。なお、固定長期適合率＝（純資産＋固定負債）÷固定資産×100とする。

〈Ｍ社の貸借対照表〉（単位：百万円）
固定資産　3,800
流動資産　2,100
流動負債　　900
固定負債　　950
純資産　　2,660",,,,,,90％,95％,100％,105％,2,"正解は2です。（2,660＋950）百万円÷3,800百万円×100＝95.0％です。",学科第10問をベースに、固定長期適合率を直接計算する第8の演習です。,"（2,660＋950）÷3,800×100＝95.0％。純資産と固定負債の合計を固定資産で割ります。","1:90％は純資産2,660百万円÷2,960など、固定負債を加算しない誤りです。固定長期適合率は純資産に固定負債950百万円を足し、3,800百万円で割ります。固定負債を忘れないこと。;3:100％は（2,660＋1,140）÷3,800など、固定負債を大きく取った誤答です。固定負債は950百万円なので、（2,660＋950）÷3,800×100＝95.0％が正答です。負債区分に注意してください。;4:105％は第87問（103％）の正答を流用した誤答です。本問は純資産2,660・固定負債950・固定資産3,800で再計算し、95.0％が正しい固定長期適合率です。",固定長期適合率＝（純資産＋固定負債）÷固定資産×100。流動負債は分子に含めない。
227,single,ライフプランニングと資金計画,FP2級;学科;実践演習;四答択;source:2025-gakka-10-v25,2025-gakka-10,,"下記の〈Ｌ社の貸借対照表〉に基づくＬ社の自己資本比率は、 （   ）である。なお、自己資本比率＝純資産÷総資産×100とする。

〈Ｌ社の貸借対照表〉（単位：百万円）
総資産　10,400
純資産　3,640",,,,,,30.0％,32.0％,35.0％,38.0％,3,"正解は3です。自己資本比率＝3,640百万円÷10,400百万円×100＝35.0％です。",学科第10問をベースに、自己資本比率を直接計算する第8の演習です。,"3,640÷10,400×100＝35.0％。純資産を総資産で割り、百分率に直します。","1:30.0％は第207問（2,880÷9,600）の正答を流用した誤答です。本問は純資産3,640・総資産10,400で再計算し、35.0％が正しい自己資本比率です。数値を流用しないこと。;2:32.0％は3,328÷10,400など、純資産を誤った場合の値です。純資産は3,640百万円なので、3,640÷10,400×100＝35.0％が正しい計算になります。;4:38.0％は3,952÷10,400など、純資産を大きく取った誤答で生じやすい値です。自己資本比率は純資産3,640百万円÷総資産10,400百万円×100＝35.0％です。第176問（35％）と数値を取り違えないこと。",自己資本比率＝純資産÷総資産×100。第207問（30％）と数値を取り違えない。
228,single,タックスプランニング,FP2級;学科;実践演習;四答択;source:2026-gakka-34-v9,2026-gakka-34,,Ｃさんの2025年分の所得税における医療費控除の控除額を計算する場合、総所得金額が600万円、医療費として実際に支払った金額が72万円、その補填として受け取った保険金が10万円であるとき、医療費控除額は、 （   ）である。なお、「特定一般用医薬品等購入費を支払った場合の医療費控除の特例」は考慮しない。,,,,,,28万円,30万円,32万円,38万円,3,"正解は3です。医療費控除額＝支払医療費－保険金等の補填－max(10万円, 総所得金額×5％)です。72万円－10万円－30万円（600万円×5％）＝32万円です。",2026年学科第34問の9問目。医療費控除額を直接計算する演習です。,補填後62万円から、総所得600万円の5％である30万円（10万円超）を差し引き、控除額32万円です。,1:28万円は最低限度額10万円だけを差し引いた誤りです。総所得600万円の場合は5％の30万円が限度となるため、控除額は32万円です。10万円固定ではありません。;2:30万円は限度額30万円そのもので、実際の控除額ではありません。補填後の医療費62万円から限度30万円を引き、控除額は32万円です。限度と控除額は別です。;4:38万円は保険金補填10万円を差し引かない誤りで生じやすい値です。補填分は支払医療費から控除し、72－10－30＝32万円と計算します。補填を忘れないこと。,"医療費控除＝支払－補填－max(10万, 総所得×5％)。第208問（34万円）と総所得額を取り違えない。"
229,single,タックスプランニング,FP2級;学科;実践演習;四答択;source:2026-gakka-32-v9,2026-gakka-32,,所得税における一時所得に係る総収入金額が325万円で、その収入を得るために支出した金額が85万円である場合、一時所得の金額は（ ① ）、そのうち総所得金額に算入される金額は（ ② ）となる。,,,,,,① 140万円   ②  70万円,① 190万円   ②  95万円,① 240万円   ② 120万円,① 240万円   ② 240万円,2,正解は2です。一時所得の金額＝325万円－85万円－特別控除50万円＝190万円。総所得金額への算入はその2分の1なので、95万円です。,学科の一時所得をベースに、収入・支出だけ変更した第9の演習です。,一時所得＝325－85－50＝190万円。総所得算入は半額の95万円です。,1:①140万円②70万円は支出85万円を差し引かない誤りです。325－85－50＝190万円が一時所得の金額であり、半額の95万円が総所得への算入額です。支出を忘れないこと。;3:①240万円②120万円は特別控除50万円を差し引かない誤りです。一時所得は収入－支出－50万円であり、325－85－50＝190万円、算入は95万円です。特別控除を忘れないこと。;4:①240万円②240万円は半額算入のルールを誤用した誤答です。一時所得190万円のうち総所得に算入するのは2分の1の95万円です。全額算入ではありません。,一時所得＝収入－支出－50万円、総所得算入は半額。第197問（380万・141万円）と数値を取り違えない。
230,single,相続・事業承継,FP2級;学科;実践演習;四答択;source:2025-gakka-52-v11,2025-gakka-52,,Ｉさんが暦年課税により叔母から現金192万円の贈与を受けた場合の贈与税の課税価格は、 （   ）である。なお、相続時精算課税制度の適用は受けないものとする。,,,,,,72万円,82万円,110万円,192万円,2,正解は2です。課税価格＝192万円－基礎控除110万円＝82万円です。,学科の贈与税をベースに、贈与額192万円に変更した課税価格の演習です。,192万円－110万円＝82万円。暦年課税の基礎控除は年110万円です。,1:72万円は贈与182万円と誤認した場合の課税価格など、別の贈与額の結果です。贈与額192万円から基礎控除110万円を引き、課税価格は82万円になります。贈与額を確認してください。;3:110万円は基礎控除額そのもので、課税価格ではありません。基礎控除110万円を超える部分が課税価格となり、本問は192－110＝82万円です。控除額と課税価格は別です。;4:192万円は贈与財産の価額そのもので、基礎控除を差し引いていません。暦年課税では110万円の基礎控除後の82万円が課税価格です。贈与額全額は課税価格ではありません。,暦年課税の課税価格＝贈与額－110万円。第219問（185万・75万円）と贈与額を取り違えない。
231,single,金融資産運用,FP2級;学科;実践演習;四答択;source:2026-gakka-26-v32,2026-gakka-26,,"Ｙ社の株価が2,380円、１株当たり純利益が70円である場合、Ｙ社のＰＥＲ（株価収益率）は、 （   ）である。",,,,,,30倍,32倍,34倍,36倍,3,"正解は3です。PER＝株価÷１株当たり純利益です。2,380円÷70円＝34倍です。",2026年学科第26問をベースに、PERを直接計算する第11の演習です。,"PER＝2,380÷70＝34倍。株価を１株当たり純利益で割ります。","1:30倍は第151問（2,160円・72円）の正答を流用した誤答です。本問は2,380円・70円で再計算し、34倍が正しいPERです。過去の派生正答を流用しないこと。;2:32倍は2,240÷70など、株価を誤って小さくした誤答で生じやすい値です。株価2,380円・純利益70円をそのまま割ると34倍であり、32倍にはなりません。;4:36倍は第191問（2,736円・76円）の正答を流用した誤答です。本問は2,380円・70円で再計算し、34倍が正しいPERです。株価・純利益の組合せを確認してください。",PER＝株価÷EPS。第211問（40倍）と株価・純利益の組合せを取り違えない。
232,single,金融資産運用,FP2級;学科;実践演習;四答択;source:2025-gakka-28-v22,2025-gakka-28,,"Ｖさんのポートフォリオにおける各資産の構成比および期待収益率が下記のとおりである場合、当該ポートフォリオの期待収益率は、 （   ）である。

預金　25％　期待収益率0.1％
債券　25％　期待収益率2.6％
株式　50％　期待収益率8.2％",,,,,,4.55％,4.65％,4.78％,4.90％,3,正解は3です。0.1％×25％＋2.6％×25％＋8.2％×50％＝0.025％＋0.65％＋4.10％＝4.775％→表示上4.78％です。,2025年学科第28問の22問目。構成比と収益率を再変更した演習です。,0.1×0.25＋2.6×0.25＋8.2×0.5＝4.775％→4.78％。各資産の加重平均です。,1:4.55％は構成比を誤った加重平均の結果です。25％・25％・50％で0.1％・2.6％・8.2％を掛け合わせ、合計4.78％になります。構成比を確認してください。;2:4.65％は第223問の構成比（22・28・50）の結果に近い誤答です。本問は25・25・50で再計算すると4.78％が正しい期待収益率です。過去の派生正答を流用しないこと。;4:4.90％は単純平均（0.1＋2.6＋8.2）÷3など、構成比を無視した計算で生じやすい誤答です。本問は25％・25％・50％で加重するため、4.78％が正答です。単純平均ではありません。,ポートフォリオ期待収益率は毎回構成比から計算。第223問（4.58％）と構成比を取り違えない。
233,single,金融資産運用,FP2級;学科;実践演習;四答択;source:2025-gakka-24-v22,2025-gakka-24,,表面利率（クーポンレート）3％、残存期間4年の固定利付債券を額面100円当たり97円で購入した場合の最終利回り（年率・単利）は、 （   ）である。なお、税金等は考慮しないものとし、計算結果は表示単位の小数点以下第３位を四捨五入している。,,,,,,3.60％,3.75％,3.87％,4.00％,3,正解は3です。{3％＋(100円－97円)÷4年}÷97円×100＝{3＋0.75}÷97×100≒3.866％→小数点以下第3位四捨五入で3.87％です。,学科の債券最終利回りの22問目。プレミアム購入・4年残存に変更した演習です。,{3＋(100－97)÷4}÷97×100≒3.866％→3.87％。償還差損を期間で按分します。,1:3.60％は償還差損の按分を誤った場合に出やすい値です。プレミアム購入では(100－97)÷4＝0.75を加算し、式どおり3.87％になります。按分年数を確認してください。;2:3.75％は第204問（106円・3年・0.94％）の正答を流用した誤答です。本問は購入価格97円・残存4年で再計算し、3.87％が正しい最終利回りです。数値を流用しないこと。;4:4.00％は表面利率に償還差損3円をそのまま加算した誤りなどに近い値です。償還差損は残存4年で按分し、{3＋0.75}÷97×100≒3.87％が正しい利回りです。,プレミアム購入（97円）では(100－97)がマイナス。第224問（91円・4.95％）と購入価格を取り違えない。
234,single,金融資産運用,FP2級;学科;実践演習;四答択;source:2026-gakka-27-v20,2026-gakka-27,,"下記の〈条件〉で、円貨を米ドルに交換して米ドル建定期預金に10,000米ドルを預け入れ、満期時に元利金の米ドルを円貨に交換して受け取る場合における利回り（単利・年率）は、 （   ）である。なお、税金は考慮しないものとし、計算結果は表示単位の小数点以下第３位を四捨五入するものとする。

〈条件〉
・預入期間：１年
・預金金利：2.00％（年率）
・為替予約なし
・為替レート（米ドル／円）
　預入時…ＴＴＳ：119.75円　ＴＴＢ：118.75円
　満期時…ＴＴＳ：125.75円　ＴＴＢ：125.25円",,,,,,4.35％,4.55％,4.74％,4.95％,3,"正解は3です。預入時10,000×119.75＝119.75万円、満期時10,200×125.25＝127.605万円。利回り＝7.855万円÷119.75万円×100≒4.739％→4.74％です。",2026年学科第27問の20問目。為替レートと金利だけ変更した外貨預金の演習です。,119.75万円投下、127.605万円受取。差額7.855万÷119.75万×100≒4.74％。買いＴＴＳ・売りＴＴＢです。,1:4.35％は為替差益を過小に見積もった誤答で生じやすい値です。金利2.00％分の米ドル増と為替変動の両方を含め、投下119.75万円で割ります。;2:4.55％は第232問のポートフォリオ正答を流用した誤答です。本問は119.75円・125.25円で再計算し、4.74％が正しい利回りです。為替レートを確認してください。;4:4.95％は第224問（91円・6年・4.95％）の正答を流用した誤答です。本問は外貨預金であり、119.75円・125.25円で再計算し、4.74％が正しい利回りです。,"外貨預金利回りは各バッチと同型。金利2.00％なら満期は10,200米ドルになる。"
235,single,ライフプランニングと資金計画,FP2級;学科;実践演習;四答択;source:2025-gakka-01-v18,2025-gakka-01,,"Ａさんの可処分所得（年間）の金額は、下記の〈資料〉によれば、 （   ）である。

〈資料〉Ａさんの年間収入等
給与収入　　：1,098万円（給与所得 ： 790万円）
所得税・住民税 ：  89万円
社会保険料　 ： 121万円
生命保険料　 ：  46万円",,,,,,872万円,892万円,"1,098万円","1,144万円",2,"正解は2です。可処分所得＝給与収入－所得税・住民税－社会保険料です。1,098万円－89万円－121万円＝892万円。生命保険料46万円は差し引きません。",学科の可処分所得をベースに、収入・控除額だけ変更した第18の演習です。,"1,098－89－121＝892万円。給与所得790万円や生命保険料46万円はこの式に含めません。","1:872万円は社会保険料をさらに大きく差し引いた誤りで生じやすい値です。社保は121万円なので、1,098－89－121＝892万円が可処分所得です。控除額を確認してください。;3:1,098万円は給与収入そのもので、税・社会保険料を差し引いていません。所得税・住民税と社会保険料の両方を引く必要があり、892万円が正答です。収入全額ではありません。;4:1,144万円は生命保険料46万円を加算した誤りで生じやすい値です。生命保険料は可処分所得の控除項目ではなく、1,098－89－121＝892万円です。保険料を足し算しません。",可処分所得＝給与収入－所得税・住民税－社会保険料。第215問（937万円）と数値を取り違えない。
236,single,ライフプランニングと資金計画,FP2級;学科;実践演習;四答択;source:2025-gakka-10-v26,2025-gakka-10,,"下記の〈Ｎ社の貸借対照表〉に基づくＮ社の流動比率は、 （   ）である。なお、流動比率＝流動資産÷流動負債×100とする。

〈Ｎ社の貸借対照表〉（単位：百万円）
流動資産　2,720
固定資産　3,580
流動負債　　680
固定負債　　920
純資産　　4,500",,,,,,350％,375％,400％,425％,3,"正解は3です。流動比率＝2,720百万円÷680百万円×100＝400％です。",学科第10問をベースに、流動比率を直接計算する第7の演習です。,"2,720÷680×100＝400％。流動資産を流動負債で割ります。","1:350％は第216問（2,380÷680）の正答を流用した誤答です。本問は流動資産2,720・流動負債680で再計算し、400％が正しい流動比率です。数値を流用しないこと。;2:375％は2,550÷680など、流動資産を小さく取った誤答です。流動負債680百万円に対する流動資産2,720百万円なので、流動比率は400％です。;4:425％は2,890÷680など、流動資産を大きく取った誤答で生じやすい値です。流動資産2,720百万円÷流動負債680百万円×100＝400％が正しい計算になります。",流動比率＝流動資産÷流動負債×100。第216問（350％）と数値を取り違えない。
237,single,タックスプランニング,FP2級;学科;実践演習;四答択;source:2026-gakka-33-v12,2026-gakka-33,,Ｄさんの2025年分の所得税における総所得金額は、給与所得の金額が285万円、配当所得の金額が48万円であるとき、 （   ）である。なお、ほかの所得はないものとする。,,,,,,237万円,285万円,333万円,373万円,3,正解は3です。総所得金額は各所得の金額を合計します。285万円＋48万円＝333万円です。,2026年学科第33問をベースに、給与所得と配当所得の単純合計の演習です。,給与所得285万円＋配当所得48万円＝333万円。損益通算が不要な場合は単純合計です。,1:237万円は285万円－48万円など、所得を差し引いた誤りです。配当所得は総所得に加算するため、285＋48＝333万円が総所得金額です。差し引きではありません。;2:285万円は給与所得のみで、配当所得48万円を加算していません。ほかの所得がない場合でも、配当所得を合計し、333万円が総所得金額です。両方足します。;4:373万円は給与収入金額と混同した誤答で生じやすい値です。本問は所得の金額（給与所得285万円）を合計し、333万円になります。収入金額ではありません。,総所得金額は各所得の金額の合計。第217問（335万円）と所得の種類を取り違えない。
238,single,タックスプランニング,FP2級;学科;実践演習;四答択;source:2026-gakka-16-v11,2026-gakka-16,,"給与所得者が27年間勤務した会社を定年退職し、退職金2,900万円の支給を受けた場合、所得税における退職所得の金額の計算上、退職所得控除額は（   ）となる。",,,,,,"800万円＋40万円×(27年－20年)＝1,080万円","800万円＋70万円×(27年－20年)＝1,290万円","40万円×27年＝1,080万円","70万円×27年＝1,890万円",2,"正解は2です。勤続27年（20年超）なので、800万円＋70万円×(27－20)＝800万円＋490万円＝1,290万円です。",学科の退職所得控除の11問目。27年勤続（20年超）に変更した演習です。,"27年は20年超。800万円＋70万円×(27－20)＝1,290万円。40万円×年数の式は使いません。","1:800万円＋40万円×(27－20)は20年超用の70万円式を誤用した選択肢です。27年勤続は20年超なので、800万円＋70万円×7年＝1,290万円の公式を使います。年数で式を選びます。;3:40万円×27年は20年以下用の式を誤用した誤答です。27年勤続は20年超なので、800万円＋70万円×(27－20)＝1,290万円が控除額です。40万円×年数は使いません。;4:70万円×27年は退職所得控除の公式ではありません。20年超は800万円＋70万円×(年－20)であり、27年なら1,290万円になります。70万円×年数ではありません。","退職所得控除は20年以下と20年超で式が異なる。第218問（26年・1,220万）と勤続年数を取り違えない。"
239,single,タックスプランニング,FP2級;学科;実践演習;四答択;source:2026-gakka-33-v13,2026-gakka-33,,Ｅさんの2025年分の所得税における総所得金額は、不動産所得の金額が88万円、事業所得の金額が▲55万円（飲食店の経営により生じた損失）であるとき、 （   ）である。なお、ほかの所得はないものとする。,,,,,,33万円,43万円,88万円,143万円,1,正解は1です。事業所得の損失55万円は不動産所得と損益通算できます。88万円－55万円＝33万円が総所得金額です。,2026年学科第33問をベースに、損益通算だけを問う第6の演習です。,不動産88万円から事業損失55万円を差し引き、33万円が総所得金額です。,2:43万円は不動産88万円－事業損失45万円など、損失額を誤った場合の値です。事業損失は55万円なので、88－55＝33万円が正しい総所得金額になります。損失額を確認してください。;3:88万円は不動産所得のみで、事業損失55万円の損益通算を行っていません。事業所得の損失は不動産所得と通算し、88－55＝33万円が総所得金額です。両方を反映します。;4:143万円は88万円＋55万円など、損失を加算した誤りで生じやすい値です。事業損失は不動産所得から差し引くため、88－55＝33万円です。損失を足し算しません。,事業所得の損失は不動産所得と損益通算。第137問（95万・▲40万・55万）と数値を取り違えない。
240,single,相続・事業承継,FP2級;学科;実践演習;四答択;source:2026-gakka-58-v14,2026-gakka-58,,貸家建付地の相続税評価額は、その自用地としての価額が1億円、借地権割合が54％、借家権割合が28％、賃貸割合が100％である場合、 （   ）となる。,,,,,,"7,200万円","8,018万円","8,488万円",1億円,3,"正解は3です。1億円×(1－54％×28％×100％)＝1億円×84.88％＝8,488万円です。",学科の貸家建付地の10問目。借地権・借家権割合だけ変更した演習です。,"1億円×(1－0.54×0.28×1)＝8,488万円。3つの割合を掛けて控除率15.12％です。","1:7,200万円は借地権割合だけを控除した誤りで生じやすい値です。貸家建付地では借家権割合と賃貸割合も掛け合わせ、0.54×0.28×1＝15.12％を控除します。3つ掛け算です。;2:8,018万円は第220問（9,500万円・52％・30％）の正答を流用した誤答です。本問は1億円・54％・28％で再計算し、8,488万円が評価額になります。割合を確認してください。;4:1億円は自用地のままの評価額で、貸家建付地としての減額を反映していません。借地権54％・借家権28％を掛け合わせ控除し、8,488万円が正しい評価額です。自用地価額のままではありません。","貸家建付地＝自用地×(1－借地権×借家権×賃貸割合)。第220問（8,018万円）と割合を取り違えない。"
241,single,金融資産運用,FP2級;学科;実践演習;四答択;source:2026-gakka-26-v33,2026-gakka-26,,"Ｚ社の１株当たり純利益が135円、１株当たり純資産（自己資本）が1,500円である場合、Ｚ社のＲＯＥは、 （   ）である。",,,,,,7％,8％,9％,10％,3,"正解は3です。ROE＝１株当たり純利益÷１株当たり純資産×100です。135円÷1,500円×100＝9％です。",2026年学科第26問のROEをベースに、純利益と純資産だけ変更した第12の演習です。,"ROE＝135÷1,500×100＝9％。分子は純利益、分母は自己資本（純資産）です。","1:7％は135÷1,930×100など、純資産を大きく取った誤計算で生じやすい値です。本問の純資産は1,500円なので、135÷1,500×100＝9％が正しい計算になります。純資産の数値を確認してください。;2:8％は第101問（120円・1,500円）の正答を流用した誤答です。本問は135円・1,500円で再計算し、9％が正しいROEです。過去の派生正答を流用しないこと。;4:10％は150÷1,500×100など、純利益を誤認した場合の値です。純利益135円・純資産1,500円を用いると9％となり、10％にはなりません。純利益の数値を確認してください。","ROE＝純利益÷純資産×100。第221問（111円・1,230円・9％）と数値を取り違えない。"
242,single,金融資産運用,FP2級;学科;実践演習;四答択;source:2026-gakka-26-v34,2026-gakka-26,,"Ｗ社の株価が3,150円、１株当たり純資産（自己資本）が900円である場合、Ｗ社のＰＢＲ（株価純資産倍率）は、 （   ）である。",,,,,,3.0倍,3.5倍,4.0倍,4.5倍,2,"正解は2です。PBR＝株価÷１株当たり純資産です。3,150円÷900円＝3.5倍です。",2026年学科第26問のPBRをベースに、株価と純資産だけ変更した第10の演習です。,"PBR＝3,150÷900＝3.5倍。株価を１株当たり純資産で割ります。","1:3.0倍は第61問（2,340円・780円）の正答を流用した誤答です。本問は3,150円・900円で再計算し、3.5倍が正しいPBRです。過去の派生正答を流用しないこと。;3:4.0倍は第202問（2,880円・720円）の正答を流用した誤答です。株価3,150円・純資産900円をそのまま割ると3.5倍であり、4.0倍にはなりません。;4:4.5倍は第182問（2,835円・630円）の正答を流用した誤答です。PBRの分母は純資産900円であり、3,150÷900＝3.5倍です。純利益は使いません。","PBR＝株価÷BPS。第222問（2,499円・714円・3.5倍）と同率だが株価・純資産が異なる。"
243,single,金融資産運用,FP2級;学科;実践演習;四答択;source:2025-gakka-28-v23,2025-gakka-28,,"Ｘさんのポートフォリオにおける各資産の構成比および期待収益率が下記のとおりである場合、当該ポートフォリオの期待収益率は、 （   ）である。

預金　12％　期待収益率0.1％
債券　38％　期待収益率2.4％
株式　50％　期待収益率7.2％",,,,,,4.35％,4.52％,4.65％,4.78％,2,正解は2です。0.1％×12％＋2.4％×38％＋7.2％×50％＝0.012％＋0.912％＋3.60％＝4.524％→表示上4.52％です。,2025年学科第28問の23問目。構成比と収益率を再変更した演習です。,0.1×0.12＋2.4×0.38＋7.2×0.5＝4.524％→4.52％。各資産の加重平均です。,1:4.35％は構成比を誤った加重平均の結果です。12％・38％・50％で0.1％・2.4％・7.2％を掛け合わせ、合計4.52％になります。構成比を確認してください。;3:4.65％は第232問の構成比（25・25・50）の結果に近い誤答です。本問は12・38・50で再計算すると4.52％が正しい期待収益率です。過去の派生正答を流用しないこと。;4:4.78％は第232問（4.78％）の正答を流用した誤答です。本問は12・38・50で再計算し、4.52％が正しい期待収益率です。構成比を確認してください。,ポートフォリオ期待収益率は毎回構成比から計算。第232問（4.78％）と構成比を取り違えない。
244,single,金融資産運用,FP2級;学科;実践演習;四答択;source:2025-gakka-24-v23,2025-gakka-24,,表面利率（クーポンレート）3％、残存期間5年の固定利付債券を額面100円当たり89円で購入した場合の最終利回り（年率・単利）は、 （   ）である。なお、税金等は考慮しないものとし、計算結果は表示単位の小数点以下第３位を四捨五入している。,,,,,,5.22％,5.43％,5.65％,5.84％,4,正解は4です。{3％＋(100円－89円)÷5年}÷89円×100＝{3＋2.2}÷89×100≒5.843％→小数点以下第3位四捨五入で5.84％です。,学科の債券最終利回りの23問目。ディスカウント購入・5年残存に変更した演習です。,{3＋(100－89)÷5}÷89×100≒5.843％→5.84％。償還差益を期間で按分します。,1:5.22％は償還差益の按分を誤った場合に出やすい値です。ディスカウント購入では(100－89)÷5＝2.2を加算し、式どおり5.84％になります。按分年数を確認してください。;2:5.43％は第184問（92円・4年・5.43％）の正答を流用した誤答です。本問は購入価格89円・残存5年で再計算し、5.84％が正しい最終利回りです。数値を流用しないこと。;3:5.65％は第144問（94円・5年・4.42％）の正答を流用した誤答です。本問は89円・残存5年で再計算し、5.84％が正しい利回りです。購入価格・期間を確認してください。,ディスカウント購入（89円）では(100－89)がプラス。第224問（91円・4.95％）と購入価格を取り違えない。
245,single,金融資産運用,FP2級;学科;実践演習;四答択;source:2026-gakka-27-v21,2026-gakka-27,,"下記の〈条件〉で、円貨を米ドルに交換して米ドル建定期預金に10,000米ドルを預け入れ、満期時に元利金の米ドルを円貨に交換して受け取る場合における利回り（単利・年率）は、 （   ）である。なお、税金は考慮しないものとし、計算結果は表示単位の小数点以下第３位を四捨五入するものとする。

〈条件〉
・預入期間：１年
・預金金利：2.50％（年率）
・為替予約なし
・為替レート（米ドル／円）
　預入時…ＴＴＳ：122.25円　ＴＴＢ：121.25円
　満期時…ＴＴＳ：129.50円　ＴＴＢ：129.00円",,,,,,7.65％,7.95％,8.19％,8.47％,3,"正解は3です。預入時10,000×122.25＝122.25万円、満期時10,250×129.00＝132.225万円。利回り＝10.025万円÷122.25万円×100≒8.194％→8.19％です。",2026年学科第27問の21問目。為替レートと金利だけ変更した外貨預金の演習です。,122.25万円投下、132.225万円受取。差額10.025万÷122.25万×100≒8.19％。買いＴＴＳ・売りＴＴＢです。,1:7.65％は為替差益を過小に見積もった誤答で生じやすい値です。金利2.50％分の米ドル増と為替変動の両方を含め、投下122.25万円で割ります。;2:7.95％は第225問（121.50円・128.25円）の別組合せに近い誤答です。本問は122.25円・129.00円で再計算し、8.19％が正しい利回りです。為替レートを確認してください。;4:8.47％は第225問（121.50円・128.25円・2.75％）の正答を流用した誤答です。本問は122.25円・129.00円・2.50％で再計算し、8.19％が正しい利回りです。過去の派生正答を流用しないこと。,"外貨預金利回りは各バッチと同型。金利2.50％なら満期は10,250米ドルになる。"
246,single,ライフプランニングと資金計画,FP2級;学科;実践演習;四答択;source:2025-gakka-10-v27,2025-gakka-10,,"下記の〈Ｏ社の貸借対照表〉に基づくＯ社の固定長期適合率は、 （   ）である。なお、固定長期適合率＝（純資産＋固定負債）÷固定資産×100とする。

〈Ｏ社の貸借対照表〉（単位：百万円）
固定資産　4,000
流動資産　2,400
流動負債　　800
固定負債　1,200
純資産　　2,800",,,,,,90％,95％,100％,105％,3,"正解は3です。（2,800＋1,200）百万円÷4,000百万円×100＝100.0％です。",学科第10問をベースに、固定長期適合率を直接計算する第9の演習です。,"（2,800＋1,200）÷4,000×100＝100.0％。純資産と固定負債の合計を固定資産で割ります。","1:90％は純資産2,800百万円÷3,111など、固定負債を加算しない誤りです。固定長期適合率は純資産に固定負債1,200百万円を足し、4,000百万円で割ります。固定負債を忘れないこと。;2:95％は第226問（2,660＋950÷3,800）の正答を流用した誤答です。本問は純資産2,800・固定負債1,200・固定資産4,000で再計算し、100.0％が正しい固定長期適合率です。;4:105％は固定資産を小さく取った誤りで生じやすい値です。固定資産4,000百万円を分母に（2,800＋1,200）÷4,000×100＝100.0％が正しい計算になります。",固定長期適合率＝（純資産＋固定負債）÷固定資産×100。第226問（95％）と数値を取り違えない。
247,single,ライフプランニングと資金計画,FP2級;学科;実践演習;四答択;source:2025-gakka-10-v28,2025-gakka-10,,"下記の〈Ｓ社の貸借対照表〉に基づくＳ社の自己資本比率は、 （   ）である。なお、自己資本比率＝純資産÷総資産×100とする。

〈Ｓ社の貸借対照表〉（単位：百万円）
総資産　9,800
純資産　3,920",,,,,,35.0％,38.0％,40.0％,42.0％,3,"正解は3です。自己資本比率＝3,920百万円÷9,800百万円×100＝40.0％です。",学科第10問をベースに、自己資本比率を直接計算する第9の演習です。,"3,920÷9,800×100＝40.0％。純資産を総資産で割り、百分率に直します。","1:35.0％は第227問（3,640÷10,400）の正答を流用した誤答です。本問は純資産3,920・総資産9,800で再計算し、40.0％が正しい自己資本比率です。数値を流用しないこと。;2:38.0％は3,724÷9,800など、純資産を誤った場合の値です。純資産は3,920百万円なので、3,920÷9,800×100＝40.0％が正しい計算になります。;4:42.0％は4,116÷9,800など、純資産を大きく取った誤答で生じやすい値です。自己資本比率は純資産3,920百万円÷総資産9,800百万円×100＝40.0％です。第75問（40％）と数値を取り違えないこと。",自己資本比率＝純資産÷総資産×100。第227問（35％）と数値を取り違えない。
248,single,タックスプランニング,FP2級;学科;実践演習;四答択;source:2026-gakka-34-v10,2026-gakka-34,,Ｆさんの2025年分の所得税における医療費控除の控除額を計算する場合、総所得金額が540万円、医療費として実際に支払った金額が64万円、その補填として受け取った保険金が7万円であるとき、医療費控除額は、 （   ）である。なお、「特定一般用医薬品等購入費を支払った場合の医療費控除の特例」は考慮しない。,,,,,,24万円,27万円,30万円,34万円,3,"正解は3です。医療費控除額＝支払医療費－保険金等の補填－max(10万円, 総所得金額×5％)です。64万円－7万円－27万円（540万円×5％）＝30万円です。",2026年学科第34問の10問目。医療費控除額を直接計算する演習です。,補填後57万円から、総所得540万円の5％である27万円（10万円超）を差し引き、控除額30万円です。,1:24万円は最低限度額10万円だけを差し引いた誤りです。総所得540万円の場合は5％の27万円が限度となるため、控除額は30万円です。10万円固定ではありません。;2:27万円は限度額27万円そのもので、実際の控除額ではありません。補填後の医療費57万円から限度27万円を引き、控除額は30万円です。限度と控除額は別です。;4:34万円は第208問（520万・68万円）の正答を流用した誤答です。本問は総所得540万円・支払64万円で再計算し、30万円が正しい控除額です。数値を流用しないこと。,"医療費控除＝支払－補填－max(10万, 総所得×5％)。第228問（32万円）と総所得額を取り違えない。"
249,single,タックスプランニング,FP2級;学科;実践演習;四答択;source:2026-gakka-32-v10,2026-gakka-32,,所得税における一時所得に係る総収入金額が300万円で、その収入を得るために支出した金額が72万円である場合、一時所得の金額は（ ① ）、そのうち総所得金額に算入される金額は（ ② ）となる。,,,,,,① 128万円   ②  64万円,① 178万円   ②  89万円,① 228万円   ② 114万円,① 228万円   ② 228万円,2,正解は2です。一時所得の金額＝300万円－72万円－特別控除50万円＝178万円。総所得金額への算入はその2分の1なので、89万円です。,学科の一時所得をベースに、収入・支出だけ変更した第10の演習です。,一時所得＝300－72－50＝178万円。総所得算入は半額の89万円です。,1:①128万円②64万円は第99問（220万・52万円）の正答を流用した誤答です。本問は300万円・72万円で再計算し、178万円・89万円が正答です。過去の派生正答を流用しないこと。;3:①228万円②114万円は特別控除50万円を差し引かない誤りです。一時所得は収入－支出－50万円であり、300－72－50＝178万円、算入は89万円です。特別控除を忘れないこと。;4:①228万円②228万円は半額算入のルールを誤用した誤答です。一時所得178万円のうち総所得に算入するのは2分の1の89万円です。全額算入ではありません。,一時所得＝収入－支出－50万円、総所得算入は半額。第229問（190万・95万円）と数値を取り違えない。
250,single,相続・事業承継,FP2級;学科;実践演習;四答択;source:2026-gakka-58-v15,2026-gakka-58,,借地権（定期借地権等を除く）の目的となっている宅地の相続税評価額は、その自用地としての価額が1億200万円、借地権割合が64％である場合、原則として、 （   ）となる。,,,,,,"2,448万円","3,060万円","3,672万円",1億200万円,3,"正解は3です。貸宅地の評価額は、自用地価額×(1－借地権割合)です。1億200万円×36％＝3,672万円です。",学科の貸宅地評価をベースに、自用地価額と借地権割合だけ変更した第5の演習です。,"1億200万円×(1－64％)＝3,672万円。借地権割合だけを控除し、借家権は使いません。","1:2,448万円は1億200万円×24％など、控除後の割合を誤った場合の値です。借地権割合64％なら残りは36％であり、1億200万×0.36＝3,672万円が正しい評価額です。;2:3,060万円は1億200万円×30％など、借地権割合を誤って控除した誤答です。評価額は自用地から借地権分64％を控除し、残り36％の3,672万円になります。割合を確認してください。;4:1億200万円は自用地のままの評価額で、借地権の目的地としての減額を反映していません。借地権割合64％を控除し、3,672万円が貸宅地の評価額です。第89問（2,660万円）と数値を取り違えないこと。",貸宅地＝自用地×(1－借地権割合)。貸家建付地の3割合公式と混同しないこと。
251,single,金融資産運用,FP2級;学科;実践演習;四答択;source:2026-gakka-26-v35,2026-gakka-26,,"Ａ社の株価が2,856円、１株当たり純利益が84円である場合、Ａ社のＰＥＲ（株価収益率）は、 （   ）である。",,,,,,30倍,32倍,34倍,36倍,3,"正解は3です。PER＝株価÷１株当たり純利益です。2,856円÷84円＝34倍です。",2026年学科第26問をベースに、PERを直接計算する第12の演習です。,"PER＝2,856÷84＝34倍。株価を１株当たり純利益で割ります。","1:30倍は第151問（2,160円・72円）の正答を流用した誤答です。本問は2,856円・84円で再計算し、34倍が正しいPERです。過去の派生正答を流用しないこと。;2:32倍は2,688÷84など、株価を誤って小さくした誤答で生じやすい値です。株価2,856円・純利益84円をそのまま割ると34倍であり、32倍にはなりません。;4:36倍は第191問（2,736円・76円）の正答を流用した誤答です。本問は2,856円・84円で再計算し、34倍が正しいPERです。株価・純利益の組合せを確認してください。","PER＝株価÷EPS。第231問（2,380円・70円・34倍）と同率だが株価・純利益が異なる。"
252,single,金融資産運用,FP2級;学科;実践演習;四答択;source:2025-gakka-28-v24,2025-gakka-28,,"Ｙさんのポートフォリオにおける各資産の構成比および期待収益率が下記のとおりである場合、当該ポートフォリオの期待収益率は、 （   ）である。

預金　17％　期待収益率0.1％
債券　33％　期待収益率2.55％
株式　50％　期待収益率7.4％",,,,,,4.35％,4.50％,4.56％,4.78％,3,正解は3です。0.1％×17％＋2.55％×33％＋7.4％×50％＝0.017％＋0.8415％＋3.70％＝4.5585％→表示上4.56％です。,2025年学科第28問の24問目。構成比と収益率を再変更した演習です。,0.1×0.17＋2.55×0.33＋7.4×0.5＝4.5585％→4.56％。各資産の加重平均です。,1:4.35％は構成比を誤った加重平均の結果です。17％・33％・50％で0.1％・2.55％・7.4％を掛け合わせ、合計4.56％になります。構成比を確認してください。;2:4.50％は第243問の構成比（12・38・50）の結果に近い誤答です。本問は17・33・50で再計算すると4.56％が正しい期待収益率です。過去の派生正答を流用しないこと。;4:4.78％は第232問（4.78％）の正答を流用した誤答です。本問は17・33・50で再計算し、4.56％が正しい期待収益率です。構成比を確認してください。,ポートフォリオ期待収益率は毎回構成比から計算。第243問（4.52％）と構成比を取り違えない。
253,single,金融資産運用,FP2級;学科;実践演習;四答択;source:2025-gakka-24-v24,2025-gakka-24,,表面利率（クーポンレート）3％、残存期間3年の固定利付債券を額面100円当たり98円で購入した場合の最終利回り（年率・単利）は、 （   ）である。なお、税金等は考慮しないものとし、計算結果は表示単位の小数点以下第３位を四捨五入している。,,,,,,3.47％,3.60％,3.74％,4.00％,3,正解は3です。{3％＋(100円－98円)÷3年}÷98円×100＝{3＋0.667}÷98×100≒3.735％→小数点以下第3位四捨五入で3.74％です。,学科の債券最終利回りの24問目。プレミアム購入・3年残存に変更した演習です。,{3＋(100－98)÷3}÷98×100≒3.735％→3.74％。償還差損を期間で按分します。,1:3.47％は第7問（98円・5年・3.47％）の正答を流用した誤答です。本問は購入価格98円・残存3年で再計算し、3.74％が正しい最終利回りです。残存期間を確認してください。;2:3.60％は償還差損の按分を誤った場合に出やすい値です。プレミアム購入では(100－98)÷3を加算し、式どおり3.74％になります。按分年数を確認してください。;4:4.00％は表面利率に償還差損2円をそのまま加算した誤りなどに近い値です。償還差損は残存3年で按分し、{3＋0.667}÷98×100≒3.74％が正しい利回りです。,プレミアム購入（98円）では(100－98)がマイナス。第233問（97円・3.87％）と購入価格を取り違えない。
254,single,金融資産運用,FP2級;学科;実践演習;四答択;source:2026-gakka-27-v22,2026-gakka-27,,"下記の〈条件〉で、円貨を米ドルに交換して米ドル建定期預金に10,000米ドルを預け入れ、満期時に元利金の米ドルを円貨に交換して受け取る場合における利回り（単利・年率）は、 （   ）である。なお、税金は考慮しないものとし、計算結果は表示単位の小数点以下第３位を四捨五入するものとする。

〈条件〉
・預入期間：１年
・預金金利：2.00％（年率）
・為替予約なし
・為替レート（米ドル／円）
　預入時…ＴＴＳ：120.50円　ＴＴＢ：119.50円
　満期時…ＴＴＳ：126.75円　ＴＴＢ：126.25円",,,,,,5.85％,6.15％,6.51％,6.88％,3,"正解は3です。預入時10,000×120.50＝120.50万円、満期時10,200×126.25＝128.835万円。利回り＝8.335万円÷120.50万円×100≒6.509％→6.51％です。",2026年学科第27問の22問目。為替レートと金利だけ変更した外貨預金の演習です。,120.50万円投下、128.835万円受取。差額8.335万÷120.50万×100≒6.51％。買いＴＴＳ・売りＴＴＢです。,1:5.85％は為替差益を過小に見積もった誤答で生じやすい値です。金利2.00％分の米ドル増と為替変動の両方を含め、投下120.50万円で割ります。;2:6.15％は第234問（119.75円・125.25円）の正答を流用した誤答です。本問は120.50円・126.25円で再計算し、6.51％が正しい利回りです。為替レートを確認してください。;4:6.88％は第214問（121.00円・126.50円）の正答を流用した誤答です。本問は120.50円・126.25円で再計算し、6.51％が正しい利回りです。過去の派生正答を流用しないこと。,"外貨預金利回りは各バッチと同型。金利2.00％なら満期は10,200米ドルになる。"
255,single,ライフプランニングと資金計画,FP2級;学科;実践演習;四答択;source:2025-gakka-01-v19,2025-gakka-01,,"Ｂさんの可処分所得（年間）の金額は、下記の〈資料〉によれば、 （   ）である。

〈資料〉Ｂさんの年間収入等
給与収入　　：1,102万円（給与所得 ： 795万円）
所得税・住民税 ：  90万円
社会保険料　 ： 120万円
生命保険料　 ：  44万円",,,,,,868万円,888万円,"1,102万円","1,146万円",2,"正解は2です。可処分所得＝給与収入－所得税・住民税－社会保険料です。1,102万円－90万円－120万円＝888万円。生命保険料44万円は差し引きません。",学科の可処分所得をベースに、収入・控除額だけ変更した第19の演習です。,"1,102－90－120＝888万円。給与所得795万円や生命保険料44万円はこの式に含めません。","1:868万円は社会保険料をさらに大きく差し引いた誤りで生じやすい値です。社保は120万円なので、1,102－90－120＝888万円が可処分所得です。控除額を確認してください。;3:1,102万円は給与収入そのもので、税・社会保険料を差し引いていません。所得税・住民税と社会保険料の両方を引く必要があり、888万円が正答です。収入全額ではありません。;4:1,146万円は生命保険料44万円を加算した誤りで生じやすい値です。生命保険料は可処分所得の控除項目ではなく、1,102－90－120＝888万円です。保険料を足し算しません。",可処分所得＝給与収入－所得税・住民税－社会保険料。第235問（892万円）と数値を取り違えない。
256,single,ライフプランニングと資金計画,FP2級;学科;実践演習;四答択;source:2025-gakka-10-v29,2025-gakka-10,,"下記の〈Ｑ社の貸借対照表〉に基づくＱ社の流動比率は、 （   ）である。なお、流動比率＝流動資産÷流動負債×100とする。

〈Ｑ社の貸借対照表〉（単位：百万円）
流動資産　2,850
固定資産　3,650
流動負債　　750
固定負債　　980
純資産　　4,770",,,,,,350％,375％,380％,400％,3,"正解は3です。流動比率＝2,850百万円÷750百万円×100＝380％です。",学科第10問をベースに、流動比率を直接計算する第8の演習です。,"2,850÷750×100＝380％。流動資産を流動負債で割ります。","1:350％は第236問（2,720÷680）の正答を流用した誤答です。本問は流動資産2,850・流動負債750で再計算し、380％が正しい流動比率です。数値を流用しないこと。;2:375％は2,625÷750など、流動資産を小さく取った誤答です。流動負債750百万円に対する流動資産2,850百万円なので、流動比率は380％です。;4:400％は2,850÷712.5など、流動負債を小さく取った誤答で生じやすい値です。流動資産2,850百万円÷流動負債750百万円×100＝380％が正しい計算になります。",流動比率＝流動資産÷流動負債×100。第236問（400％）と数値を取り違えない。
257,single,タックスプランニング,FP2級;学科;実践演習;四答択;source:2026-gakka-33-v14,2026-gakka-33,,Ｇさんの2025年分の所得税における総所得金額は、給与所得の金額が312万円、株式等の譲渡所得の金額が58万円であるとき、 （   ）である。なお、ほかの所得はないものとする。,,,,,,254万円,312万円,370万円,410万円,3,正解は3です。総所得金額は各所得の金額を合計します。312万円＋58万円＝370万円です。,2026年学科第33問をベースに、給与所得と譲渡所得の単純合計の演習です。,給与所得312万円＋譲渡所得58万円＝370万円。損益通算が不要な場合は単純合計です。,1:254万円は312万円－58万円など、所得を差し引いた誤りです。譲渡所得は総所得に加算するため、312＋58＝370万円が総所得金額です。差し引きではありません。;2:312万円は給与所得のみで、譲渡所得58万円を加算していません。ほかの所得がない場合でも、譲渡所得を合計し、370万円が総所得金額です。両方足します。;4:410万円は給与収入金額と混同した誤答で生じやすい値です。本問は所得の金額（給与所得312万円）を合計し、370万円になります。収入金額ではありません。,総所得金額は各所得の金額の合計。第237問（333万円）と所得の種類を取り違えない。
258,single,タックスプランニング,FP2級;学科;実践演習;四答択;source:2026-gakka-16-v12,2026-gakka-16,,"給与所得者が23年間勤務した会社を退職し、退職金2,400万円の支給を受けた場合、所得税における退職所得の金額の計算上、退職所得控除額は（   ）となる。",,,,,,800万円＋40万円×(23年－20年)＝920万円,"800万円＋70万円×(23年－20年)＝1,010万円",40万円×23年＝920万円,"70万円×23年＝1,610万円",2,"正解は2です。勤続23年（20年超）なので、800万円＋70万円×(23－20)＝800万円＋210万円＝1,010万円です。",学科の退職所得控除の12問目。23年勤続（20年超）に変更した演習です。,"23年は20年超。800万円＋70万円×(23－20)＝1,010万円。40万円×年数の式は使いません。","1:800万円＋40万円×(23－20)は20年超用の70万円式を誤用した選択肢です。23年勤続は20年超なので、800万円＋70万円×3年＝1,010万円の公式を使います。年数で式を選びます。;3:40万円×23年は20年以下用の式を誤用した誤答です。23年勤続は20年超なので、800万円＋70万円×(23－20)＝1,010万円が控除額です。40万円×年数は使いません。;4:70万円×23年は退職所得控除の公式ではありません。20年超は800万円＋70万円×(年－20)であり、23年なら1,010万円になります。70万円×年数ではありません。","退職所得控除は20年以下と20年超で式が異なる。第238問（27年・1,290万）と勤続年数を取り違えない。"
259,single,相続・事業承継,FP2級;学科;実践演習;四答択;source:2025-gakka-52-v12,2025-gakka-52,,Ｊさんが暦年課税により叔父から現金207万円の贈与を受けた場合の贈与税の課税価格は、 （   ）である。なお、相続時精算課税制度の適用は受けないものとする。,,,,,,87万円,97万円,110万円,207万円,2,正解は2です。課税価格＝207万円－基礎控除110万円＝97万円です。,学科の贈与税をベースに、贈与額207万円に変更した課税価格の演習です。,207万円－110万円＝97万円。暦年課税の基礎控除は年110万円です。,1:87万円は贈与197万円と誤認した場合の課税価格など、別の贈与額の結果です。贈与額207万円から基礎控除110万円を引き、課税価格は97万円になります。贈与額を確認してください。;3:110万円は基礎控除額そのもので、課税価格ではありません。基礎控除110万円を超える部分が課税価格となり、本問は207－110＝97万円です。控除額と課税価格は別です。;4:207万円は贈与財産の価額そのもので、基礎控除を差し引いていません。暦年課税では110万円の基礎控除後の97万円が課税価格です。贈与額全額は課税価格ではありません。,暦年課税の課税価格＝贈与額－110万円。第230問（192万・82万円）と贈与額を取り違えない。
260,single,相続・事業承継,FP2級;学科;実践演習;四答択;source:2026-gakka-55-v8,2026-gakka-55,,"相続税における遺産に係る基礎控除額を計算する場合、法定相続人が配偶者1人と子7人のとき、遺産に係る基礎控除額は、 （   ）である。なお、基礎控除額＝3,000万円＋600万円×法定相続人の数とする。",,,,,,"6,000万円","6,600万円","7,200万円","7,800万円",4,"正解は4です。法定相続人は配偶者1人と子7人で計8人です。3,000万円＋600万円×8人＝7,800万円です。",学科の遺産基礎控除をベースに、法定相続人8人の演習です。,"法定相続人8人（配偶者1＋子7）。3,000＋600×8＝7,800万円です。","1:6,000万円は第52問（配偶者1＋子4＝5人）の正答を流用した誤答です。配偶者1人と子7人は8人なので、3,000＋600×8＝7,800万円が正しい基礎控除額です。;2:6,600万円は第199問（配偶者1＋子5＝6人）の正答を流用した誤答です。子7人なら法定相続人は8人です。3,000万円＋600万円×8人＝7,800万円と計算してください。;3:7,200万円は法定相続人7人の場合の基礎控除額です。配偶者1人と子7人は8人なので、3,000＋600×8＝7,800万円が正しい基礎控除額です。","遺産基礎控除＝3,000万＋600万×法定相続人の数。第199問（6人・6,600万）と人数を取り違えない。"
261,single,金融資産運用,FP2級;学科;実践演習;四答択;source:2026-gakka-26-v36,2026-gakka-26,,"Ｋ社の１株当たり純利益が153円、１株当たり純資産（自己資本）が1,700円である場合、Ｋ社のＲＯＥは、 （   ）である。",,,,,,7％,8％,9％,10％,3,"正解は3です。ROE＝１株当たり純利益÷１株当たり純資産×100です。153円÷1,700円×100＝9％です。",2026年学科第26問のROEをベースに、純利益と純資産だけ変更した第13の演習です。,"ROE＝153÷1,700×100＝9％。分子は純利益、分母は自己資本（純資産）です。","1:7％は153÷2,190×100など、純資産を大きく取った誤計算で生じやすい値です。本問の純資産は1,700円なので、153÷1,700×100＝9％が正しい計算になります。純資産の数値を確認してください。;2:8％は第141問（132円・1,650円）の正答を流用した誤答です。本問は153円・1,700円で再計算し、9％が正しいROEです。過去の派生正答を流用しないこと。;4:10％は170÷1,700×100など、純利益を誤認した場合の値です。純利益153円・純資産1,700円を用いると9％となり、10％にはなりません。純利益の数値を確認してください。","ROE＝純利益÷純資産×100。第241問（135円・1,500円・9％）と数値を取り違えない。"
262,single,金融資産運用,FP2級;学科;実践演習;四答択;source:2026-gakka-26-v37,2026-gakka-26,,"Ｕ社の株価が3,240円、１株当たり純資産（自己資本）が810円である場合、Ｕ社のＰＢＲ（株価純資産倍率）は、 （   ）である。",,,,,,3.0倍,3.5倍,4.0倍,4.5倍,3,"正解は3です。PBR＝株価÷１株当たり純資産です。3,240円÷810円＝4.0倍です。",2026年学科第26問のPBRをベースに、株価と純資産だけ変更した第11の演習です。,"PBR＝3,240÷810＝4.0倍。株価を１株当たり純資産で割ります。","1:3.0倍は第61問（2,340円・780円）の正答を流用した誤答です。本問は3,240円・810円で再計算し、4.0倍が正しいPBRです。過去の派生正答を流用しないこと。;2:3.5倍は第242問（3,150円・900円）の正答を流用した誤答です。株価3,240円・純資産810円をそのまま割ると4.0倍であり、3.5倍にはなりません。;4:4.5倍は第182問（2,835円・630円）の正答を流用した誤答です。PBRの分母は純資産810円であり、3,240÷810＝4.0倍です。純利益は使いません。",PBR＝株価÷BPS。第202問（4.0倍）と同率だが株価・純資産が異なるので毎回計算する。
263,single,金融資産運用,FP2級;学科;実践演習;四答択;source:2025-gakka-28-v25,2025-gakka-28,,"Ｚさんのポートフォリオにおける各資産の構成比および期待収益率が下記のとおりである場合、当該ポートフォリオの期待収益率は、 （   ）である。

預金　16％　期待収益率0.1％
債券　34％　期待収益率2.5％
株式　50％　期待収益率7.6％",,,,,,4.35％,4.50％,4.67％,4.85％,3,正解は3です。0.1％×16％＋2.5％×34％＋7.6％×50％＝0.016％＋0.85％＋3.80％＝4.666％→表示上4.67％です。,2025年学科第28問の25問目。構成比と収益率を再変更した演習です。,0.1×0.16＋2.5×0.34＋7.6×0.5＝4.666％→4.67％。各資産の加重平均です。,1:4.35％は構成比を誤った加重平均の結果です。16％・34％・50％で0.1％・2.5％・7.6％を掛け合わせ、合計4.67％になります。構成比を確認してください。;2:4.50％は第252問の構成比（17・33・50）の結果に近い誤答です。本問は16・34・50で再計算すると4.67％が正しい期待収益率です。過去の派生正答を流用しないこと。;4:4.85％は第212問（4.85％）の正答を流用した誤答です。本問は16・34・50で再計算し、4.67％が正しい期待収益率です。構成比を確認してください。,ポートフォリオ期待収益率は毎回構成比から計算。第252問（4.56％）と構成比を取り違えない。
264,single,金融資産運用,FP2級;学科;実践演習;四答択;source:2025-gakka-24-v25,2025-gakka-24,,表面利率（クーポンレート）3％、残存期間2年の固定利付債券を額面100円当たり90円で購入した場合の最終利回り（年率・単利）は、 （   ）である。なお、税金等は考慮しないものとし、計算結果は表示単位の小数点以下第３位を四捨五入している。,,,,,,7.50％,8.33％,8.89％,9.00％,3,正解は3です。{3％＋(100円－90円)÷2年}÷90円×100＝{3＋5}÷90×100≒8.889％→小数点以下第3位四捨五入で8.89％です。,学科の債券最終利回りの25問目。ディスカウント購入・2年残存に変更した演習です。,{3＋(100－90)÷2}÷90×100≒8.889％→8.89％。償還差益を期間で按分します。,1:7.50％は償還差益の按分を誤った場合に出やすい値です。ディスカウント購入では(100－90)÷2＝5を加算し、式どおり8.89％になります。按分年数を確認してください。;2:8.33％は第213問（90円・4年・6.11％）の正答を流用した誤答です。本問は購入価格90円・残存2年で再計算し、8.89％が正しい最終利回りです。残存期間を確認してください。;4:9.00％は表面利率に償還差益10円をそのまま加算した誤りなどに近い値です。償還差益は残存2年で按分し、{3＋5}÷90×100≒8.89％が正しい利回りです。,ディスカウント購入（90円）では(100－90)がプラス。第213問（6.11％）と残存期間を取り違えない。
265,single,金融資産運用,FP2級;学科;実践演習;四答択;source:2026-gakka-27-v23,2026-gakka-27,,"下記の〈条件〉で、円貨を米ドルに交換して米ドル建定期預金に10,000米ドルを預け入れ、満期時に元利金の米ドルを円貨に交換して受け取る場合における利回り（単利・年率）は、 （   ）である。なお、税金は考慮しないものとし、計算結果は表示単位の小数点以下第３位を四捨五入するものとする。

〈条件〉
・預入期間：１年
・預金金利：2.25％（年率）
・為替予約なし
・為替レート（米ドル／円）
　預入時…ＴＴＳ：123.00円　ＴＴＢ：122.00円
　満期時…ＴＴＳ：130.25円　ＴＴＢ：129.75円",,,,,,7.15％,7.55％,7.81％,8.19％,3,"正解は3です。預入時10,000×123.00＝123.00万円、満期時10,225×129.75＝132.60375万円。利回り＝9.60375万円÷123.00万円×100≒7.809％→7.81％です。",2026年学科第27問の23問目。為替レートと金利だけ変更した外貨預金の演習です。,123.00万円投下、132.60375万円受取。差額9.60375万÷123.00万×100≒7.81％。買いＴＴＳ・売りＴＴＢです。,1:7.15％は為替差益を過小に見積もった誤答で生じやすい値です。金利2.25％分の米ドル増と為替変動の両方を含め、投下123.00万円で割ります。;2:7.55％は第245問（122.25円・129.00円）の別組合せに近い誤答です。本問は123.00円・129.75円で再計算し、7.81％が正しい利回りです。為替レートを確認してください。;4:8.19％は第245問（8.19％）の正答を流用した誤答です。本問は123.00円・129.75円・2.25％で再計算し、7.81％が正しい利回りです。過去の派生正答を流用しないこと。,"外貨預金利回りは各バッチと同型。金利2.25％なら満期は10,225米ドルになる。"
266,single,ライフプランニングと資金計画,FP2級;学科;実践演習;四答択;source:2025-gakka-01-v20,2025-gakka-01,,"Ｃさんの可処分所得（年間）の金額は、下記の〈資料〉によれば、 （   ）である。

〈資料〉Ｃさんの年間収入等
給与収入　　：1,118万円（給与所得 ： 805万円）
所得税・住民税 ：  91万円
社会保険料　 ： 122万円
生命保険料　 ：  45万円",,,,,,889万円,909万円,"1,118万円","1,163万円",2,"正解は2です。可処分所得＝給与収入－所得税・住民税－社会保険料です。1,118万円－91万円－122万円＝909万円。生命保険料45万円は差し引きません。",学科の可処分所得をベースに、収入・控除額だけ変更した第20の演習です。,"1,118－91－122＝909万円。給与所得805万円や生命保険料45万円はこの式に含めません。","1:889万円は社会保険料をさらに大きく差し引いた誤りで生じやすい値です。社保は122万円なので、1,118－91－122＝909万円が可処分所得です。控除額を確認してください。;3:1,118万円は給与収入そのもので、税・社会保険料を差し引いていません。所得税・住民税と社会保険料の両方を引く必要があり、909万円が正答です。収入全額ではありません。;4:1,163万円は生命保険料45万円を加算した誤りで生じやすい値です。生命保険料は可処分所得の控除項目ではなく、1,118－91－122＝909万円です。保険料を足し算しません。",可処分所得＝給与収入－所得税・住民税－社会保険料。第255問（888万円）と数値を取り違えない。
267,single,ライフプランニングと資金計画,FP2級;学科;実践演習;四答択;source:2025-gakka-10-v30,2025-gakka-10,,"下記の〈Ｒ社の貸借対照表〉に基づくＲ社の流動比率は、 （   ）である。なお、流動比率＝流動資産÷流動負債×100とする。

〈Ｒ社の貸借対照表〉（単位：百万円）
流動資産　2,610
固定資産　3,890
流動負債　　580
固定負債　1,020
純資産　　4,900",,,,,,400％,425％,450％,475％,3,"正解は3です。流動比率＝2,610百万円÷580百万円×100＝450％です。",学科第10問をベースに、流動比率を直接計算する第9の演習です。,"2,610÷580×100＝450％。流動資産を流動負債で割ります。","1:400％は第236問（2,720÷680）の正答を流用した誤答です。本問は流動資産2,610・流動負債580で再計算し、450％が正しい流動比率です。数値を流用しないこと。;2:425％は2,465÷580など、流動資産を小さく取った誤答です。流動負債580百万円に対する流動資産2,610百万円なので、流動比率は450％です。;4:475％は2,755÷580など、流動資産を大きく取った誤答で生じやすい値です。流動資産2,610百万円÷流動負債580百万円×100＝450％が正しい計算になります。",流動比率＝流動資産÷流動負債×100。第256問（380％）と数値を取り違えない。
268,single,タックスプランニング,FP2級;学科;実践演習;四答択;source:2026-gakka-33-v15,2026-gakka-33,,Ｈさんの2025年分の所得税における総所得金額は、給与所得の金額が278万円、配当所得の金額が42万円であるとき、 （   ）である。なお、ほかの所得はないものとする。,,,,,,236万円,278万円,320万円,360万円,3,正解は3です。総所得金額は各所得の金額を合計します。278万円＋42万円＝320万円です。,2026年学科第33問をベースに、給与所得と配当所得の単純合計の演習です。,給与所得278万円＋配当所得42万円＝320万円。損益通算が不要な場合は単純合計です。,1:236万円は278万円－42万円など、所得を差し引いた誤りです。配当所得は総所得に加算するため、278＋42＝320万円が総所得金額です。差し引きではありません。;2:278万円は給与所得のみで、配当所得42万円を加算していません。ほかの所得がない場合でも、配当所得を合計し、320万円が総所得金額です。両方足します。;4:360万円は給与収入金額と混同した誤答で生じやすい値です。本問は所得の金額（給与所得278万円）を合計し、320万円になります。収入金額ではありません。,総所得金額は各所得の金額の合計。第257問（370万円）と所得の種類を取り違えない。
269,single,タックスプランニング,FP2級;学科;実践演習;四答択;source:2026-gakka-16-v13,2026-gakka-16,,"給与所得者が29年間勤務した会社を定年退職し、退職金3,100万円の支給を受けた場合、所得税における退職所得の金額の計算上、退職所得控除額は（   ）となる。",,,,,,"800万円＋40万円×(29年－20年)＝1,160万円","800万円＋70万円×(29年－20年)＝1,430万円","40万円×29年＝1,160万円","70万円×29年＝2,030万円",2,"正解は2です。勤続29年（20年超）なので、800万円＋70万円×(29－20)＝800万円＋630万円＝1,430万円です。",学科の退職所得控除の13問目。29年勤続（20年超）に変更した演習です。,"29年は20年超。800万円＋70万円×(29－20)＝1,430万円。40万円×年数の式は使いません。","1:800万円＋40万円×(29－20)は20年超用の70万円式を誤用した選択肢です。29年勤続は20年超なので、800万円＋70万円×9年＝1,430万円の公式を使います。年数で式を選びます。;3:40万円×29年は20年以下用の式を誤用した誤答です。29年勤続は20年超なので、800万円＋70万円×(29－20)＝1,430万円が控除額です。40万円×年数は使いません。;4:70万円×29年は退職所得控除の公式ではありません。20年超は800万円＋70万円×(年－20)であり、29年なら1,430万円になります。70万円×年数ではありません。","退職所得控除は20年以下と20年超で式が異なる。第258問（23年・1,010万）と勤続年数を取り違えない。"
270,single,相続・事業承継,FP2級;学科;実践演習;四答択;source:2026-gakka-58-v16,2026-gakka-58,,貸家建付地の相続税評価額は、その自用地としての価額が1億500万円、借地権割合が56％、借家権割合が26％、賃貸割合が100％である場合、 （   ）となる。,,,,,,"7,560万円","8,488万円","8,971万円",1億500万円,3,"正解は3です。1億500万円×(1－56％×26％×100％)＝1億500万円×85.44％＝8,971.2万円→表示上8,971万円です。",学科の貸家建付地の11問目。借地権・借家権割合だけ変更した演習です。,"1億500万円×(1－0.56×0.26×1)＝8,971.2万円→8,971万円。3つの割合を掛けて控除率14.56％です。","1:7,560万円は借地権割合だけを控除した誤りで生じやすい値です。貸家建付地では借家権割合と賃貸割合も掛け合わせ、0.56×0.26×1＝14.56％を控除します。3つ掛け算です。;2:8,488万円は第240問（1億円・54％・28％）の正答を流用した誤答です。本問は1億500万円・56％・26％で再計算し、8,971万円が評価額になります。割合を確認してください。;4:1億500万円は自用地のままの評価額で、貸家建付地としての減額を反映していません。借地権56％・借家権26％を掛け合わせ控除し、8,971万円が正しい評価額です。自用地価額のままではありません。","貸家建付地＝自用地×(1－借地権×借家権×賃貸割合)。第240問（8,488万円）と割合を取り違えない。"
271,single,金融資産運用,FP2級;学科;実践演習;四答択;source:2026-gakka-26-v38,2026-gakka-26,,"Ｂ社の株価が2,688円、１株当たり純利益が84円である場合、Ｂ社のＰＥＲ（株価収益率）は、 （   ）である。",,,,,,28倍,30倍,32倍,36倍,3,"正解は3です。PER＝株価÷１株当たり純利益です。2,688円÷84円＝32倍です。",2026年学科第26問をベースに、PERを直接計算する第13の演習です。,"PER＝2,688÷84＝32倍。株価を１株当たり純利益で割ります。","1:28倍は第131問（2,184円・78円）の正答を流用した誤答です。本問は2,688円・84円で再計算し、32倍が正しいPERです。過去の派生正答を流用しないこと。;2:30倍は第151問（2,160円・72円）の正答を流用した誤答です。株価2,688円・純利益84円をそのまま割ると32倍であり、30倍にはなりません。;4:36倍は第191問（2,736円・76円）の正答を流用した誤答です。本問は2,688円・84円で再計算し、32倍が正しいPERです。株価・純利益の組合せを確認してください。",PER＝株価÷EPS。第251問（34倍）と株価・純利益の組合せを取り違えない。
272,single,金融資産運用,FP2級;学科;実践演習;四答択;source:2025-gakka-28-v26,2025-gakka-28,,"Ｗさんのポートフォリオにおける各資産の構成比および期待収益率が下記のとおりである場合、当該ポートフォリオの期待収益率は、 （   ）である。

預金　21％　期待収益率0.1％
債券　29％　期待収益率2.55％
株式　50％　期待収益率7.3％",,,,,,4.15％,4.41％,4.56％,4.78％,2,正解は2です。0.1％×21％＋2.55％×29％＋7.3％×50％＝0.021％＋0.7395％＋3.65％＝4.4105％→表示上4.41％です。,2025年学科第28問の26問目。構成比と収益率を再変更した演習です。,0.1×0.21＋2.55×0.29＋7.3×0.5＝4.4105％→4.41％。各資産の加重平均です。,1:4.15％は構成比を誤った加重平均の結果です。21％・29％・50％で0.1％・2.55％・7.3％を掛け合わせ、合計4.41％になります。構成比を確認してください。;3:4.56％は第252問（4.56％）の正答を流用した誤答です。本問は21・29・50で再計算し、4.41％が正しい期待収益率です。構成比を確認してください。;4:4.78％は第232問（4.78％）の正答を流用した誤答です。本問は21・29・50で再計算し、4.41％が正しい期待収益率です。過去の派生正答を流用しないこと。,ポートフォリオ期待収益率は毎回構成比から計算。第263問（4.67％）と構成比を取り違えない。
273,single,金融資産運用,FP2級;学科;実践演習;四答択;source:2025-gakka-24-v26,2025-gakka-24,,表面利率（クーポンレート）3％、残存期間4年の固定利付債券を額面100円当たり99円で購入した場合の最終利回り（年率・単利）は、 （   ）である。なお、税金等は考慮しないものとし、計算結果は表示単位の小数点以下第３位を四捨五入している。,,,,,,3.05％,3.15％,3.28％,3.47％,3,正解は3です。{3％＋(100円－99円)÷4年}÷99円×100＝{3＋0.25}÷99×100≒3.283％→小数点以下第3位四捨五入で3.28％です。,学科の債券最終利回りの26問目。プレミアム購入・4年残存に変更した演習です。,{3＋(100－99)÷4}÷99×100≒3.283％→3.28％。償還差損を期間で按分します。,1:3.05％は償還差損の按分を誤った場合に出やすい値です。プレミアム購入では(100－99)÷4＝0.25を加算し、式どおり3.28％になります。按分年数を確認してください。;2:3.15％は第253問（98円・3年・3.74％）の正答を流用した誤答です。本問は購入価格99円・残存4年で再計算し、3.28％が正しい最終利回りです。数値を流用しないこと。;4:3.47％は第7問（98円・5年・3.47％）の正答を流用した誤答です。本問は99円・残存4年で再計算し、3.28％が正しい利回りです。購入価格・期間を確認してください。,プレミアム購入（99円）では(100－99)がマイナス。第233問（97円・3.87％）と購入価格を取り違えない。
274,single,金融資産運用,FP2級;学科;実践演習;四答択;source:2026-gakka-27-v24,2026-gakka-27,,"下記の〈条件〉で、円貨を米ドルに交換して米ドル建定期預金に10,000米ドルを預け入れ、満期時に元利金の米ドルを円貨に交換して受け取る場合における利回り（単利・年率）は、 （   ）である。なお、税金は考慮しないものとし、計算結果は表示単位の小数点以下第３位を四捨五入するものとする。

〈条件〉
・預入期間：１年
・預金金利：2.50％（年率）
・為替予約なし
・為替レート（米ドル／円）
　預入時…ＴＴＳ：124.50円　ＴＴＢ：123.50円
　満期時…ＴＴＳ：131.00円　ＴＴＢ：130.50円",,,,,,6.91％,7.15％,7.44％,7.81％,3,"正解は3です。預入時10,000×124.50＝124.50万円、満期時10,250×130.50＝133.7625万円。利回り＝9.2625万円÷124.50万円×100≒7.437％→7.44％です。",2026年学科第27問の24問目。為替レートと金利だけ変更した外貨預金の演習です。,124.50万円投下、133.7625万円受取。差額9.2625万÷124.50万×100≒7.44％。買いＴＴＳ・売りＴＴＢです。,1:6.91％は第205問（122.00円・127.50円）の正答を流用した誤答です。本問は124.50円・130.50円で再計算し、7.44％が正しい利回りです。為替レートを確認してください。;2:7.15％は為替差益を過小に見積もった誤答で生じやすい値です。金利2.50％分の米ドル増と為替変動の両方を含め、投下124.50万円で割ります。;4:7.81％は第265問（123.00円・129.75円）の正答を流用した誤答です。本問は124.50円・130.50円で再計算し、7.44％が正しい利回りです。過去の派生正答を流用しないこと。,"外貨預金利回りは各バッチと同型。金利2.50％なら満期は10,250米ドルになる。"
275,single,ライフプランニングと資金計画,FP2級;学科;実践演習;四答択;source:2025-gakka-10-v31,2025-gakka-10,,"下記の〈Ｓ社の貸借対照表〉に基づくＳ社の固定長期適合率は、 （   ）である。なお、固定長期適合率＝（純資産＋固定負債）÷固定資産×100とする。

〈Ｓ社の貸借対照表〉（単位：百万円）
固定資産　4,800
流動資産　2,600
流動負債　　900
固定負債　1,440
純資産　　3,360",,,,,,95％,100％,105％,110％,2,"正解は2です。（3,360＋1,440）百万円÷4,800百万円×100＝100.0％です。",学科第10問をベースに、固定長期適合率を直接計算する第10の演習です。,"（3,360＋1,440）÷4,800×100＝100.0％。純資産と固定負債の合計を固定資産で割ります。","1:95％は第226問（2,660＋950÷3,800）の正答を流用した誤答です。本問は純資産3,360・固定負債1,440・固定資産4,800で再計算し、100.0％が正しい固定長期適合率です。;3:105％は固定資産を小さく取った誤りで生じやすい値です。固定資産4,800百万円を分母に（3,360＋1,440）÷4,800×100＝100.0％が正しい計算になります。;4:110％は第87問（103％）の正答を流用した誤答です。本問は純資産3,360・固定負債1,440で再計算し、100.0％が正しい固定長期適合率です。数値を流用しないこと。",固定長期適合率＝（純資産＋固定負債）÷固定資産×100。第246問（100％）と同率だが数値が異なる。
276,single,ライフプランニングと資金計画,FP2級;学科;実践演習;四答択;source:2025-gakka-10-v32,2025-gakka-10,,"下記の〈Ｔ社の貸借対照表〉に基づくＴ社の自己資本比率は、 （   ）である。なお、自己資本比率＝純資産÷総資産×100とする。

〈Ｔ社の貸借対照表〉（単位：百万円）
総資産　10,800
純資産　3,888",,,,,,32.0％,34.0％,36.0％,38.0％,3,"正解は3です。自己資本比率＝3,888百万円÷10,800百万円×100＝36.0％です。",学科第10問をベースに、自己資本比率を直接計算する第10の演習です。,"3,888÷10,800×100＝36.0％。純資産を総資産で割り、百分率に直します。","1:32.0％は3,456÷10,800など、純資産を誤った場合の値です。純資産は3,888百万円なので、3,888÷10,800×100＝36.0％が正しい計算になります。;2:34.0％は第247問（3,920÷9,800）の正答を流用した誤答です。本問は純資産3,888・総資産10,800で再計算し、36.0％が正しい自己資本比率です。数値を流用しないこと。;4:38.0％は4,104÷10,800など、純資産を大きく取った誤答で生じやすい値です。自己資本比率は純資産3,888百万円÷総資産10,800百万円×100＝36.0％です。第96問（40％）と取り違えないこと。",自己資本比率＝純資産÷総資産×100。第247問（40.0％）と数値を取り違えない。
277,single,タックスプランニング,FP2級;学科;実践演習;四答択;source:2026-gakka-34-v11,2026-gakka-34,,Ｎさんの2025年分の所得税における医療費控除の控除額を計算する場合、総所得金額が580万円、医療費として実際に支払った金額が76万円、その補填として受け取った保険金が8万円であるとき、医療費控除額は、 （   ）である。なお、「特定一般用医薬品等購入費を支払った場合の医療費控除の特例」は考慮しない。,,,,,,33万円,35万円,39万円,43万円,3,"正解は3です。医療費控除額＝支払医療費－保険金等の補填－max(10万円, 総所得金額×5％)です。76万円－8万円－29万円（580万円×5％）＝39万円です。",2026年学科第34問の11問目。医療費控除額を直接計算する演習です。,補填後68万円から、総所得580万円の5％である29万円（10万円超）を差し引き、控除額39万円です。,1:33万円は最低限度額10万円だけを差し引いた誤りです。総所得580万円の場合は5％の29万円が限度となるため、控除額は39万円です。10万円固定ではありません。;2:35万円は第248問（540万・30万円）の正答を流用した誤答です。本問は総所得580万円・支払76万円で再計算し、39万円が正しい控除額です。数値を流用しないこと。;4:43万円は限度額を差し引かない誤答で生じやすい値です。補填後68万円から限度29万円を引き、控除額は39万円です。限度額そのものを控除額と混同しないこと。,"医療費控除＝支払－補填－max(10万, 総所得×5％)。第248問（30万円）と総所得額を取り違えない。"
278,single,タックスプランニング,FP2級;学科;実践演習;四答択;source:2026-gakka-32-v11,2026-gakka-32,,所得税における一時所得に係る総収入金額が410万円で、その収入を得るために支出した金額が100万円である場合、一時所得の金額は（ ① ）、そのうち総所得金額に算入される金額は（ ② ）となる。,,,,,,① 130万円   ②  65万円,① 240万円   ② 120万円,① 260万円   ② 130万円,① 260万円   ② 260万円,2,正解は2です。一時所得の金額＝410万円－100万円－特別控除50万円＝240万円。総所得金額に算入される金額はその2分の1の120万円です。,学科の一時所得をベースに、収入・支出だけ変更した第11の演習です。,一時所得＝410－100－50＝240万円。総所得算入は半額の120万円です。,1:①130万円・②65万円は特別控除50万円を差し引かない誤りです。410－100－50＝240万円が一時所得の金額であり、半額の120万円が総所得への算入額です。支出を忘れないこと。;3:①260万円・②130万円は支出100万円を差し引かない誤りです。一時所得は収入－支出－50万円であり、410－100－50＝240万円、算入は120万円です。特別控除を忘れないこと。;4:①260万円・②260万円は半額算入を誤って全額算入した誤答です。一時所得240万円のうち総所得に算入するのは2分の1の120万円です。全額算入ではありません。,一時所得＝収入－支出－50万円、総所得算入は半額。第249問（178万・89万円）と数値を取り違えない。
279,single,タックスプランニング,FP2級;学科;実践演習;四答択;source:2026-gakka-33-v14,2026-gakka-33,,Ｋさんの2025年分の所得税における不動産所得の金額が102万円、事業所得の金額が▲48万円であるとき、損益通算後の不動産所得の金額は、 （   ）である。なお、ほかの所得はないものとする。,,,,,,48万円,54万円,102万円,150万円,2,正解は2です。事業所得の損失48万円は不動産所得と損益通算できます。102万円－48万円＝54万円が損益通算後の不動産所得の金額です。,2026年学科第33問をベースに、損益通算だけを問う第7の演習です。,事業損失48万円を不動産所得102万円と通算し、54万円です。事業損失は不動産所得と通算可能です。,1:48万円は事業損失の金額そのもので、不動産所得との通算結果ではありません。不動産所得102万円から事業損失48万円を差し引き、54万円が損益通算後の金額です。損失額そのものではありません。;3:102万円は不動産所得のみで、事業損失48万円の損益通算を行っていません。事業所得の損失は不動産所得と通算できるため、102－48＝54万円が正しい金額です。通算を忘れないこと。;4:150万円は102万円＋48万円と足し算した誤答で生じやすい値です。損益通算では損失を差し引くため、102－48＝54万円です。損失を加算しません。,事業所得の損失は不動産所得と損益通算。第239問（33万・▲55万・33万）と数値を取り違えない。
280,single,不動産,FP2級;学科;実践演習;四答択;source:2025-gakka-58-v15,2025-gakka-58,,"Ｕさんが購入を検討している賃貸用マンションの購入価格が7,000万円、年間賃料収入が385万円である場合、当該不動産の表面利回り（年率）は、 （   ）である。なお、表面利回り＝年間賃料収入÷購入価格×100とする。",,,,,,4.5％,5.0％,5.5％,6.0％,3,"正解は3です。表面利回り＝385万円÷7,000万円×100＝5.5％です。",学科の不動産利回りをベースに、表面利回りを直接計算する第4の演習です。,"385÷7,000×100＝5.5％。年間賃料収入を購入価格で割り、百分率に直します。","1:4.5％は購入価格を大きく取った誤答で生じやすい値です。年間賃料収入は385万円なので、385÷7,000×100＝5.5％が正しい表面利回りの計算になります。;2:5.0％は第200問（350万・7,000万）の正答を流用した誤答です。本問は賃料385万円・購入価格7,000万円で再計算し、5.5％が正しい表面利回りです。数値を流用しないこと。;4:6.0％は第200問（342万・5,700万）の正答を流用した誤答です。表面利回りは経費控除前の385万円を分母7,000万円で割り、5.5％が正答です。6.0％は別の購入価格・賃料の組合せです。",表面利回り＝年間賃料÷購入価格×100。第200問（6.0％）と購入価格・賃料を取り違えない。
281,single,金融資産運用,FP2級;学科;実践演習;四答択;source:2026-gakka-26-v36,2026-gakka-26,,"Ｖ社の１株当たり純利益が128円、１株当たり純資産（自己資本）が1,600円である場合、Ｖ社のＲＯＥは、 （   ）である。",,,,,,6％,7％,8％,9％,3,"正解は3です。ROE＝１株当たり純利益÷１株当たり純資産×100です。128円÷1,600円×100＝8％です。",2026年学科第26問のROEをベースに、純利益と純資産だけ変更した第14の演習です。,"ROE＝128÷1,600×100＝8％。分子は純利益、分母は自己資本（純資産）です。","1:6％は128÷2,130×100など、純資産を大きく取った誤計算で生じやすい値です。本問の純資産は1,600円なので、128÷1,600×100＝8％が正しい計算になります。純資産の数値を確認してください。;2:7％は第121問（112円・1,600円）の正答を流用した誤答です。本問は128円・1,600円で再計算し、8％が正しいROEです。過去の派生正答を流用しないこと。;4:9％は第261問（153円・1,700円）の正答を流用した誤答です。純利益128円・純資産1,600円を用いると8％となり、9％にはなりません。純利益の数値を確認してください。",ROE＝純利益÷純資産×100。第261問（9％）と純利益・純資産を取り違えない。
282,single,金融資産運用,FP2級;学科;実践演習;四答択;source:2026-gakka-26-v37,2026-gakka-26,,"Ｗ社の株価が2,970円、１株当たり純資産（自己資本）が660円である場合、Ｗ社のＰＢＲ（株価純資産倍率）は、 （   ）である。",,,,,,3.5倍,4.0倍,4.5倍,5.0倍,3,"正解は3です。PBR＝株価÷１株当たり純資産です。2,970円÷660円＝4.5倍です。",2026年学科第26問のPBRをベースに、株価と純資産だけ変更した第12の演習です。,"PBR＝2,970÷660＝4.5倍。株価を１株当たり純資産で割ります。","1:3.5倍は第242問（3,150円・900円）の正答を流用した誤答です。本問は2,970円・660円で再計算し、4.5倍が正しいPBRです。過去の派生正答を流用しないこと。;2:4.0倍は第262問（3,240円・810円）の正答を流用した誤答です。株価2,970円・純資産660円をそのまま割ると4.5倍であり、4.0倍にはなりません。;4:5.0倍は2,970÷594×100など、純資産を小さく取った誤答で生じやすい値です。PBRの分母は純資産660円であり、2,970÷660＝4.5倍です。純利益は使いません。",PBR＝株価÷BPS。第262問（4.0倍）と株価・純資産を取り違えない。
283,single,金融資産運用,FP2級;学科;実践演習;四答択;source:2025-gakka-28-v26,2025-gakka-28,,"Ｘさんのポートフォリオにおける各資産の構成比および期待収益率が下記のとおりである場合、当該ポートフォリオの期待収益率は、 （   ）である。

預金　22％　期待収益率0.1％
債券　28％　期待収益率2.4％
株式　50％　期待収益率7.2％",,,,,,3.95％,4.15％,4.29％,4.56％,3,正解は3です。0.1％×22％＋2.4％×28％＋7.2％×50％＝0.022％＋0.672％＋3.6％＝4.29％です。,2025年学科第28問の26問目。構成比と収益率を再変更した演習です。,0.1×0.22＋2.4×0.28＋7.2×0.5＝4.29％。各資産の加重平均です。,1:3.95％は構成比を誤った加重平均の結果です。22％・28％・50％で0.1％・2.4％・7.2％を掛け合わせ、合計4.29％になります。構成比を確認してください。;2:4.15％は第272問（4.41％）の正答を流用した誤答です。本問は22・28・50で再計算し、4.29％が正しい期待収益率です。構成比を確認してください。;4:4.56％は第252問（4.56％）の正答を流用した誤答です。本問は22・28・50で再計算し、4.29％が正しい期待収益率です。過去の派生正答を流用しないこと。,ポートフォリオ期待収益率は毎回構成比から計算。第272問（4.41％）と構成比を取り違えない。
284,single,金融資産運用,FP2級;学科;実践演習;四答択;source:2025-gakka-24-v26,2025-gakka-24,,表面利率（クーポンレート）4％、残存期間5年の固定利付債券を額面100円当たり96円で購入した場合の最終利回り（年率・単利）は、 （   ）である。なお、税金等は考慮しないものとし、計算結果は表示単位の小数点以下第３位を四捨五入している。,,,,,,4.50％,4.75％,5.00％,5.25％,3,正解は3です。{4％＋(100円－96円)÷5年}÷96円×100＝{4＋0.8}÷96×100＝5.0％です。,学科の債券最終利回りの27問目。ディスカウント購入・5年残存に変更した演習です。,{4＋(100－96)÷5}÷96×100＝5.0％。償還差益を期間で按分します。,1:4.50％は償還差益の按分を誤った場合に出やすい値です。ディスカウント購入では(100－96)÷5＝0.8を加算し、式どおり5.0％になります。按分年数を確認してください。;2:4.75％は第173問（95円・5年・5.26％）の正答を流用した誤答です。本問は購入価格96円・残存5年で再計算し、5.0％が正しい最終利回りです。数値を流用しないこと。;4:5.25％は第213問（97円・4年・5.26％）の正答を流用した誤答です。本問は96円・残存5年で再計算し、5.0％が正しい利回りです。購入価格・期間を確認してください。,ディスカウント購入（96円）では(100－96)がプラス。第273問（プレミアム3.28％）と購入価格を取り違えない。
285,single,金融資産運用,FP2級;学科;実践演習;四答択;source:2026-gakka-27-v24,2026-gakka-27,,"下記の〈条件〉で、円貨を米ドルに交換して米ドル建定期預金に10,000米ドルを預け入れ、満期時に元利金の米ドルを円貨に交換して受け取る場合における利回り（単利・年率）は、 （   ）である。なお、税金は考慮しないものとし、計算結果は表示単位の小数点以下第３位を四捨五入するものとする。

〈条件〉
・預入期間：１年
・預金金利：2.00％（年率）
・為替予約なし
・為替レート（米ドル／円）
　預入時…ＴＴＳ：125.00円　ＴＴＢ：124.00円
　満期時…ＴＴＳ：132.00円　ＴＴＢ：131.25円",,,,,,6.50％,6.91％,7.10％,7.44％,3,"正解は3です。預入時10,000×125.00＝125.00万円、満期時10,200×131.25＝133.875万円。利回り＝8.875万円÷125.00万円×100＝7.1％です。",2026年学科第27問の24問目。為替レートと金利だけ変更した外貨預金の演習です。,125.00万円投下、133.875万円受取。差額8.875万÷125.00万×100＝7.1％。買いＴＴＳ・売りＴＴＢです。,1:6.50％は為替差益を過小に見積もった誤答で生じやすい値です。金利2.00％分の米ドル増と為替変動の両方を含め、投下125.00万円で割ります。;2:6.91％は第205問（122.00円・127.50円）の正答を流用した誤答です。本問は125.00円・131.25円で再計算し、7.10％が正しい利回りです。為替レートを確認してください。;4:7.44％は第274問（124.50円・130.50円）の正答を流用した誤答です。本問は125.00円・131.25円で再計算し、7.10％が正しい利回りです。過去の派生正答を流用しないこと。,"外貨預金利回りは各バッチと同型。金利2.00％なら満期は10,200米ドルになる。"
286,single,ライフプランニングと資金計画,FP2級;学科;実践演習;四答択;source:2025-gakka-01-v6,2025-gakka-01,,"Ｚさんの可処分所得（年間）の金額は、下記の〈資料〉によれば、 （   ）である。

〈資料〉
給与収入　　：1,145万円
給与所得　　：  820万円
所得税・住民税：  95万円
社会保険料　： 128万円
生命保険料　：  14万円",,,,,,882万円,902万円,922万円,"1,145万円",3,"正解は3です。可処分所得＝給与収入－所得税・住民税－社会保険料です。1,145万円－95万円－128万円＝922万円です。",学科の可処分所得をベースに、収入・控除額だけ変更した第14の演習です。,"1,145－95－128＝922万円。給与所得820万円や生命保険料14万円はこの式に含めません。","1:882万円は生命保険料まで差し引いた値など、家計支出を控除に含めた誤りです。可処分所得は税と社会保険料のみを給与収入から引き、保険料は控除項目ではありません。;2:902万円は第265問（1,118－91－122＝909万円）の正答を流用した誤答です。本問は1,145－95－128で再計算し、922万円が正しい可処分所得です。数値を流用しないこと。;4:1,145万円は給与収入そのもので、税・社会保険料を差し引いていません。所得税・住民税95万円と社会保険料128万円の両方を引く必要があり、922万円が正答です。収入全額ではありません。",可処分所得＝給与収入－所得税・住民税－社会保険料。第265問（909万円）と数値を取り違えない。
287,single,ライフプランニングと資金計画,FP2級;学科;実践演習;四答択;source:2025-gakka-10-v30,2025-gakka-10,,"下記の〈Ｖ社の貸借対照表〉に基づくＶ社の流動比率は、 （   ）である。なお、流動比率＝流動資産÷流動負債×100とする。

〈Ｖ社の貸借対照表〉（単位：百万円）
流動資産　2,680
固定資産　3,720
流動負債　　620
固定負債　1,080
純資産　　4,500",,,,,,400％,425％,432％,450％,3,"正解は3です。流動比率＝2,680百万円÷620百万円×100＝432％です。",学科第10問をベースに、流動比率を直接計算する第10の演習です。,"2,680÷620×100＝432％。流動資産を流動負債で割ります。","1:400％は第236問（2,720÷680）の正答を流用した誤答です。本問は流動資産2,680・流動負債620で再計算し、432％が正しい流動比率です。数値を流用しないこと。;2:425％は2,635÷620など、流動資産を小さく取った誤答です。流動負債620百万円に対する流動資産2,680百万円なので、流動比率は432％です。;4:450％は第267問（2,610÷580）の正答を流用した誤答です。流動資産2,680百万円÷流動負債620百万円×100＝432％が正しい計算になります。第267問と数値を取り違えないこと。",流動比率＝流動資産÷流動負債×100。第267問（450％）と流動資産・負債を取り違えない。
288,single,タックスプランニング,FP2級;学科;実践演習;四答択;source:2026-gakka-33-v15,2026-gakka-33,,Ｌさんの2025年分の所得税における総所得金額は、給与所得の金額が290万円、配当所得の金額が45万円であるとき、 （   ）である。なお、ほかの所得はないものとする。,,,,,,245万円,290万円,335万円,380万円,3,正解は3です。総所得金額は各所得の金額を合計します。290万円＋45万円＝335万円です。,2026年学科第33問をベースに、給与所得と配当所得の単純合計の演習です。,給与所得290万円＋配当所得45万円＝335万円。損益通算が不要な場合は単純合計です。,1:245万円は290万円－45万円など、所得を差し引いた誤りです。配当所得は総所得に加算するため、290＋45＝335万円が総所得金額です。差し引きではありません。;2:290万円は給与所得のみで、配当所得45万円を加算していません。ほかの所得がない場合でも、配当所得を合計し、335万円が総所得金額です。両方足します。;4:380万円は給与収入金額と混同した誤答で生じやすい値です。本問は所得の金額（給与所得290万円）を合計し、335万円になります。収入金額ではありません。,総所得金額は各所得の金額の合計。第268問（320万円）と所得の種類を取り違えない。
289,single,タックスプランニング,FP2級;学科;実践演習;四答択;source:2026-gakka-16-v13,2026-gakka-16,,"給与所得者が31年間勤務した会社を定年退職し、退職金3,200万円の支給を受けた場合、所得税における退職所得の金額の計算上、退職所得控除額は（   ）となる。",,,,,,"800万円＋40万円×(31年－20年)＝1,240万円","800万円＋70万円×(31年－20年)＝1,570万円","40万円×31年＝1,240万円","70万円×31年＝2,170万円",2,"正解は2です。勤続31年（20年超）なので、800万円＋70万円×(31－20)＝800万円＋770万円＝1,570万円です。",学科の退職所得控除の14問目。31年勤続（20年超）に変更した演習です。,"31年は20年超。800万円＋70万円×(31－20)＝1,570万円。40万円×年数の式は使いません。","1:800万円＋40万円×(31－20)は20年超用の70万円式を誤用した選択肢です。31年勤続は20年超なので、800万円＋70万円×11年＝1,570万円の公式を使います。年数で式を選びます。;3:40万円×31年は20年以下用の式を誤用した誤答です。31年勤続は20年超なので、800万円＋70万円×(31－20)＝1,570万円が控除額です。40万円×年数は使いません。;4:70万円×31年は退職所得控除の公式ではありません。20年超は800万円＋70万円×(年－20)であり、31年なら1,570万円になります。70万円×年数ではありません。","退職所得控除は20年以下と20年超で式が異なる。第269問（29年・1,430万）と勤続年数を取り違えない。"
290,single,タックスプランニング,FP2級;学科;実践演習;四答択;source:2026-gakka-34-v12,2026-gakka-34,,Ｍさんが暦年課税により叔父から現金216万円の贈与を受けた場合の贈与税の課税価格は、 （   ）である。,,,,,,86万円,96万円,106万円,216万円,3,正解は3です。暦年課税の課税価格＝贈与財産の価額－基礎控除110万円です。216万円－110万円＝106万円です。,学科の贈与税をベースに、贈与額216万円に変更した課税価格の演習です。,216－110＝106万円。暦年課税では110万円の基礎控除後の金額が課税価格です。,1:86万円は贈与206万円と誤認した場合の課税価格など、別の贈与額の結果です。贈与額216万円から基礎控除110万円を引き、課税価格は106万円になります。贈与額を確認してください。;2:96万円は第277問（207万・97万円）の正答を流用した誤答です。本問は贈与額216万円で再計算し、106万円が正しい課税価格です。数値を流用しないこと。;4:216万円は贈与財産の価額そのもので、基礎控除を差し引いていません。暦年課税では110万円の基礎控除後の106万円が課税価格です。贈与額全額は課税価格ではありません。,暦年課税の課税価格＝贈与額－110万円。第277問（97万円）と贈与額を取り違えない。
291,single,金融資産運用,FP2級;学科;実践演習;四答択;source:2026-gakka-26-v38,2026-gakka-26,,"Ｃ社の株価が2,592円、１株当たり純利益が72円である場合、Ｃ社のＰＥＲ（株価収益率）は、 （   ）である。",,,,,,30倍,32倍,36倍,40倍,3,"正解は3です。PER＝株価÷１株当たり純利益です。2,592円÷72円＝36倍です。",2026年学科第26問をベースに、PERを直接計算する第14の演習です。,"PER＝2,592÷72＝36倍。株価を１株当たり純利益で割ります。","1:30倍は第151問（2,160円・72円）の正答を流用した誤答です。本問は株価2,592円・純利益72円で再計算し、36倍が正しいPERです。株価を確認してください。;2:32倍は第271問（2,688円・84円）の正答を流用した誤答です。株価2,592円・純利益72円をそのまま割ると36倍であり、32倍にはなりません。;4:40倍は2,880÷72×100など、株価を誤認した場合の値です。本問は2,592円・72円で再計算し、36倍が正しいPERです。過去の派生正答を流用しないこと。",PER＝株価÷EPS。第271問（32倍）と株価・純利益の組合せを取り違えない。
292,single,金融資産運用,FP2級;学科;実践演習;四答択;source:2025-gakka-28-v26,2025-gakka-28,,"Ｙさんのポートフォリオにおける各資産の構成比および期待収益率が下記のとおりである場合、当該ポートフォリオの期待収益率は、 （   ）である。

預金　23％　期待収益率0.1％
債券　27％　期待収益率2.55％
株式　50％　期待収益率7.2％",,,,,,3.85％,4.11％,4.29％,4.56％,2,正解は2です。0.1％×23％＋2.55％×27％＋7.2％×50％＝0.023％＋0.6885％＋3.6％＝4.1115％→表示上4.11％です。,2025年学科第28問の26問目。構成比と収益率を再変更した演習です。,0.1×0.23＋2.55×0.27＋7.2×0.5＝4.1115％→4.11％。各資産の加重平均です。,1:3.85％は構成比を誤った加重平均の結果です。23％・27％・50％で0.1％・2.55％・7.2％を掛け合わせ、合計4.11％になります。構成比を確認してください。;3:4.29％は第283問（4.29％）の正答を流用した誤答です。本問は23・27・50で再計算し、4.11％が正しい期待収益率です。構成比を確認してください。;4:4.56％は第252問（4.56％）の正答を流用した誤答です。本問は23・27・50で再計算し、4.11％が正しい期待収益率です。過去の派生正答を流用しないこと。,ポートフォリオ期待収益率は毎回構成比から計算。第283問（4.29％）と構成比を取り違えない。
293,single,金融資産運用,FP2級;学科;実践演習;四答択;source:2025-gakka-24-v26,2025-gakka-24,,表面利率（クーポンレート）3.5％、残存期間4年の固定利付債券を額面100円当たり97.5円で購入した場合の最終利回り（年率・単利）は、 （   ）である。なお、税金等は考慮しないものとし、計算結果は表示単位の小数点以下第３位を四捨五入している。,,,,,,3.95％,4.10％,4.23％,4.38％,3,正解は3です。{3.5％＋(100円－97.5円)÷4年}÷97.5円×100＝{3.5＋0.625}÷97.5×100≒4.230％→小数点以下第3位四捨五入で4.23％です。,学科の債券最終利回りの28問目。プレミアム購入・4年残存に変更した演習です。,{3.5＋(100－97.5)÷4}÷97.5×100≒4.230％→4.23％。償還差損を期間で按分します。,1:3.95％は償還差損の按分を誤った場合に出やすい値です。プレミアム購入では(100－97.5)÷4＝0.625を加算し、式どおり4.23％になります。按分年数を確認してください。;2:4.10％は第273問（99円・3年・3.28％）の正答を流用した誤答です。本問は購入価格97.5円・残存4年で再計算し、4.23％が正しい最終利回りです。数値を流用しないこと。;4:4.38％は第213問（97円・4年・5.26％）の正答を流用した誤答です。本問は97.5円・残存4年・表面利率3.5％で再計算し、4.23％が正しい利回りです。購入価格・期間を確認してください。,プレミアム購入（97.5円）では(100－97.5)がマイナス。第253問（98円・3年）と購入価格・期間を取り違えない。
294,single,金融資産運用,FP2級;学科;実践演習;四答択;source:2026-gakka-27-v24,2026-gakka-27,,"下記の〈条件〉で、円貨を米ドルに交換して米ドル建定期預金に10,000米ドルを預け入れ、満期時に元利金の米ドルを円貨に交換して受け取る場合における利回り（単利・年率）は、 （   ）である。なお、税金は考慮しないものとし、計算結果は表示単位の小数点以下第３位を四捨五入するものとする。

〈条件〉
・預入期間：１年
・預金金利：2.25％（年率）
・為替予約なし
・為替レート（米ドル／円）
　預入時…ＴＴＳ：126.25円　ＴＴＢ：125.25円
　満期時…ＴＴＳ：133.00円　ＴＴＢ：132.00円",,,,,,6.50％,6.70％,6.86％,7.10％,3,"正解は3です。預入時10,000×126.25＝126.25万円、満期時10,225×132.00＝134.97万円。利回り＝8.72万円÷126.25万円×100≒6.858％→6.86％です。",2026年学科第27問の24問目。為替レートと金利だけ変更した外貨預金の演習です。,126.25万円投下、134.97万円受取。差額8.72万÷126.25万×100≒6.86％。買いＴＴＳ・売りＴＴＢです。,1:6.50％は為替差益を過小に見積もった誤答で生じやすい値です。金利2.25％分の米ドル増と為替変動の両方を含め、投下126.25万円で割ります。;2:6.70％は第225問（123.50円・129.00円）の正答を流用した誤答です。本問は126.25円・132.00円で再計算し、6.86％が正しい利回りです。為替レートを確認してください。;4:7.10％は第285問（125.00円・131.25円）の正答を流用した誤答です。本問は126.25円・132.00円で再計算し、6.86％が正しい利回りです。過去の派生正答を流用しないこと。,"外貨預金利回りは各バッチと同型。金利2.25％なら満期は10,225米ドルになる。"
295,single,ライフプランニングと資金計画,FP2級;学科;実践演習;四答択;source:2025-gakka-10-v31,2025-gakka-10,,"下記の〈Ｘ社の貸借対照表〉に基づくＸ社の固定長期適合率は、 （   ）である。なお、固定長期適合率＝（純資産＋固定負債）÷固定資産×100とする。

〈Ｘ社の貸借対照表〉（単位：百万円）
固定資産　4,200
流動資産　2,400
流動負債　　720
固定負債　1,320
純資産　　3,180",,,,,,100％,103％,107％,110％,3,"正解は3です。（3,180＋1,320）百万円÷4,200百万円×100＝107.1％→表示上107％です。",学科第10問をベースに、固定長期適合率を直接計算する第11の演習です。,"（3,180＋1,320）÷4,200×100＝107.1％→107％。純資産と固定負債の合計を固定資産で割ります。","1:100％は第275問（3,360＋1,440÷4,800）の正答を流用した誤答です。本問は純資産3,180・固定負債1,320・固定資産4,200で再計算し、107％が正しい固定長期適合率です。;2:103％は第87問（103％）の正答を流用した誤答です。本問は純資産3,180・固定負債1,320で再計算し、107％が正しい固定長期適合率です。数値を流用しないこと。;4:110％は固定資産を小さく取った誤りで生じやすい値です。固定資産4,200百万円を分母に（3,180＋1,320）÷4,200×100＝107％が正しい計算になります。",固定長期適合率＝（純資産＋固定負債）÷固定資産×100。第275問（100％）と数値を取り違えない。
296,single,ライフプランニングと資金計画,FP2級;学科;実践演習;四答択;source:2025-gakka-10-v32,2025-gakka-10,,"下記の〈Ｙ社の貸借対照表〉に基づくＹ社の自己資本比率は、 （   ）である。なお、自己資本比率＝純資産÷総資産×100とする。

〈Ｙ社の貸借対照表〉（単位：百万円）
総資産　11,200
純資産　4,032",,,,,,32.0％,34.0％,36.0％,38.0％,3,"正解は3です。自己資本比率＝4,032百万円÷11,200百万円×100＝36.0％です。",学科第10問をベースに、自己資本比率を直接計算する第11の演習です。,"4,032÷11,200×100＝36.0％。純資産を総資産で割り、百分率に直します。","1:32.0％は3,584÷11,200など、純資産を誤った場合の値です。純資産は4,032百万円なので、4,032÷11,200×100＝36.0％が正しい計算になります。;2:34.0％は第247問（3,920÷9,800）の正答を流用した誤答です。本問は純資産4,032・総資産11,200で再計算し、36.0％が正しい自己資本比率です。数値を流用しないこと。;4:38.0％は4,256÷11,200など、純資産を大きく取った誤答で生じやすい値です。自己資本比率は純資産4,032百万円÷総資産11,200百万円×100＝36.0％です。第276問（36.0％）と同率だが数値が異なる。",自己資本比率＝純資産÷総資産×100。第276問（36.0％）と総資産・純資産を取り違えない。
297,single,タックスプランニング,FP2級;学科;実践演習;四答択;source:2026-gakka-34-v11,2026-gakka-34,,Ｏさんの2025年分の所得税における医療費控除の控除額を計算する場合、総所得金額が620万円、医療費として実際に支払った金額が84万円、その補填として受け取った保険金が10万円であるとき、医療費控除額は、 （   ）である。なお、「特定一般用医薬品等購入費を支払った場合の医療費控除の特例」は考慮しない。,,,,,,37万円,39万円,43万円,47万円,3,"正解は3です。医療費控除額＝支払医療費－保険金等の補填－max(10万円, 総所得金額×5％)です。84万円－10万円－31万円（620万円×5％）＝43万円です。",2026年学科第34問の11問目。医療費控除額を直接計算する演習です。,補填後74万円から、総所得620万円の5％である31万円（10万円超）を差し引き、控除額43万円です。,1:37万円は最低限度額10万円だけを差し引いた誤りです。総所得620万円の場合は5％の31万円が限度となるため、控除額は43万円です。10万円固定ではありません。;2:39万円は第277問（580万・76万・8万）の正答を流用した誤答です。本問は総所得620万円・支払84万円で再計算し、43万円が正しい控除額です。数値を流用しないこと。;4:47万円は限度額を差し引かない誤答で生じやすい値です。補填後74万円から限度31万円を引き、控除額は43万円です。限度額そのものを控除額と混同しないこと。,"医療費控除＝支払－補填－max(10万, 総所得×5％)。第277問（39万円）と総所得額を取り違えない。"
298,single,タックスプランニング,FP2級;学科;実践演習;四答択;source:2026-gakka-32-v11,2026-gakka-32,,所得税における一時所得に係る総収入金額が395万円で、その収入を得るために支出した金額が105万円である場合、一時所得の金額は（ ① ）、そのうち総所得金額に算入される金額は（ ② ）となる。,,,,,,① 200万円   ② 100万円,① 250万円   ② 125万円,① 260万円   ② 130万円,① 260万円   ② 260万円,2,正解は2です。一時所得の金額＝395万円－105万円－特別控除50万円＝250万円。総所得金額に算入される金額はその2分の1の125万円です。,学科の一時所得をベースに、収入・支出だけ変更した第12の演習です。,一時所得＝395－105－50＝250万円。総所得算入は半額の125万円です。,1:①200万円・②100万円は特別控除50万円を差し引かない誤りです。395－105－50＝250万円が一時所得の金額であり、半額の125万円が総所得への算入額です。支出を忘れないこと。;3:①260万円・②130万円は支出105万円を差し引かない誤りです。一時所得は収入－支出－50万円であり、395－105－50＝250万円、算入は125万円です。特別控除を忘れないこと。;4:①260万円・②260万円は半額算入を誤って全額算入した誤答です。一時所得250万円のうち総所得に算入するのは2分の1の125万円です。全額算入ではありません。,一時所得＝収入－支出－50万円、総所得算入は半額。第278問（240万・120万円）と数値を取り違えない。
299,single,タックスプランニング,FP2級;学科;実践演習;四答択;source:2026-gakka-16-v13,2026-gakka-16,,"給与所得者が28年間勤務した会社を定年退職し、退職金3,120万円の支給を受けた場合、所得税における退職所得の金額の計算上、退職所得控除額は（   ）となる。",,,,,,"800万円＋40万円×(28年－20年)＝1,120万円","800万円＋70万円×(28年－20年)＝1,360万円","40万円×28年＝1,120万円","70万円×28年＝1,960万円",2,"正解は2です。勤続28年（20年超）なので、800万円＋70万円×(28－20)＝800万円＋560万円＝1,360万円です。",学科の退職所得控除の15問目。28年勤続（20年超）に変更した演習です。,"28年は20年超。800万円＋70万円×(28－20)＝1,360万円。40万円×年数の式は使いません。","1:800万円＋40万円×(28－20)は20年超用の70万円式を誤用した選択肢です。28年勤続は20年超なので、800万円＋70万円×8年＝1,360万円の公式を使います。年数で式を選びます。;3:40万円×28年は20年以下用の式を誤用した誤答です。28年勤続は20年超なので、800万円＋70万円×(28－20)＝1,360万円が控除額です。40万円×年数は使いません。;4:70万円×28年は退職所得控除の公式ではありません。20年超は800万円＋70万円×(年－20)であり、28年なら1,360万円になります。70万円×年数ではありません。","退職所得控除は20年以下と20年超で式が異なる。第238問（27年・1,290万）と勤続年数を取り違えない。"
300,single,不動産,FP2級;学科;実践演習;四答択;source:2025-gakka-58-v14,2025-gakka-58,,敷地面積500㎡の土地に、延べ面積275㎡の建築物を建築する場合の容積率は、 （   ）である。なお、容積率＝延べ面積÷敷地面積×100とする。,,,,,,50％,55％,60％,65％,2,正解は2です。容積率＝275㎡÷500㎡×100＝55％です。,学科の建築基準法をベースに、容積率を直接計算する第3の演習です。,275÷500×100＝55％。延べ面積を敷地面積で割り、百分率に直します。,1:50％は250÷500×100など、延べ面積を小さく取った誤答で生じやすい値です。延べ面積は275㎡なので、275÷500×100＝55％が正しい容積率の計算になります。;3:60％は第134問（264㎡・440㎡）の正答を流用した誤答です。本問は延べ面積275㎡・敷地面積500㎡で再計算し、55％が正しい容積率です。数値を流用しないこと。;4:65％は325÷500×100など、延べ面積を大きく取った誤答で生じやすい値です。敷地面積500㎡に対する延べ面積275㎡なので、容積率は55％です。面積を再確認してください。,容積率＝延べ面積÷敷地面積×100。建ぺい率（建築面積÷敷地）と分子が異なる。
301,single,金融資産運用,FP2級;学科;実践演習;四答択;source:2026-gakka-26-v36,2026-gakka-26,,"Ｘ社の１株当たり純利益が119円、１株当たり純資産（自己資本）が1,700円である場合、Ｘ社のＲＯＥは、 （   ）である。",,,,,,5％,6％,7％,8％,3,"正解は3です。ROE＝１株当たり純利益÷１株当たり純資産×100です。119円÷1,700円×100＝7％です。",2026年学科第26問のROEをベースに、純利益と純資産だけ変更した第15の演習です。,"ROE＝119÷1,700×100＝7％。分子は純利益、分母は自己資本（純資産）です。","1:5％は119÷2,380×100など、純資産を大きく取った誤計算で生じやすい値です。本問の純資産は1,700円なので、119÷1,700×100＝7％が正しい計算になります。純資産の数値を確認してください。;2:6％は第121問（96円・1,600円）の正答を流用した誤答です。本問は119円・1,700円で再計算し、7％が正しいROEです。過去の派生正答を流用しないこと。;4:8％は第281問（128円・1,600円）の正答を流用した誤答です。純利益119円・純資産1,700円を用いると7％となり、8％にはなりません。純利益の数値を確認してください。",ROE＝純利益÷純資産×100。第281問（8％）と純利益・純資産を取り違えない。
302,single,金融資産運用,FP2級;学科;実践演習;四答択;source:2026-gakka-26-v37,2026-gakka-26,,"Ｙ社の株価が3,080円、１株当たり純資産（自己資本）が770円である場合、Ｙ社のＰＢＲ（株価純資産倍率）は、 （   ）である。",,,,,,3.5倍,4.0倍,4.5倍,5.0倍,2,"正解は2です。PBR＝株価÷１株当たり純資産です。3,080円÷770円＝4.0倍です。",2026年学科第26問のPBRをベースに、株価と純資産だけ変更した第13の演習です。,"PBR＝3,080÷770＝4.0倍。株価を１株当たり純資産で割ります。","1:3.5倍は第242問（3,150円・900円）の正答を流用した誤答です。本問は3,080円・770円で再計算し、4.0倍が正しいPBRです。過去の派生正答を流用しないこと。;3:4.5倍は第282問（2,970円・660円）の正答を流用した誤答です。株価3,080円・純資産770円をそのまま割ると4.0倍であり、4.5倍にはなりません。;4:5.0倍は3,850÷770×100など、株価を誤認した場合の値です。PBRの分母は純資産770円であり、3,080÷770＝4.0倍です。純利益は使いません。",PBR＝株価÷BPS。第262問（4.0倍）と株価・純資産を取り違えない。
303,single,金融資産運用,FP2級;学科;実践演習;四答択;source:2025-gakka-28-v26,2025-gakka-28,,"Ｚさんのポートフォリオにおける各資産の構成比および期待収益率が下記のとおりである場合、当該ポートフォリオの期待収益率は、 （   ）である。

預金　24％　期待収益率0.1％
債券　26％　期待収益率2.52％
株式　50％　期待収益率7.35％",,,,,,4.65％,4.80％,4.95％,5.10％,3,正解は3です。0.1％×24％＋2.52％×26％＋7.35％×50％＝0.024％＋0.6552％＋3.675％＝4.9542％→表示上4.95％です。,2025年学科第28問の26問目。構成比と収益率を再変更した演習です。,0.1×0.24＋2.52×0.26＋7.35×0.5＝4.9542％→4.95％。各資産の加重平均です。,1:4.65％は構成比を誤った加重平均の結果です。24％・26％・50％で0.1％・2.52％・7.35％を掛け合わせ、合計4.95％になります。構成比を確認してください。;2:4.80％は第263問（4.67％）の正答を流用した誤答です。本問は24・26・50で再計算し、4.95％が正しい期待収益率です。構成比を確認してください。;4:5.10％は第223問（5.10％）の正答を流用した誤答です。本問は24・26・50で再計算し、4.95％が正しい期待収益率です。過去の派生正答を流用しないこと。,ポートフォリオ期待収益率は毎回構成比から計算。第292問（4.11％）と構成比を取り違えない。
304,single,金融資産運用,FP2級;学科;実践演習;四答択;source:2025-gakka-24-v26,2025-gakka-24,,表面利率（クーポンレート）3.5％、残存期間6年の固定利付債券を額面100円当たり95円で購入した場合の最終利回り（年率・単利）は、 （   ）である。なお、税金等は考慮しないものとし、計算結果は表示単位の小数点以下第３位を四捨五入している。,,,,,,4.25％,4.40％,4.56％,4.75％,3,正解は3です。{3.5％＋(100円－95円)÷6年}÷95円×100＝{3.5＋0.833}÷95×100≒4.561％→小数点以下第3位四捨五入で4.56％です。,学科の債券最終利回りの29問目。ディスカウント購入・6年残存に変更した演習です。,{3.5＋(100－95)÷6}÷95×100≒4.561％→4.56％。償還差益を期間で按分します。,1:4.25％は償還差益の按分を誤った場合に出やすい値です。ディスカウント購入では(100－95)÷6＝0.833を加算し、式どおり4.56％になります。按分年数を確認してください。;2:4.40％は第284問（96円・5年・5.00％）の正答を流用した誤答です。本問は購入価格95円・残存6年で再計算し、4.56％が正しい最終利回りです。数値を流用しないこと。;4:4.75％は第173問（95円・5年・5.26％）の正答を流用した誤答です。本問は95円・残存6年・表面利率3.5％で再計算し、4.56％が正しい利回りです。購入価格・期間を確認してください。,ディスカウント購入（95円）では(100－95)がプラス。第293問（97.5円・4.23％）と購入価格を取り違えない。
305,single,金融資産運用,FP2級;学科;実践演習;四答択;source:2026-gakka-27-v24,2026-gakka-27,,"下記の〈条件〉で、円貨を米ドルに交換して米ドル建定期預金に10,000米ドルを預け入れ、満期時に元利金の米ドルを円貨に交換して受け取る場合における利回り（単利・年率）は、 （   ）である。なお、税金は考慮しないものとし、計算結果は表示単位の小数点以下第３位を四捨五入するものとする。

〈条件〉
・預入期間：１年
・預金金利：2.50％（年率）
・為替予約なし
・為替レート（米ドル／円）
　預入時…ＴＴＳ：127.00円　ＴＴＢ：126.00円
　満期時…ＴＴＳ：134.00円　ＴＴＢ：133.50円",,,,,,7.15％,7.44％,7.75％,8.05％,3,"正解は3です。預入時10,000×127.00＝127.00万円、満期時10,250×133.50＝136.8375万円。利回り＝9.8375万円÷127.00万円×100≒7.746％→7.75％です。",2026年学科第27問の24問目。為替レートと金利だけ変更した外貨預金の演習です。,127.00万円投下、136.8375万円受取。差額9.8375万÷127.00万×100≒7.75％。買いＴＴＳ・売りＴＴＢです。,1:7.15％は為替差益を過小に見積もった誤答で生じやすい値です。金利2.50％分の米ドル増と為替変動の両方を含め、投下127.00万円で割ります。;2:7.44％は第274問（124.50円・130.50円）の正答を流用した誤答です。本問は127.00円・133.50円で再計算し、7.75％が正しい利回りです。為替レートを確認してください。;4:8.05％は第265問（123.00円・129.75円）の正答を流用した誤答です。本問は127.00円・133.50円で再計算し、7.75％が正しい利回りです。過去の派生正答を流用しないこと。,"外貨預金利回りは各バッチと同型。金利2.50％なら満期は10,250米ドルになる。"
306,single,ライフプランニングと資金計画,FP2級;学科;実践演習;四答択;source:2025-gakka-01-v6,2025-gakka-01,,"Ａさんの可処分所得（年間）の金額は、下記の〈資料〉によれば、 （   ）である。

〈資料〉
給与収入　　：1,158万円
給与所得　　：  828万円
所得税・住民税：  96万円
社会保険料　： 130万円
生命保険料　：  15万円",,,,,,928万円,948万円,968万円,"1,158万円",3,"正解は3です。可処分所得＝給与収入－所得税・住民税－社会保険料です。1,158万円－96万円－130万円＝968万円です。",学科の可処分所得をベースに、収入・控除額だけ変更した第15の演習です。,"1,158－96－130＝968万円。給与所得828万円や生命保険料15万円はこの式に含めません。","1:928万円は生命保険料まで差し引いた値など、家計支出を控除に含めた誤りです。可処分所得は税と社会保険料のみを給与収入から引き、保険料は控除項目ではありません。;2:948万円は第286問（1,145－95－128＝922万円）の正答を流用した誤答です。本問は1,158－96－130で再計算し、968万円が正しい可処分所得です。数値を流用しないこと。;4:1,158万円は給与収入そのもので、税・社会保険料を差し引いていません。所得税・住民税96万円と社会保険料130万円の両方を引く必要があり、968万円が正答です。収入全額ではありません。",可処分所得＝給与収入－所得税・住民税－社会保険料。第286問（922万円）と数値を取り違えない。
307,single,ライフプランニングと資金計画,FP2級;学科;実践演習;四答択;source:2025-gakka-10-v31,2025-gakka-10,,"下記の〈Ｚ社の貸借対照表〉に基づくＺ社の固定長期適合率は、 （   ）である。なお、固定長期適合率＝（純資産＋固定負債）÷固定資産×100とする。

〈Ｚ社の貸借対照表〉（単位：百万円）
固定資産　4,200
流動資産　2,100
流動負債　　600
固定負債　1,260
純資産　　2,940",,,,,,95％,100％,105％,110％,2,"正解は2です。（2,940＋1,260）百万円÷4,200百万円×100＝100.0％です。",学科第10問をベースに、固定長期適合率を直接計算する第12の演習です。,"（2,940＋1,260）÷4,200×100＝100.0％。純資産と固定負債の合計を固定資産で割ります。","1:95％は第226問（2,660＋950÷3,800）の正答を流用した誤答です。本問は純資産2,940・固定負債1,260・固定資産4,200で再計算し、100.0％が正しい固定長期適合率です。;3:105％は第295問（3,180＋1,320÷4,200）の正答を流用した誤答です。本問は純資産2,940・固定負債1,260で再計算し、100.0％が正しい固定長期適合率です。数値を流用しないこと。;4:110％は固定資産を小さく取った誤りで生じやすい値です。固定資産4,200百万円を分母に（2,940＋1,260）÷4,200×100＝100.0％が正しい計算になります。",固定長期適合率＝（純資産＋固定負債）÷固定資産×100。第295問（107％）と数値を取り違えない。
308,single,タックスプランニング,FP2級;学科;実践演習;四答択;source:2026-gakka-33-v15,2026-gakka-33,,Ｐさんの2025年分の所得税における総所得金額は、給与所得の金額が315万円、譲渡所得の金額が52万円であるとき、 （   ）である。なお、ほかの所得はないものとする。,,,,,,263万円,315万円,367万円,400万円,3,正解は3です。総所得金額は各所得の金額を合計します。315万円＋52万円＝367万円です。,2026年学科第33問をベースに、給与所得と譲渡所得の単純合計の演習です。,給与所得315万円＋譲渡所得52万円＝367万円。損益通算が不要な場合は単純合計です。,1:263万円は315万円－52万円など、所得を差し引いた誤りです。譲渡所得は総所得に加算するため、315＋52＝367万円が総所得金額です。差し引きではありません。;2:315万円は給与所得のみで、譲渡所得52万円を加算していません。ほかの所得がない場合でも、譲渡所得を合計し、367万円が総所得金額です。両方足します。;4:400万円は給与収入金額と混同した誤答で生じやすい値です。本問は所得の金額（給与所得315万円）を合計し、367万円になります。収入金額ではありません。,総所得金額は各所得の金額の合計。第268問（320万円）と所得の種類を取り違えない。
309,single,タックスプランニング,FP2級;学科;実践演習;四答択;source:2026-gakka-34-v12,2026-gakka-34,,Ｑさんが暦年課税により叔母から現金219万円の贈与を受けた場合の贈与税の課税価格は、 （   ）である。,,,,,,89万円,99万円,109万円,219万円,3,正解は3です。暦年課税の課税価格＝贈与財産の価額－基礎控除110万円です。219万円－110万円＝109万円です。,学科の贈与税をベースに、贈与額219万円に変更した課税価格の演習です。,219－110＝109万円。暦年課税では110万円の基礎控除後の金額が課税価格です。,1:89万円は贈与209万円と誤認した場合の課税価格など、別の贈与額の結果です。贈与額219万円から基礎控除110万円を引き、課税価格は109万円になります。贈与額を確認してください。;2:99万円は第290問（216万・106万円）の正答を流用した誤答です。本問は贈与額219万円で再計算し、109万円が正しい課税価格です。数値を流用しないこと。;4:219万円は贈与財産の価額そのもので、基礎控除を差し引いていません。暦年課税では110万円の基礎控除後の109万円が課税価格です。贈与額全額は課税価格ではありません。,暦年課税の課税価格＝贈与額－110万円。第290問（106万円）と贈与額を取り違えない。
310,single,相続・事業承継,FP2級;学科;実践演習;四答択;source:2026-gakka-58-v16,2026-gakka-58,,"借地権（定期借地権等を除く）の目的となっている宅地の相続税評価額は、その自用地としての価額が9,800万円、借地権割合が74％である場合、原則として、 （   ）となる。",,,,,,"1,960万円","2,450万円","2,548万円","9,800万円",3,"正解は3です。貸宅地の評価額は、自用地価額×(1－借地権割合)です。9,800万円×26％＝2,548万円です。",学科の貸宅地評価をベースに、自用地価額と借地権割合だけ変更した第5の演習です。,"9,800万円×(1－74％)＝2,548万円。借地権割合だけを控除し、借家権は使いません。","1:1,960万円は9,800万円×20％など、控除後の割合を誤った場合の値です。借地権割合74％なら残りは26％であり、9,800×0.26＝2,548万円が正しい評価額です。;2:2,450万円は第89問（9,500万・72％・2,660万円）の正答を流用した誤答です。本問は9,800万円・74％で再計算し、2,548万円が評価額になります。割合を確認してください。;4:9,800万円は自用地のままの評価額で、借地権の目的地としての減額を反映していません。借地権割合74％を控除し、2,548万円が貸宅地の評価額です。第89問（2,660万円）と数値を取り違えないこと。",貸宅地＝自用地×(1－借地権割合)。貸家建付地の3割合公式と混同しないこと。
311,single,金融資産運用,FP2級;学科;実践演習;四答択;source:2026-gakka-26-v38,2026-gakka-26,,"Ｄ社の株価が2,520円、１株当たり純利益が72円である場合、Ｄ社のＰＥＲ（株価収益率）は、 （   ）である。",,,,,,30倍,32倍,35倍,38倍,3,"正解は3です。PER＝株価÷１株当たり純利益です。2,520円÷72円＝35倍です。",2026年学科第26問をベースに、PERを直接計算する第15の演習です。,"PER＝2,520÷72＝35倍。株価を１株当たり純利益で割ります。","1:30倍は第151問（2,160円・72円）の正答を流用した誤答です。本問は株価2,520円・純利益72円で再計算し、35倍が正しいPERです。株価を確認してください。;2:32倍は第271問（2,688円・84円）の正答を流用した誤答です。株価2,520円・純利益72円をそのまま割ると35倍であり、32倍にはなりません。;4:38倍は2,736÷72など、株価を誤認した場合の値です。本問は2,520円・72円で再計算し、35倍が正しいPERです。過去の派生正答を流用しないこと。",PER＝株価÷EPS。第291問（36倍）と株価・純利益の組合せを取り違えない。
312,single,金融資産運用,FP2級;学科;実践演習;四答択;source:2025-gakka-28-v26,2025-gakka-28,,"Ｂさんのポートフォリオにおける各資産の構成比および期待収益率が下記のとおりである場合、当該ポートフォリオの期待収益率は、 （   ）である。

預金　25％　期待収益率0.1％
債券　25％　期待収益率2.58％
株式　50％　期待収益率7.25％",,,,,,3.85％,4.05％,4.25％,4.56％,2,正解は2です。0.1％×25％＋2.58％×25％＋7.25％×50％＝0.025％＋0.645％＋3.625％＝4.105％→表示上4.05％です。,2025年学科第28問の26問目。構成比と収益率を再変更した演習です。,0.1×0.25＋2.58×0.25＋7.25×0.5＝4.105％→4.05％。各資産の加重平均です。,1:3.85％は構成比を誤った加重平均の結果です。25％・25％・50％で0.1％・2.58％・7.25％を掛け合わせ、合計4.05％になります。構成比を確認してください。;3:4.25％は第303問（4.95％）の正答を流用した誤答です。本問は25・25・50で再計算し、4.05％が正しい期待収益率です。構成比を確認してください。;4:4.56％は第252問（4.56％）の正答を流用した誤答です。本問は25・25・50で再計算し、4.05％が正しい期待収益率です。過去の派生正答を流用しないこと。,ポートフォリオ期待収益率は毎回構成比から計算。第303問（4.95％）と構成比を取り違えない。
313,single,金融資産運用,FP2級;学科;実践演習;四答択;source:2025-gakka-24-v26,2025-gakka-24,,表面利率（クーポンレート）4％、残存期間4年の固定利付債券を額面100円当たり94円で購入した場合の最終利回り（年率・単利）は、 （   ）である。なお、税金等は考慮しないものとし、計算結果は表示単位の小数点以下第３位を四捨五入している。,,,,,,5.50％,5.70％,5.85％,6.10％,3,正解は3です。{4％＋(100円－94円)÷4年}÷94円×100＝{4＋1.5}÷94×100≒5.852％→小数点以下第3位四捨五入で5.85％です。,学科の債券最終利回りの30問目。ディスカウント購入・4年残存に変更した演習です。,{4＋(100－94)÷4}÷94×100≒5.852％→5.85％。償還差益を期間で按分します。,1:5.50％は償還差益の按分を誤った場合に出やすい値です。ディスカウント購入では(100－94)÷4＝1.5を加算し、式どおり5.85％になります。按分年数を確認してください。;2:5.70％は第213問（97円・4年・5.26％）の正答を流用した誤答です。本問は購入価格94円・残存4年で再計算し、5.85％が正しい最終利回りです。数値を流用しないこと。;4:6.10％は第173問（95円・5年・5.26％）の正答を流用した誤答です。本問は94円・残存4年で再計算し、5.85％が正しい利回りです。購入価格・期間を確認してください。,ディスカウント購入（94円）では(100－94)がプラス。第304問（95円・6年・4.56％）と購入価格を取り違えない。
314,single,金融資産運用,FP2級;学科;実践演習;四答択;source:2026-gakka-27-v24,2026-gakka-27,,"下記の〈条件〉で、円貨を米ドルに交換して米ドル建定期預金に10,000米ドルを預け入れ、満期時に元利金の米ドルを円貨に交換して受け取る場合における利回り（単利・年率）は、 （   ）である。なお、税金は考慮しないものとし、計算結果は表示単位の小数点以下第３位を四捨五入するものとする。

〈条件〉
・預入期間：１年
・預金金利：2.75％（年率）
・為替予約なし
・為替レート（米ドル／円）
　預入時…ＴＴＳ：128.50円　ＴＴＢ：127.50円
　満期時…ＴＴＳ：135.50円　ＴＴＢ：135.00円",,,,,,7.55％,7.75％,7.93％,8.15％,3,"正解は3です。預入時10,000×128.50＝128.50万円、満期時10,275×135.00＝138.7125万円。利回り＝10.2125万円÷128.50万円×100≒7.929％→7.93％です。",2026年学科第27問の24問目。為替レートと金利だけ変更した外貨預金の演習です。,128.50万円投下、138.7125万円受取。差額10.2125万÷128.50万×100≒7.93％。買いＴＴＳ・売りＴＴＢです。,1:7.55％は為替差益を過小に見積もった誤答で生じやすい値です。金利2.75％分の米ドル増と為替変動の両方を含め、投下128.50万円で割ります。;2:7.75％は第305問（127.00円・133.50円）の正答を流用した誤答です。本問は128.50円・135.00円で再計算し、7.93％が正しい利回りです。為替レートを確認してください。;4:8.15％は第265問（123.00円・129.75円）の正答を流用した誤答です。本問は128.50円・135.00円で再計算し、7.93％が正しい利回りです。過去の派生正答を流用しないこと。,"外貨預金利回りは各バッチと同型。金利2.75％なら満期は10,275米ドルになる。"
315,single,ライフプランニングと資金計画,FP2級;学科;実践演習;四答択;source:2025-gakka-10-v30,2025-gakka-10,,"下記の〈Ｓ社の貸借対照表〉に基づくＳ社の流動比率は、 （   ）である。なお、流動比率＝流動資産÷流動負債×100とする。

〈Ｓ社の貸借対照表〉（単位：百万円）
流動資産　2,750
固定資産　3,850
流動負債　　640
固定負債　1,110
純資産　　4,550",,,,,,400％,415％,428％,450％,3,"正解は3です。流動比率＝2,750百万円÷640百万円×100＝428％です。",学科第10問をベースに、流動比率を直接計算する第11の演習です。,"2,750÷640×100＝428％。流動資産を流動負債で割ります。","1:400％は第236問（2,720÷680）の正答を流用した誤答です。本問は流動資産2,750・流動負債640で再計算し、428％が正しい流動比率です。数値を流用しないこと。;2:415％は2,656÷640など、流動資産を小さく取った誤答です。流動負債640百万円に対する流動資産2,750百万円なので、流動比率は428％です。;4:450％は第267問（2,610÷580）の正答を流用した誤答です。流動資産2,750百万円÷流動負債640百万円×100＝428％が正しい計算になります。第287問（432％）と取り違えないこと。",流動比率＝流動資産÷流動負債×100。第287問（432％）と流動資産・負債を取り違えない。
316,single,ライフプランニングと資金計画,FP2級;学科;実践演習;四答択;source:2025-gakka-10-v32,2025-gakka-10,,"下記の〈Ｔ社の貸借対照表〉に基づくＴ社の自己資本比率は、 （   ）である。なお、自己資本比率＝純資産÷総資産×100とする。

〈Ｔ社の貸借対照表〉（単位：百万円）
総資産　11,850
純資産　4,347",,,,,,34.0％,35.5％,36.7％,38.0％,3,"正解は3です。自己資本比率＝4,347百万円÷11,850百万円×100＝36.7％です。",学科第10問をベースに、自己資本比率を直接計算する第12の演習です。,"4,347÷11,850×100＝36.7％。純資産を総資産で割り、百分率に直します。","1:34.0％は3,969÷11,850など、純資産を誤った場合の値です。純資産は4,347百万円なので、4,347÷11,850×100＝36.7％が正しい計算になります。;2:35.5％は第296問（4,032÷11,200）の正答を流用した誤答です。本問は純資産4,347・総資産11,850で再計算し、36.7％が正しい自己資本比率です。数値を流用しないこと。;4:38.0％は4,503÷11,850など、純資産を大きく取った誤答で生じやすい値です。自己資本比率は純資産4,347百万円÷総資産11,850百万円×100＝36.7％です。第296問（36.0％）と取り違えないこと。",自己資本比率＝純資産÷総資産×100。第296問（36.0％）と総資産・純資産を取り違えない。
317,single,タックスプランニング,FP2級;学科;実践演習;四答択;source:2026-gakka-34-v11,2026-gakka-34,,Ｒさんの2025年分の所得税における医療費控除の控除額を計算する場合、総所得金額が600万円、医療費として実際に支払った金額が80万円、その補填として受け取った保険金が8万円であるとき、医療費控除額は、 （   ）である。なお、「特定一般用医薬品等購入費を支払った場合の医療費控除の特例」は考慮しない。,,,,,,37万円,39万円,42万円,46万円,3,"正解は3です。医療費控除額＝支払医療費－保険金等の補填－max(10万円, 総所得金額×5％)です。80万円－8万円－30万円（600万円×5％）＝42万円です。",2026年学科第34問の11問目。医療費控除額を直接計算する演習です。,補填後72万円から、総所得600万円の5％である30万円（10万円超）を差し引き、控除額42万円です。,1:37万円は最低限度額10万円だけを差し引いた誤りです。総所得600万円の場合は5％の30万円が限度となるため、控除額は42万円です。10万円固定ではありません。;2:39万円は第277問（580万・76万・8万）の正答を流用した誤答です。本問は総所得600万円・支払80万円で再計算し、42万円が正しい控除額です。数値を流用しないこと。;4:46万円は限度額を差し引かない誤答で生じやすい値です。補填後72万円から限度30万円を引き、控除額は42万円です。限度額そのものを控除額と混同しないこと。,"医療費控除＝支払－補填－max(10万, 総所得×5％)。第297問（43万円）と総所得額を取り違えない。"
318,single,タックスプランニング,FP2級;学科;実践演習;四答択;source:2026-gakka-32-v11,2026-gakka-32,,所得税における一時所得に係る総収入金額が420万円で、その収入を得るために支出した金額が110万円である場合、一時所得の金額は（ ① ）、そのうち総所得金額に算入される金額は（ ② ）となる。,,,,,,① 210万円   ② 105万円,① 260万円   ② 130万円,① 270万円   ② 135万円,① 270万円   ② 270万円,2,正解は2です。一時所得の金額＝420万円－110万円－特別控除50万円＝260万円。総所得金額に算入される金額はその2分の1の130万円です。,学科の一時所得をベースに、収入・支出だけ変更した第13の演習です。,一時所得＝420－110－50＝260万円。総所得算入は半額の130万円です。,1:①210万円・②105万円は特別控除50万円を差し引かない誤りです。420－110－50＝260万円が一時所得の金額であり、半額の130万円が総所得への算入額です。支出を忘れないこと。;3:①270万円・②135万円は支出110万円を差し引かない誤りです。一時所得は収入－支出－50万円であり、420－110－50＝260万円、算入は130万円です。特別控除を忘れないこと。;4:①270万円・②270万円は半額算入を誤って全額算入した誤答です。一時所得260万円のうち総所得に算入するのは2分の1の130万円です。全額算入ではありません。,一時所得＝収入－支出－50万円、総所得算入は半額。第298問（250万・125万円）と数値を取り違えない。
319,single,タックスプランニング,FP2級;学科;実践演習;四答択;source:2026-gakka-33-v14,2026-gakka-33,,Ｓさんの2025年分の所得税における不動産所得の金額が108万円、事業所得の金額が▲52万円であるとき、損益通算後の不動産所得の金額は、 （   ）である。なお、ほかの所得はないものとする。,,,,,,52万円,56万円,108万円,160万円,2,正解は2です。事業所得の損失52万円は不動産所得と損益通算できます。108万円－52万円＝56万円が損益通算後の不動産所得の金額です。,2026年学科第33問をベースに、損益通算だけを問う第8の演習です。,事業損失52万円を不動産所得108万円と通算し、56万円です。事業損失は不動産所得と通算可能です。,1:52万円は事業損失の金額そのもので、不動産所得との通算結果ではありません。不動産所得108万円から事業損失52万円を差し引き、56万円が損益通算後の金額です。損失額そのものではありません。;3:108万円は不動産所得のみで、事業損失52万円の損益通算を行っていません。事業所得の損失は不動産所得と通算できるため、108－52＝56万円が正しい金額です。通算を忘れないこと。;4:160万円は108万円＋52万円と足し算した誤答で生じやすい値です。損益通算では損失を差し引くため、108－52＝56万円です。損失を加算しません。,事業所得の損失は不動産所得と損益通算。第279問（54万・▲48万・54万）と数値を取り違えない。
320,single,相続・事業承継,FP2級;学科;実践演習;四答択;source:2026-gakka-58-v16,2026-gakka-58,,"貸家建付地の相続税評価額は、その自用地としての価額が1億1,000万円、借地権割合が57％、借家権割合が25％、賃貸割合が100％である場合、 （   ）となる。",,,,,,"8,425万円","9,050万円","9,423万円","1億1,000万円",3,"正解は3です。1億1,000万円×(1－57％×25％×100％)＝1億1,000万円×85.75％＝9,422.5万円→表示上9,423万円です。",学科の貸家建付地の12問目。借地権・借家権割合だけ変更した演習です。,"1億1,000万円×(1－0.57×0.25×1)＝9,422.5万円→9,423万円。3つの割合を掛けて控除率14.25％です。","1:8,425万円は借地権割合だけを控除した誤りで生じやすい値です。貸家建付地では借家権割合と賃貸割合も掛け合わせ、0.57×0.25×1＝14.25％を控除します。3つ掛け算です。;2:9,050万円は第270問（1億500万・56％・26％）の正答を流用した誤答です。本問は1億1,000万円・57％・25％で再計算し、9,423万円が評価額になります。割合を確認してください。;4:1億1,000万円は自用地のままの評価額で、貸家建付地としての減額を反映していません。借地権57％・借家権25％を掛け合わせ控除し、9,423万円が正しい評価額です。自用地価額のままではありません。","貸家建付地＝自用地×(1－借地権×借家権×賃貸割合)。第270問（8,971万円）と割合を取り違えない。"
321,single,金融資産運用,FP2級;学科;実践演習;四答択;source:2026-gakka-26-v36,2026-gakka-26,,"Ｚ社の１株当たり純利益が145円、１株当たり純資産（自己資本）が1,450円である場合、Ｚ社のＲＯＥは、 （   ）である。",,,,,,8％,9％,10％,11％,3,"正解は3です。ROE＝１株当たり純利益÷１株当たり純資産×100です。145円÷1,450円×100＝10％です。",2026年学科第26問のROEをベースに、純利益と純資産だけ変更した第16の演習です。,"ROE＝145÷1,450×100＝10％。分子は純利益、分母は自己資本（純資産）です。","1:8％は第141問（132円・1,650円）の正答を流用した誤答です。本問は145円・1,450円で再計算し、10％が正しいROEです。過去の派生正答を流用しないこと。;2:9％は第261問（153円・1,700円）の正答を流用した誤答です。純利益145円・純資産1,450円を用いると10％となり、9％にはなりません。純利益の数値を確認してください。;4:11％は159.5÷1,450×100など、純利益を誤認した場合の値です。本問の純資産は1,450円なので、145÷1,450×100＝10％が正しい計算になります。純資産の数値を確認してください。",ROE＝純利益÷純資産×100。第301問（7％）と純利益・純資産を取り違えない。
322,single,金融資産運用,FP2級;学科;実践演習;四答択;source:2026-gakka-26-v37,2026-gakka-26,,"Ａ社の株価が3,360円、１株当たり純資産（自己資本）が840円である場合、Ａ社のＰＢＲ（株価純資産倍率）は、 （   ）である。",,,,,,3.5倍,4.0倍,4.5倍,5.0倍,2,"正解は2です。PBR＝株価÷１株当たり純資産です。3,360円÷840円＝4.0倍です。",2026年学科第26問のPBRをベースに、株価と純資産だけ変更した第14の演習です。,"PBR＝3,360÷840＝4.0倍。株価を１株当たり純資産で割ります。","1:3.5倍は第242問（3,150円・900円）の正答を流用した誤答です。本問は3,360円・840円で再計算し、4.0倍が正しいPBRです。過去の派生正答を流用しないこと。;3:4.5倍は第282問（2,970円・660円）の正答を流用した誤答です。株価3,360円・純資産840円をそのまま割ると4.0倍であり、4.5倍にはなりません。;4:5.0倍は4,200÷840×100など、株価を誤認した場合の値です。PBRの分母は純資産840円であり、3,360÷840＝4.0倍です。純利益は使いません。",PBR＝株価÷BPS。第302問（4.0倍）と株価・純資産を取り違えない。
323,single,金融資産運用,FP2級;学科;実践演習;四答択;source:2025-gakka-28-v26,2025-gakka-28,,"Ｃさんのポートフォリオにおける各資産の構成比および期待収益率が下記のとおりである場合、当該ポートフォリオの期待収益率は、 （   ）である。

預金　20％　期待収益率0.1％
債券　30％　期待収益率2.6％
株式　50％　期待収益率7.4％",,,,,,4.25％,4.50％,4.72％,4.95％,2,正解は2です。0.1％×20％＋2.6％×30％＋7.4％×50％＝0.02％＋0.78％＋3.7％＝4.5％です。,2025年学科第28問の26問目。構成比と収益率を再変更した演習です。,0.1×0.2＋2.6×0.3＋7.4×0.5＝4.5％。各資産の加重平均です。,1:4.25％は構成比を誤った加重平均の結果です。20％・30％・50％で0.1％・2.6％・7.4％を掛け合わせ、合計4.50％になります。構成比を確認してください。;3:4.72％は第263問（4.67％）の正答を流用した誤答です。本問は20・30・50で再計算し、4.50％が正しい期待収益率です。構成比を確認してください。;4:4.95％は第303問（4.95％）の正答を流用した誤答です。本問は20・30・50で再計算し、4.50％が正しい期待収益率です。過去の派生正答を流用しないこと。,ポートフォリオ期待収益率は毎回構成比から計算。第312問（4.05％）と構成比を取り違えない。
324,single,金融資産運用,FP2級;学科;実践演習;四答択;source:2025-gakka-24-v26,2025-gakka-24,,表面利率（クーポンレート）3％、残存期間2年の固定利付債券を額面100円当たり99.5円で購入した場合の最終利回り（年率・単利）は、 （   ）である。なお、税金等は考慮しないものとし、計算結果は表示単位の小数点以下第３位を四捨五入している。,,,,,,3.15％,3.28％,3.40％,3.55％,2,正解は2です。{3％＋(100円－99.5円)÷2年}÷99.5円×100＝{3＋0.25}÷99.5×100≒3.282％→小数点以下第3位四捨五入で3.28％です。,学科の債券最終利回りの31問目。プレミアム購入・2年残存に変更した演習です。,{3＋(100－99.5)÷2}÷99.5×100≒3.282％→3.28％。償還差損を期間で按分します。,1:3.15％は償還差損の按分を誤った場合に出やすい値です。プレミアム購入では(100－99.5)÷2＝0.25を加算し、式どおり3.28％になります。按分年数を確認してください。;3:3.40％は第273問（99円・4年・3.28％）の正答を流用した誤答です。本問は購入価格99.5円・残存2年で再計算し、3.28％が正しい最終利回りです。数値を流用しないこと。;4:3.55％は第253問（98円・3年・3.74％）の正答を流用した誤答です。本問は99.5円・残存2年で再計算し、3.28％が正しい利回りです。購入価格・期間を確認してください。,プレミアム購入（99.5円）では(100－99.5)がマイナス。第293問（97.5円・4.23％）と購入価格を取り違えない。
325,single,金融資産運用,FP2級;学科;実践演習;四答択;source:2026-gakka-27-v24,2026-gakka-27,,"下記の〈条件〉で、円貨を米ドルに交換して米ドル建定期預金に10,000米ドルを預け入れ、満期時に元利金の米ドルを円貨に交換して受け取る場合における利回り（単利・年率）は、 （   ）である。なお、税金は考慮しないものとし、計算結果は表示単位の小数点以下第３位を四捨五入するものとする。

〈条件〉
・預入期間：１年
・預金金利：2.00％（年率）
・為替予約なし
・為替レート（米ドル／円）
　預入時…ＴＴＳ：129.25円　ＴＴＢ：128.25円
　満期時…ＴＴＳ：136.00円　ＴＴＢ：135.50円",,,,,,6.70％,6.91％,7.15％,7.44％,3,"正解は3です。預入時10,000×129.25＝129.25万円、満期時10,200×135.50＝138.51万円。利回り＝9.26万円÷129.25万円×100≒7.149％→7.15％です。",2026年学科第27問の24問目。為替レートと金利だけ変更した外貨預金の演習です。,129.25万円投下、138.51万円受取。差額9.26万÷129.25万×100≒7.15％。買いＴＴＳ・売りＴＴＢです。,1:6.70％は為替差益を過小に見積もった誤答で生じやすい値です。金利2.00％分の米ドル増と為替変動の両方を含め、投下129.25万円で割ります。;2:6.91％は第205問（122.00円・127.50円）の正答を流用した誤答です。本問は129.25円・135.50円で再計算し、7.15％が正しい利回りです。為替レートを確認してください。;4:7.44％は第274問（124.50円・130.50円）の正答を流用した誤答です。本問は129.25円・135.50円で再計算し、7.15％が正しい利回りです。過去の派生正答を流用しないこと。,"外貨預金利回りは各バッチと同型。金利2.00％なら満期は10,200米ドルになる。"
326,single,ライフプランニングと資金計画,FP2級;学科;実践演習;四答択;source:2025-gakka-01-v6,2025-gakka-01,,"Ｄさんの可処分所得（年間）の金額は、下記の〈資料〉によれば、 （   ）である。

〈資料〉
給与収入　　：1,172万円
給与所得　　：  838万円
所得税・住民税：  98万円
社会保険料　： 132万円
生命保険料　：  16万円",,,,,,938万円,958万円,978万円,"1,172万円",3,"正解は3です。可処分所得＝給与収入－所得税・住民税－社会保険料です。1,172万円－98万円－132万円＝978万円です。",学科の可処分所得をベースに、収入・控除額だけ変更した第16の演習です。,"1,172－98－132＝978万円。給与所得838万円や生命保険料16万円はこの式に含めません。","1:938万円は生命保険料まで差し引いた値など、家計支出を控除に含めた誤りです。可処分所得は税と社会保険料のみを給与収入から引き、保険料は控除項目ではありません。;2:958万円は第306問（1,158－96－130＝968万円）の正答を流用した誤答です。本問は1,172－98－132で再計算し、978万円が正しい可処分所得です。数値を流用しないこと。;4:1,172万円は給与収入そのもので、税・社会保険料を差し引いていません。所得税・住民税98万円と社会保険料132万円の両方を引く必要があり、978万円が正答です。収入全額ではありません。",可処分所得＝給与収入－所得税・住民税－社会保険料。第306問（968万円）と数値を取り違えない。
327,single,ライフプランニングと資金計画,FP2級;学科;実践演習;四答択;source:2025-gakka-10-v31,2025-gakka-10,,"下記の〈Ｕ社の貸借対照表〉に基づくＵ社の固定長期適合率は、 （   ）である。なお、固定長期適合率＝（純資産＋固定負債）÷固定資産×100とする。

〈Ｕ社の貸借対照表〉（単位：百万円）
固定資産　4,500
流動資産　2,300
流動負債　　750
固定負債　1,380
純資産　　3,270",,,,,,95％,100％,103％,107％,3,"正解は3です。（3,270＋1,380）百万円÷4,500百万円×100＝103.3％→表示上103％です。",学科第10問をベースに、固定長期適合率を直接計算する第13の演習です。,"（3,270＋1,380）÷4,500×100＝103.3％→103％。純資産と固定負債の合計を固定資産で割ります。","1:95％は第226問（2,660＋950÷3,800）の正答を流用した誤答です。本問は純資産3,270・固定負債1,380・固定資産4,500で再計算し、103％が正しい固定長期適合率です。;2:100％は第307問（2,940＋1,260÷4,200）の正答を流用した誤答です。本問は純資産3,270・固定負債1,380で再計算し、103％が正しい固定長期適合率です。数値を流用しないこと。;4:107％は第295問（3,180＋1,320÷4,200）の正答を流用した誤答です。固定資産4,500百万円を分母に（3,270＋1,380）÷4,500×100＝103％が正しい計算になります。",固定長期適合率＝（純資産＋固定負債）÷固定資産×100。第295問（107％）と数値を取り違えない。
328,single,タックスプランニング,FP2級;学科;実践演習;四答択;source:2026-gakka-33-v15,2026-gakka-33,,Ｔさんの2025年分の所得税における総所得金額は、給与所得の金額が302万円、配当所得の金額が48万円であるとき、 （   ）である。なお、ほかの所得はないものとする。,,,,,,254万円,302万円,350万円,380万円,3,正解は3です。総所得金額は各所得の金額を合計します。302万円＋48万円＝350万円です。,2026年学科第33問をベースに、給与所得と配当所得の単純合計の演習です。,給与所得302万円＋配当所得48万円＝350万円。損益通算が不要な場合は単純合計です。,1:254万円は302万円－48万円など、所得を差し引いた誤りです。配当所得は総所得に加算するため、302＋48＝350万円が総所得金額です。差し引きではありません。;2:302万円は給与所得のみで、配当所得48万円を加算していません。ほかの所得がない場合でも、配当所得を合計し、350万円が総所得金額です。両方足します。;4:380万円は給与収入金額と混同した誤答で生じやすい値です。本問は所得の金額（給与所得302万円）を合計し、350万円になります。収入金額ではありません。,総所得金額は各所得の金額の合計。第288問（335万円）と所得の種類を取り違えない。
329,single,タックスプランニング,FP2級;学科;実践演習;四答択;source:2026-gakka-16-v13,2026-gakka-16,,"給与所得者が32年間勤務した会社を定年退職し、退職金3,300万円の支給を受けた場合、所得税における退職所得の金額の計算上、退職所得控除額は（   ）となる。",,,,,,"800万円＋40万円×(32年－20年)＝1,280万円","800万円＋70万円×(32年－20年)＝1,640万円","40万円×32年＝1,280万円","70万円×32年＝2,240万円",2,"正解は2です。勤続32年（20年超）なので、800万円＋70万円×(32－20)＝800万円＋840万円＝1,640万円です。",学科の退職所得控除の16問目。32年勤続（20年超）に変更した演習です。,"32年は20年超。800万円＋70万円×(32－20)＝1,640万円。40万円×年数の式は使いません。","1:800万円＋40万円×(32－20)は20年超用の70万円式を誤用した選択肢です。32年勤続は20年超なので、800万円＋70万円×12年＝1,640万円の公式を使います。年数で式を選びます。;3:40万円×32年は20年以下用の式を誤用した誤答です。32年勤続は20年超なので、800万円＋70万円×(32－20)＝1,640万円が控除額です。40万円×年数は使いません。;4:70万円×32年は退職所得控除の公式ではありません。20年超は800万円＋70万円×(年－20)であり、32年なら1,640万円になります。70万円×年数ではありません。","退職所得控除は20年以下と20年超で式が異なる。第289問（31年・1,570万）と勤続年数を取り違えない。"
330,single,不動産,FP2級;学科;実践演習;四答択;source:2025-gakka-58-v15,2025-gakka-58,,"Ｖさんが購入を検討している賃貸用マンションの購入価格が7,200万円、年間賃料収入が396万円である場合、当該不動産の表面利回り（年率）は、 （   ）である。なお、表面利回り＝年間賃料収入÷購入価格×100とする。",,,,,,4.5％,5.0％,5.5％,6.0％,3,"正解は3です。表面利回り＝396万円÷7,200万円×100＝5.5％です。",学科の不動産利回りをベースに、表面利回りを直接計算する第5の演習です。,"396÷7,200×100＝5.5％。年間賃料収入を購入価格で割り、百分率に直します。","1:4.5％は購入価格を大きく取った誤答で生じやすい値です。年間賃料収入は396万円なので、396÷7,200×100＝5.5％が正しい表面利回りの計算になります。;2:5.0％は第200問（350万・7,000万）の正答を流用した誤答です。本問は賃料396万円・購入価格7,200万円で再計算し、5.5％が正しい表面利回りです。数値を流用しないこと。;4:6.0％は第200問（342万・5,700万）の正答を流用した誤答です。表面利回りは経費控除前の396万円を分母7,200万円で割り、5.5％が正答です。第280問（5.5％）と同率だが数値が異なる。","表面利回り＝年間賃料÷購入価格×100。第280問（385万・7,000万・5.5％）と購入価格・賃料を取り違えない。"
331,single,金融資産運用,FP2級;学科;実践演習;四答択;source:2026-gakka-26-v38,2026-gakka-26,,"Ｅ社の株価が2,970円、１株当たり純利益が90円である場合、Ｅ社のＰＥＲ（株価収益率）は、 （   ）である。",,,,,,28倍,30倍,33倍,36倍,3,"正解は3です。PER＝株価÷１株当たり純利益です。2,970円÷90円＝33倍です。",2026年学科第26問をベースに、PERを直接計算する第16の演習です。,"PER＝2,970÷90＝33倍。株価を１株当たり純利益で割ります。","1:28倍は第131問（2,184円・78円）の正答を流用した誤答です。本問は2,970円・90円で再計算し、33倍が正しいPERです。過去の派生正答を流用しないこと。;2:30倍は第151問（2,160円・72円）の正答を流用した誤答です。株価2,970円・純利益90円をそのまま割ると33倍であり、30倍にはなりません。;4:36倍は第291問（2,592円・72円）の正答を流用した誤答です。本問は2,970円・90円で再計算し、33倍が正しいPERです。株価・純利益の組合せを確認してください。",PER＝株価÷EPS。第311問（35倍）と株価・純利益の組合せを取り違えない。
332,single,金融資産運用,FP2級;学科;実践演習;四答択;source:2025-gakka-28-v26,2025-gakka-28,,"Ｆさんのポートフォリオにおける各資産の構成比および期待収益率が下記のとおりである場合、当該ポートフォリオの期待収益率は、 （   ）である。

預金　19％　期待収益率0.1％
債券　31％　期待収益率2.5％
株式　50％　期待収益率7.2％",,,,,,4.05％,4.20％,4.39％,4.56％,3,正解は3です。0.1％×19％＋2.5％×31％＋7.2％×50％＝0.019％＋0.775％＋3.6％＝4.394％→表示上4.39％です。,2025年学科第28問の26問目。構成比と収益率を再変更した演習です。,0.1×0.19＋2.5×0.31＋7.2×0.5＝4.394％→4.39％。各資産の加重平均です。,1:4.05％は第312問（4.05％）の正答を流用した誤答です。本問は19・31・50で再計算し、4.39％が正しい期待収益率です。構成比を確認してください。;2:4.20％は構成比を誤った加重平均の結果です。19％・31％・50％で0.1％・2.5％・7.2％を掛け合わせ、合計4.39％になります。構成比を確認してください。;4:4.56％は第252問（4.56％）の正答を流用した誤答です。本問は19・31・50で再計算し、4.39％が正しい期待収益率です。過去の派生正答を流用しないこと。,ポートフォリオ期待収益率は毎回構成比から計算。第323問（4.50％）と構成比を取り違えない。
333,single,金融資産運用,FP2級;学科;実践演習;四答択;source:2025-gakka-24-v26,2025-gakka-24,,表面利率（クーポンレート）3.5％、残存期間3年の固定利付債券を額面100円当たり93円で購入した場合の最終利回り（年率・単利）は、 （   ）である。なお、税金等は考慮しないものとし、計算結果は表示単位の小数点以下第３位を四捨五入している。,,,,,,5.85％,6.10％,6.27％,6.50％,3,正解は3です。{3.5％＋(100円－93円)÷3年}÷93円×100＝{3.5＋2.333}÷93×100≒6.272％→小数点以下第3位四捨五入で6.27％です。,学科の債券最終利回りの32問目。ディスカウント購入・3年残存に変更した演習です。,{3.5＋(100－93)÷3}÷93×100≒6.272％→6.27％。償還差益を期間で按分します。,1:5.85％は第313問（94円・4年・5.85％）の正答を流用した誤答です。本問は購入価格93円・残存3年で再計算し、6.27％が正しい最終利回りです。数値を流用しないこと。;2:6.10％は償還差益の按分を誤った場合に出やすい値です。ディスカウント購入では(100－93)÷3＝2.333を加算し、式どおり6.27％になります。按分年数を確認してください。;4:6.50％は第173問（95円・5年・5.26％）の正答を流用した誤答です。本問は93円・残存3年・表面利率3.5％で再計算し、6.27％が正しい利回りです。購入価格・期間を確認してください。,ディスカウント購入（93円）では(100－93)がプラス。第313問（94円・5.85％）と購入価格を取り違えない。
334,single,金融資産運用,FP2級;学科;実践演習;四答択;source:2026-gakka-27-v24,2026-gakka-27,,"下記の〈条件〉で、円貨を米ドルに交換して米ドル建定期預金に10,000米ドルを預け入れ、満期時に元利金の米ドルを円貨に交換して受け取る場合における利回り（単利・年率）は、 （   ）である。なお、税金は考慮しないものとし、計算結果は表示単位の小数点以下第３位を四捨五入するものとする。

〈条件〉
・預入期間：１年
・預金金利：2.50％（年率）
・為替予約なし
・為替レート（米ドル／円）
　預入時…ＴＴＳ：130.00円　ＴＴＢ：129.00円
　満期時…ＴＴＳ：137.00円　ＴＴＢ：136.75円",,,,,,7.15％,7.44％,7.51％,7.93％,3,"正解は3です。預入時10,000×130.00＝130.00万円、満期時10,250×136.75＝139.7675万円。利回り＝9.7675万円÷130.00万円×100≒7.513％→7.51％です。",2026年学科第27問の24問目。為替レートと金利だけ変更した外貨預金の演習です。,130.00万円投下、139.7675万円受取。差額9.7675万÷130.00万×100≒7.51％。買いＴＴＳ・売りＴＴＢです。,1:7.15％は第325問（129.25円・135.50円）の正答を流用した誤答です。本問は130.00円・136.75円で再計算し、7.51％が正しい利回りです。為替レートを確認してください。;2:7.44％は第274問（124.50円・130.50円）の正答を流用した誤答です。本問は130.00円・136.75円で再計算し、7.51％が正しい利回りです。過去の派生正答を流用しないこと。;4:7.93％は第314問（128.50円・135.00円）の正答を流用した誤答です。本問は130.00円・136.75円で再計算し、7.51％が正しい利回りです。為替レートを確認してください。,"外貨預金利回りは各バッチと同型。金利2.50％なら満期は10,250米ドルになる。"
335,single,ライフプランニングと資金計画,FP2級;学科;実践演習;四答択;source:2025-gakka-01-v6,2025-gakka-01,,"Ｅさんの可処分所得（年間）の金額は、下記の〈資料〉によれば、 （   ）である。

〈資料〉
給与収入　　：1,185万円
給与所得　　：  845万円
所得税・住民税：  97万円
社会保険料　： 134万円
生命保険料　：  17万円",,,,,,946万円,966万円,986万円,"1,185万円",3,"正解は3です。可処分所得＝給与収入－所得税・住民税－社会保険料です。1,185万円－97万円－134万円＝986万円です。",学科の可処分所得をベースに、収入・控除額だけ変更した第17の演習です。,"1,185－97－134＝986万円。給与所得845万円や生命保険料17万円はこの式に含めません。","1:946万円は生命保険料まで差し引いた値など、家計支出を控除に含めた誤りです。可処分所得は税と社会保険料のみを給与収入から引き、保険料は控除項目ではありません。;2:966万円は第326問（1,172－98－132＝978万円）の正答を流用した誤答です。本問は1,185－97－134で再計算し、986万円が正しい可処分所得です。数値を流用しないこと。;4:1,185万円は給与収入そのもので、税・社会保険料を差し引いていません。所得税・住民税97万円と社会保険料134万円の両方を引く必要があり、986万円が正答です。収入全額ではありません。",可処分所得＝給与収入－所得税・住民税－社会保険料。第326問（978万円）と数値を取り違えない。
336,single,ライフプランニングと資金計画,FP2級;学科;実践演習;四答択;source:2025-gakka-10-v31,2025-gakka-10,,"下記の〈Ｖ社の貸借対照表〉に基づくＶ社の固定長期適合率は、 （   ）である。なお、固定長期適合率＝（純資産＋固定負債）÷固定資産×100とする。

〈Ｖ社の貸借対照表〉（単位：百万円）
固定資産　4,300
流動資産　2,200
流動負債　　680
固定負債　1,410
純資産　　3,210",,,,,,100％,103％,107％,110％,3,"正解は3です。（3,210＋1,410）百万円÷4,300百万円×100＝107.0％です。",学科第10問をベースに、固定長期適合率を直接計算する第14の演習です。,"（3,210＋1,410）÷4,300×100＝107.0％。純資産と固定負債の合計を固定資産で割ります。","1:100％は第307問（2,940＋1,260÷4,200）の正答を流用した誤答です。本問は純資産3,210・固定負債1,410・固定資産4,300で再計算し、107％が正しい固定長期適合率です。;2:103％は第327問（3,270＋1,380÷4,500）の正答を流用した誤答です。本問は純資産3,210・固定負債1,410で再計算し、107％が正しい固定長期適合率です。数値を流用しないこと。;4:110％は固定資産を小さく取った誤りで生じやすい値です。固定資産4,300百万円を分母に（3,210＋1,410）÷4,300×100＝107％が正しい計算になります。",固定長期適合率＝（純資産＋固定負債）÷固定資産×100。第295問（107％）と数値を取り違えない。
337,single,タックスプランニング,FP2級;学科;実践演習;四答択;source:2026-gakka-34-v11,2026-gakka-34,,Ｕさんの2025年分の所得税における医療費控除の控除額を計算する場合、総所得金額が700万円、医療費として実際に支払った金額が92万円、その補填として受け取った保険金が12万円であるとき、医療費控除額は、 （   ）である。なお、「特定一般用医薬品等購入費を支払った場合の医療費控除の特例」は考慮しない。,,,,,,39万円,42万円,45万円,50万円,3,"正解は3です。医療費控除額＝支払医療費－保険金等の補填－max(10万円, 総所得金額×5％)です。92万円－12万円－35万円（700万円×5％）＝45万円です。",2026年学科第34問の11問目。医療費控除額を直接計算する演習です。,補填後80万円から、総所得700万円の5％である35万円（10万円超）を差し引き、控除額45万円です。,1:39万円は第277問（580万・76万・8万）の正答を流用した誤答です。本問は総所得700万円・支払92万円で再計算し、45万円が正しい控除額です。数値を流用しないこと。;2:42万円は第317問（600万・80万・8万）の正答を流用した誤答です。総所得700万円の場合は5％の35万円が限度となるため、控除額は45万円です。10万円固定ではありません。;4:50万円は限度額を差し引かない誤答で生じやすい値です。補填後80万円から限度35万円を引き、控除額は45万円です。限度額そのものを控除額と混同しないこと。,"医療費控除＝支払－補填－max(10万, 総所得×5％)。第317問（42万円）と総所得額を取り違えない。"
338,single,タックスプランニング,FP2級;学科;実践演習;四答択;source:2026-gakka-32-v11,2026-gakka-32,,所得税における一時所得に係る総収入金額が435万円で、その収入を得るために支出した金額が115万円である場合、一時所得の金額は（ ① ）、そのうち総所得金額に算入される金額は（ ② ）となる。,,,,,,① 220万円   ② 110万円,① 270万円   ② 135万円,① 280万円   ② 140万円,① 280万円   ② 280万円,2,正解は2です。一時所得の金額＝435万円－115万円－特別控除50万円＝270万円。総所得金額に算入される金額はその2分の1の135万円です。,学科の一時所得をベースに、収入・支出だけ変更した第14の演習です。,一時所得＝435－115－50＝270万円。総所得算入は半額の135万円です。,1:①220万円・②110万円は特別控除50万円を差し引かない誤りです。435－115－50＝270万円が一時所得の金額であり、半額の135万円が総所得への算入額です。支出を忘れないこと。;3:①280万円・②140万円は支出115万円を差し引かない誤りです。一時所得は収入－支出－50万円であり、435－115－50＝270万円、算入は135万円です。特別控除を忘れないこと。;4:①280万円・②280万円は半額算入を誤って全額算入した誤答です。一時所得270万円のうち総所得に算入するのは2分の1の135万円です。全額算入ではありません。,一時所得＝収入－支出－50万円、総所得算入は半額。第318問（260万・130万円）と数値を取り違えない。
339,single,タックスプランニング,FP2級;学科;実践演習;四答択;source:2026-gakka-34-v12,2026-gakka-34,,Ｗさんが暦年課税により叔父から現金222万円の贈与を受けた場合の贈与税の課税価格は、 （   ）である。,,,,,,92万円,102万円,112万円,222万円,3,正解は3です。暦年課税の課税価格＝贈与財産の価額－基礎控除110万円です。222万円－110万円＝112万円です。,学科の贈与税をベースに、贈与額222万円に変更した課税価格の演習です。,222－110＝112万円。暦年課税では110万円の基礎控除後の金額が課税価格です。,1:92万円は贈与212万円と誤認した場合の課税価格など、別の贈与額の結果です。贈与額222万円から基礎控除110万円を引き、課税価格は112万円になります。贈与額を確認してください。;2:102万円は第309問（219万・109万円）の正答を流用した誤答です。本問は贈与額222万円で再計算し、112万円が正しい課税価格です。数値を流用しないこと。;4:222万円は贈与財産の価額そのもので、基礎控除を差し引いていません。暦年課税では110万円の基礎控除後の112万円が課税価格です。贈与額全額は課税価格ではありません。,暦年課税の課税価格＝贈与額－110万円。第309問（109万円）と贈与額を取り違えない。
340,single,不動産,FP2級;学科;実践演習;四答択;source:2025-gakka-58-v14,2025-gakka-58,,敷地面積480㎡の土地に、延べ面積288㎡の建築物を建築する場合の容積率は、 （   ）である。なお、容積率＝延べ面積÷敷地面積×100とする。,,,,,,55％,60％,65％,70％,2,正解は2です。容積率＝288㎡÷480㎡×100＝60％です。,学科の建築基準法をベースに、容積率を直接計算する第4の演習です。,288÷480×100＝60％。延べ面積を敷地面積で割り、百分率に直します。,1:55％は第300問（275㎡・500㎡）の正答を流用した誤答です。本問は延べ面積288㎡・敷地面積480㎡で再計算し、60％が正しい容積率です。数値を流用しないこと。;3:65％は312÷480×100など、延べ面積を大きく取った誤答で生じやすい値です。敷地面積480㎡に対する延べ面積288㎡なので、容積率は60％です。面積を再確認してください。;4:70％は336÷480×100など、延べ面積を大きく取った誤答で生じやすい値です。容積率は延べ面積288㎡÷敷地面積480㎡×100＝60％です。建築面積ではありません。,容積率＝延べ面積÷敷地面積×100。第134問（264㎡・440㎡・60％）と同率だが面積が異なる。
341,single,金融資産運用,FP2級;学科;実践演習;四答択;source:2026-gakka-26-v36,2026-gakka-26,,"Ｂ社の１株当たり純利益が126円、１株当たり純資産（自己資本）が1,800円である場合、Ｂ社のＲＯＥは、 （   ）である。",,,,,,5％,6％,7％,8％,3,"正解は3です。ROE＝１株当たり純利益÷１株当たり純資産×100です。126円÷1,800円×100＝7％です。",2026年学科第26問のROEをベースに、純利益と純資産だけ変更した第17の演習です。,"ROE＝126÷1,800×100＝7％。分子は純利益、分母は自己資本（純資産）です。","1:5％は126÷2,520×100など、純資産を大きく取った誤計算で生じやすい値です。本問の純資産は1,800円なので、126÷1,800×100＝7％が正しい計算になります。純資産の数値を確認してください。;2:6％は第121問（96円・1,600円）の正答を流用した誤答です。本問は126円・1,800円で再計算し、7％が正しいROEです。過去の派生正答を流用しないこと。;4:8％は第281問（128円・1,600円）の正答を流用した誤答です。純利益126円・純資産1,800円を用いると7％となり、8％にはなりません。純利益の数値を確認してください。",ROE＝純利益÷純資産×100。第301問（7％）と純利益・純資産を取り違えない。
342,single,金融資産運用,FP2級;学科;実践演習;四答択;source:2026-gakka-26-v37,2026-gakka-26,,"Ｃ社の株価が3,510円、１株当たり純資産（自己資本）が780円である場合、Ｃ社のＰＢＲ（株価純資産倍率）は、 （   ）である。",,,,,,4.0倍,4.5倍,5.0倍,5.5倍,2,"正解は2です。PBR＝株価÷１株当たり純資産です。3,510円÷780円＝4.5倍です。",2026年学科第26問のPBRをベースに、株価と純資産だけ変更した第15の演習です。,"PBR＝3,510÷780＝4.5倍。株価を１株当たり純資産で割ります。","1:4.0倍は第322問（3,360円・840円）の正答を流用した誤答です。本問は3,510円・780円で再計算し、4.5倍が正しいPBRです。過去の派生正答を流用しないこと。;3:5.0倍は3,900÷780×100など、株価を誤認した場合の値です。株価3,510円・純資産780円をそのまま割ると4.5倍であり、5.0倍にはなりません。;4:5.5倍は第182問（2,835円・630円）の正答を流用した誤答です。PBRの分母は純資産780円であり、3,510÷780＝4.5倍です。純利益は使いません。",PBR＝株価÷BPS。第282問（4.5倍）と株価・純資産を取り違えない。
343,single,金融資産運用,FP2級;学科;実践演習;四答択;source:2025-gakka-28-v26,2025-gakka-28,,"Ｇさんのポートフォリオにおける各資産の構成比および期待収益率が下記のとおりである場合、当該ポートフォリオの期待収益率は、 （   ）である。

預金　22％　期待収益率0.1％
債券　28％　期待収益率2.54％
株式　50％　期待収益率7.28％",,,,,,4.00％,4.07％,4.25％,4.50％,2,正解は2です。0.1％×22％＋2.54％×28％＋7.28％×50％＝0.022％＋0.7112％＋3.64％＝4.0732％→表示上4.07％です。,2025年学科第28問の26問目。構成比と収益率を再変更した演習です。,0.1×0.22＋2.54×0.28＋7.28×0.5＝4.0732％→4.07％。各資産の加重平均です。,1:4.00％は構成比を誤った加重平均の結果です。22％・28％・50％で0.1％・2.54％・7.28％を掛け合わせ、合計4.07％になります。構成比を確認してください。;3:4.25％は第303問（4.95％）の正答を流用した誤答です。本問は22・28・50で再計算し、4.07％が正しい期待収益率です。構成比を確認してください。;4:4.50％は第323問（4.50％）の正答を流用した誤答です。本問は22・28・50で再計算し、4.07％が正しい期待収益率です。過去の派生正答を流用しないこと。,ポートフォリオ期待収益率は毎回構成比から計算。第332問（4.39％）と構成比を取り違えない。
344,single,金融資産運用,FP2級;学科;実践演習;四答択;source:2025-gakka-24-v26,2025-gakka-24,,表面利率（クーポンレート）3％、残存期間5年の固定利付債券を額面100円当たり99.2円で購入した場合の最終利回り（年率・単利）は、 （   ）である。なお、税金等は考慮しないものとし、計算結果は表示単位の小数点以下第３位を四捨五入している。,,,,,,3.05％,3.16％,3.28％,3.47％,2,正解は2です。{3％＋(100円－99.2円)÷5年}÷99.2円×100＝{3＋0.16}÷99.2×100≒3.165％→小数点以下第3位四捨五入で3.16％です。,学科の債券最終利回りの33問目。プレミアム購入・5年残存に変更した演習です。,{3＋(100－99.2)÷5}÷99.2×100≒3.165％→3.16％。償還差損を期間で按分します。,1:3.05％は償還差損の按分を誤った場合に出やすい値です。プレミアム購入では(100－99.2)÷5＝0.16を加算し、式どおり3.16％になります。按分年数を確認してください。;3:3.28％は第273問（99円・4年・3.28％）の正答を流用した誤答です。本問は購入価格99.2円・残存5年で再計算し、3.16％が正しい最終利回りです。数値を流用しないこと。;4:3.47％は第7問（98円・5年・3.47％）の正答を流用した誤答です。本問は99.2円・残存5年で再計算し、3.16％が正しい利回りです。購入価格・期間を確認してください。,プレミアム購入（99.2円）では(100－99.2)がマイナス。第324問（99.5円・3.28％）と購入価格を取り違えない。
345,single,金融資産運用,FP2級;学科;実践演習;四答択;source:2026-gakka-27-v24,2026-gakka-27,,"下記の〈条件〉で、円貨を米ドルに交換して米ドル建定期預金に10,000米ドルを預け入れ、満期時に元利金の米ドルを円貨に交換して受け取る場合における利回り（単利・年率）は、 （   ）である。なお、税金は考慮しないものとし、計算結果は表示単位の小数点以下第３位を四捨五入するものとする。

〈条件〉
・預入期間：１年
・預金金利：2.25％（年率）
・為替予約なし
・為替レート（米ドル／円）
　預入時…ＴＴＳ：130.75円　ＴＴＢ：129.75円
　満期時…ＴＴＳ：137.50円　ＴＴＢ：137.00円",,,,,,7.15％,7.44％,7.70％,7.93％,3,"正解は3です。預入時10,000×130.75＝130.75万円、満期時10,225×137.00＝140.0825万円。利回り＝9.3325万円÷130.75万円×100≒7.699％→7.70％です。",2026年学科第27問の24問目。為替レートと金利だけ変更した外貨預金の演習です。,130.75万円投下、140.0825万円受取。差額9.3325万÷130.75万×100≒7.70％。買いＴＴＳ・売りＴＴＢです。,1:7.15％は第325問（129.25円・135.50円）の正答を流用した誤答です。本問は130.75円・137.00円で再計算し、7.70％が正しい利回りです。為替レートを確認してください。;2:7.44％は第274問（124.50円・130.50円）の正答を流用した誤答です。本問は130.75円・137.00円で再計算し、7.70％が正しい利回りです。過去の派生正答を流用しないこと。;4:7.93％は第314問（128.50円・135.00円）の正答を流用した誤答です。本問は130.75円・137.00円で再計算し、7.70％が正しい利回りです。為替レートを確認してください。,"外貨預金利回りは各バッチと同型。金利2.25％なら満期は10,225米ドルになる。"
346,single,ライフプランニングと資金計画,FP2級;学科;実践演習;四答択;source:2025-gakka-10-v30,2025-gakka-10,,"下記の〈Ｗ社の貸借対照表〉に基づくＷ社の流動比率は、 （   ）である。なお、流動比率＝流動資産÷流動負債×100とする。

〈Ｗ社の貸借対照表〉（単位：百万円）
流動資産　2,820
固定資産　3,980
流動負債　　660
固定負債　1,140
純資産　　5,000",,,,,,400％,415％,428％,450％,3,"正解は3です。流動比率＝2,820百万円÷660百万円×100＝428％です。",学科第10問をベースに、流動比率を直接計算する第12の演習です。,"2,820÷660×100＝428％。流動資産を流動負債で割ります。","1:400％は第236問（2,720÷680）の正答を流用した誤答です。本問は流動資産2,820・流動負債660で再計算し、428％が正しい流動比率です。数値を流用しないこと。;2:415％は2,739÷660など、流動資産を小さく取った誤答です。流動負債660百万円に対する流動資産2,820百万円なので、流動比率は428％です。;4:450％は第267問（2,610÷580）の正答を流用した誤答です。流動資産2,820百万円÷流動負債660百万円×100＝428％が正しい計算になります。第315問（428％）と同率だが数値が異なる。",流動比率＝流動資産÷流動負債×100。第315問（428％）と流動資産・負債を取り違えない。
347,single,ライフプランニングと資金計画,FP2級;学科;実践演習;四答択;source:2025-gakka-10-v32,2025-gakka-10,,"下記の〈Ｘ社の貸借対照表〉に基づくＸ社の自己資本比率は、 （   ）である。なお、自己資本比率＝純資産÷総資産×100とする。

〈Ｘ社の貸借対照表〉（単位：百万円）
総資産　12,000
純資産　4,440",,,,,,34.0％,35.5％,37.0％,38.5％,3,"正解は3です。自己資本比率＝4,440百万円÷12,000百万円×100＝37.0％です。",学科第10問をベースに、自己資本比率を直接計算する第13の演習です。,"4,440÷12,000×100＝37.0％。純資産を総資産で割り、百分率に直します。","1:34.0％は4,080÷12,000など、純資産を誤った場合の値です。純資産は4,440百万円なので、4,440÷12,000×100＝37.0％が正しい計算になります。;2:35.5％は第316問（4,347÷11,850）の正答を流用した誤答です。本問は純資産4,440・総資産12,000で再計算し、37.0％が正しい自己資本比率です。数値を流用しないこと。;4:38.5％は4,620÷12,000など、純資産を大きく取った誤答で生じやすい値です。自己資本比率は純資産4,440百万円÷総資産12,000百万円×100＝37.0％です。第316問（36.7％）と取り違えないこと。",自己資本比率＝純資産÷総資産×100。第316問（36.7％）と総資産・純資産を取り違えない。
348,single,タックスプランニング,FP2級;学科;実践演習;四答択;source:2026-gakka-33-v15,2026-gakka-33,,Ｖさんの2025年分の所得税における総所得金額は、給与所得の金額が318万円、譲渡所得の金額が55万円であるとき、 （   ）である。なお、ほかの所得はないものとする。,,,,,,263万円,318万円,373万円,400万円,3,正解は3です。総所得金額は各所得の金額を合計します。318万円＋55万円＝373万円です。,2026年学科第33問をベースに、給与所得と譲渡所得の単純合計の演習です。,給与所得318万円＋譲渡所得55万円＝373万円。損益通算が不要な場合は単純合計です。,1:263万円は318万円－55万円など、所得を差し引いた誤りです。譲渡所得は総所得に加算するため、318＋55＝373万円が総所得金額です。差し引きではありません。;2:318万円は給与所得のみで、譲渡所得55万円を加算していません。ほかの所得がない場合でも、譲渡所得を合計し、373万円が総所得金額です。両方足します。;4:400万円は給与収入金額と混同した誤答で生じやすい値です。本問は所得の金額（給与所得318万円）を合計し、373万円になります。収入金額ではありません。,総所得金額は各所得の金額の合計。第308問（367万円）と所得の種類を取り違えない。
349,single,タックスプランニング,FP2級;学科;実践演習;四答択;source:2026-gakka-16-v13,2026-gakka-16,,"給与所得者が33年間勤務した会社を定年退職し、退職金3,400万円の支給を受けた場合、所得税における退職所得の金額の計算上、退職所得控除額は（   ）となる。",,,,,,"800万円＋40万円×(33年－20年)＝1,320万円","800万円＋70万円×(33年－20年)＝1,710万円","40万円×33年＝1,320万円","70万円×33年＝2,310万円",2,"正解は2です。勤続33年（20年超）なので、800万円＋70万円×(33－20)＝800万円＋910万円＝1,710万円です。",学科の退職所得控除の17問目。33年勤続（20年超）に変更した演習です。,"33年は20年超。800万円＋70万円×(33－20)＝1,710万円。40万円×年数の式は使いません。","1:800万円＋40万円×(33－20)は20年超用の70万円式を誤用した選択肢です。33年勤続は20年超なので、800万円＋70万円×13年＝1,710万円の公式を使います。年数で式を選びます。;3:40万円×33年は20年以下用の式を誤用した誤答です。33年勤続は20年超なので、800万円＋70万円×(33－20)＝1,710万円が控除額です。40万円×年数は使いません。;4:70万円×33年は退職所得控除の公式ではありません。20年超は800万円＋70万円×(年－20)であり、33年なら1,710万円になります。70万円×年数ではありません。","退職所得控除は20年以下と20年超で式が異なる。第329問（32年・1,640万）と勤続年数を取り違えない。"
350,single,相続・事業承継,FP2級;学科;実践演習;四答択;source:2026-gakka-58-v16,2026-gakka-58,,"貸家建付地の相続税評価額は、その自用地としての価額が1億1,500万円、借地権割合が58％、借家権割合が24％、賃貸割合が100％である場合、 （   ）となる。",,,,,,"8,500万円","9,050万円","9,908万円","1億1,500万円",3,"正解は3です。1億1,500万円×(1－58％×24％×100％)＝1億1,500万円×86.08％＝9,908.8万円→表示上9,908万円です。",学科の貸家建付地の13問目。借地権・借家権割合だけ変更した演習です。,"1億1,500万円×(1－0.58×0.24×1)＝9,908.8万円→9,908万円。3つの割合を掛けて控除率13.92％です。","1:8,500万円は借地権割合だけを控除した誤りで生じやすい値です。貸家建付地では借家権割合と賃貸割合も掛け合わせ、0.58×0.24×1＝13.92％を控除します。3つ掛け算です。;2:9,050万円は第320問（1.1億・57％・25％）の正答を流用した誤答です。本問は1億1,500万円・58％・24％で再計算し、9,908万円が評価額になります。割合を確認してください。;4:1億1,500万円は自用地のままの評価額で、貸家建付地としての減額を反映していません。借地権58％・借家権24％を掛け合わせ控除し、9,908万円が正しい評価額です。自用地価額のままではありません。","貸家建付地＝自用地×(1－借地権×借家権×賃貸割合)。第320問（9,423万円）と割合を取り違えない。"
351,single,金融資産運用,FP2級;学科;実践演習;四答択;source:2026-gakka-26-v38,2026-gakka-26,,"Ｆ社の株価が2,808円、１株当たり純利益が88円である場合、Ｆ社のＰＥＲ（株価収益率）は、 （   ）である。",,,,,,28倍,30倍,32倍,36倍,3,"正解は3です。PER＝株価÷１株当たり純利益です。2,808円÷88円＝32倍です。",2026年学科第26問をベースに、PERを直接計算する第17の演習です。,"PER＝2,808÷88＝32倍。株価を１株当たり純利益で割ります。","1:28倍は第131問（2,184円・78円）の正答を流用した誤答です。本問は2,808円・88円で再計算し、32倍が正しいPERです。過去の派生正答を流用しないこと。;2:30倍は第151問（2,160円・72円）の正答を流用した誤答です。株価2,808円・純利益88円をそのまま割ると32倍であり、30倍にはなりません。;4:36倍は第291問（2,592円・72円）の正答を流用した誤答です。本問は2,808円・88円で再計算し、32倍が正しいPERです。株価・純利益の組合せを確認してください。",PER＝株価÷EPS。第331問（33倍）と株価・純利益の組合せを取り違えない。
352,single,金融資産運用,FP2級;学科;実践演習;四答択;source:2025-gakka-28-v26,2025-gakka-28,,"Ｈさんのポートフォリオにおける各資産の構成比および期待収益率が下記のとおりである場合、当該ポートフォリオの期待収益率は、 （   ）である。

預金　26％　期待収益率0.1％
債券　24％　期待収益率2.6％
株式　50％　期待収益率7.4％",,,,,,4.05％,4.20％,4.35％,4.56％,3,正解は3です。0.1％×26％＋2.6％×24％＋7.4％×50％＝0.026％＋0.624％＋3.7％＝4.35％です。,2025年学科第28問の26問目。構成比と収益率を再変更した演習です。,0.1×0.26＋2.6×0.24＋7.4×0.5＝4.35％。各資産の加重平均です。,1:4.05％は第312問（4.05％）の正答を流用した誤答です。本問は26・24・50で再計算し、4.35％が正しい期待収益率です。構成比を確認してください。;2:4.20％は構成比を誤った加重平均の結果です。26％・24％・50％で0.1％・2.6％・7.4％を掛け合わせ、合計4.35％になります。構成比を確認してください。;4:4.56％は第252問（4.56％）の正答を流用した誤答です。本問は26・24・50で再計算し、4.35％が正しい期待収益率です。過去の派生正答を流用しないこと。,ポートフォリオ期待収益率は毎回構成比から計算。第343問（4.07％）と構成比を取り違えない。
353,single,金融資産運用,FP2級;学科;実践演習;四答択;source:2025-gakka-24-v26,2025-gakka-24,,表面利率（クーポンレート）4％、残存期間4年の固定利付債券を額面100円当たり92円で購入した場合の最終利回り（年率・単利）は、 （   ）である。なお、税金等は考慮しないものとし、計算結果は表示単位の小数点以下第３位を四捨五入している。,,,,,,5.50％,5.85％,6.52％,6.85％,3,正解は3です。{4％＋(100円－92円)÷4年}÷92円×100＝{4＋2}÷92×100≒6.522％→小数点以下第3位四捨五入で6.52％です。,学科の債券最終利回りの34問目。ディスカウント購入・4年残存に変更した演習です。,{4＋(100－92)÷4}÷92×100≒6.522％→6.52％。償還差益を期間で按分します。,1:5.50％は償還差益の按分を誤った場合に出やすい値です。ディスカウント購入では(100－92)÷4＝2を加算し、式どおり6.52％になります。按分年数を確認してください。;2:5.85％は第313問（94円・4年・5.85％）の正答を流用した誤答です。本問は購入価格92円・残存4年で再計算し、6.52％が正しい最終利回りです。数値を流用しないこと。;4:6.85％は第333問（93円・3年・6.27％）の正答を流用した誤答です。本問は92円・残存4年で再計算し、6.52％が正しい利回りです。購入価格・期間を確認してください。,ディスカウント購入（92円）では(100－92)がプラス。第333問（93円・6.27％）と購入価格を取り違えない。
354,single,金融資産運用,FP2級;学科;実践演習;四答択;source:2026-gakka-27-v24,2026-gakka-27,,"下記の〈条件〉で、円貨を米ドルに交換して米ドル建定期預金に10,000米ドルを預け入れ、満期時に元利金の米ドルを円貨に交換して受け取る場合における利回り（単利・年率）は、 （   ）である。なお、税金は考慮しないものとし、計算結果は表示単位の小数点以下第３位を四捨五入するものとする。

〈条件〉
・預入期間：１年
・預金金利：2.50％（年率）
・為替予約なし
・為替レート（米ドル／円）
　預入時…ＴＴＳ：131.50円　ＴＴＢ：130.50円
　満期時…ＴＴＳ：139.00円　ＴＴＢ：138.25円",,,,,,7.70％,7.93％,8.02％,8.25％,3,"正解は3です。預入時10,000×131.50＝131.50万円、満期時10,250×138.25＝142.05625万円。利回り＝10.55625万円÷131.50万円×100≒8.017％→8.02％です。",2026年学科第27問の24問目。為替レートと金利だけ変更した外貨預金の演習です。,131.50万円投下、142.05625万円受取。差額10.55625万÷131.50万×100≒8.02％。買いＴＴＳ・売りＴＴＢです。,1:7.70％は第345問（130.75円・137.00円）の正答を流用した誤答です。本問は131.50円・138.25円で再計算し、8.02％が正しい利回りです。為替レートを確認してください。;2:7.93％は第314問（128.50円・135.00円）の正答を流用した誤答です。本問は131.50円・138.25円で再計算し、8.02％が正しい利回りです。過去の派生正答を流用しないこと。;4:8.25％は為替差益を過大に見積もった誤答で生じやすい値です。金利2.50％分の米ドル増と為替変動の両方を含め、投下131.50万円で割ります。,"外貨預金利回りは各バッチと同型。金利2.50％なら満期は10,250米ドルになる。"
355,single,ライフプランニングと資金計画,FP2級;学科;実践演習;四答択;source:2025-gakka-01-v6,2025-gakka-01,,"Ｉさんの可処分所得（年間）の金額は、下記の〈資料〉によれば、 （   ）である。

〈資料〉
給与収入　　：1,218万円
給与所得　　：  852万円
所得税・住民税：  99万円
社会保険料　： 136万円
生命保険料　：  18万円",,,,,,943万円,963万円,983万円,"1,198万円",3,"正解は3です。可処分所得＝給与収入－所得税・住民税－社会保険料です。1,218万円－99万円－136万円＝983万円です。",学科の可処分所得をベースに、収入・控除額だけ変更した第18の演習です。,"1,218－99－136＝983万円。給与所得852万円や生命保険料18万円はこの式に含めません。","1:943万円は生命保険料まで差し引いた値など、家計支出を控除に含めた誤りです。可処分所得は税と社会保険料のみを給与収入から引き、保険料は控除項目ではありません。;2:963万円は第335問（1,185－97－134＝986万円）の正答を流用した誤答です。本問は1,218－99－136で再計算し、983万円が正しい可処分所得です。数値を流用しないこと。;4:1,218万円は給与収入そのもので、税・社会保険料を差し引いていません。所得税・住民税99万円と社会保険料136万円の両方を引く必要があり、983万円が正答です。収入全額ではありません。",可処分所得＝給与収入－所得税・住民税－社会保険料。第335問（986万円）と数値を取り違えない。
356,single,ライフプランニングと資金計画,FP2級;学科;実践演習;四答択;source:2025-gakka-10-v30,2025-gakka-10,,"下記の〈Ｙ社の貸借対照表〉に基づくＹ社の流動比率は、 （   ）である。なお、流動比率＝流動資産÷流動負債×100とする。

〈Ｙ社の貸借対照表〉（単位：百万円）
流動資産　2,900
固定資産　4,100
流動負債　　670
固定負債　1,230
純資産　　5,100",,,,,,400％,415％,433％,450％,3,"正解は3です。流動比率＝2,900百万円÷670百万円×100＝433％です。",学科第10問をベースに、流動比率を直接計算する第13の演習です。,"2,900÷670×100＝433％。流動資産を流動負債で割ります。","1:400％は第236問（2,720÷680）の正答を流用した誤答です。本問は流動資産2,900・流動負債670で再計算し、433％が正しい流動比率です。数値を流用しないこと。;2:415％は2,780÷670など、流動資産を小さく取った誤答です。流動負債670百万円に対する流動資産2,900百万円なので、流動比率は433％です。;4:450％は第267問（2,610÷580）の正答を流用した誤答です。流動資産2,900百万円÷流動負債670百万円×100＝433％が正しい計算になります。第346問（428％）と取り違えないこと。",流動比率＝流動資産÷流動負債×100。第346問（428％）と流動資産・負債を取り違えない。
357,single,ライフプランニングと資金計画,FP2級;学科;実践演習;四答択;source:2025-gakka-10-v32,2025-gakka-10,,"下記の〈Ｚ社の貸借対照表〉に基づくＺ社の自己資本比率は、 （   ）である。なお、自己資本比率＝純資産÷総資産×100とする。

〈Ｚ社の貸借対照表〉（単位：百万円）
総資産　12,100
純資産　4,536",,,,,,35.0％,36.5％,37.5％,38.5％,3,"正解は3です。自己資本比率＝4,536百万円÷12,100百万円×100＝37.5％です。",学科第10問をベースに、自己資本比率を直接計算する第14の演習です。,"4,536÷12,100×100＝37.5％。純資産を総資産で割り、百分率に直します。","1:35.0％は4,235÷12,100など、純資産を誤った場合の値です。純資産は4,536百万円なので、4,536÷12,100×100＝37.5％が正しい計算になります。;2:36.5％は第347問（4,440÷12,000）の正答を流用した誤答です。本問は純資産4,536・総資産12,100で再計算し、37.5％が正しい自己資本比率です。数値を流用しないこと。;4:38.5％は4,659÷12,100など、純資産を大きく取った誤答で生じやすい値です。自己資本比率は純資産4,536百万円÷総資産12,100百万円×100＝37.5％です。第347問（37.0％）と取り違えないこと。",自己資本比率＝純資産÷総資産×100。第347問（37.0％）と総資産・純資産を取り違えない。
358,single,タックスプランニング,FP2級;学科;実践演習;四答択;source:2026-gakka-34-v11,2026-gakka-34,,Ｘさんの2025年分の所得税における医療費控除の控除額を計算する場合、総所得金額が740万円、医療費として実際に支払った金額が90万円、その補填として受け取った保険金が12万円であるとき、医療費控除額は、 （   ）である。なお、「特定一般用医薬品等購入費を支払った場合の医療費控除の特例」は考慮しない。,,,,,,37万円,39万円,41万円,45万円,3,"正解は3です。医療費控除額＝支払医療費－保険金等の補填－max(10万円, 総所得金額×5％)です。90万円－12万円－37万円（740万円×5％）＝41万円です。",2026年学科第34問の11問目。医療費控除額を直接計算する演習です。,補填後78万円から、総所得740万円の5％である37万円（10万円超）を差し引き、控除額41万円です。,1:37万円は最低限度額10万円だけを差し引いた誤りです。総所得740万円の場合は5％の37万円が限度となるため、控除額は41万円です。10万円固定ではありません。;2:39万円は第277問（580万・76万・8万）の正答を流用した誤答です。本問は総所得740万円・支払90万円で再計算し、41万円が正しい控除額です。数値を流用しないこと。;4:45万円は第337問（700万・92万・12万）の正答を流用した誤答です。補填後78万円から限度37万円を引き、控除額は41万円です。限度額そのものを控除額と混同しないこと。,"医療費控除＝支払－補填－max(10万, 総所得×5％)。第337問（45万円）と総所得額を取り違えない。"
359,single,タックスプランニング,FP2級;学科;実践演習;四答択;source:2026-gakka-32-v11,2026-gakka-32,,所得税における一時所得に係る総収入金額が450万円で、その収入を得るために支出した金額が120万円である場合、一時所得の金額は（ ① ）、そのうち総所得金額に算入される金額は（ ② ）となる。,,,,,,① 230万円   ② 115万円,① 280万円   ② 140万円,① 290万円   ② 145万円,① 290万円   ② 290万円,2,正解は2です。一時所得の金額＝450万円－120万円－特別控除50万円＝280万円。総所得金額に算入される金額はその2分の1の140万円です。,学科の一時所得をベースに、収入・支出だけ変更した第15の演習です。,一時所得＝450－120－50＝280万円。総所得算入は半額の140万円です。,1:①230万円・②115万円は特別控除50万円を差し引かない誤りです。450－120－50＝280万円が一時所得の金額であり、半額の140万円が総所得への算入額です。支出を忘れないこと。;3:①290万円・②145万円は支出120万円を差し引かない誤りです。一時所得は収入－支出－50万円であり、450－120－50＝280万円、算入は140万円です。特別控除を忘れないこと。;4:①290万円・②290万円は半額算入を誤って全額算入した誤答です。一時所得280万円のうち総所得に算入するのは2分の1の140万円です。全額算入ではありません。,一時所得＝収入－支出－50万円、総所得算入は半額。第338問（270万・135万円）と数値を取り違えない。
360,single,タックスプランニング,FP2級;学科;実践演習;四答択;source:2026-gakka-33-v14,2026-gakka-33,,Ｙさんの2025年分の所得税における不動産所得の金額が112万円、事業所得の金額が▲54万円であるとき、損益通算後の不動産所得の金額は、 （   ）である。なお、ほかの所得はないものとする。,,,,,,54万円,58万円,112万円,166万円,2,正解は2です。事業所得の損失54万円は不動産所得と損益通算できます。112万円－54万円＝58万円が損益通算後の不動産所得の金額です。,2026年学科第33問をベースに、損益通算だけを問う第9の演習です。,事業損失54万円を不動産所得112万円と通算し、58万円です。事業損失は不動産所得と通算可能です。,1:54万円は事業損失の金額そのもので、不動産所得との通算結果ではありません。不動産所得112万円から事業損失54万円を差し引き、58万円が損益通算後の金額です。損失額そのものではありません。;3:112万円は不動産所得のみで、事業損失54万円の損益通算を行っていません。事業所得の損失は不動産所得と通算できるため、112－54＝58万円が正しい金額です。通算を忘れないこと。;4:166万円は112万円＋54万円と足し算した誤答で生じやすい値です。損益通算では損失を差し引くため、112－54＝58万円です。損失を加算しません。,事業所得の損失は不動産所得と損益通算。第319問（56万・▲52万・56万）と数値を取り違えない。
361,single,金融資産運用,FP2級;学科;実践演習;四答択;source:2026-gakka-26-v36,2026-gakka-26,,"Ｇ社の１株当たり純利益が138円、１株当たり純資産（自己資本）が1,725円である場合、Ｇ社のＲＯＥは、 （   ）である。",,,,,,6％,7％,8％,9％,3,"正解は3です。ROE＝１株当たり純利益÷１株当たり純資産×100です。138円÷1,725円×100＝8％です。",2026年学科第26問のROEをベースに、純利益と純資産だけ変更した第18の演習です。,"ROE＝138÷1,725×100＝8％。分子は純利益、分母は自己資本（純資産）です。","1:6％は第121問（96円・1,600円）の正答を流用した誤答です。本問は138円・1,725円で再計算し、8％が正しいROEです。過去の派生正答を流用しないこと。;2:7％は第341問（126円・1,800円）の正答を流用した誤答です。純利益138円・純資産1,725円を用いると8％となり、7％にはなりません。純利益の数値を確認してください。;4:9％は第261問（153円・1,700円）の正答を流用した誤答です。本問の純資産は1,725円なので、138÷1,725×100＝8％が正しい計算になります。純資産の数値を確認してください。",ROE＝純利益÷純資産×100。第341問（7％）と純利益・純資産を取り違えない。
362,single,金融資産運用,FP2級;学科;実践演習;四答択;source:2026-gakka-26-v37,2026-gakka-26,,"Ｈ社の株価が3,510円、１株当たり純資産（自己資本）が702円である場合、Ｈ社のＰＢＲ（株価純資産倍率）は、 （   ）である。",,,,,,4.0倍,4.5倍,5.0倍,5.5倍,3,"正解は3です。PBR＝株価÷１株当たり純資産です。3,510円÷702円＝5.0倍です。",2026年学科第26問のPBRをベースに、株価と純資産だけ変更した第16の演習です。,"PBR＝3,510÷702＝5.0倍。株価を１株当たり純資産で割ります。","1:4.0倍は第322問（3,360円・840円）の正答を流用した誤答です。本問は3,510円・702円で再計算し、5.0倍が正しいPBRです。過去の派生正答を流用しないこと。;2:4.5倍は第342問（3,510円・780円）の正答を流用した誤答です。株価3,510円・純資産702円をそのまま割ると5.0倍であり、4.5倍にはなりません。;4:5.5倍は3,861÷702×100など、株価を誤認した場合の値です。PBRの分母は純資産702円であり、3,510÷702＝5.0倍です。純利益は使いません。",PBR＝株価÷BPS。第342問（4.5倍）と株価・純資産を取り違えない。
363,single,金融資産運用,FP2級;学科;実践演習;四答択;source:2025-gakka-28-v26,2025-gakka-28,,"Ｊさんのポートフォリオにおける各資産の構成比および期待収益率が下記のとおりである場合、当該ポートフォリオの期待収益率は、 （   ）である。

預金　21％　期待収益率0.1％
債券　29％　期待収益率2.56％
株式　50％　期待収益率7.32％",,,,,,4.25％,4.48％,4.72％,4.95％,2,正解は2です。0.1％×21％＋2.56％×29％＋7.32％×50％＝0.021％＋0.7424％＋3.66％＝4.4814％→表示上4.48％です。,2025年学科第28問の26問目。構成比と収益率を再変更した演習です。,0.1×0.21＋2.56×0.29＋7.32×0.5＝4.4814％→4.48％。各資産の加重平均です。,1:4.25％は構成比を誤った加重平均の結果です。21％・29％・50％で0.1％・2.56％・7.32％を掛け合わせ、合計4.48％になります。構成比を確認してください。;3:4.72％は第263問（4.67％）の正答を流用した誤答です。本問は21・29・50で再計算し、4.48％が正しい期待収益率です。構成比を確認してください。;4:4.95％は第303問（4.95％）の正答を流用した誤答です。本問は21・29・50で再計算し、4.48％が正しい期待収益率です。過去の派生正答を流用しないこと。,ポートフォリオ期待収益率は毎回構成比から計算。第272問（4.41％）と構成比を取り違えない。
364,single,金融資産運用,FP2級;学科;実践演習;四答択;source:2025-gakka-24-v26,2025-gakka-24,,表面利率（クーポンレート）3％、残存期間4年の固定利付債券を額面100円当たり98.8円で購入した場合の最終利回り（年率・単利）は、 （   ）である。なお、税金等は考慮しないものとし、計算結果は表示単位の小数点以下第３位を四捨五入している。,,,,,,3.15％,3.30％,3.44％,3.58％,3,正解は3です。{3％＋(100円－98.8円)÷4年}÷98.8円×100＝{3＋0.3}÷98.8×100≒3.441％→小数点以下第3位四捨五入で3.44％です。,学科の債券最終利回りの35問目。プレミアム購入・4年残存に変更した演習です。,{3＋(100－98.8)÷4}÷98.8×100≒3.441％→3.44％。償還差損を期間で按分します。,1:3.15％は償還差損の按分を誤った場合に出やすい値です。プレミアム購入では(100－98.8)÷4＝0.3を加算し、式どおり3.44％になります。按分年数を確認してください。;2:3.30％は第253問（98円・3年・3.74％）の正答を流用した誤答です。本問は購入価格98.8円・残存4年で再計算し、3.44％が正しい最終利回りです。数値を流用しないこと。;4:3.58％は第344問（99.2円・5年・3.16％）の正答を流用した誤答です。本問は98.8円・残存4年で再計算し、3.44％が正しい利回りです。購入価格・期間を確認してください。,プレミアム購入（98.8円）では(100－98.8)がマイナス。第293問（97.5円・4.23％）と購入価格を取り違えない。
365,single,金融資産運用,FP2級;学科;実践演習;四答択;source:2026-gakka-27-v24,2026-gakka-27,,"下記の〈条件〉で、円貨を米ドルに交換して米ドル建定期預金に10,000米ドルを預け入れ、満期時に元利金の米ドルを円貨に交換して受け取る場合における利回り（単利・年率）は、 （   ）である。なお、税金は考慮しないものとし、計算結果は表示単位の小数点以下第３位を四捨五入するものとする。

〈条件〉
・預入期間：１年
・預金金利：2.25％（年率）
・為替予約なし
・為替レート（米ドル／円）
　預入時…ＴＴＳ：132.25円　ＴＴＢ：131.25円
　満期時…ＴＴＳ：139.75円　ＴＴＢ：139.40円",,,,,,7.44％,7.70％,7.95％,8.02％,3,"正解は3です。預入時10,000×132.25＝132.25万円、満期時10,225×139.40＝142.7585万円。利回り＝10.5085万円÷132.25万円×100≒7.953％→7.95％です。",2026年学科第27問の24問目。為替レートと金利だけ変更した外貨預金の演習です。,132.25万円投下、142.7585万円受取。差額10.5085万÷132.25万×100≒7.95％。買いＴＴＳ・売りＴＴＢです。,1:7.44％は第274問（124.50円・130.50円）の正答を流用した誤答です。本問は132.25円・139.40円で再計算し、7.95％が正しい利回りです。為替レートを確認してください。;2:7.70％は第345問（130.75円・137.00円）の正答を流用した誤答です。本問は132.25円・139.40円で再計算し、7.95％が正しい利回りです。過去の派生正答を流用しないこと。;4:8.02％は第354問（131.50円・138.25円）の正答を流用した誤答です。本問は132.25円・139.40円で再計算し、7.95％が正しい利回りです。為替レートを確認してください。,"外貨預金利回りは各バッチと同型。金利2.25％なら満期は10,225米ドルになる。"
366,single,ライフプランニングと資金計画,FP2級;学科;実践演習;四答択;source:2025-gakka-10-v31,2025-gakka-10,,"下記の〈Ａ社の貸借対照表〉に基づくＡ社の固定長期適合率は、 （   ）である。なお、固定長期適合率＝（純資産＋固定負債）÷固定資産×100とする。

〈Ａ社の貸借対照表〉（単位：百万円）
固定資産　5,000
流動資産　2,400
流動負債　　780
固定負債　1,500
純資産　　3,540",,,,,,95％,100％,101％,107％,3,"正解は3です。（3,540＋1,500）百万円÷5,000百万円×100＝100.8％→表示上101％です。",学科第10問をベースに、固定長期適合率を直接計算する第15の演習です。,"（3,540＋1,500）÷5,000×100＝100.8％→101％。純資産と固定負債の合計を固定資産で割ります。","1:95％は第226問（2,660＋950÷3,800）の正答を流用した誤答です。本問は純資産3,540・固定負債1,500・固定資産5,000で再計算し、101％が正しい固定長期適合率です。;2:100％は第307問（2,940＋1,260÷4,200）の正答を流用した誤答です。本問は純資産3,540・固定負債1,500で再計算し、101％が正しい固定長期適合率です。数値を流用しないこと。;4:107％は第336問（3,210＋1,410÷4,300）の正答を流用した誤答です。固定資産5,000百万円を分母に（3,540＋1,500）÷5,000×100＝101％が正しい計算になります。",固定長期適合率＝（純資産＋固定負債）÷固定資産×100。第336問（107％）と数値を取り違えない。
367,single,タックスプランニング,FP2級;学科;実践演習;四答択;source:2026-gakka-33-v15,2026-gakka-33,,Ｚさんの2025年分の所得税における総所得金額は、給与所得の金額が325万円、配当所得の金額が50万円であるとき、 （   ）である。なお、ほかの所得はないものとする。,,,,,,275万円,325万円,375万円,400万円,3,正解は3です。総所得金額は各所得の金額を合計します。325万円＋50万円＝375万円です。,2026年学科第33問をベースに、給与所得と配当所得の単純合計の演習です。,給与所得325万円＋配当所得50万円＝375万円。損益通算が不要な場合は単純合計です。,1:275万円は325万円－50万円など、所得を差し引いた誤りです。配当所得は総所得に加算するため、325＋50＝375万円が総所得金額です。差し引きではありません。;2:325万円は給与所得のみで、配当所得50万円を加算していません。ほかの所得がない場合でも、配当所得を合計し、375万円が総所得金額です。両方足します。;4:400万円は給与収入金額と混同した誤答で生じやすい値です。本問は所得の金額（給与所得325万円）を合計し、375万円になります。収入金額ではありません。,総所得金額は各所得の金額の合計。第328問（350万円）と所得の種類を取り違えない。
368,single,タックスプランニング,FP2級;学科;実践演習;四答択;source:2026-gakka-16-v13,2026-gakka-16,,"給与所得者が34年間勤務した会社を定年退職し、退職金3,500万円の支給を受けた場合、所得税における退職所得の金額の計算上、退職所得控除額は（   ）となる。",,,,,,"800万円＋40万円×(34年－20年)＝1,360万円","800万円＋70万円×(34年－20年)＝1,780万円","40万円×34年＝1,360万円","70万円×34年＝2,380万円",2,"正解は2です。勤続34年（20年超）なので、800万円＋70万円×(34－20)＝800万円＋980万円＝1,780万円です。",学科の退職所得控除の18問目。34年勤続（20年超）に変更した演習です。,"34年は20年超。800万円＋70万円×(34－20)＝1,780万円。40万円×年数の式は使いません。","1:800万円＋40万円×(34－20)は20年超用の70万円式を誤用した選択肢です。34年勤続は20年超なので、800万円＋70万円×14年＝1,780万円の公式を使います。年数で式を選びます。;3:40万円×34年は20年以下用の式を誤用した誤答です。34年勤続は20年超なので、800万円＋70万円×(34－20)＝1,780万円が控除額です。40万円×年数は使いません。;4:70万円×34年は退職所得控除の公式ではありません。20年超は800万円＋70万円×(年－20)であり、34年なら1,780万円になります。70万円×年数ではありません。","退職所得控除は20年以下と20年超で式が異なる。第349問（33年・1,710万）と勤続年数を取り違えない。"
369,single,タックスプランニング,FP2級;学科;実践演習;四答択;source:2026-gakka-34-v12,2026-gakka-34,,Ｚさんが暦年課税により叔父から現金228万円の贈与を受けた場合の贈与税の課税価格は、 （   ）である。,,,,,,98万円,108万円,118万円,228万円,3,正解は3です。暦年課税の課税価格＝贈与財産の価額－基礎控除110万円です。228万円－110万円＝118万円です。,学科の贈与税をベースに、贈与額228万円に変更した課税価格の演習です。,228－110＝118万円。暦年課税では110万円の基礎控除後の金額が課税価格です。,1:98万円は贈与218万円と誤認した場合の課税価格など、別の贈与額の結果です。贈与額228万円から基礎控除110万円を引き、課税価格は118万円になります。贈与額を確認してください。;2:108万円は第309問（219万・109万円）の正答を流用した誤答です。本問は贈与額228万円で再計算し、118万円が正しい課税価格です。数値を流用しないこと。;4:228万円は贈与財産の価額そのもので、基礎控除を差し引いていません。暦年課税では110万円の基礎控除後の118万円が課税価格です。贈与額全額は課税価格ではありません。,暦年課税の課税価格＝贈与額－110万円。第339問（112万円）と贈与額を取り違えない。
370,single,不動産,FP2級;学科;実践演習;四答択;source:2025-gakka-58-v15,2025-gakka-58,,"Ｗさんが購入を検討している賃貸用マンションの購入価格が7,400万円、年間賃料収入が414万円である場合、当該不動産の表面利回り（年率）は、 （   ）である。なお、表面利回り＝年間賃料収入÷購入価格×100とする。",,,,,,5.0％,5.5％,5.6％,6.0％,3,"正解は3です。表面利回り＝414万円÷7,400万円×100＝5.59％→表示上5.6％です。",学科の不動産利回りをベースに、表面利回りを直接計算する第6の演習です。,"414÷7,400×100＝5.59％→5.6％。年間賃料収入を購入価格で割り、百分率に直します。","1:5.0％は第200問（350万・7,000万）の正答を流用した誤答です。本問は賃料414万円・購入価格7,400万円で再計算し、5.6％が正しい表面利回りです。数値を流用しないこと。;2:5.5％は第330問（396万・7,200万）の正答を流用した誤答です。表面利回りは経費控除前の414万円を分母7,400万円で割り、5.6％が正答です。5.5％は別の組合せです。;4:6.0％は第200問（342万・5,700万）の正答を流用した誤答です。本問は414万円÷7,400万円×100＝5.6％です。過去の派生正答を流用しないこと。",表面利回り＝年間賃料÷購入価格×100。第330問（5.5％）と購入価格・賃料を取り違えない。
371,single,金融資産運用,FP2級;学科;実践演習;四答択;source:2026-gakka-26-v38,2026-gakka-26,,"Ｉ社の株価が3,040円、１株当たり純利益が80円である場合、Ｉ社のＰＥＲ（株価収益率）は、 （   ）である。",,,,,,32倍,35倍,38倍,40倍,3,"正解は3です。PER＝株価÷１株当たり純利益です。3,040円÷80円＝38倍です。",2026年学科第26問をベースに、PERを直接計算する第18の演習です。,"PER＝3,040÷80＝38倍。株価を１株当たり純利益で割ります。","1:32倍は第271問（2,688円・84円）の正答を流用した誤答です。本問は3,040円・80円で再計算し、38倍が正しいPERです。過去の派生正答を流用しないこと。;2:35倍は第311問（2,520円・72円）の正答を流用した誤答です。株価3,040円・純利益80円をそのまま割ると38倍であり、35倍にはなりません。;4:40倍は3,200÷80×100など、株価を誤認した場合の値です。本問は3,040円・80円で再計算し、38倍が正しいPERです。株価・純利益の組合せを確認してください。",PER＝株価÷EPS。第351問（32倍）と株価・純利益の組合せを取り違えない。
372,single,金融資産運用,FP2級;学科;実践演習;四答択;source:2025-gakka-28-v26,2025-gakka-28,,"Ｋさんのポートフォリオにおける各資産の構成比および期待収益率が下記のとおりである場合、当該ポートフォリオの期待収益率は、 （   ）である。

預金　27％　期待収益率0.1％
債券　23％　期待収益率2.58％
株式　50％　期待収益率7.26％",,,,,,3.85％,4.05％,4.25％,4.50％,2,正解は2です。0.1％×27％＋2.58％×23％＋7.26％×50％＝0.027％＋0.5934％＋3.63％＝4.0504％→表示上4.05％です。,2025年学科第28問の26問目。構成比と収益率を再変更した演習です。,0.1×0.27＋2.58×0.23＋7.26×0.5＝4.0504％→4.05％。各資産の加重平均です。,1:3.85％は構成比を誤った加重平均の結果です。27％・23％・50％で0.1％・2.58％・7.26％を掛け合わせ、合計4.05％になります。構成比を確認してください。;3:4.25％は第303問（4.95％）の正答を流用した誤答です。本問は27・23・50で再計算し、4.05％が正しい期待収益率です。構成比を確認してください。;4:4.50％は第323問（4.50％）の正答を流用した誤答です。本問は27・23・50で再計算し、4.05％が正しい期待収益率です。過去の派生正答を流用しないこと。,ポートフォリオ期待収益率は毎回構成比から計算。第352問（4.35％）と構成比を取り違えない。
373,single,金融資産運用,FP2級;学科;実践演習;四答択;source:2025-gakka-24-v26,2025-gakka-24,,表面利率（クーポンレート）3.5％、残存期間5年の固定利付債券を額面100円当たり91円で購入した場合の最終利回り（年率・単利）は、 （   ）である。なお、税金等は考慮しないものとし、計算結果は表示単位の小数点以下第３位を四捨五入している。,,,,,,5.00％,5.28％,5.85％,6.27％,2,正解は2です。{3.5％＋(100円－91円)÷5年}÷91円×100＝{3.5＋1.8}÷91×100≒5.275％→小数点以下第3位四捨五入で5.28％です。,学科の債券最終利回りの36問目。ディスカウント購入・5年残存に変更した演習です。,{3.5＋(100－91)÷5}÷91×100≒5.275％→5.28％。償還差益を期間で按分します。,1:5.00％は償還差益の按分を誤った場合に出やすい値です。ディスカウント購入では(100－91)÷5＝1.8を加算し、式どおり5.28％になります。按分年数を確認してください。;3:5.85％は第313問（94円・4年・5.85％）の正答を流用した誤答です。本問は購入価格91円・残存5年で再計算し、5.28％が正しい最終利回りです。数値を流用しないこと。;4:6.27％は第333問（93円・3年・6.27％）の正答を流用した誤答です。本問は91円・残存5年・表面利率3.5％で再計算し、5.28％が正しい利回りです。購入価格・期間を確認してください。,ディスカウント購入（91円）では(100－91)がプラス。第353問（92円・6.52％）と購入価格を取り違えない。
374,single,金融資産運用,FP2級;学科;実践演習;四答択;source:2026-gakka-27-v24,2026-gakka-27,,"下記の〈条件〉で、円貨を米ドルに交換して米ドル建定期預金に10,000米ドルを預け入れ、満期時に元利金の米ドルを円貨に交換して受け取る場合における利回り（単利・年率）は、 （   ）である。なお、税金は考慮しないものとし、計算結果は表示単位の小数点以下第３位を四捨五入するものとする。

〈条件〉
・預入期間：１年
・預金金利：2.50％（年率）
・為替予約なし
・為替レート（米ドル／円）
　預入時…ＴＴＳ：133.00円　ＴＴＢ：132.00円
　満期時…ＴＴＳ：140.50円　ＴＴＢ：140.00円",,,,,,7.70％,7.89％,7.95％,8.19％,2,"正解は2です。預入時10,000×133.00＝133.00万円、満期時10,250×140.00＝143.50万円。利回り＝10.50万円÷133.00万円×100≒7.894％→7.89％です。",2026年学科第27問の24問目。為替レートと金利だけ変更した外貨預金の演習です。,133.00万円投下、143.50万円受取。差額10.50万÷133.00万×100≒7.89％。買いＴＴＳ・売りＴＴＢです。,1:7.70％は第345問（130.75円・137.00円）の正答を流用した誤答です。本問は133.00円・140.00円で再計算し、7.89％が正しい利回りです。為替レートを確認してください。;3:7.95％は第365問（132.25円・139.40円）の正答を流用した誤答です。本問は133.00円・140.00円で再計算し、7.89％が正しい利回りです。過去の派生正答を流用しないこと。;4:8.19％は為替差益を過大に見積もった誤答で生じやすい値です。金利2.50％分の米ドル増と為替変動の両方を含め、投下133.00万円で割ります。,"外貨預金利回りは各バッチと同型。金利2.50％なら満期は10,250米ドルになる。"
375,single,ライフプランニングと資金計画,FP2級;学科;実践演習;四答択;source:2025-gakka-01-v6,2025-gakka-01,,"Ｆさんの可処分所得（年間）の金額は、下記の〈資料〉によれば、 （   ）である。

〈資料〉
給与収入　　：1,248万円
給与所得　　：  862万円
所得税・住民税： 101万円
社会保険料　： 141万円
生命保険料　：  19万円",,,,,,986万円,"1,006万円","1,026万円","1,248万円",2,"正解は2です。可処分所得＝給与収入－所得税・住民税－社会保険料です。1,248万円－101万円－141万円＝1,006万円です。",学科の可処分所得をベースに、収入・控除額だけ変更した第19の演習です。,"1,248－101－141＝1,006万円。給与所得862万円や生命保険料19万円はこの式に含めません。","1:986万円は生命保険料まで差し引いた値など、家計支出を控除に含めた誤りです。可処分所得は税と社会保険料のみを給与収入から引き、保険料は控除項目ではありません。;3:1,026万円は第355問（1,218－99－136＝983万円）の正答を流用した誤答です。本問は1,248－101－141で再計算し、1,006万円が正しい可処分所得です。数値を流用しないこと。;4:1,248万円は給与収入そのもので、税・社会保険料を差し引いていません。所得税・住民税101万円と社会保険料141万円の両方を引く必要があり、1,006万円が正答です。収入全額ではありません。",可処分所得＝給与収入－所得税・住民税－社会保険料。第355問（983万円）と数値を取り違えない。
376,single,ライフプランニングと資金計画,FP2級;学科;実践演習;四答択;source:2025-gakka-10-v31,2025-gakka-10,,"下記の〈Ｂ社の貸借対照表〉に基づくＢ社の固定長期適合率は、 （   ）である。なお、固定長期適合率＝（純資産＋固定負債）÷固定資産×100とする。

〈Ｂ社の貸借対照表〉（単位：百万円）
固定資産　5,200
流動資産　2,500
流動負債　　810
固定負債　1,560
純資産　　3,840",,,,,,100％,103％,105％,107％,3,"正解は3です。（3,840＋1,560）百万円÷5,200百万円×100＝105.0％です。",学科第10問をベースに、固定長期適合率を直接計算する第16の演習です。,"（3,840＋1,560）÷5,200×100＝105.0％。純資産と固定負債の合計を固定資産で割ります。","1:100％は第307問（2,940＋1,260÷4,200）の正答を流用した誤答です。本問は純資産3,840・固定負債1,560・固定資産5,200で再計算し、105％が正しい固定長期適合率です。;2:103％は第327問（3,270＋1,380÷4,500）の正答を流用した誤答です。本問は純資産3,840・固定負債1,560で再計算し、105％が正しい固定長期適合率です。数値を流用しないこと。;4:107％は第336問（3,210＋1,410÷4,300）の正答を流用した誤答です。固定資産5,200百万円を分母に（3,840＋1,560）÷5,200×100＝105％が正しい計算になります。",固定長期適合率＝（純資産＋固定負債）÷固定資産×100。第366問（101％）と数値を取り違えない。
377,single,ライフプランニングと資金計画,FP2級;学科;実践演習;四答択;source:2025-gakka-10-v32,2025-gakka-10,,"下記の〈Ｃ社の貸借対照表〉に基づくＣ社の自己資本比率は、 （   ）である。なお、自己資本比率＝純資産÷総資産×100とする。

〈Ｃ社の貸借対照表〉（単位：百万円）
総資産　12,400
純資産　4,680",,,,,,35.0％,36.5％,37.7％,38.5％,3,"正解は3です。自己資本比率＝4,680百万円÷12,400百万円×100＝37.7％です。",学科第10問をベースに、自己資本比率を直接計算する第15の演習です。,"4,680÷12,400×100＝37.7％。純資産を総資産で割り、百分率に直します。","1:35.0％は4,340÷12,400など、純資産を誤った場合の値です。純資産は4,680百万円なので、4,680÷12,400×100＝37.7％が正しい計算になります。;2:36.5％は第357問（4,536÷12,100）の正答を流用した誤答です。本問は純資産4,680・総資産12,400で再計算し、37.7％が正しい自己資本比率です。数値を流用しないこと。;4:38.5％は4,774÷12,400など、純資産を大きく取った誤答で生じやすい値です。自己資本比率は純資産4,680百万円÷総資産12,400百万円×100＝37.7％です。第357問（37.5％）と取り違えないこと。",自己資本比率＝純資産÷総資産×100。第357問（37.5％）と総資産・純資産を取り違えない。
378,single,タックスプランニング,FP2級;学科;実践演習;四答択;source:2026-gakka-34-v11,2026-gakka-34,,Ｙさんの2025年分の所得税における医療費控除の控除額を計算する場合、総所得金額が760万円、医療費として実際に支払った金額が93万円、その補填として受け取った保険金が13万円であるとき、医療費控除額は、 （   ）である。なお、「特定一般用医薬品等購入費を支払った場合の医療費控除の特例」は考慮しない。,,,,,,37万円,39万円,42万円,45万円,3,"正解は3です。医療費控除額＝支払医療費－保険金等の補填－max(10万円, 総所得金額×5％)です。93万円－13万円－38万円（760万円×5％）＝42万円です。",2026年学科第34問の11問目。医療費控除額を直接計算する演習です。,補填後80万円から、総所得760万円の5％である38万円（10万円超）を差し引き、控除額42万円です。,1:37万円は最低限度額10万円だけを差し引いた誤りです。総所得760万円の場合は5％の38万円が限度となるため、控除額は42万円です。10万円固定ではありません。;2:39万円は第277問（580万・76万・8万）の正答を流用した誤答です。本問は総所得760万円・支払93万円で再計算し、42万円が正しい控除額です。数値を流用しないこと。;4:45万円は第337問（700万・92万・12万）の正答を流用した誤答です。補填後80万円から限度38万円を引き、控除額は42万円です。限度額そのものを控除額と混同しないこと。,"医療費控除＝支払－補填－max(10万, 総所得×5％)。第358問（41万円）と総所得額を取り違えない。"
379,single,タックスプランニング,FP2級;学科;実践演習;四答択;source:2026-gakka-32-v11,2026-gakka-32,,所得税における一時所得に係る総収入金額が465万円で、その収入を得るために支出した金額が125万円である場合、一時所得の金額は（ ① ）、そのうち総所得金額に算入される金額は（ ② ）となる。,,,,,,① 230万円   ② 115万円,① 310万円   ② 155万円,① 320万円   ② 160万円,① 320万円   ② 320万円,2,正解は2です。一時所得の金額＝465万円－125万円－特別控除50万円＝310万円。総所得金額に算入される金額はその2分の1の155万円です。,学科の一時所得をベースに、収入・支出だけ変更した第16の演習です。,一時所得＝465－125－50＝310万円。総所得算入は半額の155万円です。,1:①230万円・②115万円は特別控除50万円を差し引かない誤りです。465－125－50＝310万円が一時所得の金額であり、半額の155万円が総所得への算入額です。支出を忘れないこと。;3:①320万円・②160万円は支出125万円を差し引かない誤りです。一時所得は収入－支出－50万円であり、465－125－50＝310万円、算入は155万円です。特別控除を忘れないこと。;4:①320万円・②320万円は半額算入を誤って全額算入した誤答です。一時所得310万円のうち総所得に算入するのは2分の1の155万円です。全額算入ではありません。,一時所得＝収入－支出－50万円、総所得算入は半額。第359問（280万・140万円）と数値を取り違えない。
380,single,相続・事業承継,FP2級;学科;実践演習;四答択;source:2026-gakka-58-v16,2026-gakka-58,,"貸家建付地の相続税評価額は、その自用地としての価額が1億2,000万円、借地権割合が59％、借家権割合が23％、賃貸割合が100％である場合、 （   ）となる。",,,,,,"8,500万円","9,600万円","10,372万円","1億2,000万円",3,"正解は3です。1億2,000万円×(1－59％×23％×100％)＝1億2,000万円×86.43％＝10,371.6万円→表示上10,372万円です。",学科の貸家建付地の14問目。借地権・借家権割合だけ変更した演習です。,"1億2,000万円×(1－0.59×0.23×1)＝10,371.6万円→10,372万円。3つの割合を掛けて控除率13.57％です。","1:8,500万円は借地権割合だけを控除した誤りで生じやすい値です。貸家建付地では借家権割合と賃貸割合も掛け合わせ、0.59×0.23×1＝13.57％を控除します。3つ掛け算です。;2:9,600万円は第350問（1.15億・58％・24％）の正答を流用した誤答です。本問は1億2,000万円・59％・23％で再計算し、10,372万円が評価額になります。割合を確認してください。;4:1億2,000万円は自用地のままの評価額で、貸家建付地としての減額を反映していません。借地権59％・借家権23％を掛け合わせ控除し、10,372万円が正しい評価額です。自用地価額のままではありません。","貸家建付地＝自用地×(1－借地権×借家権×賃貸割合)。第350問（9,908万円）と割合を取り違えない。"
381,single,金融資産運用,FP2級;学科;実践演習;四答択;source:2026-gakka-26-v36,2026-gakka-26,,"Ｊ社の１株当たり純利益が152円、１株当たり純資産（自己資本）が1,900円である場合、Ｊ社のＲＯＥは、 （   ）である。",,,,,,6％,7％,8％,9％,3,"正解は3です。ROE＝１株当たり純利益÷１株当たり純資産×100です。152円÷1,900円×100＝8％です。",2026年学科第26問のROEをベースに、純利益と純資産だけ変更した第19の演習です。,"ROE＝152÷1,900×100＝8％。分子は純利益、分母は自己資本（純資産）です。","1:6％は第121問（96円・1,600円）の正答を流用した誤答です。本問は152円・1,900円で再計算し、8％が正しいROEです。過去の派生正答を流用しないこと。;2:7％は第341問（126円・1,800円）の正答を流用した誤答です。純利益152円・純資産1,900円を用いると8％となり、7％にはなりません。純利益の数値を確認してください。;4:9％は第261問（153円・1,700円）の正答を流用した誤答です。本問の純資産は1,900円なので、152÷1,900×100＝8％が正しい計算になります。純資産の数値を確認してください。",ROE＝純利益÷純資産×100。第361問（8％）と純利益・純資産を取り違えない。
382,single,金融資産運用,FP2級;学科;実践演習;四答択;source:2026-gakka-26-v37,2026-gakka-26,,"Ｋ社の株価が3,640円、１株当たり純資産（自己資本）が910円である場合、Ｋ社のＰＢＲ（株価純資産倍率）は、 （   ）である。",,,,,,3.5倍,4.0倍,4.5倍,5.0倍,2,"正解は2です。PBR＝株価÷１株当たり純資産です。3,640円÷910円＝4.0倍です。",2026年学科第26問のPBRをベースに、株価と純資産だけ変更した第17の演習です。,"PBR＝3,640÷910＝4.0倍。株価を１株当たり純資産で割ります。","1:3.5倍は第242問（3,150円・900円）の正答を流用した誤答です。本問は3,640円・910円で再計算し、4.0倍が正しいPBRです。過去の派生正答を流用しないこと。;3:4.5倍は第342問（3,510円・780円）の正答を流用した誤答です。株価3,640円・純資産910円をそのまま割ると4.0倍であり、4.5倍にはなりません。;4:5.0倍は第362問（3,510円・702円）の正答を流用した誤答です。PBRの分母は純資産910円であり、3,640÷910＝4.0倍です。純利益は使いません。",PBR＝株価÷BPS。第322問（4.0倍）と株価・純資産を取り違えない。
383,single,金融資産運用,FP2級;学科;実践演習;四答択;source:2025-gakka-28-v26,2025-gakka-28,,"Ｌさんのポートフォリオにおける各資産の構成比および期待収益率が下記のとおりである場合、当該ポートフォリオの期待収益率は、 （   ）である。

預金　20％　期待収益率0.1％
債券　30％　期待収益率2.52％
株式　50％　期待収益率7.28％",,,,,,4.20％,4.42％,4.65％,4.95％,2,正解は2です。0.1％×20％＋2.52％×30％＋7.28％×50％＝0.02％＋0.756％＋3.64％＝4.416％→表示上4.42％です。,2025年学科第28問の26問目。構成比と収益率を再変更した演習です。,0.1×0.2＋2.52×0.3＋7.28×0.5＝4.416％→4.42％。各資産の加重平均です。,1:4.20％は構成比を誤った加重平均の結果です。20％・30％・50％で0.1％・2.52％・7.28％を掛け合わせ、合計4.42％になります。構成比を確認してください。;3:4.65％は第303問（4.95％）の正答を流用した誤答です。本問は20・30・50で再計算し、4.42％が正しい期待収益率です。構成比を確認してください。;4:4.95％は第303問（4.95％）の正答を流用した誤答です。本問は20・30・50で再計算し、4.42％が正しい期待収益率です。過去の派生正答を流用しないこと。,ポートフォリオ期待収益率は毎回構成比から計算。第363問（4.48％）と構成比を取り違えない。
384,single,金融資産運用,FP2級;学科;実践演習;四答択;source:2025-gakka-24-v26,2025-gakka-24,,表面利率（クーポンレート）3.5％、残存期間3年の固定利付債券を額面100円当たり97.6円で購入した場合の最終利回り（年率・単利）は、 （   ）である。なお、税金等は考慮しないものとし、計算結果は表示単位の小数点以下第３位を四捨五入している。,,,,,,3.85％,4.04％,4.25％,4.56％,2,正解は2です。{3.5％＋(100円－97.6円)÷3年}÷97.6円×100＝{3.5＋0.8}÷97.6×100≒4.037％→小数点以下第3位四捨五入で4.04％です。,学科の債券最終利回りの37問目。プレミアム購入・3年残存に変更した演習です。,{3.5＋(100－97.6)÷3}÷97.6×100≒4.037％→4.04％。償還差損を期間で按分します。,1:3.85％は償還差損の按分を誤った場合に出やすい値です。プレミアム購入では(100－97.6)÷3＝0.8を加算し、式どおり4.04％になります。按分年数を確認してください。;3:4.25％は第304問（95円・6年・4.56％）の正答を流用した誤答です。本問は購入価格97.6円・残存3年で再計算し、4.04％が正しい最終利回りです。数値を流用しないこと。;4:4.56％は第304問（95円・6年・4.56％）の正答を流用した誤答です。本問は97.6円・残存3年で再計算し、4.04％が正しい利回りです。購入価格・期間を確認してください。,プレミアム購入（97.6円）では(100－97.6)がマイナス。第364問（98.8円・3.44％）と購入価格を取り違えない。
385,single,金融資産運用,FP2級;学科;実践演習;四答択;source:2026-gakka-27-v24,2026-gakka-27,,"下記の〈条件〉で、円貨を米ドルに交換して米ドル建定期預金に10,000米ドルを預け入れ、満期時に元利金の米ドルを円貨に交換して受け取る場合における利回り（単利・年率）は、 （   ）である。なお、税金は考慮しないものとし、計算結果は表示単位の小数点以下第３位を四捨五入するものとする。

〈条件〉
・預入期間：１年
・預金金利：2.75％（年率）
・為替予約なし
・為替レート（米ドル／円）
　預入時…ＴＴＳ：133.75円　ＴＴＢ：132.75円
　満期時…ＴＴＳ：140.75円　ＴＴＢ：140.25円",,,,,,7.70％,7.89％,8.04％,8.35％,3,"正解は3です。預入時10,000×133.75＝133.75万円、満期時10,275×140.25＝144.41175万円。利回り＝10.66175万円÷133.75万円×100≒8.043％→8.04％です。",2026年学科第27問の24問目。為替レートと金利だけ変更した外貨預金の演習です。,133.75万円投下、144.41175万円受取。差額10.66175万÷133.75万×100≒8.04％。買いＴＴＳ・売りＴＴＢです。,1:7.70％は第345問（130.75円・137.00円）の正答を流用した誤答です。本問は133.75円・140.25円で再計算し、8.04％が正しい利回りです。為替レートを確認してください。;2:7.89％は第374問（133.00円・140.00円）の正答を流用した誤答です。本問は133.75円・140.25円で再計算し、8.04％が正しい利回りです。過去の派生正答を流用しないこと。;4:8.35％は為替差益を過大に見積もった誤答で生じやすい値です。金利2.75％分の米ドル増と為替変動の両方を含め、投下133.75万円で割ります。,"外貨預金利回りは各バッチと同型。金利2.75％なら満期は10,275米ドルになる。"
386,single,ライフプランニングと資金計画,FP2級;学科;実践演習;四答択;source:2025-gakka-10-v30,2025-gakka-10,,"下記の〈Ｄ社の貸借対照表〉に基づくＤ社の流動比率は、 （   ）である。なお、流動比率＝流動資産÷流動負債×100とする。

〈Ｄ社の貸借対照表〉（単位：百万円）
流動資産　2,950
固定資産　4,150
流動負債　　690
固定負債　1,260
純資産　　5,250",,,,,,400％,415％,428％,450％,3,"正解は3です。流動比率＝2,950百万円÷690百万円×100＝428％です。",学科第10問をベースに、流動比率を直接計算する第14の演習です。,"2,950÷690×100＝428％。流動資産を流動負債で割ります。","1:400％は第236問（2,720÷680）の正答を流用した誤答です。本問は流動資産2,950・流動負債690で再計算し、428％が正しい流動比率です。数値を流用しないこと。;2:415％は2,864÷690など、流動資産を小さく取った誤答です。流動負債690百万円に対する流動資産2,950百万円なので、流動比率は428％です。;4:450％は第267問（2,610÷580）の正答を流用した誤答です。流動資産2,950百万円÷流動負債690百万円×100＝428％が正しい計算になります。第346問（428％）と同率だが数値が異なる。",流動比率＝流動資産÷流動負債×100。第346問（428％）と流動資産・負債を取り違えない。
387,single,タックスプランニング,FP2級;学科;実践演習;四答択;source:2026-gakka-33-v15,2026-gakka-33,,Ａさんの2025年分の所得税における総所得金額は、給与所得の金額が328万円、譲渡所得の金額が58万円であるとき、 （   ）である。なお、ほかの所得はないものとする。,,,,,,270万円,328万円,386万円,400万円,3,正解は3です。総所得金額は各所得の金額を合計します。328万円＋58万円＝386万円です。,2026年学科第33問をベースに、給与所得と譲渡所得の単純合計の演習です。,給与所得328万円＋譲渡所得58万円＝386万円。損益通算が不要な場合は単純合計です。,1:270万円は328万円－58万円など、所得を差し引いた誤りです。譲渡所得は総所得に加算するため、328＋58＝386万円が総所得金額です。差し引きではありません。;2:328万円は給与所得のみで、譲渡所得58万円を加算していません。ほかの所得がない場合でも、譲渡所得を合計し、386万円が総所得金額です。両方足します。;4:400万円は給与収入金額と混同した誤答で生じやすい値です。本問は所得の金額（給与所得328万円）を合計し、386万円になります。収入金額ではありません。,総所得金額は各所得の金額の合計。第348問（373万円）と所得の種類を取り違えない。
388,single,タックスプランニング,FP2級;学科;実践演習;四答択;source:2026-gakka-34-v12,2026-gakka-34,,Ｂさんが暦年課税により叔母から現金231万円の贈与を受けた場合の贈与税の課税価格は、 （   ）である。,,,,,,101万円,111万円,121万円,231万円,3,正解は3です。暦年課税の課税価格＝贈与財産の価額－基礎控除110万円です。231万円－110万円＝121万円です。,学科の贈与税をベースに、贈与額231万円に変更した課税価格の演習です。,231－110＝121万円。暦年課税では110万円の基礎控除後の金額が課税価格です。,1:101万円は贈与221万円と誤認した場合の課税価格など、別の贈与額の結果です。贈与額231万円から基礎控除110万円を引き、課税価格は121万円になります。贈与額を確認してください。;2:111万円は第369問（228万・118万円）の正答を流用した誤答です。本問は贈与額231万円で再計算し、121万円が正しい課税価格です。数値を流用しないこと。;4:231万円は贈与財産の価額そのもので、基礎控除を差し引いていません。暦年課税では110万円の基礎控除後の121万円が課税価格です。贈与額全額は課税価格ではありません。,暦年課税の課税価格＝贈与額－110万円。第369問（118万円）と贈与額を取り違えない。
389,single,タックスプランニング,FP2級;学科;実践演習;四答択;source:2026-gakka-16-v13,2026-gakka-16,,"給与所得者が35年間勤務した会社を定年退職し、退職金3,600万円の支給を受けた場合、所得税における退職所得の金額の計算上、退職所得控除額は（   ）となる。",,,,,,"800万円＋40万円×(35年－20年)＝1,400万円","800万円＋70万円×(35年－20年)＝1,850万円","40万円×35年＝1,400万円","70万円×35年＝2,450万円",2,"正解は2です。勤続35年（20年超）なので、800万円＋70万円×(35－20)＝800万円＋1,050万円＝1,850万円です。",学科の退職所得控除の19問目。35年勤続（20年超）に変更した演習です。,"35年は20年超。800万円＋70万円×(35－20)＝1,850万円。40万円×年数の式は使いません。","1:800万円＋40万円×(35－20)は20年超用の70万円式を誤用した選択肢です。35年勤続は20年超なので、800万円＋70万円×15年＝1,850万円の公式を使います。年数で式を選びます。;3:40万円×35年は20年以下用の式を誤用した誤答です。35年勤続は20年超なので、800万円＋70万円×(35－20)＝1,850万円が控除額です。40万円×年数は使いません。;4:70万円×35年は退職所得控除の公式ではありません。20年超は800万円＋70万円×(年－20)であり、35年なら1,850万円になります。70万円×年数ではありません。","退職所得控除は20年以下と20年超で式が異なる。第368問（34年・1,780万）と勤続年数を取り違えない。"
390,single,相続・事業承継,FP2級;学科;実践演習;四答択;source:2026-gakka-58-v16,2026-gakka-58,,借地権（定期借地権等を除く）の目的となっている宅地の相続税評価額は、その自用地としての価額が1億円、借地権割合が75％である場合、原則として、 （   ）となる。,,,,,,"1,500万円","2,000万円","2,500万円",1億円,3,"正解は3です。貸宅地の評価額は、自用地価額×(1－借地権割合)です。1億円×25％＝2,500万円です。",学科の貸宅地評価をベースに、自用地価額と借地権割合だけ変更した第6の演習です。,"1億円×(1－75％)＝2,500万円。借地権割合だけを控除し、借家権は使いません。","1:1,500万円は1億円×15％など、控除後の割合を誤った場合の値です。借地権割合75％なら残りは25％であり、1億×0.25＝2,500万円が正しい評価額です。;2:2,000万円は第310問（9,800万・74％・2,548万円）の正答を流用した誤答です。本問は1億円・75％で再計算し、2,500万円が評価額になります。割合を確認してください。;4:1億円は自用地のままの評価額で、借地権の目的地としての減額を反映していません。借地権割合75％を控除し、2,500万円が貸宅地の評価額です。第310問（2,548万円）と数値を取り違えないこと。",貸宅地＝自用地×(1－借地権割合)。貸家建付地の3割合公式と混同しないこと。
391,single,金融資産運用,FP2級;学科;実践演習;四答択;source:2026-gakka-26-v38,2026-gakka-26,,"Ｌ社の株価が3,200円、１株当たり純利益が80円である場合、Ｌ社のＰＥＲ（株価収益率）は、 （   ）である。",,,,,,32倍,35倍,40倍,45倍,3,"正解は3です。PER＝株価÷１株当たり純利益です。3,200円÷80円＝40倍です。",2026年学科第26問をベースに、PERを直接計算する第19の演習です。,"PER＝3,200÷80＝40倍。株価を１株当たり純利益で割ります。","1:32倍は第271問（2,688円・84円）の正答を流用した誤答です。本問は3,200円・80円で再計算し、40倍が正しいPERです。過去の派生正答を流用しないこと。;2:35倍は第311問（2,520円・72円）の正答を流用した誤答です。株価3,200円・純利益80円をそのまま割ると40倍であり、35倍にはなりません。;4:45倍は3,600÷80×100など、株価を誤認した場合の値です。本問は3,200円・80円で再計算し、40倍が正しいPERです。株価・純利益の組合せを確認してください。",PER＝株価÷EPS。第371問（38倍）と株価・純利益の組合せを取り違えない。
392,single,金融資産運用,FP2級;学科;実践演習;四答択;source:2025-gakka-28-v26,2025-gakka-28,,"Ｍさんのポートフォリオにおける各資産の構成比および期待収益率が下記のとおりである場合、当該ポートフォリオの期待収益率は、 （   ）である。

預金　18％　期待収益率0.1％
債券　32％　期待収益率2.48％
株式　50％　期待収益率7.15％",,,,,,4.05％,4.20％,4.39％,4.56％,3,正解は3です。0.1％×18％＋2.48％×32％＋7.15％×50％＝0.018％＋0.7936％＋3.575％＝4.3866％→表示上4.39％です。,2025年学科第28問の26問目。構成比と収益率を再変更した演習です。,0.1×0.18＋2.48×0.32＋7.15×0.5＝4.3866％→4.39％。各資産の加重平均です。,1:4.05％は第372問（4.05％）の正答を流用した誤答です。本問は18・32・50で再計算し、4.39％が正しい期待収益率です。構成比を確認してください。;2:4.20％は構成比を誤った加重平均の結果です。18％・32％・50％で0.1％・2.48％・7.15％を掛け合わせ、合計4.39％になります。構成比を確認してください。;4:4.56％は第252問（4.56％）の正答を流用した誤答です。本問は18・32・50で再計算し、4.39％が正しい期待収益率です。過去の派生正答を流用しないこと。,ポートフォリオ期待収益率は毎回構成比から計算。第332問（4.39％）と構成比を取り違えない。
393,single,金融資産運用,FP2級;学科;実践演習;四答択;source:2025-gakka-24-v26,2025-gakka-24,,表面利率（クーポンレート）3.5％、残存期間5年の固定利付債券を額面100円当たり90円で購入した場合の最終利回り（年率・単利）は、 （   ）である。なお、税金等は考慮しないものとし、計算結果は表示単位の小数点以下第３位を四捨五入している。,,,,,,5.50％,5.85％,6.11％,6.52％,3,正解は3です。{3.5％＋(100円－90円)÷5年}÷90円×100＝{3.5＋2}÷90×100≒6.111％→小数点以下第3位四捨五入で6.11％です。,学科の債券最終利回りの38問目。ディスカウント購入・5年残存に変更した演習です。,{3.5＋(100－90)÷5}÷90×100≒6.111％→6.11％。償還差益を期間で按分します。,1:5.50％は償還差益の按分を誤った場合に出やすい値です。ディスカウント購入では(100－90)÷5＝2を加算し、式どおり6.11％になります。按分年数を確認してください。;2:5.85％は第313問（94円・4年・5.85％）の正答を流用した誤答です。本問は購入価格90円・残存5年で再計算し、6.11％が正しい最終利回りです。数値を流用しないこと。;4:6.52％は第353問（92円・4年・6.52％）の正答を流用した誤答です。本問は90円・残存5年で再計算し、6.11％が正しい利回りです。購入価格・期間を確認してください。,ディスカウント購入（90円）では(100－90)がプラス。第373問（91円・5.28％）と購入価格を取り違えない。
394,single,金融資産運用,FP2級;学科;実践演習;四答択;source:2026-gakka-27-v24,2026-gakka-27,,"下記の〈条件〉で、円貨を米ドルに交換して米ドル建定期預金に10,000米ドルを預け入れ、満期時に元利金の米ドルを円貨に交換して受け取る場合における利回り（単利・年率）は、 （   ）である。なお、税金は考慮しないものとし、計算結果は表示単位の小数点以下第３位を四捨五入するものとする。

〈条件〉
・預入期間：１年
・預金金利：2.50％（年率）
・為替予約なし
・為替レート（米ドル／円）
　預入時…ＴＴＳ：134.50円　ＴＴＢ：133.50円
　満期時…ＴＴＳ：142.00円　ＴＴＢ：141.50円",,,,,,7.70％,7.85％,8.04％,8.19％,2,"正解は2です。預入時10,000×134.50＝134.50万円、満期時10,250×141.50＝145.0375万円。利回り＝10.5375万円÷134.50万円×100≒7.854％→7.85％です。",2026年学科第27問の24問目。為替レートと金利だけ変更した外貨預金の演習です。,134.50万円投下、145.0375万円受取。差額10.5375万÷134.50万×100≒7.85％。買いＴＴＳ・売りＴＴＢです。,1:7.70％は第345問（130.75円・137.00円）の正答を流用した誤答です。本問は134.50円・141.50円で再計算し、7.85％が正しい利回りです。為替レートを確認してください。;3:8.04％は第385問（133.75円・140.25円）の正答を流用した誤答です。本問は134.50円・141.50円で再計算し、7.85％が正しい利回りです。過去の派生正答を流用しないこと。;4:8.19％は為替差益を過大に見積もった誤答で生じやすい値です。金利2.50％分の米ドル増と為替変動の両方を含め、投下134.50万円で割ります。,"外貨預金利回りは各バッチと同型。金利2.50％なら満期は10,250米ドルになる。"
395,single,ライフプランニングと資金計画,FP2級;学科;実践演習;四答択;source:2025-gakka-01-v6,2025-gakka-01,,"Ｇさんの可処分所得（年間）の金額は、下記の〈資料〉によれば、 （   ）である。

〈資料〉
給与収入　　：1,265万円
給与所得　　：  868万円
所得税・住民税： 102万円
社会保険料　： 143万円
生命保険料　：  20万円",,,,,,980万円,"1,000万円","1,020万円","1,265万円",2,"正解は2です。可処分所得＝給与収入－所得税・住民税－社会保険料です。1,265万円－102万円－143万円＝1,000万円です。",学科の可処分所得をベースに、収入・控除額だけ変更した第20の演習です。,"1,265－102－143＝1,000万円。給与所得868万円や生命保険料20万円はこの式に含めません。","1:980万円は生命保険料まで差し引いた値など、家計支出を控除に含めた誤りです。可処分所得は税と社会保険料のみを給与収入から引き、保険料は控除項目ではありません。;3:1,020万円は第375問（1,248－101－141＝1,006万円）の正答を流用した誤答です。本問は1,265－102－143で再計算し、1,000万円が正しい可処分所得です。数値を流用しないこと。;4:1,265万円は給与収入そのもので、税・社会保険料を差し引いていません。所得税・住民税102万円と社会保険料143万円の両方を引く必要があり、1,000万円が正答です。収入全額ではありません。","可処分所得＝給与収入－所得税・住民税－社会保険料。第375問（1,006万円）と数値を取り違えない。"
396,single,ライフプランニングと資金計画,FP2級;学科;実践演習;四答択;source:2025-gakka-10-v31,2025-gakka-10,,"下記の〈Ｅ社の貸借対照表〉に基づくＥ社の固定長期適合率は、 （   ）である。なお、固定長期適合率＝（純資産＋固定負債）÷固定資産×100とする。

〈Ｅ社の貸借対照表〉（単位：百万円）
固定資産　5,200
流動資産　2,600
流動負債　　840
固定負債　1,680
純資産　　3,960",,,,,,100％,105％,108％,110％,3,"正解は3です。（3,960＋1,680）百万円÷5,200百万円×100＝108.0％です。",学科第10問をベースに、固定長期適合率を直接計算する第17の演習です。,"（3,960＋1,680）÷5,200×100＝108.0％。純資産と固定負債の合計を固定資産で割ります。","1:100％は第307問（2,940＋1,260÷4,200）の正答を流用した誤答です。本問は純資産3,960・固定負債1,680・固定資産5,200で再計算し、108％が正しい固定長期適合率です。;2:105％は第376問（3,840＋1,560÷5,200）の正答を流用した誤答です。本問は純資産3,960・固定負債1,680で再計算し、108％が正しい固定長期適合率です。数値を流用しないこと。;4:110％は固定資産を小さく取った誤りで生じやすい値です。固定資産5,200百万円を分母に（3,960＋1,680）÷5,200×100＝108％が正しい計算になります。",固定長期適合率＝（純資産＋固定負債）÷固定資産×100。第376問（105％）と数値を取り違えない。
397,single,ライフプランニングと資金計画,FP2級;学科;実践演習;四答択;source:2025-gakka-10-v32,2025-gakka-10,,"下記の〈Ｆ社の貸借対照表〉に基づくＦ社の自己資本比率は、 （   ）である。なお、自己資本比率＝純資産÷総資産×100とする。

〈Ｆ社の貸借対照表〉（単位：百万円）
総資産　12,800
純資産　4,836",,,,,,35.0％,36.5％,37.8％,38.5％,3,"正解は3です。自己資本比率＝4,836百万円÷12,800百万円×100＝37.8％です。",学科第10問をベースに、自己資本比率を直接計算する第16の演習です。,"4,836÷12,800×100＝37.8％。純資産を総資産で割り、百分率に直します。","1:35.0％は4,480÷12,800など、純資産を誤った場合の値です。純資産は4,836百万円なので、4,836÷12,800×100＝37.8％が正しい計算になります。;2:36.5％は第377問（4,680÷12,400）の正答を流用した誤答です。本問は純資産4,836・総資産12,800で再計算し、37.8％が正しい自己資本比率です。数値を流用しないこと。;4:38.5％は4,928÷12,800など、純資産を大きく取った誤答で生じやすい値です。自己資本比率は純資産4,836百万円÷総資産12,800百万円×100＝37.8％です。第377問（37.7％）と取り違えないこと。",自己資本比率＝純資産÷総資産×100。第377問（37.7％）と総資産・純資産を取り違えない。
398,single,タックスプランニング,FP2級;学科;実践演習;四答択;source:2026-gakka-34-v11,2026-gakka-34,,Ｚさんの2025年分の所得税における医療費控除の控除額を計算する場合、総所得金額が720万円、医療費として実際に支払った金額が88万円、その補填として受け取った保険金が12万円であるとき、医療費控除額は、 （   ）である。なお、「特定一般用医薬品等購入費を支払った場合の医療費控除の特例」は考慮しない。,,,,,,36万円,38万円,40万円,44万円,3,"正解は3です。医療費控除額＝支払医療費－保険金等の補填－max(10万円, 総所得金額×5％)です。88万円－12万円－36万円（720万円×5％）＝40万円です。",2026年学科第34問の11問目。医療費控除額を直接計算する演習です。,補填後76万円から、総所得720万円の5％である36万円（10万円超）を差し引き、控除額40万円です。,1:36万円は最低限度額10万円だけを差し引いた誤りです。総所得720万円の場合は5％の36万円が限度となるため、控除額は40万円です。10万円固定ではありません。;2:38万円は第358問（760万・93万・13万）の正答を流用した誤答です。本問は総所得720万円・支払88万円で再計算し、40万円が正しい控除額です。数値を流用しないこと。;4:44万円は限度額を差し引かない誤答で生じやすい値です。補填後76万円から限度36万円を引き、控除額は40万円です。限度額そのものを控除額と混同しないこと。,"医療費控除＝支払－補填－max(10万, 総所得×5％)。第378問（42万円）と総所得額を取り違えない。"
399,single,タックスプランニング,FP2級;学科;実践演習;四答択;source:2026-gakka-32-v11,2026-gakka-32,,所得税における一時所得に係る総収入金額が480万円で、その収入を得るために支出した金額が130万円である場合、一時所得の金額は（ ① ）、そのうち総所得金額に算入される金額は（ ② ）となる。,,,,,,① 240万円   ② 120万円,① 300万円   ② 150万円,① 320万円   ② 160万円,① 320万円   ② 320万円,2,正解は2です。一時所得の金額＝480万円－130万円－特別控除50万円＝300万円。総所得金額に算入される金額はその2分の1の150万円です。,学科の一時所得をベースに、収入・支出だけ変更した第17の演習です。,一時所得＝480－130－50＝300万円。総所得算入は半額の150万円です。,1:①240万円・②120万円は特別控除50万円を差し引かない誤りです。480－130－50＝300万円が一時所得の金額であり、半額の150万円が総所得への算入額です。支出を忘れないこと。;3:①320万円・②160万円は支出130万円を差し引かない誤りです。一時所得は収入－支出－50万円であり、480－130－50＝300万円、算入は150万円です。特別控除を忘れないこと。;4:①320万円・②320万円は半額算入を誤って全額算入した誤答です。一時所得300万円のうち総所得に算入するのは2分の1の150万円です。全額算入ではありません。,一時所得＝収入－支出－50万円、総所得算入は半額。第379問（310万・155万円）と数値を取り違えない。
400,single,タックスプランニング,FP2級;学科;実践演習;四答択;source:2026-gakka-33-v14,2026-gakka-33,,Ｃさんの2025年分の所得税における不動産所得の金額が116万円、事業所得の金額が▲56万円であるとき、損益通算後の不動産所得の金額は、 （   ）である。なお、ほかの所得はないものとする。,,,,,,56万円,60万円,116万円,172万円,2,正解は2です。事業所得の損失56万円は不動産所得と損益通算できます。116万円－56万円＝60万円が損益通算後の不動産所得の金額です。,2026年学科第33問をベースに、損益通算だけを問う第10の演習です。,事業損失56万円を不動産所得116万円と通算し、60万円です。事業損失は不動産所得と通算可能です。,1:56万円は事業損失の金額そのもので、不動産所得との通算結果ではありません。不動産所得116万円から事業損失56万円を差し引き、60万円が損益通算後の金額です。損失額そのものではありません。;3:116万円は不動産所得のみで、事業損失56万円の損益通算を行っていません。事業所得の損失は不動産所得と通算できるため、116－56＝60万円が正しい金額です。通算を忘れないこと。;4:172万円は116万円＋56万円と足し算した誤答で生じやすい値です。損益通算では損失を差し引くため、116－56＝60万円です。損失を加算しません。,事業所得の損失は不動産所得と損益通算。第360問（58万・▲54万・58万）と数値を取り違えない。
401,single,金融資産運用,FP2級;学科;実践演習;四答択;source:2026-gakka-26-v36,2026-gakka-26,,"Ｎ社の１株当たり純利益が196円、１株当たり純資産（自己資本）が2,450円である場合、Ｎ社のＲＯＥは、 （   ）である。",,,,,,7％,8％,9％,10％,2,"正解は2です。ROE＝１株当たり純利益÷１株当たり純資産×100です。196円÷2,450円×100＝8％です。",2026年学科第26問のROEをベースに、純利益と純資産だけ変更した第20の演習です。,"ROE＝196÷2,450×100＝8％。分子は純利益、分母は自己資本（純資産）です。","1:7％は第281問（140円・2,000円）の正答を流用した誤答です。本問は196円・2,450円で再計算し、8％が正しいROEです。過去の派生正答を流用しないこと。;3:9％は第261問（153円・1,700円）の正答を流用した誤答です。純資産2,450円に対する純利益196円を割ると8％となり、9％にはなりません。純資産の数値を確認してください。;4:10％は純利益を大きく取った誤答で生じやすい値です。本問の純資産は2,450円なので、196÷2,450×100＝8％が正しい計算になります。第381問（8％）と純資産を取り違えないこと。",ROE＝純利益÷純資産×100。第381問（8％）と純利益・純資産の組合せを取り違えない。
402,single,金融資産運用,FP2級;学科;実践演習;四答択;source:2026-gakka-26-v37,2026-gakka-26,,"Ｏ社の株価が4,140円、１株当たり純資産（自己資本）が920円である場合、Ｏ社のＰＢＲ（株価純資産倍率）は、 （   ）である。",,,,,,4.0倍,4.5倍,5.0倍,5.5倍,2,"正解は2です。PBR＝株価÷１株当たり純資産です。4,140円÷920円＝4.5倍です。",2026年学科第26問のPBRをベースに、株価と純資産だけ変更した第18の演習です。,"PBR＝4,140÷920＝4.5倍。株価を１株当たり純資産で割ります。","1:4.0倍は第382問（3,640円・910円）の正答を流用した誤答です。本問は4,140円・920円で再計算し、4.5倍が正しいPBRです。過去の派生正答を流用しないこと。;3:5.0倍は第302問（3,600円・720円）の正答を流用した誤答です。株価4,140円・純資産920円をそのまま割ると4.5倍であり、5.0倍にはなりません。;4:5.5倍は株価を大きく取った誤答で生じやすい値です。PBRの分母は純資産920円であり、4,140÷920＝4.5倍です。第342問（4.5倍）と株価・純資産を取り違えないこと。",PBR＝株価÷BPS。第342問（4.5倍）と株価・純資産の組合せを取り違えない。
403,single,金融資産運用,FP2級;学科;実践演習;四答択;source:2025-gakka-28-v26,2025-gakka-28,,"Ｎさんのポートフォリオにおける各資産の構成比および期待収益率が下記のとおりである場合、当該ポートフォリオの期待収益率は、 （   ）である。

預金　22％　期待収益率0.1％
債券　28％　期待収益率2.58％
株式　50％　期待収益率7.48％",,,,,,4.20％,4.32％,4.44％,4.56％,3,正解は3です。0.1％×22％＋2.58％×28％＋7.48％×50％＝0.022％＋0.7224％＋3.74％＝4.4404％→表示上4.44％です。,2025年学科第28問の26問目。構成比と収益率を再変更した演習です。,0.1×0.22＋2.58×0.28＋7.48×0.5＝4.4404％→4.44％。各資産の加重平均です。,1:4.20％は第383問（4.20％）の正答を流用した誤答です。本問は22・28・50で再計算し、4.44％が正しい期待収益率です。構成比を確認してください。;2:4.32％は構成比を誤った加重平均の結果です。22％・28％・50％で0.1％・2.58％・7.48％を掛け合わせ、合計4.44％になります。構成比を確認してください。;4:4.56％は第252問（4.56％）の正答を流用した誤答です。本問は22・28・50で再計算し、4.44％が正しい期待収益率です。過去の派生正答を流用しないこと。,ポートフォリオ期待収益率は毎回構成比から計算。第392問（4.39％）と構成比を取り違えない。
404,single,金融資産運用,FP2級;学科;実践演習;四答択;source:2025-gakka-24-v26,2025-gakka-24,,表面利率（クーポンレート）3.5％、残存期間5年の固定利付債券を額面100円当たり88円で購入した場合の最終利回り（年率・単利）は、 （   ）である。なお、税金等は考慮しないものとし、計算結果は表示単位の小数点以下第３位を四捨五入している。,,,,,,6.20％,6.45％,6.70％,6.95％,3,正解は3です。{3.5％＋(100円－88円)÷5年}÷88円×100＝{3.5＋2.4}÷88×100≒6.7045％→小数点以下第3位四捨五入で6.70％です。,学科の債券最終利回りの39問目。ディスカウント購入・5年残存に変更した演習です。,{3.5＋(100－88)÷5}÷88×100≒6.7045％→6.70％。償還差益を期間で按分します。,1:6.20％は償還差益の按分を誤った場合に出やすい値です。ディスカウント購入では(100－88)÷5＝2.4を加算し、式どおり6.70％になります。按分年数を確認してください。;2:6.45％は第333問（89円・4年・6.45％）の正答を流用した誤答です。本問は購入価格88円・残存5年で再計算し、6.70％が正しい最終利回りです。数値を流用しないこと。;4:6.95％は第353問（92円・4年・6.52％）付近の正答を流用した誤答です。本問は88円・残存5年で再計算し、6.70％が正しい利回りです。購入価格・期間を確認してください。,ディスカウント購入（88円）では(100－88)がプラス。第393問（90円・6.11％）と購入価格を取り違えない。
405,single,金融資産運用,FP2級;学科;実践演習;四答択;source:2026-gakka-27-v24,2026-gakka-27,,"下記の〈条件〉で、円貨を米ドルに交換して米ドル建定期預金に10,000米ドルを預け入れ、満期時に元利金の米ドルを円貨に交換して受け取る場合における利回り（単利・年率）は、 （   ）である。なお、税金は考慮しないものとし、計算結果は表示単位の小数点以下第３位を四捨五入するものとする。

〈条件〉
・預入期間：１年
・預金金利：2.25％（年率）
・為替予約なし
・為替レート（米ドル／円）
　預入時…ＴＴＳ：135.25円　ＴＴＢ：134.25円
　満期時…ＴＴＳ：142.50円　ＴＴＢ：142.00円",,,,,,7.20％,7.38％,7.55％,7.85％,2,"正解は2です。預入時10,000×135.25＝135.25万円、満期時10,225×142.00＝145.175万円。利回り＝9.925万円÷135.25万円×100≒7.383％→7.38％です。",2026年学科第27問の24問目。為替レートと金利だけ変更した外貨預金の演習です。,135.25万円投下、145.175万円受取。差額9.925万÷135.25万×100≒7.38％。買いＴＴＳ・売りＴＴＢです。,1:7.20％は第325問（132.50円・138.75円）の正答を流用した誤答です。本問は135.25円・142.00円で再計算し、7.38％が正しい利回りです。為替レートを確認してください。;3:7.55％は為替差益を過大に見積もった誤答で生じやすい値です。金利2.25％分の米ドル増と為替変動の両方を含め、投下135.25万円で割ります。;4:7.85％は第394問（134.50円・141.50円）の正答を流用した誤答です。本問は135.25円・142.00円で再計算し、7.38％が正しい利回りです。過去の派生正答を流用しないこと。,"外貨預金利回りは各バッチと同型。金利2.25％なら満期は10,225米ドルになる。"
406,single,ライフプランニングと資金計画,FP2級;学科;実践演習;四答択;source:2025-gakka-10-v31,2025-gakka-10,,"下記の〈Ｇ社の貸借対照表〉に基づくＧ社の流動比率は、 （   ）である。なお、流動比率＝流動資産÷流動負債×100とする。

〈Ｇ社の貸借対照表〉（単位：百万円）
流動資産　2,960
流動負債　　680",,,,,,420％,428％,435％,440％,3,"正解は3です。流動比率＝2,960百万円÷680百万円×100＝435.3％→表示上435％です。",学科第10問をベースに、流動比率を直接計算する第15の演習です。,"2,960÷680×100＝435.3％→435％。流動資産を流動負債で割り、百分率に直します。","1:420％は第307問（2,520÷600）の正答を流用した誤答です。本問は流動資産2,960・流動負債680で再計算し、435％が正しい流動比率です。数値を流用しないこと。;2:428％は第387問（2,950÷690）の正答を流用した誤答です。流動負債680百万円に対する流動資産2,960百万円なので、流動比率は435％です。;4:440％は流動負債を小さく取った誤答で生じやすい値です。流動資産2,960百万円÷流動負債680百万円×100＝435％が正しい計算になります。第356問（433％）と取り違えないこと。",流動比率＝流動資産÷流動負債×100。第387問（428％）と流動資産・負債を取り違えない。
407,single,タックスプランニング,FP2級;学科;実践演習;四答択;source:2026-gakka-33-v15,2026-gakka-33,,Ｄさんの2025年分の所得税における総所得金額は、給与所得の金額が342万円、公的年金等の雑所得の金額が48万円、配当所得の金額が22万円であるとき、 （   ）である。なお、ほかの所得はないものとする。,,,,,,342万円,390万円,412万円,432万円,3,正解は3です。総所得金額は各所得の金額を合計します。342万円＋48万円＋22万円＝412万円です。,2026年学科第33問をベースに、3種類の所得を合計する総所得金額の演習です。,給与所得342万円＋公的年金等48万円＋配当所得22万円＝412万円。損益通算が不要な場合は単純合計です。,1:342万円は給与所得のみで、公的年金等48万円と配当所得22万円を加算していません。ほかの所得がない場合でも、3種類の所得を合計し、412万円が総所得金額です。両方足します。;2:390万円は342万円＋48万円のみで、配当所得22万円を加算していない誤りです。配当所得も総所得に含め、342＋48＋22＝412万円が総所得金額です。配当を忘れないこと。;4:432万円は給与収入金額と混同した誤答で生じやすい値です。本問は所得の金額（給与所得342万円等）を合計し、412万円になります。収入金額ではありません。,総所得金額は各所得の金額の合計。第387問（386万円）と所得の種類を取り違えない。
408,single,タックスプランニング,FP2級;学科;実践演習;四答択;source:2026-gakka-34-v12,2026-gakka-34,,Ｅさんが暦年課税により伯父から現金238万円の贈与を受けた場合の贈与税の課税価格は、 （   ）である。,,,,,,108万円,118万円,128万円,238万円,3,正解は3です。暦年課税の課税価格＝贈与財産の価額－基礎控除110万円です。238万円－110万円＝128万円です。,学科の贈与税をベースに、贈与額238万円に変更した課税価格の演習です。,238－110＝128万円。暦年課税では110万円の基礎控除後の金額が課税価格です。,1:108万円は贈与218万円と誤認した場合の課税価格など、別の贈与額の結果です。贈与額238万円から基礎控除110万円を引き、課税価格は128万円になります。贈与額を確認してください。;2:118万円は第388問（228万・118万円）の正答を流用した誤答です。本問は贈与額238万円で再計算し、128万円が正しい課税価格です。数値を流用しないこと。;4:238万円は贈与財産の価額そのもので、基礎控除を差し引いていません。暦年課税では110万円の基礎控除後の128万円が課税価格です。贈与額全額は課税価格ではありません。,暦年課税の課税価格＝贈与額－110万円。第388問（121万円）と贈与額を取り違えない。
409,single,タックスプランニング,FP2級;学科;実践演習;四答択;source:2026-gakka-16-v13,2026-gakka-16,,"給与所得者が19年間勤務した会社を退職し、退職金2,100万円の支給を受けた場合、所得税における退職所得の金額の計算上、退職所得控除額は（   ）となる。",,,,,,40万円×19年＝760万円,"70万円×19年＝1,330万円",800万円＋40万円×(19年－20年)＝760万円,800万円＋70万円×(19年－20年)＝810万円,1,正解は1です。勤続19年（20年以下）なので、退職所得控除額＝40万円×19年＝760万円です（最低80万円は超えます）。,学科の退職所得控除の20問目。19年勤続（20年以下）に変更した演習です。,19年は20年以下。40万円×19年＝760万円。800万円＋70万円×(年－20)の式は使いません。,2:70万円×19年は退職所得控除の公式ではありません。19年勤続は20年以下なので、40万円×19年＝760万円が控除額です。70万円×年数は使いません。;3:800万円＋40万円×(19－20)は20年超用の式を誤用した誤答です。19年勤続は20年以下なので、40万円×19年＝760万円の公式を使います。年数で式を選びます。;4:800万円＋70万円×(19－20)は20年超用の式を20年以下に誤用した誤答です。19年勤続は40万円×19年＝760万円であり、800万円の加算は不要です。勤続年数で式を確認してください。,"退職所得控除は20年以下と20年超で式が異なる。第389問（35年・1,850万）と勤続年数を取り違えない。"
410,single,ライフプランニングと資金計画,FP2級;学科;実践演習;四答択;source:2026-gakka-58-v17,2026-gakka-58,,"Ｐさんが購入を検討している賃貸用マンションの購入価格が8,200万円、年間賃料収入（経費控除前）が468万円である場合、当該不動産の表面利回り（年率）は、 （   ）である。なお、表面利回り＝年間賃料収入÷購入価格×100とする。",,,,,,5.4％,5.6％,5.7％,6.0％,3,"正解は3です。表面利回り＝468万円÷8,200万円×100＝5.70％→表示上5.7％です。",学科の不動産利回りをベースに、表面利回りを直接計算する第7の演習です。,"468÷8,200×100＝5.70％→5.7％。経費控除前の賃料を購入価格で割ります。","1:5.4％は第330問（396万・7,200万・5.5％）付近の正答を流用した誤答です。本問は賃料468万円・購入価格8,200万円で再計算し、5.7％が正しい表面利回りです。数値を流用しないこと。;2:5.6％は第370問（414万・7,400万・5.6％）の正答を流用した誤答です。表面利回りは経費控除前の468万円を分母8,200万円で割り、5.7％が正答です。5.6％は別の組合せです。;4:6.0％は第150問（318万・5,300万・6.0％）の正答を流用した誤答です。購入価格8,200万円に対する賃料468万円なので、表面利回りは5.7％です。賃料額を再確認してください。",表面利回り＝年間賃料÷購入価格×100。第370問（5.6％）と購入価格・賃料を取り違えない。
411,single,金融資産運用,FP2級;学科;実践演習;四答択;source:2026-gakka-26-v38,2026-gakka-26,,"Ｐ社の株価が3,465円、１株当たり純利益が77円である場合、Ｐ社のＰＥＲ（株価収益率）は、 （   ）である。",,,,,,40倍,42倍,45倍,48倍,3,"正解は3です。PER＝株価÷１株当たり純利益です。3,465円÷77円＝45倍です。",2026年学科第26問をベースに、PERを直接計算する第20の演習です。,"PER＝3,465÷77＝45倍。株価を１株当たり純利益で割ります。","1:40倍は第391問（3,200円・80円）の正答を流用した誤答です。本問は3,465円・77円で再計算し、45倍が正しいPERです。過去の派生正答を流用しないこと。;2:42倍は第331問（2,940円・70円）の正答を流用した誤答です。株価3,465円・純利益77円をそのまま割ると45倍であり、42倍にはなりません。;4:48倍は3,696÷77など、株価を誤認した場合の値です。本問は3,465円・77円で再計算し、45倍が正しいPERです。株価・純利益の組合せを確認してください。",PER＝株価÷EPS。第371問（38倍）と株価・純利益の組合せを取り違えない。
412,single,金融資産運用,FP2級;学科;実践演習;四答択;source:2025-gakka-28-v26,2025-gakka-28,,"Ｏさんのポートフォリオにおける各資産の構成比および期待収益率が下記のとおりである場合、当該ポートフォリオの期待収益率は、 （   ）である。

預金　20％　期待収益率0.1％
債券　30％　期待収益率2.62％
株式　50％　期待収益率7.55％",,,,,,4.40％,4.52％,4.58％,4.72％,3,正解は3です。0.1％×20％＋2.62％×30％＋7.55％×50％＝0.02％＋0.786％＋3.775％＝4.581％→表示上4.58％です。,2025年学科第28問の26問目。構成比と収益率を再変更した演習です。,0.1×0.2＋2.62×0.3＋7.55×0.5＝4.581％→4.58％。各資産の加重平均です。,1:4.40％は第403問（4.44％）付近の正答を流用した誤答です。本問は20・30・50で再計算し、4.58％が正しい期待収益率です。構成比を確認してください。;2:4.52％は構成比を誤った加重平均の結果です。20％・30％・50％で0.1％・2.62％・7.55％を掛け合わせ、合計4.58％になります。構成比を確認してください。;4:4.72％は第272問（4.72％）の正答を流用した誤答です。本問は20・30・50で再計算し、4.58％が正しい期待収益率です。過去の派生正答を流用しないこと。,ポートフォリオ期待収益率は毎回構成比から計算。第403問（4.44％）と構成比を取り違えない。
413,single,金融資産運用,FP2級;学科;実践演習;四答択;source:2025-gakka-24-v26,2025-gakka-24,,表面利率（クーポンレート）4.0％、残存期間5年の固定利付債券を額面100円当たり86円で購入した場合の最終利回り（年率・単利）は、 （   ）である。なお、税金等は考慮しないものとし、計算結果は表示単位の小数点以下第３位を四捨五入している。,,,,,,7.50％,7.68％,7.91％,8.20％,3,正解は3です。{4.0％＋(100円－86円)÷5年}÷86円×100＝{4.0＋2.8}÷86×100≒7.907％→小数点以下第3位四捨五入で7.91％です。,学科の債券最終利回りの40問目。ディスカウント購入・5年残存に変更した演習です。,{4.0＋(100－86)÷5}÷86×100≒7.907％→7.91％。償還差益を期間で按分します。,1:7.50％は償還差益の按分を誤った場合に出やすい値です。ディスカウント購入では(100－86)÷5＝2.8を加算し、式どおり7.91％になります。按分年数を確認してください。;2:7.68％は第273問（85円・4年・7.68％）の正答を流用した誤答です。本問は購入価格86円・残存5年で再計算し、7.91％が正しい最終利回りです。数値を流用しないこと。;4:8.20％はクーポン率だけを購入価格で割った誤答で生じやすい値です。本問は86円・残存5年で再計算し、7.91％が正しい利回りです。償還差益の按分を忘れないこと。,ディスカウント購入（86円）では(100－86)がプラス。第404問（88円・6.70％）と購入価格を取り違えない。
414,single,金融資産運用,FP2級;学科;実践演習;四答択;source:2026-gakka-27-v24,2026-gakka-27,,"下記の〈条件〉で、円貨を米ドルに交換して米ドル建定期預金に10,000米ドルを預け入れ、満期時に元利金の米ドルを円貨に交換して受け取る場合における利回り（単利・年率）は、 （   ）である。なお、税金は考慮しないものとし、計算結果は表示単位の小数点以下第３位を四捨五入するものとする。

〈条件〉
・預入期間：１年
・預金金利：2.50％（年率）
・為替予約なし
・為替レート（米ドル／円）
　預入時…ＴＴＳ：136.00円　ＴＴＢ：135.00円
　満期時…ＴＴＳ：143.00円　ＴＴＢ：142.50円",,,,,,7.00％,7.18％,7.38％,7.55％,2,"正解は2です。預入時10,000×136.00＝136.00万円、満期時10,250×142.50＝145.7625万円。利回り＝9.7625万円÷136.00万円×100≒7.178％→7.18％です。",2026年学科第27問の24問目。為替レートと金利だけ変更した外貨預金の演習です。,136.00万円投下、145.7625万円受取。差額9.7625万÷136.00万×100≒7.18％。買いＴＴＳ・売りＴＴＢです。,1:7.00％は第305問（131.50円・137.75円）の正答を流用した誤答です。本問は136.00円・142.50円で再計算し、7.18％が正しい利回りです。為替レートを確認してください。;3:7.38％は第405問（135.25円・142.00円）の正答を流用した誤答です。本問は136.00円・142.50円で再計算し、7.18％が正しい利回りです。過去の派生正答を流用しないこと。;4:7.55％は為替差益を過大に見積もった誤答で生じやすい値です。金利2.50％分の米ドル増と為替変動の両方を含め、投下136.00万円で割ります。,"外貨預金利回りは各バッチと同型。金利2.50％なら満期は10,250米ドルになる。"
415,single,ライフプランニングと資金計画,FP2級;学科;実践演習;四答択;source:2025-gakka-01-v6,2025-gakka-01,,"Ｈさんの可処分所得（年間）の金額は、下記の〈資料〉によれば、 （   ）である。

〈資料〉
給与収入　　：1,282万円
給与所得　　：  882万円
所得税・住民税： 103万円
社会保険料　： 145万円
生命保険料　：  22万円",,,,,,"1,040万円","1,060万円","1,080万円","1,282万円",2,"正解は2です。可処分所得＝給与収入－所得税・住民税－社会保険料です。1,282万円－103万円－145万円＝1,060万円です。",学科の可処分所得をベースに、収入・控除額だけ変更した第21の演習です。,"1,282－103－145＝1,060万円。給与所得882万円や生命保険料22万円はこの式に含めません。","1:1,040万円は生命保険料まで差し引いた値など、家計支出を控除に含めた誤りです。可処分所得は税と社会保険料のみを給与収入から引き、保険料は控除項目ではありません。;3:1,080万円は第395問（1,265－102－143＝1,000万円）の正答を流用した誤答です。本問は1,282－103－145で再計算し、1,060万円が正しい可処分所得です。数値を流用しないこと。;4:1,282万円は給与収入そのもので、税・社会保険料を差し引いていません。所得税・住民税103万円と社会保険料145万円の両方を引く必要があり、1,060万円が正答です。収入全額ではありません。","可処分所得＝給与収入－所得税・住民税－社会保険料。第395問（1,000万円）と数値を取り違えない。"
416,single,ライフプランニングと資金計画,FP2級;学科;実践演習;四答択;source:2025-gakka-10-v31,2025-gakka-10,,"下記の〈Ｈ社の貸借対照表〉に基づくＨ社の固定長期適合率は、 （   ）である。なお、固定長期適合率＝（純資産＋固定負債）÷固定資産×100とする。

〈Ｈ社の貸借対照表〉（単位：百万円）
固定資産　5,600
流動資産　2,400
流動負債　　880
固定負債　1,720
純資産　　4,080",,,,,,100％,102％,104％,108％,3,"正解は3です。（4,080＋1,720）百万円÷5,600百万円×100＝103.6％→表示上104％です。",学科第10問をベースに、固定長期適合率を直接計算する第18の演習です。,"（4,080＋1,720）÷5,600×100＝103.6％→104％。純資産と固定負債の合計を固定資産で割ります。","1:100％は第307問（2,940＋1,260÷4,200）の正答を流用した誤答です。本問は純資産4,080・固定負債1,720・固定資産5,600で再計算し、104％が正しい固定長期適合率です。;2:102％は固定資産を大きく取った誤答で生じやすい値です。固定資産5,600百万円を分母に（4,080＋1,720）÷5,600×100＝104％が正しい計算になります。;4:108％は第396問（3,960＋1,680÷5,200）の正答を流用した誤答です。本問は純資産4,080・固定負債1,720で再計算し、104％が正しい固定長期適合率です。数値を流用しないこと。",固定長期適合率＝（純資産＋固定負債）÷固定資産×100。第396問（108％）と数値を取り違えない。
417,single,ライフプランニングと資金計画,FP2級;学科;実践演習;四答択;source:2025-gakka-10-v32,2025-gakka-10,,"下記の〈Ｉ社の貸借対照表〉に基づくＩ社の自己資本比率は、 （   ）である。なお、自己資本比率＝純資産÷総資産×100とする。

〈Ｉ社の貸借対照表〉（単位：百万円）
総資産　13,200
純資産　5,016",,,,,,36.0％,37.5％,38.0％,39.0％,3,"正解は3です。自己資本比率＝5,016百万円÷13,200百万円×100＝38.0％です。",学科第10問をベースに、自己資本比率を直接計算する第17の演習です。,"5,016÷13,200×100＝38.0％。純資産を総資産で割り、百分率に直します。","1:36.0％は4,752÷13,200など、純資産を誤った場合の値です。純資産は5,016百万円なので、5,016÷13,200×100＝38.0％が正しい計算になります。;2:37.5％は第397問（4,836÷12,800）の正答を流用した誤答です。本問は純資産5,016・総資産13,200で再計算し、38.0％が正しい自己資本比率です。数値を流用しないこと。;4:39.0％は5,148÷13,200など、純資産を大きく取った誤答で生じやすい値です。自己資本比率は純資産5,016百万円÷総資産13,200百万円×100＝38.0％です。第397問（37.8％）と取り違えないこと。",自己資本比率＝純資産÷総資産×100。第397問（37.8％）と総資産・純資産を取り違えない。
418,single,タックスプランニング,FP2級;学科;実践演習;四答択;source:2026-gakka-34-v11,2026-gakka-34,,Ｆさんの2025年分の所得税における医療費控除の控除額を計算する場合、総所得金額が680万円、医療費として実際に支払った金額が82万円、その補填として受け取った保険金が11万円であるとき、医療費控除額は、 （   ）である。なお、「特定一般用医薬品等購入費を支払った場合の医療費控除の特例」は考慮しない。,,,,,,33万円,35万円,37万円,41万円,3,"正解は3です。医療費控除額＝支払医療費－保険金等の補填－max(10万円, 総所得金額×5％)です。82万円－11万円－34万円（680万円×5％）＝37万円です。",2026年学科第34問の11問目。医療費控除額を直接計算する演習です。,補填後71万円から、総所得680万円の5％である34万円（10万円超）を差し引き、控除額37万円です。,1:33万円は最低限度額10万円だけを差し引いた誤りです。総所得680万円の場合は5％の34万円が限度となるため、控除額は37万円です。10万円固定ではありません。;2:35万円は第338問（700万・84万・12万）の正答を流用した誤答です。本問は総所得680万円・支払82万円で再計算し、37万円が正しい控除額です。数値を流用しないこと。;4:41万円は限度額を差し引かない誤答で生じやすい値です。補填後71万円から限度34万円を引き、控除額は37万円です。限度額そのものを控除額と混同しないこと。,"医療費控除＝支払－補填－max(10万, 総所得×5％)。第398問（40万円）と総所得額を取り違えない。"
419,single,タックスプランニング,FP2級;学科;実践演習;四答択;source:2026-gakka-32-v11,2026-gakka-32,,所得税における一時所得に係る総収入金額が496万円で、その収入を得るために支出した金額が126万円である場合、一時所得の金額は（ ① ）、そのうち総所得金額に算入される金額は（ ② ）となる。,,,,,,① 270万円   ② 135万円,① 320万円   ② 160万円,① 370万円   ② 185万円,① 320万円   ② 320万円,2,正解は2です。一時所得の金額＝496万円－126万円－特別控除50万円＝320万円。総所得金額に算入される金額はその2分の1の160万円です。,学科の一時所得をベースに、収入・支出だけ変更した第18の演習です。,一時所得＝496－126－50＝320万円。総所得算入は半額の160万円です。,1:①270万円・②135万円は特別控除50万円を差し引かない誤りです。496－126－50＝320万円が一時所得の金額であり、半額の160万円が総所得への算入額です。支出を忘れないこと。;3:①370万円・②185万円は支出126万円を差し引かない誤りです。一時所得は収入－支出－50万円であり、496－126－50＝320万円、算入は160万円です。特別控除を忘れないこと。;4:①320万円・②320万円は半額算入を誤って全額算入した誤答です。一時所得320万円のうち総所得に算入するのは2分の1の160万円です。全額算入ではありません。,一時所得＝収入－支出－50万円、総所得算入は半額。第399問（300万・150万円）と数値を取り違えない。
420,single,相続・事業承継,FP2級;学科;実践演習;四答択;source:2026-gakka-58-v16,2026-gakka-58,,"借地権（定期借地権等を除く）の目的となっている宅地の相続税評価額は、その自用地としての価額が1億1,000万円、借地権割合が76％である場合、原則として、 （   ）となる。",,,,,,"2,400万円","2,640万円","2,800万円","1億1,000万円",2,"正解は2です。貸宅地の評価額は、自用地価額×(1－借地権割合)です。1億1,000万円×24％＝2,640万円です。",学科の貸宅地評価をベースに、自用地価額と借地権割合だけ変更した第7の演習です。,"1億1,000万円×(1－76％)＝2,640万円。借地権割合だけを控除し、借家権は使いません。","1:2,400万円は1億1,000万円×22％など、控除後の割合を誤った場合の値です。借地権割合76％なら残りは24％であり、1億1,000万×0.24＝2,640万円が正しい評価額です。;3:2,800万円は第390問（1億・75％・2,500万円）の正答を流用した誤答です。本問は1億1,000万円・76％で再計算し、2,640万円が評価額になります。割合を確認してください。;4:1億1,000万円は自用地のままの評価額で、借地権の目的地としての減額を反映していません。借地権割合76％を控除し、2,640万円が貸宅地の評価額です。第390問（2,500万円）と数値を取り違えないこと。",貸宅地＝自用地×(1－借地権割合)。貸家建付地の3割合公式と混同しないこと。
421,single,金融資産運用,FP2級;学科;実践演習;四答択;source:2026-gakka-26-v36,2026-gakka-26,,"Ｑ社の１株当たり純利益が184円、１株当たり純資産（自己資本）が2,300円である場合、Ｑ社のＲＯＥは、 （   ）である。",,,,,,7％,8％,9％,10％,2,"正解は2です。ROE＝１株当たり純利益÷１株当たり純資産×100です。184円÷2,300円×100＝8％です。",2026年学科第26問のROEをベースに、純利益と純資産だけ変更した第21の演習です。,"ROE＝184÷2,300×100＝8％。分子は純利益、分母は自己資本（純資産）です。","1:7％は第281問（140円・2,000円）の正答を流用した誤答です。本問は184円・2,300円で再計算し、8％が正しいROEです。過去の派生正答を流用しないこと。;3:9％は第261問（153円・1,700円）の正答を流用した誤答です。純資産2,300円に対する純利益184円を割ると8％となり、9％にはなりません。純資産の数値を確認してください。;4:10％は純利益を大きく取った誤答で生じやすい値です。本問の純資産は2,300円なので、184÷2,300×100＝8％が正しい計算になります。第401問（8％）と純資産を取り違えないこと。",ROE＝純利益÷純資産×100。第401問（8％）と純利益・純資産の組合せを取り違えない。
422,single,金融資産運用,FP2級;学科;実践演習;四答択;source:2026-gakka-26-v37,2026-gakka-26,,"Ｒ社の株価が4,590円、１株当たり純資産（自己資本）が1,020円である場合、Ｒ社のＰＢＲ（株価純資産倍率）は、 （   ）である。",,,,,,4.0倍,4.5倍,5.0倍,5.5倍,2,"正解は2です。PBR＝株価÷１株当たり純資産です。4,590円÷1,020円＝4.5倍です。",2026年学科第26問のPBRをベースに、株価と純資産だけ変更した第19の演習です。,"PBR＝4,590÷1,020＝4.5倍。株価を１株当たり純資産で割ります。","1:4.0倍は第382問（3,640円・910円）の正答を流用した誤答です。本問は4,590円・1,020円で再計算し、4.5倍が正しいPBRです。過去の派生正答を流用しないこと。;3:5.0倍は第302問（3,600円・720円）の正答を流用した誤答です。株価4,590円・純資産1,020円をそのまま割ると4.5倍であり、5.0倍にはなりません。;4:5.5倍は株価を大きく取った誤答で生じやすい値です。PBRの分母は純資産1,020円であり、4,590÷1,020＝4.5倍です。第402問（4.5倍）と株価・純資産を取り違えないこと。",PBR＝株価÷BPS。第402問（4.5倍）と株価・純資産の組合せを取り違えない。
423,single,金融資産運用,FP2級;学科;実践演習;四答択;source:2025-gakka-28-v26,2025-gakka-28,,"Ｐさんのポートフォリオにおける各資産の構成比および期待収益率が下記のとおりである場合、当該ポートフォリオの期待収益率は、 （   ）である。

預金　24％　期待収益率0.1％
債券　26％　期待収益率2.65％
株式　50％　期待収益率7.62％",,,,,,4.40％,4.48％,4.52％,4.58％,3,正解は3です。0.1％×24％＋2.65％×26％＋7.62％×50％＝0.024％＋0.689％＋3.81％＝4.523％→表示上4.52％です。,2025年学科第28問の26問目。構成比と収益率を再変更した演習です。,0.1×0.24＋2.65×0.26＋7.62×0.5＝4.523％→4.52％。各資産の加重平均です。,1:4.40％は第403問（4.44％）付近の正答を流用した誤答です。本問は24・26・50で再計算し、4.52％が正しい期待収益率です。構成比を確認してください。;2:4.48％は構成比を誤った加重平均の結果です。24％・26％・50％で0.1％・2.65％・7.62％を掛け合わせ、合計4.52％になります。構成比を確認してください。;4:4.58％は第412問（4.58％）の正答を流用した誤答です。本問は24・26・50で再計算し、4.52％が正しい期待収益率です。過去の派生正答を流用しないこと。,ポートフォリオ期待収益率は毎回構成比から計算。第412問（4.58％）と構成比を取り違えない。
424,single,金融資産運用,FP2級;学科;実践演習;四答択;source:2025-gakka-24-v26,2025-gakka-24,,表面利率（クーポンレート）3.5％、残存期間5年の固定利付債券を額面100円当たり87円で購入した場合の最終利回り（年率・単利）は、 （   ）である。なお、税金等は考慮しないものとし、計算結果は表示単位の小数点以下第３位を四捨五入している。,,,,,,6.70％,6.85％,6.93％,7.20％,3,正解は3です。{3.5％＋(100円－87円)÷5年}÷87円×100＝{3.5＋2.6}÷87×100≒6.931％→小数点以下第3位四捨五入で6.93％です。,学科の債券最終利回りの41問目。ディスカウント購入・5年残存に変更した演習です。,{3.5＋(100－87)÷5}÷87×100≒6.931％→6.93％。償還差益を期間で按分します。,1:6.70％は第404問（88円・5年・6.70％）の正答を流用した誤答です。本問は購入価格87円・残存5年で再計算し、6.93％が正しい最終利回りです。数値を流用しないこと。;2:6.85％は償還差益の按分を誤った場合に出やすい値です。ディスカウント購入では(100－87)÷5＝2.6を加算し、式どおり6.93％になります。按分年数を確認してください。;4:7.20％は第413問（86円・4.0％・7.91％）付近の正答を流用した誤答です。本問は87円・クーポン3.5％で再計算し、6.93％が正しい利回りです。購入価格・利率を確認してください。,ディスカウント購入（87円）では(100－87)がプラス。第404問（88円・6.70％）と購入価格を取り違えない。
425,single,金融資産運用,FP2級;学科;実践演習;四答択;source:2026-gakka-27-v24,2026-gakka-27,,"下記の〈条件〉で、円貨を米ドルに交換して米ドル建定期預金に10,000米ドルを預け入れ、満期時に元利金の米ドルを円貨に交換して受け取る場合における利回り（単利・年率）は、 （   ）である。なお、税金は考慮しないものとし、計算結果は表示単位の小数点以下第３位を四捨五入するものとする。

〈条件〉
・預入期間：１年
・預金金利：2.00％（年率）
・為替予約なし
・為替レート（米ドル／円）
　預入時…ＴＴＳ：136.75円　ＴＴＢ：135.75円
　満期時…ＴＴＳ：143.50円　ＴＴＢ：143.00円",,,,,,6.80％,6.99％,7.18％,7.38％,2,"正解は2です。預入時10,000×136.75＝136.75万円、満期時10,200×143.00＝146.286万円。利回り＝9.536万円÷136.75万円×100≒6.989％→6.99％です。",2026年学科第27問の24問目。為替レートと金利だけ変更した外貨預金の演習です。,136.75万円投下、146.286万円受取。差額9.536万÷136.75万×100≒6.99％。買いＴＴＳ・売りＴＴＢです。,1:6.80％は第285問（130.25円・136.50円）の正答を流用した誤答です。本問は136.75円・143.00円で再計算し、6.99％が正しい利回りです。為替レートを確認してください。;3:7.18％は第414問（136.00円・142.50円）の正答を流用した誤答です。本問は136.75円・143.00円で再計算し、6.99％が正しい利回りです。過去の派生正答を流用しないこと。;4:7.38％は第405問（135.25円・142.00円）の正答を流用した誤答です。金利2.00％分の米ドル増と為替変動の両方を含め、投下136.75万円で割ります。,"外貨預金利回りは各バッチと同型。金利2.00％なら満期は10,200米ドルになる。"
426,single,ライフプランニングと資金計画,FP2級;学科;実践演習;四答択;source:2025-gakka-10-v31,2025-gakka-10,,"下記の〈Ｊ社の貸借対照表〉に基づくＪ社の流動比率は、 （   ）である。なお、流動比率＝流動資産÷流動負債×100とする。

〈Ｊ社の貸借対照表〉（単位：百万円）
流動資産　2,990
流動負債　　685",,,,,,428％,435％,437％,440％,3,"正解は3です。流動比率＝2,990百万円÷685百万円×100＝437.2％→表示上437％です。",学科第10問をベースに、流動比率を直接計算する第16の演習です。,"2,990÷685×100＝437.2％→437％。流動資産を流動負債で割り、百分率に直します。","1:428％は第387問（2,950÷690）の正答を流用した誤答です。本問は流動資産2,990・流動負債685で再計算し、437％が正しい流動比率です。数値を流用しないこと。;2:435％は第406問（2,960÷680）の正答を流用した誤答です。流動負債685百万円に対する流動資産2,990百万円なので、流動比率は437％です。;4:440％は流動負債を小さく取った誤答で生じやすい値です。流動資産2,990百万円÷流動負債685百万円×100＝437％が正しい計算になります。第406問（435％）と取り違えないこと。",流動比率＝流動資産÷流動負債×100。第406問（435％）と流動資産・負債を取り違えない。
427,single,ライフプランニングと資金計画,FP2級;学科;実践演習;四答択;source:2025-gakka-01-v6,2025-gakka-01,,"Ｉさんの可処分所得（年間）の金額は、下記の〈資料〉によれば、 （   ）である。

〈資料〉
給与収入　　：1,290万円
給与所得　　：  890万円
所得税・住民税： 104万円
社会保険料　： 147万円
生命保険料　：  24万円",,,,,,"1,040万円","1,059万円","1,080万円","1,290万円",2,"正解は2です。可処分所得＝給与収入－所得税・住民税－社会保険料です。1,290万円－104万円－147万円＝1,059万円です。",学科の可処分所得をベースに、収入・控除額だけ変更した第22の演習です。,"1,290－104－147＝1,059万円。給与所得890万円や生命保険料24万円はこの式に含めません。","1:1,040万円は生命保険料まで差し引いた値など、家計支出を控除に含めた誤りです。可処分所得は税と社会保険料のみを給与収入から引き、保険料は控除項目ではありません。;3:1,080万円は第415問（1,282－103－145＝1,060万円）の正答を流用した誤答です。本問は1,290－104－147で再計算し、1,059万円が正しい可処分所得です。数値を流用しないこと。;4:1,290万円は給与収入そのもので、税・社会保険料を差し引いていません。所得税・住民税104万円と社会保険料147万円の両方を引く必要があり、1,059万円が正答です。収入全額ではありません。","可処分所得＝給与収入－所得税・住民税－社会保険料。第415問（1,060万円）と数値を取り違えない。"
428,single,タックスプランニング,FP2級;学科;実践演習;四答択;source:2026-gakka-33-v15,2026-gakka-33,,Ｇさんの2025年分の所得税における総所得金額は、給与所得の金額が356万円、公的年金等の雑所得の金額が46万円、配当所得の金額が21万円であるとき、 （   ）である。なお、ほかの所得はないものとする。,,,,,,356万円,400万円,421万円,432万円,3,正解は3です。総所得金額は各所得の金額を合計します。356万円＋46万円＋21万円＝421万円です。,2026年学科第33問をベースに、3種類の所得を合計する総所得金額の演習です。,給与所得356万円＋公的年金等46万円＋配当所得21万円＝421万円。損益通算が不要な場合は単純合計です。,1:356万円は給与所得のみで、公的年金等46万円と配当所得21万円を加算していません。ほかの所得がない場合でも、3種類の所得を合計し、421万円が総所得金額です。両方足します。;2:400万円は356万円＋46万円のみで、配当所得21万円を加算していない誤りです。配当所得も総所得に含め、356＋46＋21＝421万円が総所得金額です。配当を忘れないこと。;4:432万円は第407問（342＋48＋22＝412万円）の正答を流用した誤答です。本問は356＋46＋21で再計算し、421万円が総所得金額です。数値を流用しないこと。,総所得金額は各所得の金額の合計。第407問（412万円）と所得の種類を取り違えない。
429,single,タックスプランニング,FP2級;学科;実践演習;四答択;source:2026-gakka-16-v13,2026-gakka-16,,"給与所得者が36年間勤務した会社を定年退職し、退職金3,720万円の支給を受けた場合、所得税における退職所得の金額の計算上、退職所得控除額は（   ）となる。",,,,,,"800万円＋40万円×(36年－20年)＝1,440万円","800万円＋70万円×(36年－20年)＝1,920万円","40万円×36年＝1,440万円","70万円×36年＝2,520万円",2,"正解は2です。勤続36年（20年超）なので、800万円＋70万円×(36－20)＝800万円＋1,120万円＝1,920万円です。",学科の退職所得控除の21問目。36年勤続（20年超）に変更した演習です。,"36年は20年超。800万円＋70万円×(36－20)＝1,920万円。40万円×年数の式は使いません。","1:800万円＋40万円×(36－20)は20年超用の70万円式を誤用した選択肢です。36年勤続は20年超なので、800万円＋70万円×16年＝1,920万円の公式を使います。年数で式を選びます。;3:40万円×36年は20年以下用の式を誤用した誤答です。36年勤続は20年超なので、800万円＋70万円×(36－20)＝1,920万円が控除額です。40万円×年数は使いません。;4:70万円×36年は退職所得控除の公式ではありません。20年超は800万円＋70万円×(年－20)であり、36年なら1,920万円になります。70万円×年数ではありません。","退職所得控除は20年以下と20年超で式が異なる。第389問（35年・1,850万）と勤続年数を取り違えない。"
430,single,タックスプランニング,FP2級;学科;実践演習;四答択;source:2026-gakka-33-v14,2026-gakka-33,,Ｈさんの2025年分の所得税における不動産所得の金額が122万円、事業所得の金額が▲61万円であるとき、損益通算後の不動産所得の金額は、 （   ）である。なお、ほかの所得はないものとする。,,,,,,61万円,63万円,122万円,183万円,1,正解は1です。事業所得の損失61万円は不動産所得と損益通算できます。122万円－61万円＝61万円が損益通算後の不動産所得の金額です。,2026年学科第33問をベースに、損益通算だけを問う第11の演習です。,事業損失61万円を不動産所得122万円と通算し、61万円です。事業損失は不動産所得と通算可能です。,2:63万円は第400問（116万・▲56万・60万円）の正答を流用した誤答です。本問は不動産122万円・事業損失61万円で再計算し、61万円が損益通算後の金額です。数値を流用しないこと。;3:122万円は不動産所得のみで、事業損失61万円の損益通算を行っていません。事業所得の損失は不動産所得と通算できるため、122－61＝61万円が正しい金額です。通算を忘れないこと。;4:183万円は122万円＋61万円と足し算した誤答で生じやすい値です。損益通算では損失を差し引くため、122－61＝61万円です。損失を加算しません。,事業所得の損失は不動産所得と損益通算。第400問（60万円）と数値を取り違えない。
431,single,金融資産運用,FP2級;学科;実践演習;四答択;source:2026-gakka-26-v38,2026-gakka-26,,"Ｓ社の株価が3,555円、１株当たり純利益が89円である場合、Ｓ社のＰＥＲ（株価収益率）は、 （   ）である。",,,,,,38倍,40倍,42倍,45倍,2,"正解は2です。PER＝株価÷１株当たり純利益です。3,555円÷89円＝40倍です。",2026年学科第26問をベースに、PERを直接計算する第21の演習です。,"PER＝3,555÷89＝40倍。株価を１株当たり純利益で割ります。","1:38倍は第371問（2,660円・70円）の正答を流用した誤答です。本問は3,555円・89円で再計算し、40倍が正しいPERです。過去の派生正答を流用しないこと。;3:42倍は第331問（2,940円・70円）の正答を流用した誤答です。株価3,555円・純利益89円をそのまま割ると40倍であり、42倍にはなりません。;4:45倍は第411問（3,465円・77円）の正答を流用した誤答です。本問は3,555円・89円で再計算し、40倍が正しいPERです。株価・純利益の組合せを確認してください。",PER＝株価÷EPS。第391問（40倍）と株価・純利益の組合せを取り違えない。
432,single,金融資産運用,FP2級;学科;実践演習;四答択;source:2025-gakka-28-v26,2025-gakka-28,,"Ｑさんのポートフォリオにおける各資産の構成比および期待収益率が下記のとおりである場合、当該ポートフォリオの期待収益率は、 （   ）である。

預金　17％　期待収益率0.1％
債券　33％　期待収益率2.68％
株式　50％　期待収益率7.72％",,,,,,4.80％,4.88％,4.96％,5.04％,3,正解は3です。0.1％×17％＋2.68％×33％＋7.72％×50％＝0.017％＋0.8844％＋3.86％＝4.9614％→表示上4.96％です。,2025年学科第28問の26問目。構成比と収益率を再変更した演習です。,0.1×0.17＋2.68×0.33＋7.72×0.5＝4.9614％→4.96％。各資産の加重平均です。,1:4.80％は第272問（4.80％）の正答を流用した誤答です。本問は17・33・50で再計算し、4.96％が正しい期待収益率です。構成比を確認してください。;2:4.88％は構成比を誤った加重平均の結果です。17％・33％・50％で0.1％・2.68％・7.72％を掛け合わせ、合計4.96％になります。構成比を確認してください。;4:5.04％は第252問（5.04％付近）の正答を流用した誤答です。本問は17・33・50で再計算し、4.96％が正しい期待収益率です。過去の派生正答を流用しないこと。,ポートフォリオ期待収益率は毎回構成比から計算。第423問（4.52％）と構成比を取り違えない。
433,single,金融資産運用,FP2級;学科;実践演習;四答択;source:2025-gakka-24-v26,2025-gakka-24,,表面利率（クーポンレート）3.5％、残存期間5年の固定利付債券を額面100円当たり85円で購入した場合の最終利回り（年率・単利）は、 （   ）である。なお、税金等は考慮しないものとし、計算結果は表示単位の小数点以下第３位を四捨五入している。,,,,,,7.20％,7.45％,7.65％,7.91％,3,正解は3です。{3.5％＋(100円－85円)÷5年}÷85円×100＝{3.5＋3}÷85×100≒7.647％→小数点以下第3位四捨五入で7.65％です。,学科の債券最終利回りの42問目。ディスカウント購入・5年残存に変更した演習です。,{3.5＋(100－85)÷5}÷85×100≒7.647％→7.65％。償還差益を期間で按分します。,1:7.20％は償還差益の按分を誤った場合に出やすい値です。ディスカウント購入では(100－85)÷5＝3を加算し、式どおり7.65％になります。按分年数を確認してください。;2:7.45％は第273問（85円・4年・7.68％）付近の正答を流用した誤答です。本問は購入価格85円・残存5年で再計算し、7.65％が正しい最終利回りです。数値を流用しないこと。;4:7.91％は第413問（86円・4.0％・7.91％）の正答を流用した誤答です。本問は85円・クーポン3.5％で再計算し、7.65％が正しい利回りです。購入価格・利率を確認してください。,ディスカウント購入（85円）では(100－85)がプラス。第424問（87円・6.93％）と購入価格を取り違えない。
434,single,金融資産運用,FP2級;学科;実践演習;四答択;source:2026-gakka-27-v24,2026-gakka-27,,"下記の〈条件〉で、円貨を米ドルに交換して米ドル建定期預金に10,000米ドルを預け入れ、満期時に元利金の米ドルを円貨に交換して受け取る場合における利回り（単利・年率）は、 （   ）である。なお、税金は考慮しないものとし、計算結果は表示単位の小数点以下第３位を四捨五入するものとする。

〈条件〉
・預入期間：１年
・預金金利：2.75％（年率）
・為替予約なし
・為替レート（米ドル／円）
　預入時…ＴＴＳ：137.50円　ＴＴＢ：136.50円
　満期時…ＴＴＳ：144.25円　ＴＴＢ：143.75円",,,,,,7.20％,7.44％,7.65％,7.85％,2,"正解は2です。預入時10,000×137.50＝137.50万円、満期時10,275×143.75＝147.728125万円。利回り＝10.228125万円÷137.50万円×100≒7.439％→7.44％です。",2026年学科第27問の24問目。為替レートと金利だけ変更した外貨預金の演習です。,137.50万円投下、147.728125万円受取。差額10.228125万÷137.50万×100≒7.44％。買いＴＴＳ・売りＴＴＢです。,1:7.20％は第305問（131.50円・137.75円）の正答を流用した誤答です。本問は137.50円・143.75円で再計算し、7.44％が正しい利回りです。為替レートを確認してください。;3:7.65％は為替差益を過大に見積もった誤答で生じやすい値です。金利2.75％分の米ドル増と為替変動の両方を含め、投下137.50万円で割ります。;4:7.85％は第394問（134.50円・141.50円）の正答を流用した誤答です。本問は137.50円・143.75円で再計算し、7.44％が正しい利回りです。過去の派生正答を流用しないこと。,"外貨預金利回りは各バッチと同型。金利2.75％なら満期は10,275米ドルになる。"
435,single,ライフプランニングと資金計画,FP2級;学科;実践演習;四答択;source:2025-gakka-10-v31,2025-gakka-10,,"下記の〈Ｋ社の貸借対照表〉に基づくＫ社の固定長期適合率は、 （   ）である。なお、固定長期適合率＝（純資産＋固定負債）÷固定資産×100とする。

〈Ｋ社の貸借対照表〉（単位：百万円）
固定資産　5,800
流動資産　2,200
流動負債　　900
固定負債　1,760
純資産　　4,120",,,,,,98％,100％,101％,104％,3,"正解は3です。（4,120＋1,760）百万円÷5,800百万円×100＝100.7％→表示上101％です。",学科第10問をベースに、固定長期適合率を直接計算する第19の演習です。,"（4,120＋1,760）÷5,800×100＝100.7％→101％。純資産と固定負債の合計を固定資産で割ります。","1:98％は固定資産を大きく取った誤答で生じやすい値です。固定資産5,800百万円を分母に（4,120＋1,760）÷5,800×100＝101％が正しい計算になります。;2:100％は第307問（2,940＋1,260÷4,200）の正答を流用した誤答です。本問は純資産4,120・固定負債1,760・固定資産5,800で再計算し、101％が正しい固定長期適合率です。;4:104％は第416問（4,080＋1,720÷5,600）の正答を流用した誤答です。本問は純資産4,120・固定負債1,760で再計算し、101％が正しい固定長期適合率です。数値を流用しないこと。",固定長期適合率＝（純資産＋固定負債）÷固定資産×100。第416問（104％）と数値を取り違えない。
436,single,ライフプランニングと資金計画,FP2級;学科;実践演習;四答択;source:2025-gakka-10-v32,2025-gakka-10,,"下記の〈Ｌ社の貸借対照表〉に基づくＬ社の自己資本比率は、 （   ）である。なお、自己資本比率＝純資産÷総資産×100とする。

〈Ｌ社の貸借対照表〉（単位：百万円）
総資産　13,700
純資産　5,206",,,,,,36.5％,37.5％,38.0％,39.0％,3,"正解は3です。自己資本比率＝5,206百万円÷13,700百万円×100＝38.0％です。",学科第10問をベースに、自己資本比率を直接計算する第18の演習です。,"5,206÷13,700×100＝38.0％。純資産を総資産で割り、百分率に直します。","1:36.5％は第377問（4,680÷12,400）の正答を流用した誤答です。本問は純資産5,206・総資産13,700で再計算し、38.0％が正しい自己資本比率です。数値を流用しないこと。;2:37.5％は第417問（5,016÷13,200）付近の正答を流用した誤答です。純資産5,206百万円÷総資産13,700百万円×100＝38.0％が正しい計算になります。;4:39.0％は5,343÷13,700など、純資産を大きく取った誤答で生じやすい値です。自己資本比率は純資産5,206百万円÷総資産13,700百万円×100＝38.0％です。第417問（38.0％）と総資産を取り違えないこと。",自己資本比率＝純資産÷総資産×100。第417問（38.0％）と総資産・純資産を取り違えない。
437,single,タックスプランニング,FP2級;学科;実践演習;四答択;source:2026-gakka-34-v11,2026-gakka-34,,Ｇさんの2025年分の所得税における医療費控除の控除額を計算する場合、総所得金額が760万円、医療費として実際に支払った金額が90万円、その補填として受け取った保険金が13万円であるとき、医療費控除額は、 （   ）である。なお、「特定一般用医薬品等購入費を支払った場合の医療費控除の特例」は考慮しない。,,,,,,37万円,39万円,41万円,45万円,2,"正解は2です。医療費控除額＝支払医療費－保険金等の補填－max(10万円, 総所得金額×5％)です。90万円－13万円－38万円（760万円×5％）＝39万円です。",2026年学科第34問の11問目。医療費控除額を直接計算する演習です。,補填後77万円から、総所得760万円の5％である38万円（10万円超）を差し引き、控除額39万円です。,1:37万円は最低限度額10万円だけを差し引いた誤りです。総所得760万円の場合は5％の38万円が限度となるため、控除額は39万円です。10万円固定ではありません。;3:41万円は第358問（760万・93万・13万・42万円）の正答を流用した誤答です。本問は支払90万円で再計算し、39万円が正しい控除額です。数値を流用しないこと。;4:45万円は限度額を差し引かない誤答で生じやすい値です。補填後77万円から限度38万円を引き、控除額は39万円です。限度額そのものを控除額と混同しないこと。,"医療費控除＝支払－補填－max(10万, 総所得×5％)。第418問（37万円）と総所得額を取り違えない。"
438,single,タックスプランニング,FP2級;学科;実践演習;四答択;source:2026-gakka-32-v11,2026-gakka-32,,所得税における一時所得に係る総収入金額が508万円で、その収入を得るために支出した金額が124万円である場合、一時所得の金額は（ ① ）、そのうち総所得金額に算入される金額は（ ② ）となる。,,,,,,① 268万円   ② 134万円,① 318万円   ② 159万円,① 368万円   ② 184万円,① 318万円   ② 318万円,2,正解は2です。一時所得の金額＝508万円－124万円－特別控除50万円＝318万円。総所得金額に算入される金額はその2分の1の159万円です。,学科の一時所得をベースに、収入・支出だけ変更した第19の演習です。,一時所得＝508－124－50＝318万円。総所得算入は半額の159万円です。,1:①268万円・②134万円は特別控除50万円を差し引かない誤りです。508－124－50＝318万円が一時所得の金額であり、半額の159万円が総所得への算入額です。支出を忘れないこと。;3:①368万円・②184万円は支出124万円を差し引かない誤りです。一時所得は収入－支出－50万円であり、508－124－50＝318万円、算入は159万円です。特別控除を忘れないこと。;4:①318万円・②318万円は半額算入を誤って全額算入した誤答です。一時所得318万円のうち総所得に算入するのは2分の1の159万円です。全額算入ではありません。,一時所得＝収入－支出－50万円、総所得算入は半額。第419問（320万・160万円）と数値を取り違えない。
439,single,タックスプランニング,FP2級;学科;実践演習;四答択;source:2026-gakka-34-v12,2026-gakka-34,,Ｆさんが暦年課税により従兄弟から現金245万円の贈与を受けた場合の贈与税の課税価格は、 （   ）である。,,,,,,115万円,125万円,135万円,245万円,3,正解は3です。暦年課税の課税価格＝贈与財産の価額－基礎控除110万円です。245万円－110万円＝135万円です。,学科の贈与税をベースに、贈与額245万円に変更した課税価格の演習です。,245－110＝135万円。暦年課税では110万円の基礎控除後の金額が課税価格です。,1:115万円は贈与225万円と誤認した場合の課税価格など、別の贈与額の結果です。贈与額245万円から基礎控除110万円を引き、課税価格は135万円になります。贈与額を確認してください。;2:125万円は第408問（238万・128万円）の正答を流用した誤答です。本問は贈与額245万円で再計算し、135万円が正しい課税価格です。数値を流用しないこと。;4:245万円は贈与財産の価額そのもので、基礎控除を差し引いていません。暦年課税では110万円の基礎控除後の135万円が課税価格です。贈与額全額は課税価格ではありません。,暦年課税の課税価格＝贈与額－110万円。第408問（128万円）と贈与額を取り違えない。
440,single,相続・事業承継,FP2級;学科;実践演習;四答択;source:2026-gakka-58-v17,2026-gakka-58,,"貸家建付地の相続税評価額は、その自用地としての価額が9,500万円、借地権割合が52％、借家権割合が32％、賃貸割合が100％である場合、原則として、 （   ）となる。",,,,,,"7,600万円","7,913万円","8,075万円","9,500万円",2,"正解は2です。貸家建付地の評価額は、自用地価額×(1－借地権割合×借家権割合×賃貸割合)です。9,500万円×(1－0.52×0.32×1)＝9,500万円×83.36％＝7,913.2万円です。",学科の貸家建付地の13問目。借地権・借家権割合だけ変更した演習です。,"9,500×(1－0.52×0.32)＝7,913.2万円。3つの割合を掛け合わせて控除します。","1:7,600万円は借地権割合だけを控除した貸宅地の式で計算した誤りです。貸家建付地では借家権割合と賃貸割合も掛け合わせ、0.52×0.32×1＝16.64％を控除します。3つ掛け算です。;3:8,075万円は第320問（9,500万・55％・32％）の正答を流用した誤答です。本問は借地権52％・借家権32％で再計算し、7,913万円が評価額になります。割合を確認してください。;4:9,500万円は自用地のままの評価額で、貸家建付地としての減額を反映していません。借地権・借家権・賃貸割合を控除し、7,913万円が貸家建付地の評価額です。第320問と数値を取り違えないこと。",貸家建付地＝自用地×(1－借地権×借家権×賃貸割合)。貸宅地の1割合公式と混同しないこと。
441,single,金融資産運用,FP2級;学科;実践演習;四答択;source:2026-gakka-26-v36,2026-gakka-26,,"Ｔ社の１株当たり純利益が198円、１株当たり純資産（自己資本）が2,475円である場合、Ｔ社のＲＯＥは、 （   ）である。",,,,,,7％,8％,9％,10％,2,"正解は2です。ROE＝１株当たり純利益÷１株当たり純資産×100です。198円÷2,475円×100＝8％です。",2026年学科第26問のROEをベースに、純利益と純資産だけ変更した第22の演習です。,"ROE＝198÷2,475×100＝8％。分子は純利益、分母は自己資本（純資産）です。","1:7％は第281問（140円・2,000円）の正答を流用した誤答です。本問は198円・2,475円で再計算し、8％が正しいROEです。過去の派生正答を流用しないこと。;3:9％は第261問（153円・1,700円）の正答を流用した誤答です。純資産2,475円に対する純利益198円を割ると8％となり、9％にはなりません。純資産の数値を確認してください。;4:10％は純利益を大きく取った誤答で生じやすい値です。本問の純資産は2,475円なので、198÷2,475×100＝8％が正しい計算になります。第421問（8％）と純資産を取り違えないこと。",ROE＝純利益÷純資産×100。第421問（8％）と純利益・純資産の組合せを取り違えない。
442,single,金融資産運用,FP2級;学科;実践演習;四答択;source:2026-gakka-26-v37,2026-gakka-26,,"Ｕ社の株価が4,725円、１株当たり純資産（自己資本）が1,050円である場合、Ｕ社のＰＢＲ（株価純資産倍率）は、 （   ）である。",,,,,,4.0倍,4.5倍,5.0倍,5.5倍,2,"正解は2です。PBR＝株価÷１株当たり純資産です。4,725円÷1,050円＝4.5倍です。",2026年学科第26問のPBRをベースに、株価と純資産だけ変更した第20の演習です。,"PBR＝4,725÷1,050＝4.5倍。株価を１株当たり純資産で割ります。","1:4.0倍は第382問（3,640円・910円）の正答を流用した誤答です。本問は4,725円・1,050円で再計算し、4.5倍が正しいPBRです。過去の派生正答を流用しないこと。;3:5.0倍は第302問（3,600円・720円）の正答を流用した誤答です。株価4,725円・純資産1,050円をそのまま割ると4.5倍であり、5.0倍にはなりません。;4:5.5倍は株価を大きく取った誤答で生じやすい値です。PBRの分母は純資産1,050円であり、4,725÷1,050＝4.5倍です。第422問（4.5倍）と株価・純資産を取り違えないこと。",PBR＝株価÷BPS。第422問（4.5倍）と株価・純資産の組合せを取り違えない。
443,single,金融資産運用,FP2級;学科;実践演習;四答択;source:2025-gakka-28-v26,2025-gakka-28,,"Ｒさんのポートフォリオにおける各資産の構成比および期待収益率が下記のとおりである場合、当該ポートフォリオの期待収益率は、 （   ）である。

預金　19％　期待収益率0.1％
債券　31％　期待収益率2.72％
株式　50％　期待収益率7.85％",,,,,,4.80％,4.88％,4.96％,5.04％,2,正解は2です。0.1％×19％＋2.72％×31％＋7.85％×50％＝0.019％＋0.8432％＋3.925％＝4.8872％→表示上4.88％です。,2025年学科第28問の26問目。構成比と収益率を再変更した演習です。,0.1×0.19＋2.72×0.31＋7.85×0.5＝4.8872％→4.88％。各資産の加重平均です。,1:4.80％は第272問（4.80％）の正答を流用した誤答です。本問は19・31・50で再計算し、4.88％が正しい期待収益率です。構成比を確認してください。;3:4.96％は第432問（4.96％）の正答を流用した誤答です。19％・31％・50％で0.1％・2.72％・7.85％を掛け合わせ、合計4.88％になります。構成比を確認してください。;4:5.04％は第252問（5.04％付近）の正答を流用した誤答です。本問は19・31・50で再計算し、4.88％が正しい期待収益率です。過去の派生正答を流用しないこと。,ポートフォリオ期待収益率は毎回構成比から計算。第432問（4.96％）と構成比を取り違えない。
444,single,金融資産運用,FP2級;学科;実践演習;四答択;source:2025-gakka-24-v26,2025-gakka-24,,表面利率（クーポンレート）4.0％、残存期間4年の固定利付債券を額面100円当たり84円で購入した場合の最終利回り（年率・単利）は、 （   ）である。なお、税金等は考慮しないものとし、計算結果は表示単位の小数点以下第３位を四捨五入している。,,,,,,8.00％,8.33％,8.68％,9.00％,2,正解は2です。{4.0％＋(100円－84円)÷4年}÷84円×100＝{4.0＋4}÷84×100≒8.333％→小数点以下第3位四捨五入で8.33％です。,学科の債券最終利回りの43問目。ディスカウント購入・4年残存に変更した演習です。,{4.0＋(100－84)÷4}÷84×100≒8.333％→8.33％。償還差益を期間で按分します。,1:8.00％は償還差益の按分を誤った場合に出やすい値です。ディスカウント購入では(100－84)÷4＝4を加算し、式どおり8.33％になります。按分年数を確認してください。;3:8.68％は第273問（85円・4年・7.68％）付近の正答を流用した誤答です。本問は購入価格84円・残存4年で再計算し、8.33％が正しい最終利回りです。数値を流用しないこと。;4:9.00％はクーポン率だけを購入価格で割った誤答で生じやすい値です。本問は84円・残存4年で再計算し、8.33％が正しい利回りです。償還差益の按分を忘れないこと。,ディスカウント購入（84円）では(100－84)がプラス。第433問（85円・5年・7.65％）と期間を取り違えない。
445,single,金融資産運用,FP2級;学科;実践演習;四答択;source:2026-gakka-27-v24,2026-gakka-27,,"下記の〈条件〉で、円貨を米ドルに交換して米ドル建定期預金に10,000米ドルを預け入れ、満期時に元利金の米ドルを円貨に交換して受け取る場合における利回り（単利・年率）は、 （   ）である。なお、税金は考慮しないものとし、計算結果は表示単位の小数点以下第３位を四捨五入するものとする。

〈条件〉
・預入期間：１年
・預金金利：2.50％（年率）
・為替予約なし
・為替レート（米ドル／円）
　預入時…ＴＴＳ：138.25円　ＴＴＢ：137.25円
　満期時…ＴＴＳ：144.75円　ＴＴＢ：144.25円",,,,,,7.00％,7.20％,7.44％,7.65％,2,"正解は2です。預入時10,000×138.25＝138.25万円、満期時10,250×144.25＝147.7625万円。利回り＝9.5125万円÷138.25万円×100≒7.203％→7.20％です。",2026年学科第27問の24問目。為替レートと金利だけ変更した外貨預金の演習です。,138.25万円投下、147.7625万円受取。差額9.5125万÷138.25万×100≒7.20％。買いＴＴＳ・売りＴＴＢです。,1:7.00％は第305問（131.50円・137.75円）の正答を流用した誤答です。本問は138.25円・144.25円で再計算し、7.20％が正しい利回りです。為替レートを確認してください。;3:7.44％は第434問（137.50円・143.75円）の正答を流用した誤答です。本問は138.25円・144.25円で再計算し、7.20％が正しい利回りです。過去の派生正答を流用しないこと。;4:7.65％は為替差益を過大に見積もった誤答で生じやすい値です。金利2.50％分の米ドル増と為替変動の両方を含め、投下138.25万円で割ります。,"外貨預金利回りは各バッチと同型。金利2.50％なら満期は10,250米ドルになる。"
446,single,ライフプランニングと資金計画,FP2級;学科;実践演習;四答択;source:2025-gakka-01-v6,2025-gakka-01,,"Ｊさんの可処分所得（年間）の金額は、下記の〈資料〉によれば、 （   ）である。

〈資料〉
給与収入　　：1,298万円
給与所得　　：  892万円
所得税・住民税： 105万円
社会保険料　： 148万円
生命保険料　：  25万円",,,,,,"1,040万円","1,045万円","1,060万円","1,298万円",2,"正解は2です。可処分所得＝給与収入－所得税・住民税－社会保険料です。1,298万円－105万円－148万円＝1,045万円です。",学科の可処分所得をベースに、収入・控除額だけ変更した第23の演習です。,"1,298－105－148＝1,045万円。給与所得892万円や生命保険料25万円はこの式に含めません。","1:1,040万円は生命保険料まで差し引いた値など、家計支出を控除に含めた誤りです。可処分所得は税と社会保険料のみを給与収入から引き、保険料は控除項目ではありません。;3:1,060万円は第415問（1,282－103－145＝1,060万円）の正答を流用した誤答です。本問は1,298－105－148で再計算し、1,045万円が正しい可処分所得です。数値を流用しないこと。;4:1,298万円は給与収入そのもので、税・社会保険料を差し引いていません。所得税・住民税105万円と社会保険料148万円の両方を引く必要があり、1,045万円が正答です。収入全額ではありません。","可処分所得＝給与収入－所得税・住民税－社会保険料。第427問（1,059万円）と数値を取り違えない。"
447,single,ライフプランニングと資金計画,FP2級;学科;実践演習;四答択;source:2025-gakka-10-v31,2025-gakka-10,,"下記の〈Ｍ社の貸借対照表〉に基づくＭ社の流動比率は、 （   ）である。なお、流動比率＝流動資産÷流動負債×100とする。

〈Ｍ社の貸借対照表〉（単位：百万円）
流動資産　3,050
流動負債　　690",,,,,,435％,440％,443％,450％,3,"正解は3です。流動比率＝3,050百万円÷690百万円×100＝443.5％→表示上443％です。",学科第10問をベースに、流動比率を直接計算する第17の演習です。,"3,050÷690×100＝443.5％→443％。流動資産を流動負債で割り、百分率に直します。","1:435％は第406問（2,960÷680）の正答を流用した誤答です。本問は流動資産3,050・流動負債690で再計算し、443％が正しい流動比率です。数値を流用しないこと。;2:440％は流動負債を大きく取った誤答で生じやすい値です。流動負債690百万円に対する流動資産3,050百万円なので、流動比率は443％です。分母を確認してください。;4:450％は第307問（2,520÷600）付近の正答を流用した誤答です。流動資産3,050百万円÷流動負債690百万円×100＝443％が正しい計算になります。第426問（437％）と取り違えないこと。",流動比率＝流動資産÷流動負債×100。第426問（437％）と流動資産・負債を取り違えない。
448,single,タックスプランニング,FP2級;学科;実践演習;四答択;source:2026-gakka-33-v14,2026-gakka-33,,Ｉさんの2025年分の所得税における不動産所得の金額が128万円、事業所得の金額が▲64万円であるとき、損益通算後の不動産所得の金額は、 （   ）である。なお、ほかの所得はないものとする。,,,,,,64万円,66万円,128万円,192万円,1,正解は1です。事業所得の損失64万円は不動産所得と損益通算できます。128万円－64万円＝64万円が損益通算後の不動産所得の金額です。,2026年学科第33問をベースに、損益通算だけを問う第12の演習です。,事業損失64万円を不動産所得128万円と通算し、64万円です。事業損失は不動産所得と通算可能です。,2:66万円は第430問（122万・▲61万・61万円）の正答を流用した誤答です。本問は不動産128万円・事業損失64万円で再計算し、64万円が損益通算後の金額です。過去の派生正答を流用しないこと。数値を確認してください。;3:128万円は不動産所得のみで、事業損失64万円の損益通算を行っていません。事業所得の損失は不動産所得と通算できるため、128－64＝64万円が正しい金額です。通算を忘れないこと。;4:192万円は128万円＋64万円と足し算した誤答で生じやすい値です。損益通算では損失を差し引くため、128－64＝64万円です。損失を加算しません。,事業所得の損失は不動産所得と損益通算。第430問（61万円）と数値を取り違えない。
449,single,ライフプランニングと資金計画,FP2級;学科;実践演習;四答択;source:2026-gakka-58-v18,2026-gakka-58,,敷地面積560㎡の土地に、延べ面積336㎡の建築物を建築する場合の容積率は、 （   ）である。なお、容積率＝延べ面積÷敷地面積×100とする。,,,,,,55％,58％,60％,65％,3,正解は3です。容積率＝336㎡÷560㎡×100＝60％です。,学科の建築基準法をベースに、容積率を直接計算する第5の演習です。,336÷560×100＝60％。延べ面積を敷地面積で割り、百分率に直します。,1:55％は第300問（275㎡・500㎡・55％）の正答を流用した誤答です。本問は延べ面積336㎡・敷地面積560㎡で再計算し、60％が正しい容積率です。数値を流用しないこと。;2:58％は延べ面積を小さく取った誤答で生じやすい値です。敷地面積560㎡に対する延べ面積336㎡なので、容積率は60％です。面積を再確認してください。;4:65％は第340問（312㎡・480㎡・65％）の正答を流用した誤答です。容積率は延べ面積336㎡÷敷地面積560㎡×100＝60％です。建築面積ではありません。,容積率＝延べ面積÷敷地面積×100。第340問（65％）と面積を取り違えない。
450,single,ライフプランニングと資金計画,FP2級;学科;実践演習;四答択;source:2026-gakka-58-v17,2026-gakka-58,,"Ｑさんが購入を検討している賃貸用マンションの購入価格が8,950万円、年間賃料収入（経費控除前）が502万円である場合、当該不動産の表面利回り（年率）は、 （   ）である。なお、表面利回り＝年間賃料収入÷購入価格×100とする。",,,,,,5.4％,5.6％,5.7％,6.0％,2,"正解は2です。表面利回り＝502万円÷8,950万円×100＝5.60％→表示上5.6％です。",学科の不動産利回りをベースに、表面利回りを直接計算する第8の演習です。,"502÷8,950×100＝5.60％→5.6％。経費控除前の賃料を購入価格で割ります。","1:5.4％は第330問（396万・7,200万・5.5％）付近の正答を流用した誤答です。本問は賃料502万円・購入価格8,950万円で再計算し、5.6％が正しい表面利回りです。数値を流用しないこと。;3:5.7％は第410問（468万・8,200万・5.7％）の正答を流用した誤答です。表面利回りは経費控除前の502万円を分母8,950万円で割り、5.6％が正答です。5.7％は別の組合せです。;4:6.0％は第150問（318万・5,300万・6.0％）の正答を流用した誤答です。購入価格8,950万円に対する賃料502万円なので、表面利回りは5.6％です。賃料額を再確認してください。",表面利回り＝年間賃料÷購入価格×100。第410問（5.7％）と購入価格・賃料を取り違えない。
451,single,金融資産運用,FP2級;学科;実践演習;四答択;source:2026-gakka-26-v38,2026-gakka-26,,"Ｓ社の株価が3,720円、１株当たり純利益が93円である場合、Ｓ社のＰＥＲ（株価収益率）は、 （   ）である。",,,,,,38倍,40倍,42倍,45倍,2,"正解は2です。PER＝株価÷１株当たり純利益です。3,720円÷93円＝40倍です。",2026年学科第26問をベースに、PERを直接計算する第22の演習です。,"PER＝3,720÷93＝40倍。株価を１株当たり純利益で割ります。","1:38倍は第371問（2,660円・70円）の正答を流用した誤答です。本問は3,720円・93円で再計算し、40倍が正しいPERです。過去の派生正答を流用しないこと。;3:42倍は第331問（2,940円・70円）の正答を流用した誤答です。株価3,720円・純利益93円をそのまま割ると40倍であり、42倍にはなりません。;4:45倍は第411問（3,465円・77円）の正答を流用した誤答です。本問は3,720円・93円で再計算し、40倍が正しいPERです。株価・純利益の組合せを確認してください。",PER＝株価÷EPS。第431問（40倍）と株価・純利益の組合せを取り違えない。
452,single,金融資産運用,FP2級;学科;実践演習;四答択;source:2025-gakka-28-v26,2025-gakka-28,,"Ｓさんのポートフォリオにおける各資産の構成比および期待収益率が下記のとおりである場合、当該ポートフォリオの期待収益率は、 （   ）である。

預金　16％　期待収益率0.1％
債券　34％　期待収益率2.76％
株式　50％　期待収益率7.82％",,,,,,4.80％,4.88％,4.96％,5.04％,3,正解は3です。0.1％×16％＋2.76％×34％＋7.82％×50％＝0.016％＋0.9384％＋3.91％＝4.9644％→表示上4.96％です。,2025年学科第28問の26問目。構成比と収益率を再変更した演習です。,0.1×0.16＋2.76×0.34＋7.82×0.5＝4.9644％→4.96％。各資産の加重平均です。,1:4.80％は第272問（4.80％）の正答を流用した誤答です。本問は16・34・50で再計算し、4.96％が正しい期待収益率です。構成比を確認してください。;2:4.88％は第443問（4.88％）の正答を流用した誤答です。16％・34％・50％で0.1％・2.76％・7.82％を掛け合わせ、合計4.96％になります。構成比を確認してください。;4:5.04％は第252問（5.04％付近）の正答を流用した誤答です。本問は16・34・50で再計算し、4.96％が正しい期待収益率です。過去の派生正答を流用しないこと。,ポートフォリオ期待収益率は毎回構成比から計算。第432問（4.96％）と構成比を取り違えない。
453,single,金融資産運用,FP2級;学科;実践演習;四答択;source:2025-gakka-24-v26,2025-gakka-24,,表面利率（クーポンレート）3.5％、残存期間5年の固定利付債券を額面100円当たり83円で購入した場合の最終利回り（年率・単利）は、 （   ）である。なお、税金等は考慮しないものとし、計算結果は表示単位の小数点以下第３位を四捨五入している。,,,,,,8.00％,8.15％,8.31％,8.55％,3,正解は3です。{3.5％＋(100円－83円)÷5年}÷83円×100＝{3.5＋3.4}÷83×100≒8.313％→小数点以下第3位四捨五入で8.31％です。,学科の債券最終利回りの44問目。ディスカウント購入・5年残存に変更した演習です。,{3.5＋(100－83)÷5}÷83×100≒8.313％→8.31％。償還差益を期間で按分します。,1:8.00％は償還差益の按分を誤った場合に出やすい値です。ディスカウント購入では(100－83)÷5＝3.4を加算し、式どおり8.31％になります。按分年数を確認してください。;2:8.15％は第273問（85円・4年・7.68％）付近の正答を流用した誤答です。本問は購入価格83円・残存5年で再計算し、8.31％が正しい最終利回りです。数値を流用しないこと。;4:8.55％は第444問（84円・4年・8.33％）付近の正答を流用した誤答です。本問は83円・残存5年で再計算し、8.31％が正しい利回りです。購入価格・期間を確認してください。,ディスカウント購入（83円）では(100－83)がプラス。第424問（87円・6.93％）と購入価格を取り違えない。
454,single,金融資産運用,FP2級;学科;実践演習;四答択;source:2026-gakka-27-v24,2026-gakka-27,,"下記の〈条件〉で、円貨を米ドルに交換して米ドル建定期預金に10,000米ドルを預け入れ、満期時に元利金の米ドルを円貨に交換して受け取る場合における利回り（単利・年率）は、 （   ）である。なお、税金は考慮しないものとし、計算結果は表示単位の小数点以下第３位を四捨五入するものとする。

〈条件〉
・預入期間：１年
・預金金利：2.75％（年率）
・為替予約なし
・為替レート（米ドル／円）
　預入時…ＴＴＳ：139.25円　ＴＴＢ：138.25円
　満期時…ＴＴＳ：145.00円　ＴＴＢ：144.50円",,,,,,6.40％,6.58％,6.75％,7.00％,2,"正解は2です。預入時10,000×139.25＝139.25万円、満期時10,275×144.50＝148.4175万円。利回り＝9.1675万円÷139.25万円×100≒6.578％→6.58％です。",2026年学科第27問の24問目。為替レートと金利だけ変更した外貨預金の演習です。,139.25万円投下、148.4175万円受取。差額9.1675万÷139.25万×100≒6.58％。買いＴＴＳ・売りＴＴＢです。,1:6.40％は第425問（136.75円・143.00円）付近の正答を流用した誤答です。本問は139.25円・144.50円で再計算し、6.58％が正しい利回りです。為替レートを確認してください。;3:6.75％は為替差益を過大に見積もった誤答で生じやすい値です。金利2.75％分の米ドル増と為替変動の両方を含め、投下139.25万円で割ります。;4:7.00％は第445問（138.25円・144.25円）付近の正答を流用した誤答です。本問は139.25円・144.50円で再計算し、6.58％が正しい利回りです。過去の派生正答を流用しないこと。,"外貨預金利回りは各バッチと同型。金利2.75％なら満期は10,275米ドルになる。"
455,single,ライフプランニングと資金計画,FP2級;学科;実践演習;四答択;source:2025-gakka-10-v31,2025-gakka-10,,"下記の〈Ｎ社の貸借対照表〉に基づくＮ社の固定長期適合率は、 （   ）である。なお、固定長期適合率＝（純資産＋固定負債）÷固定資産×100とする。

〈Ｎ社の貸借対照表〉（単位：百万円）
固定資産　5,900
流動資産　2,100
流動負債　　920
固定負債　1,840
純資産　　4,200",,,,,,100％,102％,104％,108％,3,"正解は3です。（4,200＋1,840）百万円÷5,900百万円×100＝103.7％→表示上104％です。",学科第10問をベースに、固定長期適合率を直接計算する第20の演習です。,"（4,200＋1,840）÷5,900×100＝103.7％→104％。純資産と固定負債の合計を固定資産で割ります。","1:100％は第307問（2,940＋1,260÷4,200）の正答を流用した誤答です。本問は純資産4,200・固定負債1,840・固定資産5,900で再計算し、104％が正しい固定長期適合率です。;2:102％は固定資産を大きく取った誤答で生じやすい値です。固定資産5,900百万円を分母に（4,200＋1,840）÷5,900×100＝104％が正しい計算になります。;4:108％は第396問（3,960＋1,680÷5,200）の正答を流用した誤答です。本問は純資産4,200・固定負債1,840で再計算し、104％が正しい固定長期適合率です。数値を流用しないこと。",固定長期適合率＝（純資産＋固定負債）÷固定資産×100。第416問（104％）と数値を取り違えない。
456,single,タックスプランニング,FP2級;学科;実践演習;四答択;source:2026-gakka-33-v15,2026-gakka-33,,Ｊさんの2025年分の所得税における総所得金額は、給与所得の金額が368万円、譲渡所得の金額が55万円、配当所得の金額が19万円であるとき、 （   ）である。なお、ほかの所得はないものとする。,,,,,,368万円,387万円,424万円,462万円,4,正解は4です。総所得金額は各所得の金額を合計します。368万円＋55万円＋19万円＝462万円です。,2026年学科第33問をベースに、3種類の所得を合計する総所得金額の演習です。,給与所得368万円＋譲渡所得55万円＋配当所得19万円＝462万円。損益通算が不要な場合は単純合計です。,1:368万円は給与所得のみで、譲渡所得55万円と配当所得19万円を加算していません。ほかの所得がない場合でも、3種類の所得を合計し、462万円が総所得金額です。両方足します。;2:387万円は368万円＋19万円のみで、譲渡所得55万円を加算していない誤りです。譲渡所得も総所得に含め、368＋55＋19＝462万円が総所得金額です。譲渡を忘れないこと。;3:424万円は368万円＋55万円のみで、配当所得19万円を加算していない誤りです。配当所得も総所得に含め、368＋55＋19＝462万円が総所得金額です。配当を忘れないこと。,総所得金額は各所得の金額の合計。第428問（421万円）と所得の種類を取り違えない。
457,single,タックスプランニング,FP2級;学科;実践演習;四答択;source:2026-gakka-16-v13,2026-gakka-16,,"給与所得者が37年間勤務した会社を定年退職し、退職金3,840万円の支給を受けた場合、所得税における退職所得の金額の計算上、退職所得控除額は（   ）となる。",,,,,,"800万円＋40万円×(37年－20年)＝1,480万円","800万円＋70万円×(37年－20年)＝1,990万円","40万円×37年＝1,480万円","70万円×37年＝2,590万円",2,"正解は2です。勤続37年（20年超）なので、800万円＋70万円×(37－20)＝800万円＋1,190万円＝1,990万円です。",学科の退職所得控除の22問目。37年勤続（20年超）に変更した演習です。,"37年は20年超。800万円＋70万円×(37－20)＝1,990万円。40万円×年数の式は使いません。","1:800万円＋40万円×(37－20)は20年超用の70万円式を誤用した選択肢です。37年勤続は20年超なので、800万円＋70万円×17年＝1,990万円の公式を使います。年数で式を選びます。;3:40万円×37年は20年以下用の式を誤用した誤答です。37年勤続は20年超なので、800万円＋70万円×(37－20)＝1,990万円が控除額です。40万円×年数は使いません。;4:70万円×37年は退職所得控除の公式ではありません。20年超は800万円＋70万円×(年－20)であり、37年なら1,990万円になります。70万円×年数ではありません。","退職所得控除は20年以下と20年超で式が異なる。第429問（36年・1,920万）と勤続年数を取り違えない。"
458,single,タックスプランニング,FP2級;学科;実践演習;四答択;source:2026-gakka-34-v12,2026-gakka-34,,Ｇさんが暦年課税により従姉から現金252万円の贈与を受けた場合の贈与税の課税価格は、 （   ）である。,,,,,,122万円,132万円,142万円,252万円,3,正解は3です。暦年課税の課税価格＝贈与財産の価額－基礎控除110万円です。252万円－110万円＝142万円です。,学科の贈与税をベースに、贈与額252万円に変更した課税価格の演習です。,252－110＝142万円。暦年課税では110万円の基礎控除後の金額が課税価格です。,1:122万円は贈与232万円と誤認した場合の課税価格など、別の贈与額の結果です。贈与額252万円から基礎控除110万円を引き、課税価格は142万円になります。贈与額を確認してください。;2:132万円は第439問（245万・135万円）の正答を流用した誤答です。本問は贈与額252万円で再計算し、142万円が正しい課税価格です。数値を流用しないこと。;4:252万円は贈与財産の価額そのもので、基礎控除を差し引いていません。暦年課税では110万円の基礎控除後の142万円が課税価格です。贈与額全額は課税価格ではありません。,暦年課税の課税価格＝贈与額－110万円。第439問（135万円）と贈与額を取り違えない。
459,single,タックスプランニング,FP2級;学科;実践演習;四答択;source:2026-gakka-34-v11,2026-gakka-34,,Ｈさんの2025年分の所得税における医療費控除の控除額を計算する場合、総所得金額が740万円、医療費として実際に支払った金額が89万円、その補填として受け取った保険金が12万円であるとき、医療費控除額は、 （   ）である。なお、「特定一般用医薬品等購入費を支払った場合の医療費控除の特例」は考慮しない。,,,,,,37万円,39万円,40万円,44万円,3,"正解は3です。医療費控除額＝支払医療費－保険金等の補填－max(10万円, 総所得金額×5％)です。89万円－12万円－37万円（740万円×5％）＝40万円です。",2026年学科第34問の11問目。医療費控除額を直接計算する演習です。,補填後77万円から、総所得740万円の5％である37万円（10万円超）を差し引き、控除額40万円です。,1:37万円は最低限度額10万円だけを差し引いた誤りです。総所得740万円の場合は5％の37万円が限度となるため、控除額は40万円です。10万円固定ではありません。;2:39万円は第437問（760万・90万・13万・39万円）の正答を流用した誤答です。本問は総所得740万円・支払89万円で再計算し、40万円が正しい控除額です。数値を流用しないこと。;4:44万円は限度額を差し引かない誤答で生じやすい値です。補填後77万円から限度37万円を引き、控除額は40万円です。限度額そのものを控除額と混同しないこと。,"医療費控除＝支払－補填－max(10万, 総所得×5％)。第418問（37万円）と総所得額を取り違えない。"
460,single,相続・事業承継,FP2級;学科;実践演習;四答択;source:2026-gakka-58-v16,2026-gakka-58,,"借地権（定期借地権等を除く）の目的となっている宅地の相続税評価額は、その自用地としての価額が1億1,500万円、借地権割合が77％である場合、原則として、 （   ）となる。",,,,,,"2,300万円","2,530万円","2,645万円","1億1,500万円",3,"正解は3です。貸宅地の評価額は、自用地価額×(1－借地権割合)です。1億1,500万円×23％＝2,645万円です。",学科の貸宅地評価をベースに、自用地価額と借地権割合だけ変更した第8の演習です。,"1億1,500万円×(1－77％)＝2,645万円。借地権割合だけを控除し、借家権は使いません。","1:2,300万円は1億1,500万円×20％など、控除後の割合を誤った場合の値です。借地権割合77％なら残りは23％であり、1億1,500万×0.23＝2,645万円が正しい評価額です。;2:2,530万円は第420問（1億1,000万・76％・2,640万円）の正答を流用した誤答です。本問は1億1,500万円・77％で再計算し、2,645万円が評価額になります。割合を確認してください。;4:1億1,500万円は自用地のままの評価額で、借地権の目的地としての減額を反映していません。借地権割合77％を控除し、2,645万円が貸宅地の評価額です。第420問（2,640万円）と数値を取り違えないこと。",貸宅地＝自用地×(1－借地権割合)。貸家建付地の3割合公式と混同しないこと。
461,single,金融資産運用,FP2級;学科;実践演習;四答択;source:2026-gakka-26-v36,2026-gakka-26,,"Ｔ社の１株当たり純利益が206円、１株当たり純資産（自己資本）が2,575円である場合、Ｔ社のＲＯＥは、 （   ）である。",,,,,,7％,8％,9％,10％,2,"正解は2です。ROE＝１株当たり純利益÷１株当たり純資産×100です。206円÷2,575円×100＝8％です。",2026年学科第26問のROEをベースに、純利益と純資産だけ変更した第23の演習です。,"ROE＝206÷2,575×100＝8％。分子は純利益、分母は自己資本（純資産）です。","1:7％は第281問（140円・2,000円）の正答を流用した誤答です。本問は206円・2,575円で再計算し、8％が正しいROEです。過去の派生正答を流用しないこと。;3:9％は第261問（153円・1,700円）の正答を流用した誤答です。純資産2,575円に対する純利益206円を割ると8％となり、9％にはなりません。純資産の数値を確認してください。;4:10％は純利益を大きく取った誤答で生じやすい値です。本問の純資産は2,575円なので、206÷2,575×100＝8％が正しい計算になります。第441問（8％）と純資産を取り違えないこと。",ROE＝純利益÷純資産×100。第441問（8％）と純利益・純資産の組合せを取り違えない。
462,single,金融資産運用,FP2級;学科;実践演習;四答択;source:2026-gakka-26-v37,2026-gakka-26,,"Ｕ社の株価が4,680円、１株当たり純資産（自己資本）が1,040円である場合、Ｕ社のＰＢＲ（株価純資産倍率）は、 （   ）である。",,,,,,4.0倍,4.5倍,5.0倍,5.5倍,2,"正解は2です。PBR＝株価÷１株当たり純資産です。4,680円÷1,040円＝4.5倍です。",2026年学科第26問のPBRをベースに、株価と純資産だけ変更した第21の演習です。,"PBR＝4,680÷1,040＝4.5倍。株価を１株当たり純資産で割ります。","1:4.0倍は第382問（3,640円・910円）の正答を流用した誤答です。本問は4,680円・1,040円で再計算し、4.5倍が正しいPBRです。過去の派生正答を流用しないこと。;3:5.0倍は第302問（3,600円・720円）の正答を流用した誤答です。株価4,680円・純資産1,040円をそのまま割ると4.5倍であり、5.0倍にはなりません。;4:5.5倍は株価を大きく取った誤答で生じやすい値です。PBRの分母は純資産1,040円であり、4,680÷1,040＝4.5倍です。第442問（4.5倍）と株価・純資産を取り違えないこと。",PBR＝株価÷BPS。第442問（4.5倍）と株価・純資産の組合せを取り違えない。
463,single,金融資産運用,FP2級;学科;実践演習;四答択;source:2025-gakka-28-v26,2025-gakka-28,,"Ｔさんのポートフォリオにおける各資産の構成比および期待収益率が下記のとおりである場合、当該ポートフォリオの期待収益率は、 （   ）である。

預金　18％　期待収益率0.1％
債券　32％　期待収益率2.76％
株式　50％　期待収益率7.88％",,,,,,4.60％,4.72％,4.84％,4.96％,3,正解は3です。0.1％×18％＋2.76％×32％＋7.88％×50％＝0.018％＋0.8832％＋3.94％＝4.8412％→表示上4.84％です。,2025年学科第28問の26問目。構成比と収益率を再変更した演習です。,0.1×0.18＋2.76×0.32＋7.88×0.5＝4.8412％→4.84％。各資産の加重平均です。,1:4.60％は構成比を誤った加重平均の結果です。18％・32％・50％で0.1％・2.76％・7.88％を掛け合わせ、合計4.84％になります。構成比を確認してください。;2:4.72％は第443問（19・31・50）付近の正答を流用した誤答です。本問は18・32・50で再計算し、4.84％が正しい期待収益率です。構成比を確認してください。;4:4.96％は第452問（4.96％）の正答を流用した誤答です。本問は18・32・50で再計算し、4.84％が正しい期待収益率です。過去の派生正答を流用しないこと。,ポートフォリオ期待収益率は毎回構成比から計算。第452問（4.96％）と構成比を取り違えない。
464,single,金融資産運用,FP2級;学科;実践演習;四答択;source:2025-gakka-24-v26,2025-gakka-24,,表面利率（クーポンレート）4.0％、残存期間5年の固定利付債券を額面100円当たり83円で購入した場合の最終利回り（年率・単利）は、 （   ）である。なお、税金等は考慮しないものとし、計算結果は表示単位の小数点以下第３位を四捨五入している。,,,,,,8.72％,8.92％,9.12％,9.20％,2,正解は2です。{4.0％＋(100円－83円)÷5年}÷83円×100＝{4.0＋3.4}÷83×100≒8.916％→小数点以下第3位四捨五入で8.92％です。,学科の債券最終利回りの45問目。ディスカウント購入・5年残存に変更した演習です。,{4.0＋(100－83)÷5}÷83×100≒8.916％→8.92％。償還差益を期間で按分します。,1:8.72％は償還差益の按分を誤った場合に出やすい値です。ディスカウント購入では(100－83)÷5＝3.4を加算し、式どおり8.92％になります。按分年数を確認してください。;3:9.12％は第444問（84円・4年・8.33％）付近の正答を流用した誤答です。本問は購入価格83円・残存5年で再計算し、8.92％が正しい最終利回りです。数値を流用しないこと。;4:9.20％はクーポン率だけを購入価格で割った誤答で生じやすい値です。本問は83円・残存5年で再計算し、8.92％が正しい利回りです。償還差益の按分を忘れないこと。,ディスカウント購入（83円）では(100－83)がプラス。第453問（87円・6.93％）と購入価格を取り違えない。
465,single,金融資産運用,FP2級;学科;実践演習;四答択;source:2026-gakka-27-v24,2026-gakka-27,,"下記の〈条件〉で、円貨を米ドルに交換して米ドル建定期預金に10,000米ドルを預け入れ、満期時に元利金の米ドルを円貨に交換して受け取る場合における利回り（単利・年率）は、 （   ）である。なお、税金は考慮しないものとし、計算結果は表示単位の小数点以下第３位を四捨五入するものとする。

〈条件〉
・預入期間：１年
・預金金利：2.50％（年率）
・為替予約なし
・為替レート（米ドル／円）
　預入時…ＴＴＳ：142.00円　ＴＴＢ：141.00円
　満期時…ＴＴＳ：148.75円　ＴＴＢ：148.25円",,,,,,6.80％,7.01％,7.20％,7.44％,2,"正解は2です。預入時10,000×142.00＝142.00万円、満期時10,250×148.25＝151.95625万円。利回り＝9.95625万円÷142.00万円×100≒7.011％→7.01％です。",2026年学科第27問の24問目。為替レートと金利だけ変更した外貨預金の演習です。,142.00万円投下、151.95625万円受取。差額9.95625万÷142.00万×100≒7.01％。買いＴＴＳ・売りＴＴＢです。,1:6.80％は第425問（136.75円・143.00円）付近の正答を流用した誤答です。本問は142.00円・148.25円で再計算し、7.01％が正しい利回りです。為替レートを確認してください。;3:7.20％は第445問（138.25円・144.25円）の正答を流用した誤答です。本問は142.00円・148.25円で再計算し、7.01％が正しい利回りです。過去の派生正答を流用しないこと。;4:7.44％は第434問（137.50円・143.75円）の正答を流用した誤答です。金利2.50％分の米ドル増と為替変動の両方を含め、投下142.00万円で割ります。,"外貨預金利回りは各バッチと同型。金利2.50％なら満期は10,250米ドルになる。"
466,single,ライフプランニングと資金計画,FP2級;学科;実践演習;四答択;source:2025-gakka-10-v31,2025-gakka-10,,"下記の〈Ｖ社の貸借対照表〉に基づくＶ社の自己資本比率は、 （   ）である。なお、自己資本比率＝純資産÷総資産×100とする。

〈Ｖ社の貸借対照表〉（単位：百万円）
総資産　12,400
純資産　 4,550",,,,,,35.5％,36.2％,36.7％,37.5％,3,"正解は3です。自己資本比率＝4,550百万円÷12,400百万円×100＝36.7％です。",学科第10問をベースに、自己資本比率を直接計算する第14の演習です。,"4,550÷12,400×100＝36.7％。純資産を総資産で割り、百分率に直します。","1:35.5％は第316問（4,347÷11,850）付近の正答を流用した誤答です。本問は純資産4,550・総資産12,400で再計算し、36.7％が正しい自己資本比率です。数値を流用しないこと。;2:36.2％は純資産を小さく取った誤答で生じやすい値です。総資産12,400百万円に対する純資産4,550百万円なので、自己資本比率は36.7％です。分母を確認してください。;4:37.5％は第355問（4,440÷12,000）付近の正答を流用した誤答です。純資産4,550百万円÷総資産12,400百万円×100＝36.7％が正しい計算になります。第446問（37.0％）と取り違えないこと。",自己資本比率＝純資産÷総資産×100。第355問（37.0％）と総資産・純資産を取り違えない。
467,single,ライフプランニングと資金計画,FP2級;学科;実践演習;四答択;source:2025-gakka-01-v6,2025-gakka-01,,"Ｋさんの可処分所得（年間）の金額は、下記の〈資料〉によれば、 （   ）である。

〈資料〉
給与収入　　：1,325万円
給与所得　　：  918万円
所得税・住民税： 112万円
社会保険料　： 156万円
生命保険料　：  28万円",,,,,,"1,025万円","1,045万円","1,057万円","1,325万円",3,"正解は3です。可処分所得＝給与収入－所得税・住民税－社会保険料です。1,325万円－112万円－156万円＝1,057万円です。",学科の可処分所得をベースに、収入・控除額だけ変更した第24の演習です。,"1,325－112－156＝1,057万円。給与所得918万円や生命保険料28万円はこの式に含めません。","1:1,025万円は生命保険料まで差し引いた値など、家計支出を控除に含めた誤りです。可処分所得は税と社会保険料のみを給与収入から引き、保険料は控除項目ではありません。;2:1,045万円は第446問（1,298－105－148＝1,045万円）の正答を流用した誤答です。本問は1,325－112－156で再計算し、1,057万円が正しい可処分所得です。数値を流用しないこと。;4:1,325万円は給与収入そのもので、税・社会保険料を差し引いていません。所得税・住民税112万円と社会保険料156万円の両方を引く必要があり、1,057万円が正答です。収入全額ではありません。","可処分所得＝給与収入－所得税・住民税－社会保険料。第446問（1,045万円）と数値を取り違えない。"
468,single,タックスプランニング,FP2級;学科;実践演習;四答択;source:2026-gakka-32-v5,2026-gakka-32,,所得税における一時所得に係る総収入金額が330万円で、その収入を得るために支出した金額が68万円である場合、一時所得の金額は（ ① ）、そのうち総所得金額に算入される金額は（ ② ）となる。,,,,,,① 162万円   ②  81万円,① 212万円   ② 106万円,① 212万円   ② 212万円,① 262万円   ② 131万円,2,正解は2です。一時所得の金額＝330万円－68万円－特別控除50万円＝212万円。総所得金額への算入はその2分の1なので、106万円です。,学科の一時所得をベースに、収入・支出だけ変更した第6の演習です。,一時所得＝330－68－50＝212万円。総所得算入は半額の106万円です。,1:①162万円②81万円は支出68万円を差し引かない誤りです。330－68－50＝212万円が一時所得の金額であり、半額の106万円が総所得への算入額です。支出を忘れないこと。;3:①212万円②212万円は半額算入のルールを誤用した誤答です。一時所得212万円のうち総所得に算入するのは2分の1の106万円です。全額算入ではありません。;4:①262万円②131万円は特別控除50万円を差し引かない誤りです。一時所得は収入－支出－50万円であり、330－68－50＝212万円、算入は106万円です。特別控除を忘れないこと。,一時所得＝収入－支出－50万円、総所得算入は半額。第118問（180万・90万円）と数値を取り違えない。
469,single,タックスプランニング,FP2級;学科;実践演習;四答択;source:2026-gakka-33-v14,2026-gakka-33,,Ｌさんの2025年分の所得税における不動産所得の金額が135万円、事業所得の金額が▲58万円であるとき、損益通算後の不動産所得の金額は、 （   ）である。なお、ほかの所得はないものとする。,,,,,,58万円,77万円,135万円,193万円,2,正解は2です。事業所得の損失58万円は不動産所得と損益通算できます。135万円－58万円＝77万円が損益通算後の不動産所得の金額です。,2026年学科第33問をベースに、損益通算だけを問う第13の演習です。,事業損失58万円を不動産所得135万円と通算し、77万円です。事業損失は不動産所得と通算可能です。,1:58万円は第448問（128万・▲64万・64万円）の正答を流用した誤答です。本問は不動産135万円・事業損失58万円で再計算し、77万円が損益通算後の金額です。過去の派生正答を流用しないこと。数値を確認してください。;3:135万円は不動産所得のみで、事業損失58万円の損益通算を行っていません。事業所得の損失は不動産所得と通算できるため、135－58＝77万円が正しい金額です。通算を忘れないこと。;4:193万円は135万円＋58万円と足し算した誤答で生じやすい値です。損益通算では損失を差し引くため、135－58＝77万円です。損失を加算しません。,事業所得の損失は不動産所得と損益通算。第448問（64万円）と数値を取り違えない。
470,single,ライフプランニングと資金計画,FP2級;学科;実践演習;四答択;source:2026-gakka-58-v17,2026-gakka-58,,"Ｒさんが購入を検討している賃貸用マンションの購入価格が9,200万円、年間賃料収入（経費控除前）が518万円である場合、当該不動産の表面利回り（年率）は、 （   ）である。なお、表面利回り＝年間賃料収入÷購入価格×100とする。",,,,,,5.4％,5.6％,5.7％,6.0％,2,"正解は2です。表面利回り＝518万円÷9,200万円×100＝5.63％→表示上5.6％です。",学科の不動産利回りをベースに、表面利回りを直接計算する第9の演習です。,"518÷9,200×100＝5.63％→5.6％。経費控除前の賃料を購入価格で割ります。","1:5.4％は第330問（396万・7,200万・5.5％）付近の正答を流用した誤答です。本問は賃料518万円・購入価格9,200万円で再計算し、5.6％が正しい表面利回りです。数値を流用しないこと。;3:5.7％は第450問（502万・8,950万・5.6％）付近の正答を流用した誤答です。表面利回りは経費控除前の518万円を分母9,200万円で割り、5.6％が正答です。5.7％は別の組合せです。;4:6.0％は第150問（318万・5,300万・6.0％）の正答を流用した誤答です。購入価格9,200万円に対する賃料518万円なので、表面利回りは5.6％です。賃料額を再確認してください。",表面利回り＝年間賃料÷購入価格×100。第450問（5.6％）と購入価格・賃料を取り違えない。
471,single,金融資産運用,FP2級;学科;実践演習;四答択;source:2026-gakka-26-v38,2026-gakka-26,,"Ｖ社の株価が3,920円、１株当たり純利益が98円である場合、Ｖ社のＰＥＲ（株価収益率）は、 （   ）である。",,,,,,38倍,40倍,42倍,45倍,2,"正解は2です。PER＝株価÷１株当たり純利益です。3,920円÷98円＝40倍です。",2026年学科第26問をベースに、PERを直接計算する第23の演習です。,"PER＝3,920÷98＝40倍。株価を１株当たり純利益で割ります。","1:38倍は第371問（2,660円・70円）の正答を流用した誤答です。本問は3,920円・98円で再計算し、40倍が正しいPERです。過去の派生正答を流用しないこと。;3:42倍は第331問（2,940円・70円）の正答を流用した誤答です。株価3,920円・純利益98円をそのまま割ると40倍であり、42倍にはなりません。;4:45倍は第411問（3,465円・77円）の正答を流用した誤答です。本問は3,920円・98円で再計算し、40倍が正しいPERです。株価・純利益の組合せを確認してください。",PER＝株価÷EPS。第451問（40倍）と株価・純利益の組合せを取り違えない。
472,single,金融資産運用,FP2級;学科;実践演習;四答択;source:2025-gakka-28-v26,2025-gakka-28,,"Ｕさんのポートフォリオにおける各資産の構成比および期待収益率が下記のとおりである場合、当該ポートフォリオの期待収益率は、 （   ）である。

預金　17％　期待収益率0.1％
債券　33％　期待収益率2.80％
株式　50％　期待収益率7.92％",,,,,,4.80％,4.90％,5.00％,5.08％,2,正解は2です。0.1％×17％＋2.80％×33％＋7.92％×50％＝0.017％＋0.924％＋3.96％＝4.901％→表示上4.90％です。,2025年学科第28問の26問目。構成比と収益率を再変更した演習です。,0.1×0.17＋2.80×0.33＋7.92×0.5＝4.901％→4.90％。各資産の加重平均です。,1:4.80％は第272問（4.80％）の正答を流用した誤答です。本問は17・33・50で再計算し、4.90％が正しい期待収益率です。構成比を確認してください。;3:5.00％は第252問（5.04％付近）の正答を流用した誤答です。17％・33％・50％で0.1％・2.80％・7.92％を掛け合わせ、合計4.90％になります。構成比を確認してください。;4:5.08％は構成比を誤った加重平均の結果です。本問は17・33・50で再計算し、4.90％が正しい期待収益率です。過去の派生正答を流用しないこと。,ポートフォリオ期待収益率は毎回構成比から計算。第463問（4.84％）と構成比を取り違えない。
473,single,金融資産運用,FP2級;学科;実践演習;四答択;source:2025-gakka-24-v26,2025-gakka-24,,表面利率（クーポンレート）3.75％、残存期間4年の固定利付債券を額面100円当たり85円で購入した場合の最終利回り（年率・単利）は、 （   ）である。なお、税金等は考慮しないものとし、計算結果は表示単位の小数点以下第３位を四捨五入している。,,,,,,8.50％,8.68％,8.82％,9.00％,3,正解は3です。{3.75％＋(100円－85円)÷4年}÷85円×100＝{3.75＋3.75}÷85×100≒8.824％→小数点以下第3位四捨五入で8.82％です。,学科の債券最終利回りの46問目。ディスカウント購入・4年残存に変更した演習です。,{3.75＋(100－85)÷4}÷85×100≒8.824％→8.82％。償還差益を期間で按分します。,1:8.50％は償還差益の按分を誤った場合に出やすい値です。ディスカウント購入では(100－85)÷4＝3.75を加算し、式どおり8.82％になります。按分年数を確認してください。;2:8.68％は第273問（85円・4年・7.68％）付近の正答を流用した誤答です。本問は購入価格85円・残存4年で再計算し、8.82％が正しい最終利回りです。数値を流用しないこと。;4:9.00％はクーポン率だけを購入価格で割った誤答で生じやすい値です。本問は85円・残存4年で再計算し、8.82％が正しい利回りです。償還差益の按分を忘れないこと。,ディスカウント購入（85円）では(100－85)がプラス。第464問（83円・8.92％）と購入価格を取り違えない。
474,single,金融資産運用,FP2級;学科;実践演習;四答択;source:2026-gakka-27-v24,2026-gakka-27,,"下記の〈条件〉で、円貨を米ドルに交換して米ドル建定期預金に10,000米ドルを預け入れ、満期時に元利金の米ドルを円貨に交換して受け取る場合における利回り（単利・年率）は、 （   ）である。なお、税金は考慮しないものとし、計算結果は表示単位の小数点以下第３位を四捨五入するものとする。

〈条件〉
・預入期間：１年
・預金金利：2.75％（年率）
・為替予約なし
・為替レート（米ドル／円）
　預入時…ＴＴＳ：139.75円　ＴＴＢ：138.75円
　満期時…ＴＴＳ：146.25円　ＴＴＢ：145.75円",,,,,,6.80％,7.00％,7.16％,7.44％,3,"正解は3です。預入時10,000×139.75＝139.75万円、満期時10,275×145.75＝149.768125万円。利回り＝10.018125万円÷139.75万円×100≒7.161％→7.16％です。",2026年学科第27問の24問目。為替レートと金利だけ変更した外貨預金の演習です。,139.75万円投下、149.768125万円受取。差額10.018125万÷139.75万×100≒7.16％。買いＴＴＳ・売りＴＴＢです。,1:6.80％は第425問（136.75円・143.00円）付近の正答を流用した誤答です。本問は139.75円・145.75円で再計算し、7.16％が正しい利回りです。為替レートを確認してください。;2:7.00％は第465問（142.00円・148.25円）付近の正答を流用した誤答です。本問は139.75円・145.75円で再計算し、7.16％が正しい利回りです。過去の派生正答を流用しないこと。;4:7.44％は第434問（137.50円・143.75円）の正答を流用した誤答です。金利2.75％分の米ドル増と為替変動の両方を含め、投下139.75万円で割ります。,"外貨預金利回りは各バッチと同型。金利2.75％なら満期は10,275米ドルになる。"
475,single,ライフプランニングと資金計画,FP2級;学科;実践演習;四答択;source:2025-gakka-10-v31,2025-gakka-10,,"下記の〈Ｗ社の貸借対照表〉に基づくＷ社の流動比率は、 （   ）である。なお、流動比率＝流動資産÷流動負債×100とする。

〈Ｗ社の貸借対照表〉（単位：百万円）
流動資産　3,180
流動負債　　715",,,,,,440％,443％,445％,450％,3,"正解は3です。流動比率＝3,180百万円÷715百万円×100＝444.8％→表示上445％です。",学科第10問をベースに、流動比率を直接計算する第18の演習です。,"3,180÷715×100＝444.8％→445％。流動資産を流動負債で割り、百分率に直します。","1:440％は第447問（3,050÷690）付近の正答を流用した誤答です。本問は流動資産3,180・流動負債715で再計算し、445％が正しい流動比率です。数値を流用しないこと。;2:443％は第447問（3,050÷690＝443％）の正答を流用した誤答です。流動負債715百万円に対する流動資産3,180百万円なので、流動比率は445％です。分母を確認してください。;4:450％は流動負債を小さく取った誤答で生じやすい値です。流動資産3,180百万円÷流動負債715百万円×100＝445％が正しい計算になります。第447問（443％）と取り違えないこと。",流動比率＝流動資産÷流動負債×100。第447問（443％）と流動資産・負債を取り違えない。
476,single,ライフプランニングと資金計画,FP2級;学科;実践演習;四答択;source:2025-gakka-01-v6,2025-gakka-01,,"Ｍさんの可処分所得（年間）の金額は、下記の〈資料〉によれば、 （   ）である。

〈資料〉
給与収入　　：1,156万円
給与所得　　：  798万円
所得税・住民税：  88万円
社会保険料　： 128万円
生命保険料　：  22万円",,,,,,920万円,940万円,960万円,"1,156万円",2,"正解は2です。可処分所得＝給与収入－所得税・住民税－社会保険料です。1,156万円－88万円－128万円＝940万円です。",学科の可処分所得をベースに、収入・控除額だけ変更した第25の演習です。,"1,156－88－128＝940万円。給与所得798万円や生命保険料22万円はこの式に含めません。","1:920万円は生命保険料まで差し引いた値など、家計支出を控除に含めた誤りです。可処分所得は税と社会保険料のみを給与収入から引き、保険料は控除項目ではありません。;3:960万円は第427問（1,118－91－122＝909万円）付近の正答を流用した誤答です。本問は1,156－88－128で再計算し、940万円が正しい可処分所得です。数値を流用しないこと。;4:1,156万円は給与収入そのもので、税・社会保険料を差し引いていません。所得税・住民税88万円と社会保険料128万円の両方を引く必要があり、940万円が正答です。収入全額ではありません。","可処分所得＝給与収入－所得税・住民税－社会保険料。第467問（1,057万円）と数値を取り違えない。"
477,single,タックスプランニング,FP2級;学科;実践演習;四答択;source:2026-gakka-34-v11,2026-gakka-34,,Ｎさんの2025年分の所得税における医療費控除の控除額を計算する場合、総所得金額が740万円、医療費として実際に支払った金額が92万円、その補填として受け取った保険金が14万円であるとき、医療費控除額は、 （   ）である。なお、「特定一般用医薬品等購入費を支払った場合の医療費控除の特例」は考慮しない。,,,,,,37万円,39万円,41万円,44万円,3,"正解は3です。医療費控除額＝支払医療費－保険金等の補填－max(10万円, 総所得金額×5％)です。92万円－14万円－37万円（740万円×5％）＝41万円です。",2026年学科第34問の11問目。医療費控除額を直接計算する演習です。,補填後78万円から、総所得740万円の5％である37万円（10万円超）を差し引き、控除額41万円です。,1:37万円は最低限度額10万円だけを差し引いた誤りです。総所得740万円の場合は5％の37万円が限度となるため、控除額は41万円です。10万円固定ではありません。;2:39万円は第437問（760万・90万・13万・39万円）の正答を流用した誤答です。本問は総所得740万円・支払92万円で再計算し、41万円が正しい控除額です。数値を流用しないこと。;4:44万円は限度額を差し引かない誤答で生じやすい値です。補填後78万円から限度37万円を引き、控除額は41万円です。限度額そのものを控除額と混同しないこと。,"医療費控除＝支払－補填－max(10万, 総所得×5％)。第459問（40万円）と支払額を取り違えない。"
478,single,タックスプランニング,FP2級;学科;実践演習;四答択;source:2026-gakka-34-v12,2026-gakka-34,,Ｏさんが暦年課税により従兄弟から現金268万円の贈与を受けた場合の贈与税の課税価格は、 （   ）である。,,,,,,138万円,148万円,158万円,268万円,3,正解は3です。暦年課税の課税価格＝贈与財産の価額－基礎控除110万円です。268万円－110万円＝158万円です。,学科の贈与税をベースに、贈与額268万円に変更した課税価格の演習です。,268－110＝158万円。暦年課税では110万円の基礎控除後の金額が課税価格です。,1:138万円は贈与248万円と誤認した場合の課税価格など、別の贈与額の結果です。贈与額268万円から基礎控除110万円を引き、課税価格は158万円になります。贈与額を確認してください。;2:148万円は第458問（252万・142万円）の正答を流用した誤答です。本問は贈与額268万円で再計算し、158万円が正しい課税価格です。数値を流用しないこと。;4:268万円は贈与財産の価額そのもので、基礎控除を差し引いていません。暦年課税では110万円の基礎控除後の158万円が課税価格です。贈与額全額は課税価格ではありません。,暦年課税の課税価格＝贈与額－110万円。第458問（142万円）と贈与額を取り違えない。
479,single,ライフプランニングと資金計画,FP2級;学科;実践演習;四答択;source:2026-gakka-58-v18,2026-gakka-58,,敷地面積520㎡の土地に、延べ面積364㎡の建築物を建築する場合の容積率は、 （   ）である。なお、容積率＝延べ面積÷敷地面積×100とする。,,,,,,65％,68％,70％,75％,3,正解は3です。容積率＝364㎡÷520㎡×100＝70％です。,学科の建築基準法をベースに、容積率を直接計算する第6の演習です。,364÷520×100＝70％。延べ面積を敷地面積で割り、百分率に直します。,1:65％は第340問（312㎡・480㎡・65％）の正答を流用した誤答です。本問は延べ面積364㎡・敷地面積520㎡で再計算し、70％が正しい容積率です。数値を流用しないこと。;2:68％は延べ面積を小さく取った誤答で生じやすい値です。敷地面積520㎡に対する延べ面積364㎡なので、容積率は70％です。面積を再確認してください。;4:75％は第449問（336㎡・560㎡・60％）付近の正答を流用した誤答です。容積率は延べ面積364㎡÷敷地面積520㎡×100＝70％です。建築面積ではありません。,容積率＝延べ面積÷敷地面積×100。第449問（60％）と面積を取り違えない。
480,single,相続・事業承継,FP2級;学科;実践演習;四答択;source:2026-gakka-58-v16,2026-gakka-58,,"貸家建付地の相続税評価額は、その自用地としての価額が9,600万円、借地権割合が55％、借家権割合が29％、賃貸割合が100％である場合、 （   ）となる。",,,,,,"7,560万円","8,069万円","8,488万円","9,600万円",2,"正解は2です。9,600万円×(1－55％×29％×100％)＝9,600万円×84.05％＝8,068.8万円→表示上8,069万円です。",学科の貸家建付地の12問目。借地権・借家権割合だけ変更した演習です。,"9,600万円×(1－0.55×0.29×1)＝8,068.8万円→8,069万円。3つの割合を掛けて控除率15.95％です。","1:7,560万円は借地権割合だけを控除した誤りで生じやすい値です。貸家建付地では借家権割合と賃貸割合も掛け合わせ、0.55×0.29×1＝15.95％を控除します。3つ掛け算です。;3:8,488万円は第270問（1億500万・56％・26％）の正答を流用した誤答です。本問は9,600万円・55％・29％で再計算し、8,069万円が評価額になります。割合を確認してください。;4:9,600万円は自用地のままの評価額で、貸家建付地としての減額を反映していません。借地権55％・借家権29％を掛け合わせ控除し、8,069万円が正しい評価額です。自用地価額のままではありません。","貸家建付地＝自用地×(1－借地権×借家権×賃貸割合)。第270問（8,971万円）と割合を取り違えない。"
481,single,金融資産運用,FP2級;学科;実践演習;四答択;source:2026-gakka-26-v36,2026-gakka-26,,"Ｗ社の１株当たり純利益が215円、１株当たり純資産（自己資本）が2,680円である場合、Ｗ社のＲＯＥは、 （   ）である。",,,,,,7％,8％,9％,10％,2,"正解は2です。ROE＝１株当たり純利益÷１株当たり純資産×100です。215円÷2,680円×100＝8％です。",2026年学科第26問のROEをベースに、純利益と純資産だけ変更した第24の演習です。,"ROE＝215÷2,680×100＝8％。分子は純利益、分母は自己資本（純資産）です。","1:7％は第281問（140円・2,000円）の正答を流用した誤答です。本問は215円・2,680円で再計算し、8％が正しいROEです。過去の派生正答を流用しないこと。;3:9％は第261問（153円・1,700円）の正答を流用した誤答です。純資産2,680円に対する純利益215円を割ると8％となり、9％にはなりません。純資産の数値を確認してください。;4:10％は純利益を大きく取った誤答で生じやすい値です。本問の純資産は2,680円なので、215÷2,680×100＝8％が正しい計算になります。第461問（8％）と純資産を取り違えないこと。",ROE＝純利益÷純資産×100。第461問（8％）と純利益・純資産の組合せを取り違えない。
482,single,金融資産運用,FP2級;学科;実践演習;四答択;source:2026-gakka-26-v37,2026-gakka-26,,"Ｘ社の株価が4,950円、１株当たり純資産（自己資本）が1,100円である場合、Ｘ社のＰＢＲ（株価純資産倍率）は、 （   ）である。",,,,,,4.0倍,4.5倍,5.0倍,5.5倍,2,"正解は2です。PBR＝株価÷１株当たり純資産です。4,950円÷1,100円＝4.5倍です。",2026年学科第26問のPBRをベースに、株価と純資産だけ変更した第22の演習です。,"PBR＝4,950÷1,100＝4.5倍。株価を１株当たり純資産で割ります。","1:4.0倍は第382問（3,640円・910円）の正答を流用した誤答です。本問は4,950円・1,100円で再計算し、4.5倍が正しいPBRです。過去の派生正答を流用しないこと。;3:5.0倍は第302問（3,600円・720円）の正答を流用した誤答です。株価4,950円・純資産1,100円をそのまま割ると4.5倍であり、5.0倍にはなりません。;4:5.5倍は株価を大きく取った誤答で生じやすい値です。PBRの分母は純資産1,100円であり、4,950÷1,100＝4.5倍です。第462問（4.5倍）と株価・純資産を取り違えないこと。",PBR＝株価÷BPS。第462問（4.5倍）と株価・純資産の組合せを取り違えない。
483,single,金融資産運用,FP2級;学科;実践演習;四答択;source:2025-gakka-28-v26,2025-gakka-28,,"Ｖさんのポートフォリオにおける各資産の構成比および期待収益率が下記のとおりである場合、当該ポートフォリオの期待収益率は、 （   ）である。

預金　20％　期待収益率0.1％
債券　30％　期待収益率2.68％
株式　50％　期待収益率7.78％",,,,,,4.60％,4.71％,4.80％,4.96％,2,正解は2です。0.1％×20％＋2.68％×30％＋7.78％×50％＝0.02％＋0.804％＋3.89％＝4.714％→表示上4.71％です。,2025年学科第28問の26問目。構成比と収益率を再変更した演習です。,0.1×0.20＋2.68×0.30＋7.78×0.5＝4.714％→4.71％。各資産の加重平均です。,1:4.60％は構成比を誤った加重平均の結果です。20％・30％・50％で0.1％・2.68％・7.78％を掛け合わせ、合計4.71％になります。構成比を確認してください。;3:4.80％は第272問（4.80％）の正答を流用した誤答です。本問は20・30・50で再計算し、4.71％が正しい期待収益率です。構成比を確認してください。;4:4.96％は第452問（4.96％）の正答を流用した誤答です。本問は20・30・50で再計算し、4.71％が正しい期待収益率です。過去の派生正答を流用しないこと。,ポートフォリオ期待収益率は毎回構成比から計算。第463問（4.84％）と構成比を取り違えない。
484,single,金融資産運用,FP2級;学科;実践演習;四答択;source:2025-gakka-24-v26,2025-gakka-24,,表面利率（クーポンレート）4.0％、残存期間6年の固定利付債券を額面100円当たり86円で購入した場合の最終利回り（年率・単利）は、 （   ）である。なお、税金等は考慮しないものとし、計算結果は表示単位の小数点以下第３位を四捨五入している。,,,,,,7.00％,7.20％,7.36％,7.60％,3,正解は3です。{4.0％＋(100円－86円)÷6年}÷86円×100＝{4.0＋2.333}÷86×100≒7.364％→小数点以下第3位四捨五入で7.36％です。,学科の債券最終利回りの47問目。ディスカウント購入・6年残存に変更した演習です。,{4.0＋(100－86)÷6}÷86×100≒7.364％→7.36％。償還差益を期間で按分します。,1:7.00％は償還差益の按分を誤った場合に出やすい値です。ディスカウント購入では(100－86)÷6＝2.333を加算し、式どおり7.36％になります。按分年数を確認してください。;2:7.20％は第424問（87円・5年・6.93％）付近の正答を流用した誤答です。本問は購入価格86円・残存6年で再計算し、7.36％が正しい最終利回りです。数値を流用しないこと。;4:7.60％はクーポン率だけを購入価格で割った誤答で生じやすい値です。本問は86円・残存6年で再計算し、7.36％が正しい利回りです。償還差益の按分を忘れないこと。,ディスカウント購入（86円）では(100－86)がプラス。第473問（85円・8.82％）と期間を取り違えない。
485,single,金融資産運用,FP2級;学科;実践演習;四答択;source:2026-gakka-27-v24,2026-gakka-27,,"下記の〈条件〉で、円貨を米ドルに交換して米ドル建定期預金に10,000米ドルを預け入れ、満期時に元利金の米ドルを円貨に交換して受け取る場合における利回り（単利・年率）は、 （   ）である。なお、税金は考慮しないものとし、計算結果は表示単位の小数点以下第３位を四捨五入するものとする。

〈条件〉
・預入期間：１年
・預金金利：2.00％（年率）
・為替予約なし
・為替レート（米ドル／円）
　預入時…ＴＴＳ：140.50円　ＴＴＢ：139.50円
　満期時…ＴＴＳ：146.50円　ＴＴＢ：146.00円",,,,,,5.80％,5.99％,6.20％,6.58％,2,"正解は2です。預入時10,000×140.50＝140.50万円、満期時10,200×146.00＝148.92万円。利回り＝8.42万円÷140.50万円×100≒5.993％→5.99％です。",2026年学科第27問の24問目。為替レートと金利だけ変更した外貨預金の演習です。,140.50万円投下、148.92万円受取。差額8.42万÷140.50万×100≒5.99％。買いＴＴＳ・売りＴＴＢです。,1:5.80％は第285問（130.25円・136.50円）の正答を流用した誤答です。本問は140.50円・146.00円で再計算し、5.99％が正しい利回りです。為替レートを確認してください。;3:6.20％は第454問（139.25円・144.50円）付近の正答を流用した誤答です。本問は140.50円・146.00円で再計算し、5.99％が正しい利回りです。過去の派生正答を流用しないこと。;4:6.58％は第454問（139.25円・144.50円・6.58％）の正答を流用した誤答です。金利2.00％分の米ドル増と為替変動の両方を含め、投下140.50万円で割ります。,"外貨預金利回りは各バッチと同型。金利2.00％なら満期は10,200米ドルになる。"
486,single,ライフプランニングと資金計画,FP2級;学科;実践演習;四答択;source:2025-gakka-10-v31,2025-gakka-10,,"下記の〈Ｙ社の貸借対照表〉に基づくＹ社の固定長期適合率は、 （   ）である。なお、固定長期適合率＝（純資産＋固定負債）÷固定資産×100とする。

〈Ｙ社の貸借対照表〉（単位：百万円）
固定資産　6,200
流動資産　2,400
流動負債　　880
固定負債　1,720
純資産　　3,800",,,,,,86％,88％,89％,92％,3,"正解は3です。（3,800＋1,720）百万円÷6,200百万円×100＝89.0％→表示上89％です。",学科第10問をベースに、固定長期適合率を直接計算する第21の演習です。,"（3,800＋1,720）÷6,200×100＝89.0％→89％。純資産と固定負債の合計を固定資産で割ります。","1:86％は第307問（2,940＋1,260÷4,200）付近の正答を流用した誤答です。本問は純資産3,800・固定負債1,720・固定資産6,200で再計算し、89％が正しい固定長期適合率です。;2:88％は固定資産を大きく取った誤答で生じやすい値です。固定資産6,200百万円を分母に（3,800＋1,720）÷6,200×100＝89％が正しい計算になります。;4:92％は第396問（3,960＋1,680÷5,200）の正答を流用した誤答です。本問は純資産3,800・固定負債1,720で再計算し、89％が正しい固定長期適合率です。数値を流用しないこと。",固定長期適合率＝（純資産＋固定負債）÷固定資産×100。第455問（104％）と数値を取り違えない。
487,single,タックスプランニング,FP2級;学科;実践演習;四答択;source:2026-gakka-33-v15,2026-gakka-33,,Ｐさんの2025年分の所得税における総所得金額は、給与所得の金額が342万円、譲渡所得の金額が62万円、配当所得の金額が24万円であるとき、 （   ）である。なお、ほかの所得はないものとする。,,,,,,342万円,366万円,404万円,428万円,4,正解は4です。総所得金額は各所得の金額を合計します。342万円＋62万円＋24万円＝428万円です。,2026年学科第33問をベースに、3種類の所得を合計する総所得金額の演習です。,給与所得342万円＋譲渡所得62万円＋配当所得24万円＝428万円。損益通算が不要な場合は単純合計です。,1:342万円は給与所得のみで、譲渡所得62万円と配当所得24万円を加算していません。ほかの所得がない場合でも、3種類の所得を合計し、428万円が総所得金額です。両方足します。;2:366万円は342万円＋24万円のみで、譲渡所得62万円を加算していない誤りです。譲渡所得も総所得に含め、342＋62＋24＝428万円が総所得金額です。譲渡を忘れないこと。;3:404万円は342万円＋62万円のみで、配当所得24万円を加算していない誤りです。配当所得も総所得に含め、342＋62＋24＝428万円が総所得金額です。配当を忘れないこと。,総所得金額は各所得の金額の合計。第456問（462万円）と所得の種類を取り違えない。
488,single,タックスプランニング,FP2級;学科;実践演習;四答択;source:2026-gakka-16-v13,2026-gakka-16,,"給与所得者が38年間勤務した会社を定年退職し、退職金3,900万円の支給を受けた場合、所得税における退職所得の金額の計算上、退職所得控除額は（   ）となる。",,,,,,"800万円＋40万円×(38年－20年)＝1,520万円","800万円＋70万円×(38年－20年)＝2,060万円","40万円×38年＝1,520万円","70万円×38年＝2,660万円",2,"正解は2です。勤続38年（20年超）なので、800万円＋70万円×(38－20)＝800万円＋1,260万円＝2,060万円です。",学科の退職所得控除の23問目。38年勤続（20年超）に変更した演習です。,"38年は20年超。800万円＋70万円×(38－20)＝2,060万円。40万円×年数の式は使いません。","1:800万円＋40万円×(38－20)は20年超用の70万円式を誤用した選択肢です。38年勤続は20年超なので、800万円＋70万円×18年＝2,060万円の公式を使います。年数で式を選びます。;3:40万円×38年は20年以下用の式を誤用した誤答です。38年勤続は20年超なので、800万円＋70万円×(38－20)＝2,060万円が控除額です。40万円×年数は使いません。;4:70万円×38年は退職所得控除の公式ではありません。20年超は800万円＋70万円×(年－20)であり、38年なら2,060万円になります。70万円×年数ではありません。","退職所得控除は20年以下と20年超で式が異なる。第457問（37年・1,990万）と勤続年数を取り違えない。"
489,single,タックスプランニング,FP2級;学科;実践演習;四答択;source:2026-gakka-33-v14,2026-gakka-33,,Ｑさんの2025年分の所得税における不動産所得の金額が118万円、事業所得の金額が▲52万円であるとき、損益通算後の不動産所得の金額は、 （   ）である。なお、ほかの所得はないものとする。,,,,,,52万円,66万円,118万円,170万円,2,正解は2です。事業所得の損失52万円は不動産所得と損益通算できます。118万円－52万円＝66万円が損益通算後の不動産所得の金額です。,2026年学科第33問をベースに、損益通算だけを問う第14の演習です。,事業損失52万円を不動産所得118万円と通算し、66万円です。事業損失は不動産所得と通算可能です。,1:52万円は第448問（128万・▲64万・64万円）の正答を流用した誤答です。本問は不動産118万円・事業損失52万円で再計算し、66万円が損益通算後の金額です。過去の派生正答を流用しないこと。数値を確認してください。;3:118万円は不動産所得のみで、事業損失52万円の損益通算を行っていません。事業所得の損失は不動産所得と通算できるため、118－52＝66万円が正しい金額です。通算を忘れないこと。;4:170万円は118万円＋52万円と足し算した誤答で生じやすい値です。損益通算では損失を差し引くため、118－52＝66万円です。損失を加算しません。,事業所得の損失は不動産所得と損益通算。第469問（77万円）と数値を取り違えない。
490,single,相続・事業承継,FP2級;学科;実践演習;四答択;source:2026-gakka-58-v16,2026-gakka-58,,"借地権（定期借地権等を除く）の目的となっている宅地の相続税評価額は、その自用地としての価額が1億2,000万円、借地権割合が76％である場合、原則として、 （   ）となる。",,,,,,"2,400万円","2,640万円","2,880万円","1億2,000万円",3,"正解は3です。貸宅地の評価額は、自用地価額×(1－借地権割合)です。1億2,000万円×24％＝2,880万円です。",学科の貸宅地評価をベースに、自用地価額と借地権割合だけ変更した第9の演習です。,"1億2,000万円×(1－76％)＝2,880万円。借地権割合だけを控除し、借家権は使いません。","1:2,400万円は1億2,000万円×20％など、控除後の割合を誤った場合の値です。借地権割合76％なら残りは24％であり、1億2,000万×0.24＝2,880万円が正しい評価額です。;2:2,640万円は第420問（1億1,000万・76％・2,640万円）の正答を流用した誤答です。本問は1億2,000万円・76％で再計算し、2,880万円が評価額になります。割合を確認してください。;4:1億2,000万円は自用地のままの評価額で、借地権の目的地としての減額を反映していません。借地権割合76％を控除し、2,880万円が貸宅地の評価額です。第460問（2,645万円）と数値を取り違えないこと。",貸宅地＝自用地×(1－借地権割合)。貸家建付地の3割合公式と混同しないこと。
491,single,金融資産運用,FP2級;学科;実践演習;四答択;source:2026-gakka-26-v38,2026-gakka-26,,"Ｙ社の株価が4,140円、１株当たり純利益が92円である場合、Ｙ社のＰＥＲ（株価収益率）は、 （   ）である。",,,,,,42倍,44倍,45倍,48倍,3,"正解は3です。PER＝株価÷１株当たり純利益です。4,140円÷92円＝45倍です。",2026年学科第26問をベースに、PERを直接計算する第24の演習です。,"PER＝4,140÷92＝45倍。株価を１株当たり純利益で割ります。","1:42倍は第331問（2,940円・70円）の正答を流用した誤答です。本問は4,140円・92円で再計算し、45倍が正しいPERです。過去の派生正答を流用しないこと。;2:44倍は第391問（3,080円・70円）の正答を流用した誤答です。株価4,140円・純利益92円をそのまま割ると45倍であり、44倍にはなりません。;4:48倍は第351問（3,360円・70円）の正答を流用した誤答です。本問は4,140円・92円で再計算し、45倍が正しいPERです。株価・純利益の組合せを確認してください。",PER＝株価÷EPS。第451問（40倍）と株価・純利益の組合せを取り違えない。
492,single,金融資産運用,FP2級;学科;実践演習;四答択;source:2025-gakka-28-v26,2025-gakka-28,,"Ｗさんのポートフォリオにおける各資産の構成比および期待収益率が下記のとおりである場合、当該ポートフォリオの期待収益率は、 （   ）である。

預金　15％　期待収益率0.1％
債券　35％　期待収益率2.74％
株式　50％　期待収益率7.90％",,,,,,4.80％,4.92％,5.00％,5.08％,2,正解は2です。0.1％×15％＋2.74％×35％＋7.90％×50％＝0.015％＋0.959％＋3.95％＝4.924％→表示上4.92％です。,2025年学科第28問の26問目。構成比と収益率を再変更した演習です。,0.1×0.15＋2.74×0.35＋7.90×0.5＝4.924％→4.92％。各資産の加重平均です。,1:4.80％は第272問（4.80％）の正答を流用した誤答です。本問は15・35・50で再計算し、4.92％が正しい期待収益率です。構成比を確認してください。;3:5.00％は第252問（5.04％付近）の正答を流用した誤答です。15％・35％・50％で0.1％・2.74％・7.90％を掛け合わせ、合計4.92％になります。構成比を確認してください。;4:5.08％は構成比を誤った加重平均の結果です。本問は15・35・50で再計算し、4.92％が正しい期待収益率です。過去の派生正答を流用しないこと。,ポートフォリオ期待収益率は毎回構成比から計算。第472問（4.90％）と構成比を取り違えない。
493,single,金融資産運用,FP2級;学科;実践演習;四答択;source:2025-gakka-24-v26,2025-gakka-24,,表面利率（クーポンレート）3.25％、残存期間5年の固定利付債券を額面100円当たり88円で購入した場合の最終利回り（年率・単利）は、 （   ）である。なお、税金等は考慮しないものとし、計算結果は表示単位の小数点以下第３位を四捨五入している。,,,,,,6.20％,6.42％,6.65％,6.90％,2,正解は2です。{3.25％＋(100円－88円)÷5年}÷88円×100＝{3.25＋2.4}÷88×100≒6.420％→小数点以下第3位四捨五入で6.42％です。,学科の債券最終利回りの48問目。ディスカウント購入・5年残存に変更した演習です。,{3.25＋(100－88)÷5}÷88×100≒6.420％→6.42％。償還差益を期間で按分します。,1:6.20％は償還差益の按分を誤った場合に出やすい値です。ディスカウント購入では(100－88)÷5＝2.4を加算し、式どおり6.42％になります。按分年数を確認してください。;3:6.65％は第424問（87円・5年・6.93％）付近の正答を流用した誤答です。本問は購入価格88円・残存5年で再計算し、6.42％が正しい最終利回りです。数値を流用しないこと。;4:6.90％はクーポン率だけを購入価格で割った誤答で生じやすい値です。本問は88円・残存5年で再計算し、6.42％が正しい利回りです。償還差益の按分を忘れないこと。,ディスカウント購入（88円）では(100－88)がプラス。第484問（86円・7.36％）と購入価格を取り違えない。
494,single,金融資産運用,FP2級;学科;実践演習;四答択;source:2026-gakka-27-v24,2026-gakka-27,,"下記の〈条件〉で、円貨を米ドルに交換して米ドル建定期預金に10,000米ドルを預け入れ、満期時に元利金の米ドルを円貨に交換して受け取る場合における利回り（単利・年率）は、 （   ）である。なお、税金は考慮しないものとし、計算結果は表示単位の小数点以下第３位を四捨五入するものとする。

〈条件〉
・預入期間：１年
・預金金利：3.00％（年率）
・為替予約なし
・為替レート（米ドル／円）
　預入時…ＴＴＳ：138.50円　ＴＴＢ：137.50円
　満期時…ＴＴＳ：144.75円　ＴＴＢ：144.25円",,,,,,7.00％,7.16％,7.28％,7.50％,3,"正解は3です。預入時10,000×138.50＝138.50万円、満期時10,300×144.25＝148.5775万円。利回り＝10.0775万円÷138.50万円×100≒7.276％→7.28％です。",2026年学科第27問の24問目。為替レートと金利だけ変更した外貨預金の演習です。,138.50万円投下、148.5775万円受取。差額10.0775万÷138.50万×100≒7.28％。買いＴＴＳ・売りＴＴＢです。,1:7.00％は第465問（142.00円・148.25円）付近の正答を流用した誤答です。本問は138.50円・144.25円で再計算し、7.28％が正しい利回りです。為替レートを確認してください。;2:7.16％は第474問（139.75円・145.75円）の正答を流用した誤答です。本問は138.50円・144.25円で再計算し、7.28％が正しい利回りです。過去の派生正答を流用しないこと。;4:7.50％は為替差益を過大に見積もった誤答で生じやすい値です。金利3.00％分の米ドル増と為替変動の両方を含め、投下138.50万円で割ります。,"外貨預金利回りは各バッチと同型。金利3.00％なら満期は10,300米ドルになる。"
495,single,ライフプランニングと資金計画,FP2級;学科;実践演習;四答択;source:2025-gakka-10-v31,2025-gakka-10,,"下記の〈Ｚ社の貸借対照表〉に基づくＺ社の自己資本比率は、 （   ）である。なお、自己資本比率＝純資産÷総資産×100とする。

〈Ｚ社の貸借対照表〉（単位：百万円）
総資産　12,750
純資産　 4,680",,,,,,35.5％,36.2％,36.7％,37.5％,3,"正解は3です。自己資本比率＝4,680百万円÷12,750百万円×100＝36.7％です。",学科第10問をベースに、自己資本比率を直接計算する第15の演習です。,"4,680÷12,750×100＝36.7％。純資産を総資産で割り、百分率に直します。","1:35.5％は第316問（4,347÷11,850）付近の正答を流用した誤答です。本問は純資産4,680・総資産12,750で再計算し、36.7％が正しい自己資本比率です。数値を流用しないこと。;2:36.2％は純資産を小さく取った誤答で生じやすい値です。総資産12,750百万円に対する純資産4,680百万円なので、自己資本比率は36.7％です。分母を確認してください。;4:37.5％は第355問（4,440÷12,000）付近の正答を流用した誤答です。純資産4,680百万円÷総資産12,750百万円×100＝36.7％が正しい計算になります。第466問（36.7％）と取り違えないこと。",自己資本比率＝純資産÷総資産×100。第466問（36.7％）と総資産・純資産を取り違えない。
496,single,タックスプランニング,FP2級;学科;実践演習;四答択;source:2026-gakka-32-v5,2026-gakka-32,,所得税における一時所得に係る総収入金額が360万円で、その収入を得るために支出した金額が78万円である場合、一時所得の金額は（ ① ）、そのうち総所得金額に算入される金額は（ ② ）となる。,,,,,,① 182万円   ②  91万円,① 232万円   ② 116万円,① 232万円   ② 232万円,① 282万円   ② 141万円,2,正解は2です。一時所得の金額＝360万円－78万円－特別控除50万円＝232万円。総所得金額への算入はその2分の1なので、116万円です。,学科の一時所得をベースに、収入・支出だけ変更した第7の演習です。,一時所得＝360－78－50＝232万円。総所得算入は半額の116万円です。,1:①182万円②91万円は支出78万円を差し引かない誤りです。360－78－50＝232万円が一時所得の金額であり、半額の116万円が総所得への算入額です。支出を忘れないこと。;3:①232万円②232万円は半額算入のルールを誤用した誤答です。一時所得232万円のうち総所得に算入するのは2分の1の116万円です。全額算入ではありません。;4:①282万円②141万円は特別控除50万円を差し引かない誤りです。一時所得は収入－支出－50万円であり、360－78－50＝232万円、算入は116万円です。特別控除を忘れないこと。,一時所得＝収入－支出－50万円、総所得算入は半額。第468問（212万・106万円）と数値を取り違えない。
497,single,タックスプランニング,FP2級;学科;実践演習;四答択;source:2026-gakka-34-v11,2026-gakka-34,,Ｓさんの2025年分の所得税における医療費控除の控除額を計算する場合、総所得金額が680万円、医療費として実際に支払った金額が95万円、その補填として受け取った保険金が11万円であるとき、医療費控除額は、 （   ）である。なお、「特定一般用医薬品等購入費を支払った場合の医療費控除の特例」は考慮しない。,,,,,,34万円,44万円,50万円,55万円,3,"正解は3です。医療費控除額＝支払医療費－保険金等の補填－max(10万円, 総所得金額×5％)です。95万円－11万円－34万円（680万円×5％）＝50万円です。",2026年学科第34問の11問目。医療費控除額を直接計算する演習です。,補填後84万円から、総所得680万円の5％である34万円（10万円超）を差し引き、控除額50万円です。,1:34万円は最低限度額10万円だけを差し引いた誤りです。総所得680万円の場合は5％の34万円が限度となるため、控除額は50万円です。10万円固定ではありません。;2:44万円は第477問（740万・92万・14万・41万円）付近の正答を流用した誤答です。本問は総所得680万円・支払95万円で再計算し、50万円が正しい控除額です。数値を流用しないこと。;4:55万円は限度額を差し引かない誤答で生じやすい値です。補填後84万円から限度34万円を引き、控除額は50万円です。限度額そのものを控除額と混同しないこと。,"医療費控除＝支払－補填－max(10万, 総所得×5％)。第459問（40万円）と総所得額を取り違えない。"
498,single,ライフプランニングと資金計画,FP2級;学科;実践演習;四答択;source:2025-gakka-01-v6,2025-gakka-01,,"Ｎさんの可処分所得（年間）の金額は、下記の〈資料〉によれば、 （   ）である。

〈資料〉
給与収入　　：1,412万円
給与所得　　：  968万円
所得税・住民税： 114万円
社会保険料　： 162万円
生命保険料　：  30万円",,,,,,"1,100万円","1,120万円","1,136万円","1,412万円",3,"正解は3です。可処分所得＝給与収入－所得税・住民税－社会保険料です。1,412万円－114万円－162万円＝1,136万円です。",学科の可処分所得をベースに、収入・控除額だけ変更した第26の演習です。,"1,412－114－162＝1,136万円。給与所得968万円や生命保険料30万円はこの式に含めません。","1:1,100万円は生命保険料まで差し引いた値など、家計支出を控除に含めた誤りです。可処分所得は税と社会保険料のみを給与収入から引き、保険料は控除項目ではありません。;2:1,120万円は第467問（1,325－112－156＝1,057万円）付近の正答を流用した誤答です。本問は1,412－114－162で再計算し、1,136万円が正しい可処分所得です。数値を流用しないこと。;4:1,412万円は給与収入そのもので、税・社会保険料を差し引いていません。所得税・住民税114万円と社会保険料162万円の両方を引く必要があり、1,136万円が正答です。収入全額ではありません。","可処分所得＝給与収入－所得税・住民税－社会保険料。第467問（1,057万円）と数値を取り違えない。"
499,single,ライフプランニングと資金計画,FP2級;学科;実践演習;四答択;source:2026-gakka-58-v17,2026-gakka-58,,"Ｓさんが購入を検討している賃貸用マンションの購入価格が9,600万円、年間賃料収入（経費控除前）が536万円である場合、当該不動産の表面利回り（年率）は、 （   ）である。なお、表面利回り＝年間賃料収入÷購入価格×100とする。",,,,,,5.4％,5.6％,5.7％,6.0％,2,"正解は2です。表面利回り＝536万円÷9,600万円×100＝5.58％→表示上5.6％です。",学科の不動産利回りをベースに、表面利回りを直接計算する第10の演習です。,"536÷9,600×100＝5.58％→5.6％。経費控除前の賃料を購入価格で割ります。","1:5.4％は第330問（396万・7,200万・5.5％）付近の正答を流用した誤答です。本問は賃料536万円・購入価格9,600万円で再計算し、5.6％が正しい表面利回りです。数値を流用しないこと。;3:5.7％は第450問（502万・8,950万・5.6％）付近の正答を流用した誤答です。表面利回りは経費控除前の536万円を分母9,600万円で割り、5.6％が正答です。5.7％は別の組合せです。;4:6.0％は第150問（318万・5,300万・6.0％）の正答を流用した誤答です。購入価格9,600万円に対する賃料536万円なので、表面利回りは5.6％です。賃料額を再確認してください。",表面利回り＝年間賃料÷購入価格×100。第470問（5.6％）と購入価格・賃料を取り違えない。
500,single,相続・事業承継,FP2級;学科;実践演習;四答択;source:2026-gakka-58-v16,2026-gakka-58,,借地権（定期借地権等を除く）の目的となっている宅地の相続税評価額は、その自用地としての価額が1億800万円、借地権割合が78％である場合、原則として、 （   ）となる。,,,,,,"2,160万円","2,376万円","2,484万円",1億800万円,2,"正解は2です。貸宅地の評価額は、自用地価額×(1－借地権割合)です。1億800万円×22％＝2,376万円です。",学科の貸宅地評価をベースに、自用地価額と借地権割合だけ変更した第10の演習です。,"1億800万円×(1－78％)＝2,376万円。借地権割合だけを控除し、借家権は使いません。","1:2,160万円は1億800万円×20％など、控除後の割合を誤った場合の値です。借地権割合78％なら残りは22％であり、1億800万×0.22＝2,376万円が正しい評価額です。;3:2,484万円は第490問（1億2,000万・76％・2,880万円）付近の正答を流用した誤答です。本問は1億800万円・78％で再計算し、2,376万円が評価額になります。割合を確認してください。;4:1億800万円は自用地のままの評価額で、借地権の目的地としての減額を反映していません。借地権割合78％を控除し、2,376万円が貸宅地の評価額です。第490問（2,880万円）と数値を取り違えないこと。",貸宅地＝自用地×(1－借地権割合)。貸家建付地の3割合公式と混同しないこと。
501,single,リスク管理,FP2級;学科;実践演習;四答択;source:2026-gakka-14-v5,2026-gakka-14,,2012年１月１日以後に締結した一般生命保険契約について、2025年中に支払った一般生命保険料が14万円である場合の、所得税における一般生命保険料控除の控除額は、 （   ）である。なお、ほかの生命保険料控除は考慮しないものとする。,,,,,,7万円,8万円,9万円,14万円,2,"正解は2です。新制度の一般生命保険料控除は、支払保険料が12万円超32万円以下の場合、支払保険料×1/2＋1万円です。140,000円×1/2＋10,000円＝80,000円（8万円）です。",学科第14問をベースに、一般生命保険料控除を直接計算する演習です。,14万円は12万円超32万円以下の段階。14万×1/2＋1万＝8万円が控除額です。,1:7万円は12万円支払時の控除額など、別の保険料額の結果を流用した誤答です。本問は14万円支払なので、14万×1/2＋1万＝8万円が控除額です。支払額を確認してください。;3:9万円は16万円支払時の控除額など、別の保険料額の結果です。新制度一般生命は14万円ちょうどは1/2＋1万の段階で、控除額は8万円になります。式を確認してください。;4:14万円は支払保険料そのもので、控除額ではありません。一般生命保険料控除は式で算出し、14万円支払でも控除額は8万円です。支払額全額を控除額と混同しないこと。,新制度一般生命：12万超32万以下は「支払×1/2＋1万」。第34問（18万円）と制度を取り違えない。
502,single,リスク管理,FP2級;学科;実践演習;四答択;source:2026-gakka-14-v6,2026-gakka-14,,2012年１月１日以後に締結した介護医療保険契約について、2025年中に支払った介護医療保険料が10万円である場合の、所得税における介護医療保険料控除の控除額は、 （   ）である。なお、ほかの生命保険料控除は考慮しないものとする。,,,,,,5万円,6万円,7万円,10万円,2,正解は2です。新制度の介護医療保険料控除は、支払保険料が8万円超の場合、控除額の上限は6万円です。10万円支払でも控除額は6万円です。,学科第14問をベースに、介護医療保険料控除の上限を問う演習です。,10万円は8万円超の段階。介護医療保険料控除の上限6万円が控除額です。,1:5万円は6万円支払時の控除額など、別の保険料額の結果を流用した誤答です。本問は10万円支払なので、8万円超の上限である6万円が控除額です。支払額を確認してください。;3:7万円は10万×1/2＋2万の式を誤用した誤答です。8万円超の支払では控除額は6万円が上限となり、7万円にはなりません。上限を確認してください。;4:10万円は支払保険料そのもので、控除額ではありません。介護医療保険料控除は式・上限で算出し、10万円支払でも控除額は6万円です。支払額全額を控除額と混同しないこと。,新制度介護医療：8万円超は上限6万円。第35問（5万円）と支払額を取り違えない。
503,single,リスク管理,FP2級;学科;実践演習;四答択;source:2026-gakka-14-v7,2026-gakka-14,,2025年中に支払った地震保険料が8万円である場合、所得税における地震保険料控除の控除額は、 （   ）である。なお、旧長期損害保険料控除との併用は考慮しないものとする。,,,,,,3万円,4万円,5万円,8万円,2,"正解は2です。地震保険料控除は、支払地震保険料の50％が控除額ですが、控除額の上限は5万円です。80,000円×50％＝40,000円（4万円）です。",学科第14問をベースに、地震保険料控除を直接計算する演習です。,8万円×50％＝4万円。上限5万円以内なので、控除額は4万円です。,1:3万円は6万円支払時の控除額など、別の保険料額の結果を流用した誤答です。本問は8万円支払なので、8万×50％＝4万円が控除額です。支払額を確認してください。;3:5万円は控除額の上限そのもので、8万円支払時の計算結果ではありません。8万円×50％＝4万円が控除額です。10万円以上支払うと上限5万円に達します。;4:8万円は支払保険料そのもので、控除額ではありません。地震保険料控除は支払額の50％（上限5万円）であり、支払額全額ではありません。50％計算を忘れないこと。,地震保険料控除＝支払×50％（上限5万円）。生命保険料控除の式と混同しないこと。
504,single,リスク管理,FP2級;学科;実践演習;四答択;source:2026-gakka-14-v8,2026-gakka-14,,"2025年中に支払った生命保険料が下記のとおりである場合、所得税における生命保険料控除の控除額の合計は、 （   ）である。なお、いずれも2012年１月１日以後に締結した新制度の契約とする。

一般生命保険料　16万円
個人年金保険料　12万円",,,,,,10万円,12万円,17万円,28万円,2,正解は2です。一般生命16万円の控除額は16万×1/2＋1万＝9万円、個人年金12万円の控除額は12万円（12万円以下は全額）です。合計21万円ですが、生命保険料控除の控除限度額は12万円なので、控除額の合計は12万円です。,学科第14問をベースに、新制度2種の合算と12万円上限を問う演習です。,一般9万円＋個人年金12万円＝21万円だが、合計の上限は12万円。控除額の合計は12万円です。,1:10万円は個人年金12万円だけを採用した誤りです。一般生命の控除9万円も合算し、上限12万円の範囲で12万円が控除額の合計になります。両方足します。;3:17万円は上限を適用しない合算に近い誤答です。一般9万円と個人年金12万円の合計21万円は、上限12万円を超えるため控除額の合計は12万円です。上限適用を忘れないこと。;4:28万円は支払保険料の合計そのもので、控除額ではありません。控除額は各式で算出し、合計に12万円の上限を適用します。支払額の合計と混同しないこと。,生命保険料控除の合計上限は12万円。第36問（12万円）と支払額の組合せを取り違えない。
505,single,リスク管理,FP2級;学科;実践演習;四答択;source:2026-gakka-14-v9,2026-gakka-14,,2012年１月１日以後に締結した個人年金保険契約について、2025年中に支払った個人年金保険料が28万円である場合の、所得税における個人年金保険料控除の控除額は、 （   ）である。なお、ほかの生命保険料控除は考慮しないものとする。,,,,,,18万円,20万円,22万円,28万円,2,"正解は2です。新制度の個人年金保険料控除は、支払保険料が12万円超32万円以下の場合、支払保険料×1/2＋6万円です。280,000円×1/2＋60,000円＝200,000円（20万円）です。",学科第14問をベースに、個人年金保険料控除を直接計算する演習です。,28万円は12万円超32万円以下の段階。28万×1/2＋6万＝20万円が控除額です。,1:18万円は24万円支払時の控除額など、別の保険料額の結果を流用した誤答です。本問は28万円支払なので、28万×1/2＋6万＝20万円が控除額です。支払額を確認してください。;3:22万円は32万円超支払時の上限など、別の段階の結果です。28万円は12万超32万以下の段階であり、20万円が控除額です。上限22万円の段階と混同しないこと。;4:28万円は支払保険料そのもので、控除額ではありません。個人年金保険料控除は式で算出し、28万円支払でも控除額は20万円です。支払額全額を控除額と混同しないこと。,新制度個人年金：12万超32万以下は「支払×1/2＋6万」。第34問（18万円）と支払額を取り違えない。
506,single,不動産,FP2級;学科;実践演習;四答択;source:2026-gakka-46-v9,2026-gakka-46,,敷地面積540㎡の土地に、建築面積270㎡の建築物を建築する場合の建ぺい率は、 （   ）である。なお、建ぺい率＝建築面積÷敷地面積×100とする。,,,,,,45％,50％,55％,60％,2,正解は2です。建ぺい率＝270㎡÷540㎡×100＝50％です。,学科の建築基準法をベースに、建ぺい率を直接計算する演習です。,270÷540×100＝50％。建築面積を敷地面積で割り、百分率に直します。,1:45％は第39問（243㎡・540㎡）の正答を流用した誤答です。本問は建築面積270㎡・敷地面積540㎡で再計算し、50％が正しい建ぺい率です。数値を流用しないこと。;3:55％は延べ面積と建築面積を混同した誤答で生じやすい値です。建ぺい率は建築面積270㎡÷敷地面積540㎡×100＝50％です。容積率の式と混同しないこと。;4:60％は第56問（324㎡・540㎡・容積率）の正答を流用した誤答です。建ぺい率は1階の建築面積を用い、270÷540×100＝50％が正しい計算になります。,建ぺい率＝建築面積÷敷地面積×100。容積率（延べ面積）と分子を取り違えない。
507,single,不動産,FP2級;学科;実践演習;四答択;source:2025-gakka-58-v19,2025-gakka-58,,敷地面積600㎡の土地に、延べ面積390㎡の建築物を建築する場合の容積率は、 （   ）である。なお、容積率＝延べ面積÷敷地面積×100とする。,,,,,,60％,62％,65％,70％,3,正解は3です。容積率＝390㎡÷600㎡×100＝65％です。,学科の建築基準法をベースに、容積率を直接計算する演習です。,390÷600×100＝65％。延べ面積を敷地面積で割り、百分率に直します。,1:60％は第449問（336㎡・560㎡）の正答を流用した誤答です。本問は延べ面積390㎡・敷地面積600㎡で再計算し、65％が正しい容積率です。数値を流用しないこと。;2:62％は延べ面積を小さく取った誤答で生じやすい値です。敷地面積600㎡に対する延べ面積390㎡なので、容積率は65％です。面積を再確認してください。;4:70％は第340問（312㎡・480㎡・65％）付近の正答を流用した誤答です。容積率は延べ面積390㎡÷敷地面積600㎡×100＝65％です。建築面積ではありません。,容積率＝延べ面積÷敷地面積×100。第340問（65％）と面積の組合せを取り違えない。
508,single,不動産,FP2級;学科;実践演習;四答択;source:2026-gakka-50-v4,2026-gakka-50,,"Ｒさんが購入を検討している賃貸用マンションの購入価格が9,200万円、年間賃料収入（経費控除前）が529万円、年間経費が178万円である場合、当該不動産のＮＯＩ利回り（年率）は、 （   ）である。なお、ＮＯＩ利回り＝（年間賃料収入－年間経費）÷購入価格×100とする。",,,,,,3.6％,3.8％,4.0％,5.7％,2,"正解は2です。ＮＯＩ利回り＝(529万円－178万円)÷9,200万円×100＝3.82％→表示上3.8％です。",学科の不動産利回りをベースに、NOI利回りを直接計算する演習です。,"(529－178)÷9,200×100＝3.82％→3.8％。経費控除後の純収益を購入価格で割ります。","1:3.6％は経費を過大に見積もった誤答で生じやすい値です。年間賃料529万円から経費178万円を差し引き、351万円÷9,200万円×100＝3.8％が正しい計算になります。;3:4.0％は第55問（NOI利回り5.71％）付近の正答を流用した誤答です。本問は賃料529万円・経費178万円・購入価格9,200万円で再計算し、3.8％が正しいNOI利回りです。;4:5.7％は表面利回り529÷9,200＝5.75％を流用した誤答です。NOI利回りは経費控除後の351万円を分母9,200万円で割り、3.8％です。表面利回りと混同しないこと。",NOI利回り＝(賃料－経費)÷購入価格×100。表面利回りと経費控除の有無を取り違えない。
509,single,不動産,FP2級;学科;実践演習;四答択;source:2026-gakka-49-v4,2026-gakka-49,,"Ｓさんが土地建物を譲渡した場合の譲渡所得の金額（特別控除適用前）は、譲渡価額が6,200万円、取得費が2,450万円、譲渡のための費用が180万円であるとき、 （   ）である。",,,,,,"3,400万円","3,520万円","3,570万円","6,200万円",3,"正解は3です。譲渡所得の金額＝6,200万円－2,450万円－180万円＝3,570万円です。",学科の譲渡所得をベースに、譲渡所得の金額を直接計算する演習です。,"6,200－2,450－180＝3,570万円。特別控除適用前の譲渡所得の金額です。","1:3,400万円は費用180万円を差し引かない誤答で生じやすい値です。譲渡所得は譲渡価額から取得費と譲渡費用の両方を引き、3,570万円が正しい金額です。費用を忘れないこと。;2:3,520万円は第49問（5,500－2,200－150＝2,550万円）の正答を流用した誤答です。本問は6,200－2,450－180で再計算し、3,570万円が譲渡所得の金額です。数値を流用しないこと。;4:6,200万円は譲渡価額そのもので、取得費・費用を差し引いていません。譲渡所得の金額は譲渡価額－取得費－譲渡費用であり、3,570万円が正答です。譲渡価額全額ではありません。","譲渡所得＝譲渡価額－取得費－譲渡費用。第49問（2,550万円）と数値を取り違えない。"
510,single,不動産,FP2級;学科;実践演習;四答択;source:2025-gakka-58-v20,2025-gakka-58,,"Ｔさんが購入を検討している賃貸用マンションの購入価格が9,350万円、年間賃料収入（経費控除前）が542万円である場合、当該不動産の表面利回り（年率）は、 （   ）である。なお、表面利回り＝年間賃料収入÷購入価格×100とする。",,,,,,5.5％,5.7％,5.8％,6.0％,3,"正解は3です。表面利回り＝542万円÷9,350万円×100＝5.80％→表示上5.8％です。",学科の不動産利回りをベースに、表面利回りを直接計算する演習です。,"542÷9,350×100＝5.80％→5.8％。経費控除前の賃料を購入価格で割ります。","1:5.5％は第330問（396万・7,200万・5.5％）の正答を流用した誤答です。本問は賃料542万円・購入価格9,350万円で再計算し、5.8％が正しい表面利回りです。数値を流用しないこと。;2:5.7％は第450問（502万・8,950万・5.6％）付近の正答を流用した誤答です。表面利回りは経費控除前の542万円を分母9,350万円で割り、5.8％が正答です。5.7％は別の組合せです。;4:6.0％は第150問（318万・5,300万・6.0％）の正答を流用した誤答です。購入価格9,350万円に対する賃料542万円なので、表面利回りは5.8％です。賃料額を再確認してください。",表面利回り＝年間賃料÷購入価格×100。第450問（5.6％）と購入価格・賃料を取り違えない。
511,single,リスク管理,FP2級;学科;実践演習;四答択;source:2026-gakka-14-v10,2026-gakka-14,,2011年12月31日以前に締結した一般生命保険契約について、2025年中に支払った一般生命保険料が11万円である場合の、所得税における一般生命保険料控除の控除額は、 （   ）である。なお、ほかの生命保険料控除は考慮しないものとする。,,,,,,5.5万円,7.5万円,8万円,11万円,3,"正解は3です。旧制度の一般生命保険料控除は、支払保険料が15万円以下の場合、支払保険料×1/2＋2.5万円です。110,000円×1/2＋25,000円＝80,000円（8万円）です。",学科第14問をベースに、旧制度一般生命保険料控除を直接計算する演習です。,11万円は15万円以下の段階。11万×1/2＋2.5万＝8万円が控除額です。,1:5.5万円は支払保険料の1/2だけを計算した誤りです。旧制度一般生命は11万円ちょうどは1/2＋2.5万の段階で、控除額は8万円になります。1/2だけでは不足です。;2:7.5万円は10万円支払時の控除額など、別の保険料額の結果を流用した誤答です。本問は11万円支払なので、11万×1/2＋2.5万＝8万円が控除額です。支払額を確認してください。;4:11万円は支払保険料そのもので、控除額ではありません。旧制度一般生命保険料控除は式で算出し、11万円支払でも控除額は8万円です。支払額全額を控除額と混同しないこと。,旧制度一般生命：15万以下は「支払×1/2＋2.5万」。新制度の式と混同しないこと。
512,single,リスク管理,FP2級;学科;実践演習;四答択;source:2026-gakka-14-v11,2026-gakka-14,,2012年１月１日以後に締結した一般生命保険契約について、2025年中に支払った一般生命保険料が9万円である場合の、所得税における一般生命保険料控除の控除額は、 （   ）である。なお、ほかの生命保険料控除は考慮しないものとする。,,,,,,4.5万円,5.5万円,9万円,10万円,3,正解は3です。新制度の一般生命保険料控除は、支払保険料が12万円以下の場合、支払保険料の全額が控除額です。9万円です。,学科第14問をベースに、新制度一般生命保険料控除を直接計算する演習です。,9万円は12万円以下の段階。支払保険料の全額9万円が控除額です。,1:4.5万円は支払保険料の1/2だけを計算した誤りです。新制度一般生命は12万円以下なら全額控除であり、9万円支払なら控除額も9万円です。1/2計算は旧制度や別段階の式です。;2:5.5万円は介護医療7万円支払時の控除額など、別制度の結果を流用した誤答です。一般生命保険料9万円は全額控除の段階であり、控除額は9万円です。制度ごとの式を確認してください。;4:10万円は12万円支払時の控除額など、別の保険料額の結果です。9万円支払なら控除額も9万円です。12万円以下は支払額全額が控除額になります。数値を確認してください。,新制度一般生命：12万円以下は支払全額。第501問（8万円）と支払額を取り違えない。
513,single,リスク管理,FP2級;学科;実践演習;四答択;source:2026-gakka-14-v12,2026-gakka-14,,2012年１月１日以後に締結した介護医療保険契約について、2025年中に支払った介護医療保険料が7万円である場合の、所得税における介護医療保険料控除の控除額は、 （   ）である。なお、ほかの生命保険料控除は考慮しないものとする。,,,,,,3.5万円,5.5万円,6万円,7万円,2,"正解は2です。新制度の介護医療保険料控除は、支払保険料が4万円超8万円以下の場合、支払保険料×1/2＋2万円です。70,000円×1/2＋20,000円＝55,000円（5.5万円）です。",学科第14問をベースに、介護医療保険料控除を直接計算する演習です。,7万円は4万円超8万円以下の段階。7万×1/2＋2万＝5.5万円が控除額です。,1:3.5万円は支払保険料の1/2だけを計算した誤りです。介護医療は7万円ちょうどは1/2＋2万の段階で、控除額は5.5万円になります。1/2だけでは不足です。;3:6万円は8万円超支払時の上限など、別の段階の結果を流用した誤答です。7万円は4万超8万以下の段階であり、5.5万円が控除額です。上限6万円の段階と混同しないこと。;4:7万円は支払保険料そのもので、控除額ではありません。介護医療保険料控除は式で算出し、7万円支払でも控除額は5.5万円です。支払額全額を控除額と混同しないこと。,新制度介護医療：4万超8万以下は「支払×1/2＋2万」。第35問（5万円）と支払額を取り違えない。
514,single,リスク管理,FP2級;学科;実践演習;四答択;source:2026-gakka-14-v13,2026-gakka-14,,2025年中に支払った地震保険料が12万円である場合、所得税における地震保険料控除の控除額は、 （   ）である。なお、旧長期損害保険料控除との併用は考慮しないものとする。,,,,,,4万円,5万円,6万円,12万円,2,"正解は2です。地震保険料控除は、支払地震保険料の50％が控除額ですが、控除額の上限は5万円です。120,000円×50％＝60,000円ですが、上限5万円です。",学科第14問をベースに、地震保険料控除の上限を問う演習です。,12万円×50％＝6万円ですが、控除額の上限5万円が適用され、控除額は5万円です。,1:4万円は8万円支払時の控除額など、別の保険料額の結果を流用した誤答です。本問は12万円支払なので、50％は6万円ですが上限5万円により控除額は5万円です。支払額を確認してください。;3:6万円は50％計算の結果ですが、控除額の上限5万円を適用していません。地震保険料控除は支払×50％（上限5万円）であり、12万円支払では控除額は5万円です。上限を忘れないこと。;4:12万円は支払保険料そのもので、控除額ではありません。地震保険料控除は支払額の50％（上限5万円）であり、支払額全額ではありません。50％計算と上限の両方を確認してください。,地震保険料控除＝支払×50％（上限5万円）。第503問（4万円）と支払額を取り違えない。
515,single,不動産,FP2級;学科;実践演習;四答択;source:2026-gakka-50-v5,2026-gakka-50,,"宅地建物取引業者に依頼して不動産の売買取引（取引価格2,800万円）を行う場合の、売主が支払う仲介手数料の額（税抜）は、 （   ）である。なお、取引価格が400万円を超える場合の仲介手数料は、取引価格×3％＋6万円とする。",,,,,,126万円,132万円,144万円,150万円,3,"正解は3です。仲介手数料＝2,800万円×3％＋6万円＝84万円＋6万円＝144万円です。",学科の不動産取引をベースに、仲介手数料を直接計算する演習です。,"2,800×3％＋6万＝144万円。400万円超は「取引価格×3％＋6万円」の公式です。","1:126万円は2,400万円取引時の手数料など、別の取引価格の結果を流用した誤答です。本問は2,800万円で再計算し、144万円が正しい仲介手数料です。取引価格を確認してください。;2:132万円は取引価格×3％だけを計算した誤りです。400万円超は6万円の定額加算が必要であり、2,800×3％＋6万＝144万円になります。6万円加算を忘れないこと。;4:150万円は取引価格×5％など、誤った率を用いた誤答で生じやすい値です。仲介手数料は取引価格×3％＋6万円であり、144万円が正しい計算になります。",400万円超の仲介手数料＝取引価格×3％＋6万円。400万円以下の公式と混同しないこと。
516,single,不動産,FP2級;学科;実践演習;四答択;source:2026-gakka-46-v10,2026-gakka-46,,敷地面積510㎡の土地に、建築面積255㎡の建築物を建築する場合の建ぺい率は、 （   ）である。なお、建ぺい率＝建築面積÷敷地面積×100とする。,,,,,,45％,48％,50％,55％,3,正解は3です。建ぺい率＝255㎡÷510㎡×100＝50％です。,学科の建築基準法をベースに、建ぺい率を直接計算する演習です。,255÷510×100＝50％。建築面積を敷地面積で割り、百分率に直します。,1:45％は第169問（216㎡・480㎡・45％）の正答を流用した誤答です。本問は建築面積255㎡・敷地面積510㎡で再計算し、50％が正しい建ぺい率です。数値を流用しないこと。;2:48％は建築面積を小さく取った誤答で生じやすい値です。敷地面積510㎡に対する建築面積255㎡なので、建ぺい率は50％です。面積を再確認してください。;4:55％は建築面積を大きく取った誤答で生じやすい値です。建築面積255㎡÷敷地面積510㎡×100＝50％が正答です。第506問（50％）と面積の組合せを取り違えないこと。,建ぺい率＝建築面積÷敷地面積×100。第169問（45％）と面積を取り違えない。
517,single,不動産,FP2級;学科;実践演習;四答択;source:2025-gakka-58-v21,2025-gakka-58,,敷地面積520㎡の土地に、延べ面積338㎡の建築物を建築する場合の容積率は、 （   ）である。なお、容積率＝延べ面積÷敷地面積×100とする。,,,,,,60％,62％,65％,68％,3,正解は3です。容積率＝338㎡÷520㎡×100＝65％です。,学科の建築基準法をベースに、容積率を直接計算する演習です。,338÷520×100＝65％。延べ面積を敷地面積で割り、百分率に直します。,1:60％は第449問（336㎡・560㎡）の正答を流用した誤答です。本問は延べ面積338㎡・敷地面積520㎡で再計算し、65％が正しい容積率です。数値を流用しないこと。;2:62％は延べ面積を小さく取った誤答で生じやすい値です。敷地面積520㎡に対する延べ面積338㎡なので、容積率は65％です。面積を再確認してください。;4:68％は第340問（312㎡・480㎡・65％）付近の正答を流用した誤答です。容積率は延べ面積338㎡÷敷地面積520㎡×100＝65％です。建築面積ではありません。,容積率＝延べ面積÷敷地面積×100。第507問（65％）と面積の組合せを取り違えない。
518,single,不動産,FP2級;学科;実践演習;四答択;source:2026-gakka-49-v5,2026-gakka-49,,"Ｕさんが土地建物を譲渡した場合の譲渡所得の金額（特別控除適用前）は、譲渡価額が4,100万円、取得費が1,650万円、譲渡のための費用が120万円であるとき、 （   ）である。",,,,,,"2,400万円","2,530万円","2,630万円","4,100万円",3,"正解は3です。譲渡所得の金額＝4,100万円－1,650万円－120万円＝2,630万円です。",学科の譲渡所得をベースに、譲渡所得の金額を直接計算する演習です。,"4,100－1,650－120＝2,630万円。特別控除適用前の譲渡所得の金額です。","1:2,400万円は費用120万円を差し引かない誤答で生じやすい値です。譲渡所得は譲渡価額から取得費と譲渡費用の両方を引き、2,630万円が正しい金額です。費用を忘れないこと。;2:2,530万円は第509問（6,200－2,450－180＝3,570万円）の正答を流用した誤答です。本問は4,100－1,650－120で再計算し、2,630万円が譲渡所得の金額です。数値を流用しないこと。;4:4,100万円は譲渡価額そのもので、取得費・費用を差し引いていません。譲渡所得の金額は譲渡価額－取得費－譲渡費用であり、2,630万円が正答です。譲渡価額全額ではありません。","譲渡所得＝譲渡価額－取得費－譲渡費用。第509問（3,570万円）と数値を取り違えない。"
519,single,不動産,FP2級;学科;実践演習;四答択;source:2025-gakka-58-v22,2025-gakka-58,,"Ｖさんが購入を検討している賃貸用マンションの購入価格が9,050万円、年間賃料収入（経費控除前）が518万円である場合、当該不動産の表面利回り（年率）は、 （   ）である。なお、表面利回り＝年間賃料収入÷購入価格×100とする。",,,,,,5.5％,5.7％,5.8％,6.0％,2,"正解は2です。表面利回り＝518万円÷9,050万円×100＝5.73％→表示上5.7％です。",学科の不動産利回りをベースに、表面利回りを直接計算する演習です。,"518÷9,050×100＝5.73％→5.7％。経費控除前の賃料を購入価格で割ります。","1:5.5％は第330問（396万・7,200万・5.5％）の正答を流用した誤答です。本問は賃料518万円・購入価格9,050万円で再計算し、5.7％が正しい表面利回りです。数値を流用しないこと。;3:5.8％は第510問（542万・9,350万・5.8％）の正答を流用した誤答です。表面利回りは経費控除前の518万円を分母9,050万円で割り、5.7％が正答です。5.8％は別の組合せです。;4:6.0％は第150問（318万・5,300万・6.0％）の正答を流用した誤答です。購入価格9,050万円に対する賃料518万円なので、表面利回りは5.7％です。賃料額を再確認してください。",表面利回り＝年間賃料÷購入価格×100。第510問（5.8％）と購入価格・賃料を取り違えない。
520,single,相続・事業承継,FP2級;学科;実践演習;四答択;source:2026-gakka-55-v4,2026-gakka-55,,相続税の課税遺産総額の計算上、遺産基礎控除額は、法定相続人が配偶者と子3人である場合、 （   ）となる。,,,,,,"4,200万円","4,800万円","5,400万円","6,000万円",3,"正解は3です。遺産基礎控除額＝3,000万円＋600万円×法定相続人の数です。4人×600万円＋3,000万円＝5,400万円です。",学科の相続税をベースに、遺産基礎控除額を直接計算する演習です。,"法定相続人4人（配偶者＋子3人）。3,000＋600×4＝5,400万円です。","1:4,200万円は法定相続人3人と誤認した場合の値です。配偶者と子3人で法定相続人は4人なので、3,000＋600×4＝5,400万円が遺産基礎控除額です。人数を確認してください。;2:4,800万円は配偶者＋子2人（法定相続人3人）の場合の値です。配偶者と子3人で法定相続人は4人なので、3,000＋600×4＝5,400万円が遺産基礎控除額です。人数を確認してください。;4:6,000万円は600万円×10人など、人数を過大に見積もった誤答で生じやすい値です。遺産基礎控除は3,000万円＋600万円×法定相続人の数であり、4人なら5,400万円です。","遺産基礎控除＝3,000万＋600万×法定相続人の数。第40問（5,400万円）と人数を取り違えない。"
521,single,リスク管理,FP2級;学科;実践演習;四答択;source:2026-gakka-14-v14,2026-gakka-14,,2011年12月31日以前に締結した一般生命保険契約について、2025年中に支払った一般生命保険料が13万円である場合の、所得税における一般生命保険料控除の控除額は、 （   ）である。なお、ほかの生命保険料控除は考慮しないものとする。,,,,,,6.5万円,8.5万円,9万円,13万円,3,"正解は3です。旧制度の一般生命保険料控除は、支払保険料が15万円以下の場合、支払保険料×1/2＋2.5万円です。130,000円×1/2＋25,000円＝90,000円（9万円）です。",学科第14問をベースに、旧制度一般生命保険料控除（13万円支払）の演習です。,13万円は15万円以下の段階。13万×1/2＋2.5万＝9万円が控除額です。,1:6.5万円は支払保険料の1/2だけを計算した誤りです。旧制度一般生命は13万円ちょうどは1/2＋2.5万の段階で、控除額は9万円になります。1/2だけでは不足です。;2:8.5万円は12万円支払時の控除額など、別の保険料額の結果を流用した誤答です。本問は13万円支払なので、13万×1/2＋2.5万＝9万円が控除額です。支払額を確認してください。;4:13万円は支払保険料そのもので、控除額ではありません。旧制度一般生命保険料控除は式で算出し、13万円支払でも控除額は9万円です。支払額全額を控除額と混同しないこと。,旧制度一般生命：15万以下は「支払×1/2＋2.5万」。第511問（11万・8万）と支払額を取り違えない。
522,single,リスク管理,FP2級;学科;実践演習;四答択;source:2026-gakka-14-v15,2026-gakka-14,,2012年１月１日以後に締結した一般生命保険契約について、2025年中に支払った一般生命保険料が7万円である場合の、所得税における一般生命保険料控除の控除額は、 （   ）である。なお、ほかの生命保険料控除は考慮しないものとする。,,,,,,3万円,3.5万円,3.75万円,7万円,3,"正解は3です。新制度の一般生命保険料控除は、支払保険料が4万円超8万円以下の場合、支払保険料×1/4＋2万円です。70,000円×1/4＋20,000円＝37,500円（3.75万円）です。",学科第14問をベースに、新制度一般生命保険料控除（7万円支払）の演習です。,7万円は4万円超8万円以下の段階。7万×1/4＋2万＝3.75万円が控除額です。,1:3万円は支払保険料の1/4だけを計算した誤りです。新制度一般生命は7万円ちょうどは1/4＋2万の段階で、控除額は3.75万円になります。1/4だけでは不足です。;2:3.5万円は第48問（6万円支払・3.5万円控除）の正答を流用した誤答です。本問は7万円支払なので、7万×1/4＋2万＝3.75万円が控除額です。支払額を確認してください。;4:7万円は支払保険料そのもので、控除額ではありません。一般生命保険料控除は式で算出し、7万円支払でも控除額は3.75万円です。支払額全額を控除額と混同しないこと。,新制度一般生命：4万超8万以下は「支払×1/4＋2万」。第48問（6万・3.5万）と支払額を取り違えない。
523,single,リスク管理,FP2級;学科;実践演習;四答択;source:2026-gakka-14-v16,2026-gakka-14,,2012年１月１日以後に締結した個人年金保険契約について、2025年中に支払った個人年金保険料が35万円である場合の、所得税における個人年金保険料控除の控除額は、 （   ）である。なお、ほかの生命保険料控除は考慮しないものとする。,,,,,,18万円,20万円,22万円,35万円,3,正解は3です。新制度の個人年金保険料控除は、支払保険料が32万円超の場合、控除額の上限は22万円です。35万円支払でも控除額は22万円です。,学科第14問をベースに、個人年金保険料控除の上限（32万円超）を問う演習です。,35万円は32万円超の段階。個人年金保険料控除の上限22万円が控除額です。,1:18万円は24万円支払時の控除額など、別の保険料額の結果を流用した誤答です。本問は35万円支払なので、32万円超の上限である22万円が控除額です。支払額を確認してください。;2:20万円は28万円支払時の控除額など、別の段階の結果を流用した誤答です。35万円は32万円超の段階であり、控除額の上限22万円が適用されます。20万円は別の支払額の結果です。;4:35万円は支払保険料そのもので、控除額ではありません。個人年金保険料控除は式・上限で算出し、35万円支払でも控除額は22万円です。支払額全額を控除額と混同しないこと。,新制度個人年金：32万円超は上限22万円。第505問（28万・20万）と支払額を取り違えない。
524,single,リスク管理,FP2級;学科;実践演習;四答択;source:2026-gakka-14-v17,2026-gakka-14,,2011年12月31日以前に締結した一般生命保険契約について、2025年中に支払った一般生命保険料が12万円である場合の、所得税における一般生命保険料控除の控除額は、 （   ）である。なお、ほかの生命保険料控除は考慮しないものとする。,,,,,,6万円,8万円,8.5万円,12万円,3,"正解は3です。旧制度の一般生命保険料控除は、支払保険料が15万円以下の場合、支払保険料×1/2＋2.5万円です。120,000円×1/2＋25,000円＝85,000円（8.5万円）です。",学科第14問をベースに、旧制度一般生命保険料控除（12万円支払）の演習です。,12万円は15万円以下の段階。12万×1/2＋2.5万＝8.5万円が控除額です。,1:6万円は支払保険料の1/2だけを計算した誤りです。旧制度一般生命は12万円ちょうどは1/2＋2.5万の段階で、控除額は8.5万円になります。1/2だけでは不足です。;2:8万円は11万円支払時の控除額など、別の保険料額の結果を流用した誤答です。本問は12万円支払なので、12万×1/2＋2.5万＝8.5万円が控除額です。支払額を確認してください。;4:12万円は支払保険料そのもので、控除額ではありません。旧制度一般生命保険料控除は式で算出し、12万円支払でも控除額は8.5万円です。支払額全額を控除額と混同しないこと。,旧制度一般生命：15万以下は「支払×1/2＋2.5万」。第521問（13万・9万）と支払額を取り違えない。
525,single,リスク管理,FP2級;学科;実践演習;四答択;source:2026-gakka-14-v18,2026-gakka-14,,2012年１月１日以後に締結した生命保険契約について、2025年中に支払った保険料が、一般生命保険料10万円、個人年金保険料14万円である場合の、所得税における生命保険料控除の控除額の合計は、 （   ）である。なお、介護医療保険料控除は考慮しないものとする。,,,,,,10万円,12万円,19万円,24万円,2,正解は2です。一般生命10万円の控除額は10万×1/2＋1万＝6万円、個人年金14万円の控除額は14万×1/2＋6万＝13万円です。合計19万円ですが、生命保険料控除の控除限度額は12万円なので、控除額の合計は12万円です。,学科第14問をベースに、新制度2種の合算と12万円上限を問う演習です。,一般6万円＋個人年金13万円＝19万円だが、合計の上限は12万円。控除額の合計は12万円です。,1:10万円は個人年金14万円だけを採用した誤りです。一般生命の控除6万円も合算し、上限12万円の範囲で12万円が控除額の合計になります。両方足します。;3:19万円は上限を適用しない合算結果です。一般6万円と個人年金13万円の合計19万円は、上限12万円を超えるため控除額の合計は12万円です。上限適用を忘れないこと。;4:24万円は支払保険料の合計そのもので、控除額ではありません。控除額は各式で算出し、合計に12万円の上限を適用します。支払額の合計と混同しないこと。,生命保険料控除の合計上限は12万円。第504問（16万＋12万）と支払額の組合せを取り違えない。
526,single,不動産,FP2級;学科;実践演習;四答択;source:2026-gakka-46-v11,2026-gakka-46,,敷地面積640㎡の土地に、建築面積288㎡の建築物を建築する場合の建ぺい率は、 （   ）である。なお、建ぺい率＝建築面積÷敷地面積×100とする。,,,,,,40％,45％,48％,50％,2,正解は2です。建ぺい率＝288㎡÷640㎡×100＝45％です。,学科の建築基準法をベースに、建ぺい率を直接計算する演習です。,288÷640×100＝45％。建築面積を敷地面積で割り、百分率に直します。,1:40％は建築面積256㎡÷640㎡など、面積を小さく取った誤答で生じやすい値です。敷地面積640㎡に対する建築面積288㎡なので、建ぺい率は45％です。面積を再確認してください。;3:48％は建築面積を大きく取った誤答で生じやすい値です。建築面積288㎡÷敷地面積640㎡×100＝45％が正答です。第506問（50％）と面積の組合せを取り違えないこと。;4:50％は第506問（270㎡・540㎡・50％）の正答を流用した誤答です。本問は建築面積288㎡・敷地面積640㎡で再計算し、45％が正しい建ぺい率です。数値を流用しないこと。,建ぺい率＝建築面積÷敷地面積×100。第169問（45％）と面積の組合せを取り違えない。
527,single,不動産,FP2級;学科;実践演習;四答択;source:2025-gakka-58-v23,2025-gakka-58,,敷地面積550㎡の土地に、延べ面積385㎡の建築物を建築する場合の容積率は、 （   ）である。なお、容積率＝延べ面積÷敷地面積×100とする。,,,,,,65％,68％,70％,72％,3,正解は3です。容積率＝385㎡÷550㎡×100＝70％です。,学科の建築基準法をベースに、容積率を直接計算する演習です。,385÷550×100＝70％。延べ面積を敷地面積で割り、百分率に直します。,1:65％は第507問（390㎡・600㎡・65％）の正答を流用した誤答です。本問は延べ面積385㎡・敷地面積550㎡で再計算し、70％が正しい容積率です。数値を流用しないこと。;2:68％は延べ面積を小さく取った誤答で生じやすい値です。敷地面積550㎡に対する延べ面積385㎡なので、容積率は70％です。面積を再確認してください。;4:72％は延べ面積を大きく取った誤答で生じやすい値です。容積率は延べ面積385㎡÷敷地面積550㎡×100＝70％です。建築面積ではありません。数値を確認してください。,容積率＝延べ面積÷敷地面積×100。第517問（65％）と面積の組合せを取り違えない。
528,single,不動産,FP2級;学科;実践演習;四答択;source:2026-gakka-50-v6,2026-gakka-50,,"宅地建物取引業者に依頼して不動産の売買取引（取引価格3,200万円）を行う場合の、売主が支払う仲介手数料の額（税抜）は、 （   ）である。なお、取引価格が400万円を超える場合の仲介手数料は、取引価格×3％＋6万円とする。",,,,,,96万円,102万円,108万円,160万円,2,"正解は2です。仲介手数料＝3,200万円×3％＋6万円＝96万円＋6万円＝102万円です。",学科の不動産取引をベースに、仲介手数料を直接計算する演習です。,"3,200×3％＋6万＝102万円。400万円超は「取引価格×3％＋6万円」の公式です。","1:96万円は取引価格×3％だけを計算した誤りです。400万円超は6万円の定額加算が必要であり、3,200×3％＋6万＝102万円になります。6万円加算を忘れないこと。;3:108万円は第515問（2,800万・144万円）の正答を流用した誤答です。本問は取引価格3,200万円で再計算し、102万円が正しい仲介手数料です。取引価格を確認してください。;4:160万円は取引価格×5％など、誤った率を用いた誤答で生じやすい値です。仲介手数料は取引価格×3％＋6万円であり、102万円が正しい計算になります。","400万円超の仲介手数料＝取引価格×3％＋6万円。第515問（2,800万・144万）と取引価格を取り違えない。"
529,single,不動産,FP2級;学科;実践演習;四答択;source:2026-gakka-50-v7,2026-gakka-50,,Ｗさんが購入を検討している賃貸用マンションの購入価格が1億500万円、年間賃料収入（経費控除前）が612万円、年間経費が195万円である場合、当該不動産のＮＯＩ利回り（年率）は、 （   ）である。なお、ＮＯＩ利回り＝（年間賃料収入－年間経費）÷購入価格×100とする。,,,,,,3.6％,4.0％,4.2％,5.8％,2,正解は2です。ＮＯＩ利回り＝(612万円－195万円)÷1億500万円×100＝3.97％→表示上4.0％です。,学科の不動産利回りをベースに、NOI利回りを直接計算する演習です。,"(612－195)÷10,500×100＝3.97％→4.0％。経費控除後の純収益を購入価格で割ります。","1:3.6％は第508問（529万・178万・9,200万・3.8％）付近の正答を流用した誤答です。本問は賃料612万円・経費195万円・購入価格1億500万円で再計算し、4.0％が正しいNOI利回りです。;3:4.2％は経費を過小に見積もった誤答で生じやすい値です。年間賃料612万円から経費195万円を差し引き、417万円÷1億500万円×100＝4.0％が正答です。;4:5.8％は表面利回り612÷10,500＝5.83％を流用した誤答です。NOI利回りは経費控除後の417万円を分母1億500万円で割り、4.0％です。表面利回りと混同しないこと。",NOI利回り＝(賃料－経費)÷購入価格×100。表面利回りと経費控除の有無を取り違えない。
530,single,相続・事業承継,FP2級;学科;実践演習;四答択;source:2026-gakka-55-v5,2026-gakka-55,,相続税の課税遺産総額の計算上、遺産基礎控除額は、法定相続人が配偶者1人と子6人である場合、 （   ）となる。,,,,,,"6,000万円","6,600万円","7,200万円","7,800万円",3,"正解は3です。遺産基礎控除額＝3,000万円＋600万円×法定相続人の数です。配偶者1人と子6人で法定相続人は7人。3,000万円＋600万円×7人＝7,200万円です。",学科の相続税をベースに、遺産基礎控除額（法定相続人7人）を直接計算する演習です。,"法定相続人7人（配偶者1＋子6）。3,000＋600×7＝7,200万円です。","1:6,000万円は第52問（配偶者1＋子4＝5人）の正答を流用した誤答です。配偶者1人と子6人で法定相続人は7人なので、3,000＋600×7＝7,200万円が遺産基礎控除額です。;2:6,600万円は第199問（配偶者1＋子5＝6人）の正答を流用した誤答です。子6人なら法定相続人は7人です。3,000万円＋600万円×7人＝7,200万円と計算してください。;4:7,800万円は第260問（配偶者1＋子7＝8人）の正答を流用した誤答です。配偶者1人と子6人は7人なので、3,000＋600×7＝7,200万円が正しい遺産基礎控除額です。","遺産基礎控除＝3,000万＋600万×法定相続人の数。第199問（6人・6,600万）と人数を取り違えない。"
531,single,リスク管理,FP2級;学科;実践演習;四答択;source:2026-gakka-14-v19,2026-gakka-14,,2012年１月１日以後に締結した介護医療保険契約について、2025年中に支払った介護医療保険料が4万円である場合の、所得税における介護医療保険料控除の控除額は、 （   ）である。なお、ほかの生命保険料控除は考慮しないものとする。,,,,,,2万円,3万円,4万円,5万円,3,正解は3です。新制度の介護医療保険料控除は、支払保険料が4万円以下の場合、支払保険料の全額が控除額です。4万円です。,学科第14問をベースに、介護医療保険料控除（4万円以下・全額控除）の演習です。,4万円は4万円以下の段階。支払保険料の全額4万円が控除額です。,1:2万円は支払保険料の1/2だけを計算した誤りです。介護医療は4万円以下なら全額控除であり、4万円支払なら控除額も4万円です。1/2計算は別段階の式です。;2:3万円は第35問（6万円支払・5万円控除）の正答を流用した誤答です。本問は4万円支払なので、4万円以下の段階で控除額は4万円です。支払額を確認してください。;4:5万円は6万円支払時の控除額など、別の保険料額の結果を流用した誤答です。介護医療保険料4万円は全額控除の段階であり、控除額は4万円です。制度ごとの式を確認してください。,新制度介護医療：4万円以下は支払全額。第513問（7万・5.5万）と支払額を取り違えない。
532,single,リスク管理,FP2級;学科;実践演習;四答択;source:2026-gakka-14-v20,2026-gakka-14,,2025年中に支払った地震保険料が6万円である場合、所得税における地震保険料控除の控除額は、 （   ）である。なお、旧長期損害保険料控除との併用は考慮しないものとする。,,,,,,2万円,3万円,4万円,6万円,2,"正解は2です。地震保険料控除は、支払地震保険料の50％が控除額ですが、控除額の上限は5万円です。60,000円×50％＝30,000円（3万円）です。",学科第14問をベースに、地震保険料控除（6万円支払）を直接計算する演習です。,6万円×50％＝3万円。上限5万円以内なので、控除額は3万円です。,1:2万円は4万円支払時の控除額など、別の保険料額の結果を流用した誤答です。本問は6万円支払なので、6万×50％＝3万円が控除額です。支払額を確認してください。;3:4万円は第503問（8万円支払・4万円控除）の正答を流用した誤答です。本問は6万円支払なので、6万×50％＝3万円が控除額です。8万円支払の結果を流用しないこと。;4:6万円は支払保険料そのもので、控除額ではありません。地震保険料控除は支払額の50％（上限5万円）であり、支払額全額ではありません。50％計算を忘れないこと。,地震保険料控除＝支払×50％（上限5万円）。第503問（8万・4万）と支払額を取り違えない。
533,single,リスク管理,FP2級;学科;実践演習;四答択;source:2026-gakka-14-v21,2026-gakka-14,,2012年１月１日以後に締結した一般生命保険契約について、2025年中に支払った一般生命保険料が11万円である場合の、所得税における一般生命保険料控除の控除額は、 （   ）である。なお、ほかの生命保険料控除は考慮しないものとする。,,,,,,5.5万円,6万円,6.5万円,11万円,3,"正解は3です。新制度の一般生命保険料控除は、支払保険料が8万円超12万円以下の場合、支払保険料×1/2＋1万円です。110,000円×1/2＋10,000円＝65,000円（6.5万円）です。",学科第14問をベースに、新制度一般生命保険料控除（11万円支払）の演習です。,11万円は8万円超12万円以下の段階。11万×1/2＋1万＝6.5万円が控除額です。,1:5.5万円は支払保険料の1/2だけを計算した誤りです。新制度一般生命は11万円ちょうどは1/2＋1万の段階で、控除額は6.5万円になります。1/2だけでは不足です。;2:6万円は10万円支払時の控除額など、別の保険料額の結果を流用した誤答です。本問は11万円支払なので、11万×1/2＋1万＝6.5万円が控除額です。支払額を確認してください。;4:11万円は支払保険料そのもので、控除額ではありません。一般生命保険料控除は式で算出し、11万円支払でも控除額は6.5万円です。支払額全額を控除額と混同しないこと。,新制度一般生命：8万超12万以下は「支払×1/2＋1万」。第512問（9万・全額）と支払額を取り違えない。
534,single,リスク管理,FP2級;学科;実践演習;四答択;source:2026-gakka-14-v22,2026-gakka-14,,2012年１月１日以後に締結した個人年金保険契約について、2025年中に支払った個人年金保険料が16万円である場合の、所得税における個人年金保険料控除の控除額は、 （   ）である。なお、ほかの生命保険料控除は考慮しないものとする。,,,,,,12万円,13万円,14万円,16万円,3,"正解は3です。新制度の個人年金保険料控除は、支払保険料が12万円超32万円以下の場合、支払保険料×1/2＋6万円です。160,000円×1/2＋60,000円＝140,000円（14万円）です。",学科第14問をベースに、個人年金保険料控除（16万円支払）を直接計算する演習です。,16万円は12万円超32万円以下の段階。16万×1/2＋6万＝14万円が控除額です。,1:12万円は12万円支払時の控除額（全額控除）など、別の段階の結果を流用した誤答です。本問は16万円支払なので、16万×1/2＋6万＝14万円が控除額です。支払額を確認してください。;2:13万円は14万円支払時の控除額など、別の保険料額の結果を流用した誤答です。16万円は12万超32万以下の段階であり、14万円が控除額です。14万円支払の結果と混同しないこと。;4:16万円は支払保険料そのもので、控除額ではありません。個人年金保険料控除は式で算出し、16万円支払でも控除額は14万円です。支払額全額を控除額と混同しないこと。,新制度個人年金：12万超32万以下は「支払×1/2＋6万」。第505問（28万・20万）と支払額を取り違えない。
535,single,リスク管理,FP2級;学科;実践演習;四答択;source:2026-gakka-14-v23,2026-gakka-14,,2012年１月１日以後に締結した生命保険契約について、2025年中に支払った保険料が、一般生命保険料11万円、介護医療保険料7万円である場合の、所得税における生命保険料控除の控除額の合計は、 （   ）である。なお、個人年金保険料控除は考慮しないものとする。,,,,,,11万円,12万円,12.5万円,18万円,2,正解は2です。一般生命11万円の控除額は11万×1/2＋1万＝6.5万円、介護医療7万円の控除額は7万×1/2＋2万＝5.5万円です。合計12万円で、生命保険料控除の控除限度額12万円にちょうど達します。,学科第14問をベースに、一般生命と介護医療の合算（上限ちょうど12万円）の演習です。,一般6.5万円＋介護医療5.5万円＝12万円。上限12万円にちょうど達し、控除額の合計は12万円です。,1:11万円は一般生命の控除6.5万円と介護医療の控除5.5万円を合算せず、支払保険料の一方だけを採用した誤りです。両方の控除額を合算し、12万円が控除額の合計になります。;3:12.5万円は上限を適用しない合算結果です。一般6.5万円と介護医療5.5万円の合計12万円は、上限12万円以内なので控除額の合計は12万円です。12.5万円にはなりません。;4:18万円は支払保険料の合計（11万＋7万）そのもので、控除額ではありません。控除額は各式で算出し、合計に12万円の上限を適用します。支払額の合計と混同しないこと。,生命保険料控除の合計上限は12万円。第525問（10万＋14万）と支払額の組合せを取り違えない。
536,single,不動産,FP2級;学科;実践演習;四答択;source:2026-gakka-46-v12,2026-gakka-46,,敷地面積660㎡の土地に、建築面積297㎡の建築物を建築する場合の建ぺい率は、 （   ）である。なお、建ぺい率＝建築面積÷敷地面積×100とする。,,,,,,40％,45％,48％,50％,2,正解は2です。建ぺい率＝297㎡÷660㎡×100＝45％です。,学科の建築基準法をベースに、建ぺい率を直接計算する演習です。,297÷660×100＝45％。建築面積を敷地面積で割り、百分率に直します。,1:40％は建築面積264㎡÷660㎡など、面積を小さく取った誤答で生じやすい値です。敷地面積660㎡に対する建築面積297㎡なので、建ぺい率は45％です。面積を再確認してください。;3:48％は建築面積を大きく取った誤答で生じやすい値です。建築面積297㎡÷敷地面積660㎡×100＝45％が正答です。第526問（288㎡・640㎡）と面積を取り違えないこと。;4:50％は第506問（270㎡・540㎡・50％）の正答を流用した誤答です。本問は建築面積297㎡・敷地面積660㎡で再計算し、45％が正しい建ぺい率です。数値を流用しないこと。,建ぺい率＝建築面積÷敷地面積×100。第526問（45％）と面積の組合せを取り違えない。
537,single,不動産,FP2級;学科;実践演習;四答択;source:2025-gakka-58-v24,2025-gakka-58,,敷地面積580㎡の土地に、延べ面積406㎡の建築物を建築する場合の容積率は、 （   ）である。なお、容積率＝延べ面積÷敷地面積×100とする。,,,,,,65％,68％,70％,72％,3,正解は3です。容積率＝406㎡÷580㎡×100＝70％です。,学科の建築基準法をベースに、容積率を直接計算する演習です。,406÷580×100＝70％。延べ面積を敷地面積で割り、百分率に直します。,1:65％は第507問（390㎡・600㎡・65％）の正答を流用した誤答です。本問は延べ面積406㎡・敷地面積580㎡で再計算し、70％が正しい容積率です。数値を流用しないこと。;2:68％は延べ面積を小さく取った誤答で生じやすい値です。敷地面積580㎡に対する延べ面積406㎡なので、容積率は70％です。面積を再確認してください。;4:72％は延べ面積を大きく取った誤答で生じやすい値です。容積率は延べ面積406㎡÷敷地面積580㎡×100＝70％です。建築面積ではありません。数値を確認してください。,容積率＝延べ面積÷敷地面積×100。第527問（385㎡・550㎡・70％）と面積を取り違えない。
538,single,不動産,FP2級;学科;実践演習;四答択;source:2026-gakka-50-v8,2026-gakka-50,,"宅地建物取引業者に依頼して不動産の売買取引（取引価格3,600万円）を行う場合の、売主が支払う仲介手数料の額（税抜）は、 （   ）である。なお、取引価格が400万円を超える場合の仲介手数料は、取引価格×3％＋6万円とする。",,,,,,108万円,114万円,120万円,180万円,2,"正解は2です。仲介手数料＝3,600万円×3％＋6万円＝108万円＋6万円＝114万円です。",学科の不動産取引をベースに、仲介手数料を直接計算する演習です。,"3,600×3％＋6万＝114万円。400万円超は「取引価格×3％＋6万円」の公式です。","1:108万円は取引価格×3％だけを計算した誤りです。400万円超は6万円の定額加算が必要であり、3,600×3％＋6万＝114万円になります。6万円加算を忘れないこと。;3:120万円は第515問（2,800万・144万円）付近の正答を流用した誤答です。本問は取引価格3,600万円で再計算し、114万円が正しい仲介手数料です。取引価格を確認してください。;4:180万円は取引価格×5％など、誤った率を用いた誤答で生じやすい値です。仲介手数料は取引価格×3％＋6万円であり、114万円が正しい計算になります。","400万円超の仲介手数料＝取引価格×3％＋6万円。第528問（3,200万・102万）と取引価格を取り違えない。"
539,single,不動産,FP2級;学科;実践演習;四答択;source:2026-gakka-49-v6,2026-gakka-49,,"Ｘさんが土地建物を譲渡した場合の譲渡所得の金額（特別控除適用前）は、譲渡価額が4,750万円、取得費が1,920万円、譲渡のための費用が140万円であるとき、 （   ）である。",,,,,,"2,690万円","2,810万円","2,920万円","4,750万円",2,"正解は2です。譲渡所得の金額＝4,750万円－1,920万円－140万円＝2,810万円です。",学科の譲渡所得をベースに、譲渡所得の金額を直接計算する演習です。,"4,750－1,920－140＝2,810万円。特別控除適用前の譲渡所得の金額です。","1:2,690万円は費用140万円を差し引かない誤答で生じやすい値です。譲渡所得は譲渡価額から取得費と譲渡費用の両方を引き、2,810万円が正しい金額です。費用を忘れないこと。;3:2,920万円は第518問（4,100－1,650－120＝2,630万円）の正答を流用した誤答です。本問は4,750－1,920－140で再計算し、2,810万円が譲渡所得の金額です。数値を流用しないこと。;4:4,750万円は譲渡価額そのもので、取得費・費用を差し引いていません。譲渡所得の金額は譲渡価額－取得費－譲渡費用であり、2,810万円が正答です。譲渡価額全額ではありません。","譲渡所得＝譲渡価額－取得費－譲渡費用。第518問（2,630万円）と数値を取り違えない。"
540,single,相続・事業承継,FP2級;学科;実践演習;四答択;source:2026-gakka-55-v6,2026-gakka-55,,相続税の課税遺産総額の計算上、遺産基礎控除額は、法定相続人が配偶者1人と子8人である場合、 （   ）となる。,,,,,,"6,600万円","7,200万円","7,800万円","8,400万円",4,"正解は4です。遺産基礎控除額＝3,000万円＋600万円×法定相続人の数です。配偶者1人と子8人で法定相続人は9人。3,000万円＋600万円×9人＝8,400万円です。",学科の相続税をベースに、遺産基礎控除額（法定相続人9人）を直接計算する演習です。,"法定相続人9人（配偶者1＋子8）。3,000＋600×9＝8,400万円です。","1:6,600万円は第199問（配偶者1＋子5＝6人）の正答を流用した誤答です。配偶者1人と子8人で法定相続人は9人なので、3,000＋600×9＝8,400万円が遺産基礎控除額です。;2:7,200万円は第530問（配偶者＋子6＝7人）の正答を流用した誤答です。子8人なら法定相続人は9人です。3,000万円＋600万円×9人＝8,400万円と計算してください。;3:7,800万円は第260問（配偶者1＋子7＝8人）の正答を流用した誤答です。配偶者1人と子8人は9人なので、3,000＋600×9＝8,400万円が正しい遺産基礎控除額です。","遺産基礎控除＝3,000万＋600万×法定相続人の数。第530問（7人・7,200万）と人数を取り違えない。"
541,single,リスク管理,FP2級;学科;実践演習;四答択;source:2026-gakka-14-v24,2026-gakka-14,,2011年12月31日以前に締結した一般生命保険契約について、2025年中に支払った一般生命保険料が14万円である場合の、所得税における一般生命保険料控除の控除額は、 （   ）である。なお、ほかの生命保険料控除は考慮しないものとする。,,,,,,7万円,8.5万円,9.5万円,14万円,3,"正解は3です。旧制度の一般生命保険料控除は、支払保険料が15万円以下の場合、支払保険料×1/2＋2.5万円です。140,000円×1/2＋25,000円＝95,000円（9.5万円）です。",学科第14問をベースに、旧制度一般生命保険料控除（14万円支払）の演習です。,14万円は15万円以下の段階。14万×1/2＋2.5万＝9.5万円が控除額です。,1:7万円は支払保険料の1/2だけを計算した誤りです。旧制度一般生命は14万円ちょうどは1/2＋2.5万の段階で、控除額は9.5万円になります。1/2だけでは不足です。;2:8.5万円は12万円支払時の控除額など、別の保険料額の結果を流用した誤答です。本問は14万円支払なので、14万×1/2＋2.5万＝9.5万円が控除額です。支払額を確認してください。;4:14万円は支払保険料そのもので、控除額ではありません。旧制度一般生命保険料控除は式で算出し、14万円支払でも控除額は9.5万円です。支払額全額を控除額と混同しないこと。,旧制度一般生命：15万以下は「支払×1/2＋2.5万」。第521問（13万・9万）と支払額を取り違えない。
542,single,リスク管理,FP2級;学科;実践演習;四答択;source:2026-gakka-14-v25,2026-gakka-14,,2012年１月１日以後に締結した一般生命保険契約について、2025年中に支払った一般生命保険料が5万円である場合の、所得税における一般生命保険料控除の控除額は、 （   ）である。なお、ほかの生命保険料控除は考慮しないものとする。,,,,,,2.5万円,3万円,3.25万円,5万円,3,"正解は3です。新制度の一般生命保険料控除は、支払保険料が4万円超8万円以下の場合、支払保険料×1/4＋2万円です。50,000円×1/4＋20,000円＝32,500円（3.25万円）です。",学科第14問をベースに、新制度一般生命保険料控除（5万円支払）の演習です。,5万円は4万円超8万円以下の段階。5万×1/4＋2万＝3.25万円が控除額です。,1:2.5万円は支払保険料の1/2だけを計算した誤りです。新制度一般生命は5万円ちょうどは1/4＋2万の段階で、控除額は3.25万円になります。1/2計算は別制度の式です。;2:3万円は4万円支払時の控除額（全額控除）など、別の段階の結果を流用した誤答です。5万円は4万超8万以下の段階であり、3.25万円が控除額です。4万円以下の全額控除と混同しないこと。;4:5万円は支払保険料そのもので、控除額ではありません。一般生命保険料控除は式で算出し、5万円支払でも控除額は3.25万円です。支払額全額を控除額と混同しないこと。,新制度一般生命：4万超8万以下は「支払×1/4＋2万」。第522問（7万・3.75万）と支払額を取り違えない。
543,single,リスク管理,FP2級;学科;実践演習;四答択;source:2026-gakka-14-v26,2026-gakka-14,,2012年１月１日以後に締結した介護医療保険契約について、2025年中に支払った介護医療保険料が3万円である場合の、所得税における介護医療保険料控除の控除額は、 （   ）である。なお、ほかの生命保険料控除は考慮しないものとする。,,,,,,1.5万円,2万円,3万円,4万円,3,正解は3です。新制度の介護医療保険料控除は、支払保険料が4万円以下の場合、支払保険料の全額が控除額です。3万円です。,学科第14問をベースに、介護医療保険料控除（3万円支払・全額控除）の演習です。,3万円は4万円以下の段階。支払保険料の全額3万円が控除額です。,1:1.5万円は支払保険料の1/2だけを計算した誤りです。介護医療は4万円以下なら全額控除であり、3万円支払なら控除額も3万円です。1/2計算は別段階の式です。;2:2万円は第531問（4万円支払・4万円控除）の正答を流用した誤答です。本問は3万円支払なので、4万円以下の段階で控除額は3万円です。支払額を確認してください。;4:4万円は4万円ちょうど支払時の控除額など、別の保険料額の結果を流用した誤答です。介護医療保険料3万円は全額控除の段階であり、控除額は3万円です。制度ごとの式を確認してください。,新制度介護医療：4万円以下は支払全額。第531問（4万・4万）と支払額を取り違えない。
544,single,リスク管理,FP2級;学科;実践演習;四答択;source:2026-gakka-14-v27,2026-gakka-14,,2012年１月１日以後に締結した個人年金保険契約について、2025年中に支払った個人年金保険料が18万円である場合の、所得税における個人年金保険料控除の控除額は、 （   ）である。なお、ほかの生命保険料控除は考慮しないものとする。,,,,,,12万円,14万円,15万円,18万円,3,"正解は3です。新制度の個人年金保険料控除は、支払保険料が12万円超32万円以下の場合、支払保険料×1/2＋6万円です。180,000円×1/2＋60,000円＝150,000円（15万円）です。",学科第14問をベースに、個人年金保険料控除（18万円支払）を直接計算する演習です。,18万円は12万円超32万円以下の段階。18万×1/2＋6万＝15万円が控除額です。,1:12万円は12万円支払時の控除額（全額控除）など、別の段階の結果を流用した誤答です。本問は18万円支払なので、18万×1/2＋6万＝15万円が控除額です。支払額を確認してください。;2:14万円は16万円支払時の控除額など、別の保険料額の結果を流用した誤答です。18万円は12万超32万以下の段階であり、15万円が控除額です。16万円支払の結果と混同しないこと。;4:18万円は支払保険料そのもので、控除額ではありません。個人年金保険料控除は式で算出し、18万円支払でも控除額は15万円です。支払額全額を控除額と混同しないこと。,新制度個人年金：12万超32万以下は「支払×1/2＋6万」。第534問（16万・14万）と支払額を取り違えない。
545,single,リスク管理,FP2級;学科;実践演習;四答択;source:2026-gakka-14-v28,2026-gakka-14,,2011年12月31日以前に締結した一般生命保険契約と、2012年１月１日以後に締結した介護医療保険契約について、2025年中に支払った保険料が、一般生命保険料9万円、介護医療保険料9万円である場合の、所得税における生命保険料控除の控除額の合計は、 （   ）である。なお、個人年金保険料控除は考慮しないものとする。,,,,,,9万円,12万円,13万円,18万円,2,正解は2です。旧制度一般9万円の控除額は9万×1/2＋2.5万＝7万円、新制度介護医療9万円の控除額は上限6万円です。合計13万円ですが、生命保険料控除の控除限度額は12万円なので、控除額の合計は12万円です。,学科第14問をベースに、旧制度一般と介護医療の合算と12万円上限を問う演習です。,旧7万円＋介護医療6万円＝13万円だが、合計の上限は12万円。控除額の合計は12万円です。,1:9万円は介護医療9万円だけを採用した誤りです。旧制度一般生命の控除7万円も合算し、上限12万円の範囲で12万円が控除額の合計になります。両方足します。;3:13万円は上限を適用しない合算結果です。旧7万円と介護医療6万円の合計13万円は、上限12万円を超えるため控除額の合計は12万円です。上限適用を忘れないこと。;4:18万円は支払保険料の合計そのもので、控除額ではありません。控除額は各式で算出し、合計に12万円の上限を適用します。支払額の合計と混同しないこと。,生命保険料控除の合計上限は12万円。第36問（旧一般＋個人年金）と制度の組合せを取り違えない。
546,single,不動産,FP2級;学科;実践演習;四答択;source:2026-gakka-46-v13,2026-gakka-46,,敷地面積700㎡の土地に、建築面積280㎡の建築物を建築する場合の建ぺい率は、 （   ）である。なお、建ぺい率＝建築面積÷敷地面積×100とする。,,,,,,35％,40％,42％,45％,2,正解は2です。建ぺい率＝280㎡÷700㎡×100＝40％です。,学科の建築基準法をベースに、建ぺい率を直接計算する演習です。,280÷700×100＝40％。建築面積を敷地面積で割り、百分率に直します。,1:35％は建築面積245㎡÷700㎡など、面積を小さく取った誤答で生じやすい値です。敷地面積700㎡に対する建築面積280㎡なので、建ぺい率は40％です。面積を再確認してください。;3:42％は建築面積を大きく取った誤答で生じやすい値です。建築面積280㎡÷敷地面積700㎡×100＝40％が正答です。第536問（45％）と面積の組合せを取り違えないこと。;4:45％は第536問（297㎡・660㎡・45％）の正答を流用した誤答です。本問は建築面積280㎡・敷地面積700㎡で再計算し、40％が正しい建ぺい率です。数値を流用しないこと。,建ぺい率＝建築面積÷敷地面積×100。第536問（45％）と面積の組合せを取り違えない。
547,single,不動産,FP2級;学科;実践演習;四答択;source:2025-gakka-58-v25,2025-gakka-58,,敷地面積620㎡の土地に、延べ面積434㎡の建築物を建築する場合の容積率は、 （   ）である。なお、容積率＝延べ面積÷敷地面積×100とする。,,,,,,65％,68％,70％,72％,3,正解は3です。容積率＝434㎡÷620㎡×100＝70％です。,学科の建築基準法をベースに、容積率を直接計算する演習です。,434÷620×100＝70％。延べ面積を敷地面積で割り、百分率に直します。,1:65％は第507問（390㎡・600㎡・65％）の正答を流用した誤答です。本問は延べ面積434㎡・敷地面積620㎡で再計算し、70％が正しい容積率です。数値を流用しないこと。;2:68％は延べ面積を小さく取った誤答で生じやすい値です。敷地面積620㎡に対する延べ面積434㎡なので、容積率は70％です。面積を再確認してください。;4:72％は延べ面積を大きく取った誤答で生じやすい値です。容積率は延べ面積434㎡÷敷地面積620㎡×100＝70％です。建築面積ではありません。数値を確認してください。,容積率＝延べ面積÷敷地面積×100。第537問（406㎡・580㎡・70％）と面積を取り違えない。
548,single,不動産,FP2級;学科;実践演習;四答択;source:2026-gakka-50-v9,2026-gakka-50,,"宅地建物取引業者に依頼して不動産の売買取引（取引価格3,800万円）を行う場合の、売主が支払う仲介手数料の額（税抜）は、 （   ）である。なお、取引価格が400万円を超える場合の仲介手数料は、取引価格×3％＋6万円とする。",,,,,,114万円,120万円,126万円,190万円,2,"正解は2です。仲介手数料＝3,800万円×3％＋6万円＝114万円＋6万円＝120万円です。",学科の不動産取引をベースに、仲介手数料を直接計算する演習です。,"3,800×3％＋6万＝120万円。400万円超は「取引価格×3％＋6万円」の公式です。","1:114万円は取引価格×3％だけを計算した誤りです。400万円超は6万円の定額加算が必要であり、3,800×3％＋6万＝120万円になります。6万円加算を忘れないこと。;3:126万円は第538問（3,600万・114万円）付近の正答を流用した誤答です。本問は取引価格3,800万円で再計算し、120万円が正しい仲介手数料です。取引価格を確認してください。;4:190万円は取引価格×5％など、誤った率を用いた誤答で生じやすい値です。仲介手数料は取引価格×3％＋6万円であり、120万円が正しい計算になります。","400万円超の仲介手数料＝取引価格×3％＋6万円。第538問（3,600万・114万）と取引価格を取り違えない。"
549,single,不動産,FP2級;学科;実践演習;四答択;source:2026-gakka-49-v7,2026-gakka-49,,"Ｙさんが土地建物を譲渡した場合の譲渡所得の金額（特別控除適用前）は、譲渡価額が5,100万円、取得費が2,050万円、譲渡のための費用が155万円であるとき、 （   ）である。",,,,,,"2,795万円","2,905万円","3,050万円","5,100万円",2,"正解は2です。譲渡所得の金額＝5,100万円－2,050万円－155万円＝2,905万円です。",学科の譲渡所得をベースに、譲渡所得の金額を直接計算する演習です。,"5,100－2,050－155＝2,905万円。特別控除適用前の譲渡所得の金額です。","1:2,795万円は費用155万円を差し引かない誤答で生じやすい値です。譲渡所得は譲渡価額から取得費と譲渡費用の両方を引き、2,905万円が正しい金額です。費用を忘れないこと。;3:3,050万円は第539問（4,750－1,920－140＝2,810万円）の正答を流用した誤答です。本問は5,100－2,050－155で再計算し、2,905万円が譲渡所得の金額です。数値を流用しないこと。;4:5,100万円は譲渡価額そのもので、取得費・費用を差し引いていません。譲渡所得の金額は譲渡価額－取得費－譲渡費用であり、2,905万円が正答です。譲渡価額全額ではありません。","譲渡所得＝譲渡価額－取得費－譲渡費用。第539問（2,810万円）と数値を取り違えない。"
550,single,相続・事業承継,FP2級;学科;実践演習;四答択;source:2026-gakka-58-v18,2026-gakka-58,,"貸宅地の相続税評価額は、その自用地としての価額が8,800万円、借地権割合が63％、賃貸割合が100％である場合、 （   ）となる。",,,,,,"2,464万円","3,136万円","3,256万円","8,800万円",3,"正解は3です。貸宅地の評価額は、自用地価額×(1－借地権割合×賃貸割合)です。8,800万円×(1－63％×100％)＝8,800万円×37％＝3,256万円です。",学科の貸宅地評価をベースに、借地権割合63％の演習です。,"8,800×(1－0.63×1)＝3,256万円。借地権割合と賃貸割合を掛けて控除率63％です。","1:2,464万円は8,800万円×28％など、控除後の割合を誤った場合の値です。借地権割合63％なら残りは37％であり、8,800×0.37＝3,256万円が正しい評価額です。割合を確認してください。;2:3,136万円は第160問（6,200万・65％・2,170万円）付近の正答を流用した誤答です。本問は自用地8,800万円・借地権63％で再計算し、3,256万円が貸宅地の評価額です。数値を流用しないこと。;4:8,800万円は自用地のままの評価額で、貸宅地としての減額を反映していません。借地権63％・賃貸100％を控除し、3,256万円が正しい評価額です。自用地価額のままではありません。",貸宅地＝自用地×(1－借地権×賃貸割合)。貸家建付地（3因子）と式を取り違えない。
