slug,genre,title,meta_description,lead,key_points,priority,tags,author_name,author_profile,reviewer_name,reviewer_profile,fact_checked_at,primary_sources,original_note,user_intent,action_items,update_policy,last_reviewed_at,next_review_at,source_checked_at,content_status,revision_note,section_1_heading,section_1_body,section_2_heading,section_2_body,section_3_heading,section_3_body,section_4_heading,section_4_body,section_5_heading,section_5_body,section_6_heading,section_6_body,section_7_heading,section_7_body,faq_1_question,faq_1_answer,faq_2_question,faq_2_answer,related_links,faq_3_answer
attr-university-student,属性別・状況別,大学生がFP3級を受けるメリットと学習の進め方,大学生がFP3級を受けるメリットと学習の進め方について、FP3級受験者向けに公式情報の確認方法と学習の進め方を整理します。,大学生がFP3級を受けるメリットと学習の進め方について、受験を検討・準備中の方が迷いやすい点を整理します。公式情報を優先し、このサイトの演習・用語解説と組み合わせて学習を進めてください。,,10,属性別;状況別;FP3級,FP3級マスター編集部,資格学習サイトの編集チーム,公式情報確認担当,公開前に一次情報との照合を行う担当者,2026-06-09,日本FP協会（公式）|https://www.jafp.or.jp/,fp3_article_titles.csv から取り込み（2026-06-09）。本文は執筆前のカタログ行。,本記事を読むと、大学生がFP3級を受けるメリットと学習の進め方について公式情報で確認すべき点と学習の進め方が分かります。,公式サイトで最新情報を確認する;関連分野の演習に取り組む;用語解説で弱点を補強する,試験要項・制度改正時に本文と参照元を見直します。,2026-06-09,2026-07-09,2026-06-09,draft,カタログ取り込み（2026-06-09）。公開前に本文を全面リライトしてください。,対象者の特徴と受験の背景,本記事は現在執筆中です。公開時に、対象者の特徴と受験の背景について公式情報を確認したうえで受験者が迷いやすい点を整理します。制度の数値や期限は、試験実施団体の最新の受験案内で必ず確認してください。それまでの間は、同じカテゴリの他記事やこのサイトの過去問・用語解説を活用してください。,FP3級を受けるメリット,本記事は現在執筆中です。公開時に、FP3級を受けるメリットについて公式情報を確認したうえで受験者が迷いやすい点を整理します。制度の数値や期限は、試験実施団体の最新の受験案内で必ず確認してください。それまでの間は、同じカテゴリの他記事やこのサイトの過去問・用語解説を活用してください。,学習時間の確保と進め方,本記事は現在執筆中です。公開時に、学習時間の確保と進め方について公式情報を確認したうえで受験者が迷いやすい点を整理します。制度の数値や期限は、試験実施団体の最新の受験案内で必ず確認してください。それまでの間は、同じカテゴリの他記事やこのサイトの過去問・用語解説を活用してください。,つまずきやすいポイント,本記事は現在執筆中です。公開時に、つまずきやすいポイントについて公式情報を確認したうえで受験者が迷いやすい点を整理します。制度の数値や期限は、試験実施団体の最新の受験案内で必ず確認してください。それまでの間は、同じカテゴリの他記事やこのサイトの過去問・用語解説を活用してください。,次に読む記事,本記事は現在執筆中です。公開時に、次に読む記事について公式情報を確認したうえで受験者が迷いやすい点を整理します。制度の数値や期限は、試験実施団体の最新の受験案内で必ず確認してください。それまでの間は、同じカテゴリの他記事やこのサイトの過去問・用語解説を活用してください。,,,,,大学生がFP3級を受けるメリットと学習の進め方について最初に確認することは？,試験実施団体の公式サイトで最新の受験案内・出題範囲を確認してください。数値や期限は年度で変わることがあります。,このサイトではどう学習を進めればよいですか？,過去問・実践演習で弱点を見つけ、用語解説で理解を深め、間違えた問題は復習リストに残して解き直してください。,attr-highschool-student:高校生がFP3級を受験できるか・向いているか;attr-homemaker:主婦・主夫がFP3級を取るメリットと勉強時間の確,
attr-highschool-student,属性別・状況別,高校生がFP3級を受験できるか・向いているか,高校生がFP3級を受験できるか・向いているかについて、FP3級受験者向けに公式情報の確認方法と学習の進め方を整理します。,高校生がFP3級を受験できるか・向いているかについて、受験を検討・準備中の方が迷いやすい点を整理します。公式情報を優先し、このサイトの演習・用語解説と組み合わせて学習を進めてください。,,11,属性別;状況別;FP3級,FP3級マスター編集部,資格学習サイトの編集チーム,公式情報確認担当,公開前に一次情報との照合を行う担当者,2026-06-09,日本FP協会（公式）|https://www.jafp.or.jp/,fp3_article_titles.csv から取り込み（2026-06-09）。本文は執筆前のカタログ行。,本記事を読むと、高校生がFP3級を受験できるか・向いているかについて公式情報で確認すべき点と学習の進め方が分かります。,公式サイトで最新情報を確認する;関連分野の演習に取り組む;用語解説で弱点を補強する,試験要項・制度改正時に本文と参照元を見直します。,2026-06-09,2026-07-09,2026-06-09,draft,カタログ取り込み（2026-06-09）。公開前に本文を全面リライトしてください。,対象者の特徴と受験の背景,本記事は現在執筆中です。公開時に、対象者の特徴と受験の背景について公式情報を確認したうえで受験者が迷いやすい点を整理します。制度の数値や期限は、試験実施団体の最新の受験案内で必ず確認してください。それまでの間は、同じカテゴリの他記事やこのサイトの過去問・用語解説を活用してください。,FP3級を受けるメリット,本記事は現在執筆中です。公開時に、FP3級を受けるメリットについて公式情報を確認したうえで受験者が迷いやすい点を整理します。制度の数値や期限は、試験実施団体の最新の受験案内で必ず確認してください。それまでの間は、同じカテゴリの他記事やこのサイトの過去問・用語解説を活用してください。,学習時間の確保と進め方,本記事は現在執筆中です。公開時に、学習時間の確保と進め方について公式情報を確認したうえで受験者が迷いやすい点を整理します。制度の数値や期限は、試験実施団体の最新の受験案内で必ず確認してください。それまでの間は、同じカテゴリの他記事やこのサイトの過去問・用語解説を活用してください。,つまずきやすいポイント,本記事は現在執筆中です。公開時に、つまずきやすいポイントについて公式情報を確認したうえで受験者が迷いやすい点を整理します。制度の数値や期限は、試験実施団体の最新の受験案内で必ず確認してください。それまでの間は、同じカテゴリの他記事やこのサイトの過去問・用語解説を活用してください。,次に読む記事,本記事は現在執筆中です。公開時に、次に読む記事について公式情報を確認したうえで受験者が迷いやすい点を整理します。制度の数値や期限は、試験実施団体の最新の受験案内で必ず確認してください。それまでの間は、同じカテゴリの他記事やこのサイトの過去問・用語解説を活用してください。,,,,,高校生がFP3級を受験できるか・向いているかについて最初に確認することは？,試験実施団体の公式サイトで最新の受験案内・出題範囲を確認してください。数値や期限は年度で変わることがあります。,このサイトではどう学習を進めればよいですか？,過去問・実践演習で弱点を見つけ、用語解説で理解を深め、間違えた問題は復習リストに残して解き直してください。,attr-university-student:大学生がFP3級を受けるメリットと学習の進め方;attr-homemaker:主婦・主夫がFP3級を取るメリットと勉強時間の確,
attr-homemaker,属性別・状況別,主婦・主夫がFP3級を取るメリットと勉強時間の確保,主婦・主夫がFP3級を取るメリットと勉強時間の確保について、FP3級受験者向けに公式情報の確認方法と学習の進め方を整理します。,主婦・主夫がFP3級を取るメリットと勉強時間の確保について、受験を検討・準備中の方が迷いやすい点を整理します。公式情報を優先し、このサイトの演習・用語解説と組み合わせて学習を進めてください。,,12,属性別;状況別;FP3級,FP3級マスター編集部,資格学習サイトの編集チーム,公式情報確認担当,公開前に一次情報との照合を行う担当者,2026-06-09,日本FP協会（公式）|https://www.jafp.or.jp/,fp3_article_titles.csv から取り込み（2026-06-09）。本文は執筆前のカタログ行。,本記事を読むと、主婦・主夫がFP3級を取るメリットと勉強時間の確保について公式情報で確認すべき点と学習の進め方が分かります。,公式サイトで最新情報を確認する;関連分野の演習に取り組む;用語解説で弱点を補強する,試験要項・制度改正時に本文と参照元を見直します。,2026-06-09,2026-07-09,2026-06-09,draft,カタログ取り込み（2026-06-09）。公開前に本文を全面リライトしてください。,対象者の特徴と受験の背景,本記事は現在執筆中です。公開時に、対象者の特徴と受験の背景について公式情報を確認したうえで受験者が迷いやすい点を整理します。制度の数値や期限は、試験実施団体の最新の受験案内で必ず確認してください。それまでの間は、同じカテゴリの他記事やこのサイトの過去問・用語解説を活用してください。,FP3級を受けるメリット,本記事は現在執筆中です。公開時に、FP3級を受けるメリットについて公式情報を確認したうえで受験者が迷いやすい点を整理します。制度の数値や期限は、試験実施団体の最新の受験案内で必ず確認してください。それまでの間は、同じカテゴリの他記事やこのサイトの過去問・用語解説を活用してください。,学習時間の確保と進め方,本記事は現在執筆中です。公開時に、学習時間の確保と進め方について公式情報を確認したうえで受験者が迷いやすい点を整理します。制度の数値や期限は、試験実施団体の最新の受験案内で必ず確認してください。それまでの間は、同じカテゴリの他記事やこのサイトの過去問・用語解説を活用してください。,つまずきやすいポイント,本記事は現在執筆中です。公開時に、つまずきやすいポイントについて公式情報を確認したうえで受験者が迷いやすい点を整理します。制度の数値や期限は、試験実施団体の最新の受験案内で必ず確認してください。それまでの間は、同じカテゴリの他記事やこのサイトの過去問・用語解説を活用してください。,次に読む記事,本記事は現在執筆中です。公開時に、次に読む記事について公式情報を確認したうえで受験者が迷いやすい点を整理します。制度の数値や期限は、試験実施団体の最新の受験案内で必ず確認してください。それまでの間は、同じカテゴリの他記事やこのサイトの過去問・用語解説を活用してください。,,,,,主婦・主夫がFP3級を取るメリットと勉強時間の確保について最初に確認することは？,試験実施団体の公式サイトで最新の受験案内・出題範囲を確認してください。数値や期限は年度で変わることがあります。,このサイトではどう学習を進めればよいですか？,過去問・実践演習で弱点を見つけ、用語解説で理解を深め、間違えた問題は復習リストに残して解き直してください。,attr-university-student:大学生がFP3級を受けるメリットと学習の進め方;attr-highschool-student:高校生がFP3級を受験できるか・向いているか,
attr-job-hunting,属性別・状況別,転職活動中にFP3級を取るべきタイミング,転職活動中にFP3級を取るべきタイミングについて、FP3級受験者向けに公式情報の確認方法と学習の進め方を整理します。,転職活動中にFP3級を取るべきタイミングについて、受験を検討・準備中の方が迷いやすい点を整理します。公式情報を優先し、このサイトの演習・用語解説と組み合わせて学習を進めてください。,,13,属性別;状況別;FP3級,FP3級マスター編集部,資格学習サイトの編集チーム,公式情報確認担当,公開前に一次情報との照合を行う担当者,2026-06-09,日本FP協会（公式）|https://www.jafp.or.jp/,fp3_article_titles.csv から取り込み（2026-06-09）。本文は執筆前のカタログ行。,本記事を読むと、転職活動中にFP3級を取るべきタイミングについて公式情報で確認すべき点と学習の進め方が分かります。,公式サイトで最新情報を確認する;関連分野の演習に取り組む;用語解説で弱点を補強する,試験要項・制度改正時に本文と参照元を見直します。,2026-06-09,2026-07-09,2026-06-09,draft,カタログ取り込み（2026-06-09）。公開前に本文を全面リライトしてください。,対象者の特徴と受験の背景,本記事は現在執筆中です。公開時に、対象者の特徴と受験の背景について公式情報を確認したうえで受験者が迷いやすい点を整理します。制度の数値や期限は、試験実施団体の最新の受験案内で必ず確認してください。それまでの間は、同じカテゴリの他記事やこのサイトの過去問・用語解説を活用してください。,FP3級を受けるメリット,本記事は現在執筆中です。公開時に、FP3級を受けるメリットについて公式情報を確認したうえで受験者が迷いやすい点を整理します。制度の数値や期限は、試験実施団体の最新の受験案内で必ず確認してください。それまでの間は、同じカテゴリの他記事やこのサイトの過去問・用語解説を活用してください。,学習時間の確保と進め方,本記事は現在執筆中です。公開時に、学習時間の確保と進め方について公式情報を確認したうえで受験者が迷いやすい点を整理します。制度の数値や期限は、試験実施団体の最新の受験案内で必ず確認してください。それまでの間は、同じカテゴリの他記事やこのサイトの過去問・用語解説を活用してください。,つまずきやすいポイント,本記事は現在執筆中です。公開時に、つまずきやすいポイントについて公式情報を確認したうえで受験者が迷いやすい点を整理します。制度の数値や期限は、試験実施団体の最新の受験案内で必ず確認してください。それまでの間は、同じカテゴリの他記事やこのサイトの過去問・用語解説を活用してください。,次に読む記事,本記事は現在執筆中です。公開時に、次に読む記事について公式情報を確認したうえで受験者が迷いやすい点を整理します。制度の数値や期限は、試験実施団体の最新の受験案内で必ず確認してください。それまでの間は、同じカテゴリの他記事やこのサイトの過去問・用語解説を活用してください。,,,,,転職活動中にFP3級を取るべきタイミングについて最初に確認することは？,試験実施団体の公式サイトで最新の受験案内・出題範囲を確認してください。数値や期限は年度で変わることがあります。,このサイトではどう学習を進めればよいですか？,過去問・実践演習で弱点を見つけ、用語解説で理解を深め、間違えた問題は復習リストに残して解き直してください。,attr-university-student:大学生がFP3級を受けるメリットと学習の進め方;attr-highschool-student:高校生がFP3級を受験できるか・向いているか,
attr-financial-industry-job,属性別・状況別,銀行・保険・証券に就職が決まった人のFP3級優先度,銀行・保険・証券に就職が決まった人のFP3級優先度について、FP3級受験者向けに公式情報の確認方法と学習の進め方を整理します。,銀行・保険・証券に就職が決まった人のFP3級優先度について、受験を検討・準備中の方が迷いやすい点を整理します。公式情報を優先し、このサイトの演習・用語解説と組み合わせて学習を進めてください。,,14,属性別;状況別;FP3級,FP3級マスター編集部,資格学習サイトの編集チーム,公式情報確認担当,公開前に一次情報との照合を行う担当者,2026-06-09,日本FP協会（公式）|https://www.jafp.or.jp/,fp3_article_titles.csv から取り込み（2026-06-09）。本文は執筆前のカタログ行。,本記事を読むと、銀行・保険・証券に就職が決まった人のFP3級優先度について公式情報で確認すべき点と学習の進め方が分かります。,公式サイトで最新情報を確認する;関連分野の演習に取り組む;用語解説で弱点を補強する,試験要項・制度改正時に本文と参照元を見直します。,2026-06-09,2026-07-09,2026-06-09,draft,カタログ取り込み（2026-06-09）。公開前に本文を全面リライトしてください。,対象者の特徴と受験の背景,本記事は現在執筆中です。公開時に、対象者の特徴と受験の背景について公式情報を確認したうえで受験者が迷いやすい点を整理します。制度の数値や期限は、試験実施団体の最新の受験案内で必ず確認してください。それまでの間は、同じカテゴリの他記事やこのサイトの過去問・用語解説を活用してください。,FP3級を受けるメリット,本記事は現在執筆中です。公開時に、FP3級を受けるメリットについて公式情報を確認したうえで受験者が迷いやすい点を整理します。制度の数値や期限は、試験実施団体の最新の受験案内で必ず確認してください。それまでの間は、同じカテゴリの他記事やこのサイトの過去問・用語解説を活用してください。,学習時間の確保と進め方,本記事は現在執筆中です。公開時に、学習時間の確保と進め方について公式情報を確認したうえで受験者が迷いやすい点を整理します。制度の数値や期限は、試験実施団体の最新の受験案内で必ず確認してください。それまでの間は、同じカテゴリの他記事やこのサイトの過去問・用語解説を活用してください。,つまずきやすいポイント,本記事は現在執筆中です。公開時に、つまずきやすいポイントについて公式情報を確認したうえで受験者が迷いやすい点を整理します。制度の数値や期限は、試験実施団体の最新の受験案内で必ず確認してください。それまでの間は、同じカテゴリの他記事やこのサイトの過去問・用語解説を活用してください。,次に読む記事,本記事は現在執筆中です。公開時に、次に読む記事について公式情報を確認したうえで受験者が迷いやすい点を整理します。制度の数値や期限は、試験実施団体の最新の受験案内で必ず確認してください。それまでの間は、同じカテゴリの他記事やこのサイトの過去問・用語解説を活用してください。,,,,,銀行・保険・証券に就職が決まった人のFP3級優先度について最初に確認することは？,試験実施団体の公式サイトで最新の受験案内・出題範囲を確認してください。数値や期限は年度で変わることがあります。,このサイトではどう学習を進めればよいですか？,過去問・実践演習で弱点を見つけ、用語解説で理解を深め、間違えた問題は復習リストに残して解き直してください。,attr-university-student:大学生がFP3級を受けるメリットと学習の進め方;attr-highschool-student:高校生がFP3級を受験できるか・向いているか,
attr-real-estate-career,属性別・状況別,不動産業界への就職・転職とFP3級の関係,不動産業界への就職・転職とFP3級の関係について、FP3級受験者向けに公式情報の確認方法と学習の進め方を整理します。,不動産業界への就職・転職とFP3級の関係について、受験を検討・準備中の方が迷いやすい点を整理します。公式情報を優先し、このサイトの演習・用語解説と組み合わせて学習を進めてください。,,15,属性別;状況別;FP3級,FP3級マスター編集部,資格学習サイトの編集チーム,公式情報確認担当,公開前に一次情報との照合を行う担当者,2026-06-09,日本FP協会（公式）|https://www.jafp.or.jp/,fp3_article_titles.csv から取り込み（2026-06-09）。本文は執筆前のカタログ行。,本記事を読むと、不動産業界への就職・転職とFP3級の関係について公式情報で確認すべき点と学習の進め方が分かります。,公式サイトで最新情報を確認する;関連分野の演習に取り組む;用語解説で弱点を補強する,試験要項・制度改正時に本文と参照元を見直します。,2026-06-09,2026-07-09,2026-06-09,draft,カタログ取り込み（2026-06-09）。公開前に本文を全面リライトしてください。,対象者の特徴と受験の背景,本記事は現在執筆中です。公開時に、対象者の特徴と受験の背景について公式情報を確認したうえで受験者が迷いやすい点を整理します。制度の数値や期限は、試験実施団体の最新の受験案内で必ず確認してください。それまでの間は、同じカテゴリの他記事やこのサイトの過去問・用語解説を活用してください。,FP3級を受けるメリット,本記事は現在執筆中です。公開時に、FP3級を受けるメリットについて公式情報を確認したうえで受験者が迷いやすい点を整理します。制度の数値や期限は、試験実施団体の最新の受験案内で必ず確認してください。それまでの間は、同じカテゴリの他記事やこのサイトの過去問・用語解説を活用してください。,学習時間の確保と進め方,本記事は現在執筆中です。公開時に、学習時間の確保と進め方について公式情報を確認したうえで受験者が迷いやすい点を整理します。制度の数値や期限は、試験実施団体の最新の受験案内で必ず確認してください。それまでの間は、同じカテゴリの他記事やこのサイトの過去問・用語解説を活用してください。,つまずきやすいポイント,本記事は現在執筆中です。公開時に、つまずきやすいポイントについて公式情報を確認したうえで受験者が迷いやすい点を整理します。制度の数値や期限は、試験実施団体の最新の受験案内で必ず確認してください。それまでの間は、同じカテゴリの他記事やこのサイトの過去問・用語解説を活用してください。,次に読む記事,本記事は現在執筆中です。公開時に、次に読む記事について公式情報を確認したうえで受験者が迷いやすい点を整理します。制度の数値や期限は、試験実施団体の最新の受験案内で必ず確認してください。それまでの間は、同じカテゴリの他記事やこのサイトの過去問・用語解説を活用してください。,,,,,不動産業界への就職・転職とFP3級の関係について最初に確認することは？,試験実施団体の公式サイトで最新の受験案内・出題範囲を確認してください。数値や期限は年度で変わることがあります。,このサイトではどう学習を進めればよいですか？,過去問・実践演習で弱点を見つけ、用語解説で理解を深め、間違えた問題は復習リストに残して解き直してください。,attr-university-student:大学生がFP3級を受けるメリットと学習の進め方;attr-highschool-student:高校生がFP3級を受験できるか・向いているか,
attr-senior-50s-60s,属性別・状況別,50代・60代がFP3級を受ける意味と注意点,50代・60代がFP3級を受ける意味と注意点について、FP3級受験者向けに公式情報の確認方法と学習の進め方を整理します。,50代・60代がFP3級を受ける意味と注意点について、受験を検討・準備中の方が迷いやすい点を整理します。公式情報を優先し、このサイトの演習・用語解説と組み合わせて学習を進めてください。,,16,属性別;状況別;FP3級,FP3級マスター編集部,資格学習サイトの編集チーム,公式情報確認担当,公開前に一次情報との照合を行う担当者,2026-06-09,日本FP協会（公式）|https://www.jafp.or.jp/,fp3_article_titles.csv から取り込み（2026-06-09）。本文は執筆前のカタログ行。,本記事を読むと、50代・60代がFP3級を受ける意味と注意点について公式情報で確認すべき点と学習の進め方が分かります。,公式サイトで最新情報を確認する;関連分野の演習に取り組む;用語解説で弱点を補強する,試験要項・制度改正時に本文と参照元を見直します。,2026-06-09,2026-07-09,2026-06-09,draft,カタログ取り込み（2026-06-09）。公開前に本文を全面リライトしてください。,対象者の特徴と受験の背景,本記事は現在執筆中です。公開時に、対象者の特徴と受験の背景について公式情報を確認したうえで受験者が迷いやすい点を整理します。制度の数値や期限は、試験実施団体の最新の受験案内で必ず確認してください。それまでの間は、同じカテゴリの他記事やこのサイトの過去問・用語解説を活用してください。,FP3級を受けるメリット,本記事は現在執筆中です。公開時に、FP3級を受けるメリットについて公式情報を確認したうえで受験者が迷いやすい点を整理します。制度の数値や期限は、試験実施団体の最新の受験案内で必ず確認してください。それまでの間は、同じカテゴリの他記事やこのサイトの過去問・用語解説を活用してください。,学習時間の確保と進め方,本記事は現在執筆中です。公開時に、学習時間の確保と進め方について公式情報を確認したうえで受験者が迷いやすい点を整理します。制度の数値や期限は、試験実施団体の最新の受験案内で必ず確認してください。それまでの間は、同じカテゴリの他記事やこのサイトの過去問・用語解説を活用してください。,つまずきやすいポイント,本記事は現在執筆中です。公開時に、つまずきやすいポイントについて公式情報を確認したうえで受験者が迷いやすい点を整理します。制度の数値や期限は、試験実施団体の最新の受験案内で必ず確認してください。それまでの間は、同じカテゴリの他記事やこのサイトの過去問・用語解説を活用してください。,次に読む記事,本記事は現在執筆中です。公開時に、次に読む記事について公式情報を確認したうえで受験者が迷いやすい点を整理します。制度の数値や期限は、試験実施団体の最新の受験案内で必ず確認してください。それまでの間は、同じカテゴリの他記事やこのサイトの過去問・用語解説を活用してください。,,,,,50代・60代がFP3級を受ける意味と注意点について最初に確認することは？,試験実施団体の公式サイトで最新の受験案内・出題範囲を確認してください。数値や期限は年度で変わることがあります。,このサイトではどう学習を進めればよいですか？,過去問・実践演習で弱点を見つけ、用語解説で理解を深め、間違えた問題は復習リストに残して解き直してください。,attr-university-student:大学生がFP3級を受けるメリットと学習の進め方;attr-highschool-student:高校生がFP3級を受験できるか・向いているか,
attr-zero-knowledge-start,属性別・状況別,金融知識ゼロからFP3級を目指す場合の最初の一歩,金融知識ゼロからFP3級を目指す場合の最初の一歩について、FP3級受験者向けに公式情報の確認方法と学習の進め方を整理します。,金融知識ゼロからFP3級を目指す場合の最初の一歩について、受験を検討・準備中の方が迷いやすい点を整理します。公式情報を優先し、このサイトの演習・用語解説と組み合わせて学習を進めてください。,,17,属性別;状況別;FP3級,FP3級マスター編集部,資格学習サイトの編集チーム,公式情報確認担当,公開前に一次情報との照合を行う担当者,2026-06-09,日本FP協会（公式）|https://www.jafp.or.jp/,fp3_article_titles.csv から取り込み（2026-06-09）。本文は執筆前のカタログ行。,本記事を読むと、金融知識ゼロからFP3級を目指す場合の最初の一歩について公式情報で確認すべき点と学習の進め方が分かります。,公式サイトで最新情報を確認する;関連分野の演習に取り組む;用語解説で弱点を補強する,試験要項・制度改正時に本文と参照元を見直します。,2026-06-09,2026-07-09,2026-06-09,draft,カタログ取り込み（2026-06-09）。公開前に本文を全面リライトしてください。,対象者の特徴と受験の背景,本記事は現在執筆中です。公開時に、対象者の特徴と受験の背景について公式情報を確認したうえで受験者が迷いやすい点を整理します。制度の数値や期限は、試験実施団体の最新の受験案内で必ず確認してください。それまでの間は、同じカテゴリの他記事やこのサイトの過去問・用語解説を活用してください。,FP3級を受けるメリット,本記事は現在執筆中です。公開時に、FP3級を受けるメリットについて公式情報を確認したうえで受験者が迷いやすい点を整理します。制度の数値や期限は、試験実施団体の最新の受験案内で必ず確認してください。それまでの間は、同じカテゴリの他記事やこのサイトの過去問・用語解説を活用してください。,学習時間の確保と進め方,本記事は現在執筆中です。公開時に、学習時間の確保と進め方について公式情報を確認したうえで受験者が迷いやすい点を整理します。制度の数値や期限は、試験実施団体の最新の受験案内で必ず確認してください。それまでの間は、同じカテゴリの他記事やこのサイトの過去問・用語解説を活用してください。,つまずきやすいポイント,本記事は現在執筆中です。公開時に、つまずきやすいポイントについて公式情報を確認したうえで受験者が迷いやすい点を整理します。制度の数値や期限は、試験実施団体の最新の受験案内で必ず確認してください。それまでの間は、同じカテゴリの他記事やこのサイトの過去問・用語解説を活用してください。,次に読む記事,本記事は現在執筆中です。公開時に、次に読む記事について公式情報を確認したうえで受験者が迷いやすい点を整理します。制度の数値や期限は、試験実施団体の最新の受験案内で必ず確認してください。それまでの間は、同じカテゴリの他記事やこのサイトの過去問・用語解説を活用してください。,,,,,金融知識ゼロからFP3級を目指す場合の最初の一歩について最初に確認することは？,試験実施団体の公式サイトで最新の受験案内・出題範囲を確認してください。数値や期限は年度で変わることがあります。,このサイトではどう学習を進めればよいですか？,過去問・実践演習で弱点を見つけ、用語解説で理解を深め、間違えた問題は復習リストに残して解き直してください。,attr-university-student:大学生がFP3級を受けるメリットと学習の進め方;attr-highschool-student:高校生がFP3級を受験できるか・向いているか,
attr-parallel-qualifications,属性別・状況別,他資格（簿記・宅建・証券外務員）との学習並行の可否,他資格（簿記・宅建・証券外務員）との学習並行の可否について、FP3級受験者向けに公式情報の確認方法と学習の進め方を整理します。,他資格（簿記・宅建・証券外務員）との学習並行の可否について、受験を検討・準備中の方が迷いやすい点を整理します。公式情報を優先し、このサイトの演習・用語解説と組み合わせて学習を進めてください。,,18,属性別;状況別;FP3級,FP3級マスター編集部,資格学習サイトの編集チーム,公式情報確認担当,公開前に一次情報との照合を行う担当者,2026-06-09,日本FP協会（公式）|https://www.jafp.or.jp/,fp3_article_titles.csv から取り込み（2026-06-09）。本文は執筆前のカタログ行。,本記事を読むと、他資格（簿記・宅建・証券外務員）との学習並行の可否について公式情報で確認すべき点と学習の進め方が分かります。,公式サイトで最新情報を確認する;関連分野の演習に取り組む;用語解説で弱点を補強する,試験要項・制度改正時に本文と参照元を見直します。,2026-06-09,2026-07-09,2026-06-09,draft,カタログ取り込み（2026-06-09）。公開前に本文を全面リライトしてください。,対象者の特徴と受験の背景,本記事は現在執筆中です。公開時に、対象者の特徴と受験の背景について公式情報を確認したうえで受験者が迷いやすい点を整理します。制度の数値や期限は、試験実施団体の最新の受験案内で必ず確認してください。それまでの間は、同じカテゴリの他記事やこのサイトの過去問・用語解説を活用してください。,FP3級を受けるメリット,本記事は現在執筆中です。公開時に、FP3級を受けるメリットについて公式情報を確認したうえで受験者が迷いやすい点を整理します。制度の数値や期限は、試験実施団体の最新の受験案内で必ず確認してください。それまでの間は、同じカテゴリの他記事やこのサイトの過去問・用語解説を活用してください。,学習時間の確保と進め方,本記事は現在執筆中です。公開時に、学習時間の確保と進め方について公式情報を確認したうえで受験者が迷いやすい点を整理します。制度の数値や期限は、試験実施団体の最新の受験案内で必ず確認してください。それまでの間は、同じカテゴリの他記事やこのサイトの過去問・用語解説を活用してください。,つまずきやすいポイント,本記事は現在執筆中です。公開時に、つまずきやすいポイントについて公式情報を確認したうえで受験者が迷いやすい点を整理します。制度の数値や期限は、試験実施団体の最新の受験案内で必ず確認してください。それまでの間は、同じカテゴリの他記事やこのサイトの過去問・用語解説を活用してください。,次に読む記事,本記事は現在執筆中です。公開時に、次に読む記事について公式情報を確認したうえで受験者が迷いやすい点を整理します。制度の数値や期限は、試験実施団体の最新の受験案内で必ず確認してください。それまでの間は、同じカテゴリの他記事やこのサイトの過去問・用語解説を活用してください。,,,,,他資格（簿記・宅建・証券外務員）との学習並行の可否について最初に確認することは？,試験実施団体の公式サイトで最新の受験案内・出題範囲を確認してください。数値や期限は年度で変わることがあります。,このサイトではどう学習を進めればよいですか？,過去問・実践演習で弱点を見つけ、用語解説で理解を深め、間違えた問題は復習リストに残して解き直してください。,attr-university-student:大学生がFP3級を受けるメリットと学習の進め方;attr-highschool-student:高校生がFP3級を受験できるか・向いているか,
attr-parental-leave,属性別・状況別,育休・産休中にFP3級を取るための学習設計,育休・産休中にFP3級を取るための学習設計について、FP3級受験者向けに公式情報の確認方法と学習の進め方を整理します。,育休・産休中にFP3級を取るための学習設計について、受験を検討・準備中の方が迷いやすい点を整理します。公式情報を優先し、このサイトの演習・用語解説と組み合わせて学習を進めてください。,,19,属性別;状況別;FP3級,FP3級マスター編集部,資格学習サイトの編集チーム,公式情報確認担当,公開前に一次情報との照合を行う担当者,2026-06-09,日本FP協会（公式）|https://www.jafp.or.jp/,fp3_article_titles.csv から取り込み（2026-06-09）。本文は執筆前のカタログ行。,本記事を読むと、育休・産休中にFP3級を取るための学習設計について公式情報で確認すべき点と学習の進め方が分かります。,公式サイトで最新情報を確認する;関連分野の演習に取り組む;用語解説で弱点を補強する,試験要項・制度改正時に本文と参照元を見直します。,2026-06-09,2026-07-09,2026-06-09,draft,カタログ取り込み（2026-06-09）。公開前に本文を全面リライトしてください。,対象者の特徴と受験の背景,本記事は現在執筆中です。公開時に、対象者の特徴と受験の背景について公式情報を確認したうえで受験者が迷いやすい点を整理します。制度の数値や期限は、試験実施団体の最新の受験案内で必ず確認してください。それまでの間は、同じカテゴリの他記事やこのサイトの過去問・用語解説を活用してください。,FP3級を受けるメリット,本記事は現在執筆中です。公開時に、FP3級を受けるメリットについて公式情報を確認したうえで受験者が迷いやすい点を整理します。制度の数値や期限は、試験実施団体の最新の受験案内で必ず確認してください。それまでの間は、同じカテゴリの他記事やこのサイトの過去問・用語解説を活用してください。,学習時間の確保と進め方,本記事は現在執筆中です。公開時に、学習時間の確保と進め方について公式情報を確認したうえで受験者が迷いやすい点を整理します。制度の数値や期限は、試験実施団体の最新の受験案内で必ず確認してください。それまでの間は、同じカテゴリの他記事やこのサイトの過去問・用語解説を活用してください。,つまずきやすいポイント,本記事は現在執筆中です。公開時に、つまずきやすいポイントについて公式情報を確認したうえで受験者が迷いやすい点を整理します。制度の数値や期限は、試験実施団体の最新の受験案内で必ず確認してください。それまでの間は、同じカテゴリの他記事やこのサイトの過去問・用語解説を活用してください。,次に読む記事,本記事は現在執筆中です。公開時に、次に読む記事について公式情報を確認したうえで受験者が迷いやすい点を整理します。制度の数値や期限は、試験実施団体の最新の受験案内で必ず確認してください。それまでの間は、同じカテゴリの他記事やこのサイトの過去問・用語解説を活用してください。,,,,,育休・産休中にFP3級を取るための学習設計について最初に確認することは？,試験実施団体の公式サイトで最新の受験案内・出題範囲を確認してください。数値や期限は年度で変わることがあります。,このサイトではどう学習を進めればよいですか？,過去問・実践演習で弱点を見つけ、用語解説で理解を深め、間違えた問題は復習リストに残して解き直してください。,attr-university-student:大学生がFP3級を受けるメリットと学習の進め方;attr-highschool-student:高校生がFP3級を受験できるか・向いているか,
attr-fp3-fp2-consecutive,属性別・状況別,FP3級とFP2級を連続受験する場合の戦略,FP3級とFP2級を連続受験する場合の戦略について、FP3級受験者向けに公式情報の確認方法と学習の進め方を整理します。,FP3級とFP2級を連続受験する場合の戦略について、受験を検討・準備中の方が迷いやすい点を整理します。公式情報を優先し、このサイトの演習・用語解説と組み合わせて学習を進めてください。,,20,属性別;状況別;FP3級,FP3級マスター編集部,資格学習サイトの編集チーム,公式情報確認担当,公開前に一次情報との照合を行う担当者,2026-06-09,日本FP協会（公式）|https://www.jafp.or.jp/,fp3_article_titles.csv から取り込み（2026-06-09）。本文は執筆前のカタログ行。,本記事を読むと、FP3級とFP2級を連続受験する場合の戦略について公式情報で確認すべき点と学習の進め方が分かります。,公式サイトで最新情報を確認する;関連分野の演習に取り組む;用語解説で弱点を補強する,試験要項・制度改正時に本文と参照元を見直します。,2026-06-09,2026-07-09,2026-06-09,draft,カタログ取り込み（2026-06-09）。公開前に本文を全面リライトしてください。,対象者の特徴と受験の背景,本記事は現在執筆中です。公開時に、対象者の特徴と受験の背景について公式情報を確認したうえで受験者が迷いやすい点を整理します。制度の数値や期限は、試験実施団体の最新の受験案内で必ず確認してください。それまでの間は、同じカテゴリの他記事やこのサイトの過去問・用語解説を活用してください。,FP3級を受けるメリット,本記事は現在執筆中です。公開時に、FP3級を受けるメリットについて公式情報を確認したうえで受験者が迷いやすい点を整理します。制度の数値や期限は、試験実施団体の最新の受験案内で必ず確認してください。それまでの間は、同じカテゴリの他記事やこのサイトの過去問・用語解説を活用してください。,学習時間の確保と進め方,本記事は現在執筆中です。公開時に、学習時間の確保と進め方について公式情報を確認したうえで受験者が迷いやすい点を整理します。制度の数値や期限は、試験実施団体の最新の受験案内で必ず確認してください。それまでの間は、同じカテゴリの他記事やこのサイトの過去問・用語解説を活用してください。,つまずきやすいポイント,本記事は現在執筆中です。公開時に、つまずきやすいポイントについて公式情報を確認したうえで受験者が迷いやすい点を整理します。制度の数値や期限は、試験実施団体の最新の受験案内で必ず確認してください。それまでの間は、同じカテゴリの他記事やこのサイトの過去問・用語解説を活用してください。,次に読む記事,本記事は現在執筆中です。公開時に、次に読む記事について公式情報を確認したうえで受験者が迷いやすい点を整理します。制度の数値や期限は、試験実施団体の最新の受験案内で必ず確認してください。それまでの間は、同じカテゴリの他記事やこのサイトの過去問・用語解説を活用してください。,,,,,FP3級とFP2級を連続受験する場合の戦略について最初に確認することは？,試験実施団体の公式サイトで最新の受験案内・出題範囲を確認してください。数値や期限は年度で変わることがあります。,このサイトではどう学習を進めればよいですか？,過去問・実践演習で弱点を見つけ、用語解説で理解を深め、間違えた問題は復習リストに残して解き直してください。,attr-university-student:大学生がFP3級を受けるメリットと学習の進め方;attr-highschool-student:高校生がFP3級を受験できるか・向いているか,
attr-science-vs-liberal-arts,属性別・状況別,理系・文系出身者別のFP3級の難しさの違い,理系・文系出身者別のFP3級の難しさの違いについて、FP3級受験者向けに公式情報の確認方法と学習の進め方を整理します。,理系・文系出身者別のFP3級の難しさの違いについて、受験を検討・準備中の方が迷いやすい点を整理します。公式情報を優先し、このサイトの演習・用語解説と組み合わせて学習を進めてください。,,21,属性別;状況別;FP3級,FP3級マスター編集部,資格学習サイトの編集チーム,公式情報確認担当,公開前に一次情報との照合を行う担当者,2026-06-09,日本FP協会（公式）|https://www.jafp.or.jp/,fp3_article_titles.csv から取り込み（2026-06-09）。本文は執筆前のカタログ行。,本記事を読むと、理系・文系出身者別のFP3級の難しさの違いについて公式情報で確認すべき点と学習の進め方が分かります。,公式サイトで最新情報を確認する;関連分野の演習に取り組む;用語解説で弱点を補強する,試験要項・制度改正時に本文と参照元を見直します。,2026-06-09,2026-07-09,2026-06-09,draft,カタログ取り込み（2026-06-09）。公開前に本文を全面リライトしてください。,対象者の特徴と受験の背景,本記事は現在執筆中です。公開時に、対象者の特徴と受験の背景について公式情報を確認したうえで受験者が迷いやすい点を整理します。制度の数値や期限は、試験実施団体の最新の受験案内で必ず確認してください。それまでの間は、同じカテゴリの他記事やこのサイトの過去問・用語解説を活用してください。,FP3級を受けるメリット,本記事は現在執筆中です。公開時に、FP3級を受けるメリットについて公式情報を確認したうえで受験者が迷いやすい点を整理します。制度の数値や期限は、試験実施団体の最新の受験案内で必ず確認してください。それまでの間は、同じカテゴリの他記事やこのサイトの過去問・用語解説を活用してください。,学習時間の確保と進め方,本記事は現在執筆中です。公開時に、学習時間の確保と進め方について公式情報を確認したうえで受験者が迷いやすい点を整理します。制度の数値や期限は、試験実施団体の最新の受験案内で必ず確認してください。それまでの間は、同じカテゴリの他記事やこのサイトの過去問・用語解説を活用してください。,つまずきやすいポイント,本記事は現在執筆中です。公開時に、つまずきやすいポイントについて公式情報を確認したうえで受験者が迷いやすい点を整理します。制度の数値や期限は、試験実施団体の最新の受験案内で必ず確認してください。それまでの間は、同じカテゴリの他記事やこのサイトの過去問・用語解説を活用してください。,次に読む記事,本記事は現在執筆中です。公開時に、次に読む記事について公式情報を確認したうえで受験者が迷いやすい点を整理します。制度の数値や期限は、試験実施団体の最新の受験案内で必ず確認してください。それまでの間は、同じカテゴリの他記事やこのサイトの過去問・用語解説を活用してください。,,,,,理系・文系出身者別のFP3級の難しさの違いについて最初に確認することは？,試験実施団体の公式サイトで最新の受験案内・出題範囲を確認してください。数値や期限は年度で変わることがあります。,このサイトではどう学習を進めればよいですか？,過去問・実践演習で弱点を見つけ、用語解説で理解を深め、間違えた問題は復習リストに残して解き直してください。,attr-university-student:大学生がFP3級を受けるメリットと学習の進め方;attr-highschool-student:高校生がFP3級を受験できるか・向いているか,
attr-accounting-staff,属性別・状況別,経理・会計担当者がFP3級を受ける意味,経理・会計担当者がFP3級を受ける意味について、FP3級受験者向けに公式情報の確認方法と学習の進め方を整理します。,経理・会計担当者がFP3級を受ける意味について、受験を検討・準備中の方が迷いやすい点を整理します。公式情報を優先し、このサイトの演習・用語解説と組み合わせて学習を進めてください。,,22,属性別;状況別;FP3級,FP3級マスター編集部,資格学習サイトの編集チーム,公式情報確認担当,公開前に一次情報との照合を行う担当者,2026-06-09,日本FP協会（公式）|https://www.jafp.or.jp/,fp3_article_titles.csv から取り込み（2026-06-09）。本文は執筆前のカタログ行。,本記事を読むと、経理・会計担当者がFP3級を受ける意味について公式情報で確認すべき点と学習の進め方が分かります。,公式サイトで最新情報を確認する;関連分野の演習に取り組む;用語解説で弱点を補強する,試験要項・制度改正時に本文と参照元を見直します。,2026-06-09,2026-07-09,2026-06-09,draft,カタログ取り込み（2026-06-09）。公開前に本文を全面リライトしてください。,対象者の特徴と受験の背景,本記事は現在執筆中です。公開時に、対象者の特徴と受験の背景について公式情報を確認したうえで受験者が迷いやすい点を整理します。制度の数値や期限は、試験実施団体の最新の受験案内で必ず確認してください。それまでの間は、同じカテゴリの他記事やこのサイトの過去問・用語解説を活用してください。,FP3級を受けるメリット,本記事は現在執筆中です。公開時に、FP3級を受けるメリットについて公式情報を確認したうえで受験者が迷いやすい点を整理します。制度の数値や期限は、試験実施団体の最新の受験案内で必ず確認してください。それまでの間は、同じカテゴリの他記事やこのサイトの過去問・用語解説を活用してください。,学習時間の確保と進め方,本記事は現在執筆中です。公開時に、学習時間の確保と進め方について公式情報を確認したうえで受験者が迷いやすい点を整理します。制度の数値や期限は、試験実施団体の最新の受験案内で必ず確認してください。それまでの間は、同じカテゴリの他記事やこのサイトの過去問・用語解説を活用してください。,つまずきやすいポイント,本記事は現在執筆中です。公開時に、つまずきやすいポイントについて公式情報を確認したうえで受験者が迷いやすい点を整理します。制度の数値や期限は、試験実施団体の最新の受験案内で必ず確認してください。それまでの間は、同じカテゴリの他記事やこのサイトの過去問・用語解説を活用してください。,次に読む記事,本記事は現在執筆中です。公開時に、次に読む記事について公式情報を確認したうえで受験者が迷いやすい点を整理します。制度の数値や期限は、試験実施団体の最新の受験案内で必ず確認してください。それまでの間は、同じカテゴリの他記事やこのサイトの過去問・用語解説を活用してください。,,,,,経理・会計担当者がFP3級を受ける意味について最初に確認することは？,試験実施団体の公式サイトで最新の受験案内・出題範囲を確認してください。数値や期限は年度で変わることがあります。,このサイトではどう学習を進めればよいですか？,過去問・実践演習で弱点を見つけ、用語解説で理解を深め、間違えた問題は復習リストに残して解き直してください。,attr-university-student:大学生がFP3級を受けるメリットと学習の進め方;attr-highschool-student:高校生がFP3級を受験できるか・向いているか,
attr-side-business-freelance,属性別・状況別,副業・フリーランスとFP3級の活かし方,副業・フリーランスとFP3級の活かし方について、FP3級受験者向けに公式情報の確認方法と学習の進め方を整理します。,副業・フリーランスとFP3級の活かし方について、受験を検討・準備中の方が迷いやすい点を整理します。公式情報を優先し、このサイトの演習・用語解説と組み合わせて学習を進めてください。,,23,属性別;状況別;FP3級,FP3級マスター編集部,資格学習サイトの編集チーム,公式情報確認担当,公開前に一次情報との照合を行う担当者,2026-06-09,日本FP協会（公式）|https://www.jafp.or.jp/,fp3_article_titles.csv から取り込み（2026-06-09）。本文は執筆前のカタログ行。,本記事を読むと、副業・フリーランスとFP3級の活かし方について公式情報で確認すべき点と学習の進め方が分かります。,公式サイトで最新情報を確認する;関連分野の演習に取り組む;用語解説で弱点を補強する,試験要項・制度改正時に本文と参照元を見直します。,2026-06-09,2026-07-09,2026-06-09,draft,カタログ取り込み（2026-06-09）。公開前に本文を全面リライトしてください。,対象者の特徴と受験の背景,本記事は現在執筆中です。公開時に、対象者の特徴と受験の背景について公式情報を確認したうえで受験者が迷いやすい点を整理します。制度の数値や期限は、試験実施団体の最新の受験案内で必ず確認してください。それまでの間は、同じカテゴリの他記事やこのサイトの過去問・用語解説を活用してください。,FP3級を受けるメリット,本記事は現在執筆中です。公開時に、FP3級を受けるメリットについて公式情報を確認したうえで受験者が迷いやすい点を整理します。制度の数値や期限は、試験実施団体の最新の受験案内で必ず確認してください。それまでの間は、同じカテゴリの他記事やこのサイトの過去問・用語解説を活用してください。,学習時間の確保と進め方,本記事は現在執筆中です。公開時に、学習時間の確保と進め方について公式情報を確認したうえで受験者が迷いやすい点を整理します。制度の数値や期限は、試験実施団体の最新の受験案内で必ず確認してください。それまでの間は、同じカテゴリの他記事やこのサイトの過去問・用語解説を活用してください。,つまずきやすいポイント,本記事は現在執筆中です。公開時に、つまずきやすいポイントについて公式情報を確認したうえで受験者が迷いやすい点を整理します。制度の数値や期限は、試験実施団体の最新の受験案内で必ず確認してください。それまでの間は、同じカテゴリの他記事やこのサイトの過去問・用語解説を活用してください。,次に読む記事,本記事は現在執筆中です。公開時に、次に読む記事について公式情報を確認したうえで受験者が迷いやすい点を整理します。制度の数値や期限は、試験実施団体の最新の受験案内で必ず確認してください。それまでの間は、同じカテゴリの他記事やこのサイトの過去問・用語解説を活用してください。,,,,,副業・フリーランスとFP3級の活かし方について最初に確認することは？,試験実施団体の公式サイトで最新の受験案内・出題範囲を確認してください。数値や期限は年度で変わることがあります。,このサイトではどう学習を進めればよいですか？,過去問・実践演習で弱点を見つけ、用語解説で理解を深め、間違えた問題は復習リストに残して解き直してください。,attr-university-student:大学生がFP3級を受けるメリットと学習の進め方;attr-highschool-student:高校生がFP3級を受験できるか・向いているか,
attr-public-servant,属性別・状況別,公務員がFP3級を取るメリット,公務員がFP3級を取るメリットについて、FP3級受験者向けに公式情報の確認方法と学習の進め方を整理します。,公務員がFP3級を取るメリットについて、受験を検討・準備中の方が迷いやすい点を整理します。公式情報を優先し、このサイトの演習・用語解説と組み合わせて学習を進めてください。,,24,属性別;状況別;FP3級,FP3級マスター編集部,資格学習サイトの編集チーム,公式情報確認担当,公開前に一次情報との照合を行う担当者,2026-06-09,日本FP協会（公式）|https://www.jafp.or.jp/,fp3_article_titles.csv から取り込み（2026-06-09）。本文は執筆前のカタログ行。,本記事を読むと、公務員がFP3級を取るメリットについて公式情報で確認すべき点と学習の進め方が分かります。,公式サイトで最新情報を確認する;関連分野の演習に取り組む;用語解説で弱点を補強する,試験要項・制度改正時に本文と参照元を見直します。,2026-06-09,2026-07-09,2026-06-09,draft,カタログ取り込み（2026-06-09）。公開前に本文を全面リライトしてください。,対象者の特徴と受験の背景,本記事は現在執筆中です。公開時に、対象者の特徴と受験の背景について公式情報を確認したうえで受験者が迷いやすい点を整理します。制度の数値や期限は、試験実施団体の最新の受験案内で必ず確認してください。それまでの間は、同じカテゴリの他記事やこのサイトの過去問・用語解説を活用してください。,FP3級を受けるメリット,本記事は現在執筆中です。公開時に、FP3級を受けるメリットについて公式情報を確認したうえで受験者が迷いやすい点を整理します。制度の数値や期限は、試験実施団体の最新の受験案内で必ず確認してください。それまでの間は、同じカテゴリの他記事やこのサイトの過去問・用語解説を活用してください。,学習時間の確保と進め方,本記事は現在執筆中です。公開時に、学習時間の確保と進め方について公式情報を確認したうえで受験者が迷いやすい点を整理します。制度の数値や期限は、試験実施団体の最新の受験案内で必ず確認してください。それまでの間は、同じカテゴリの他記事やこのサイトの過去問・用語解説を活用してください。,つまずきやすいポイント,本記事は現在執筆中です。公開時に、つまずきやすいポイントについて公式情報を確認したうえで受験者が迷いやすい点を整理します。制度の数値や期限は、試験実施団体の最新の受験案内で必ず確認してください。それまでの間は、同じカテゴリの他記事やこのサイトの過去問・用語解説を活用してください。,次に読む記事,本記事は現在執筆中です。公開時に、次に読む記事について公式情報を確認したうえで受験者が迷いやすい点を整理します。制度の数値や期限は、試験実施団体の最新の受験案内で必ず確認してください。それまでの間は、同じカテゴリの他記事やこのサイトの過去問・用語解説を活用してください。,,,,,公務員がFP3級を取るメリットについて最初に確認することは？,試験実施団体の公式サイトで最新の受験案内・出題範囲を確認してください。数値や期限は年度で変わることがあります。,このサイトではどう学習を進めればよいですか？,過去問・実践演習で弱点を見つけ、用語解説で理解を深め、間違えた問題は復習リストに残して解き直してください。,attr-university-student:大学生がFP3級を受けるメリットと学習の進め方;attr-highschool-student:高校生がFP3級を受験できるか・向いているか,
field-life-plan,分野別対策（6科目別）,ライフプランニングと資金計画の出題傾向と対策,ライフプランニングと資金計画の出題傾向と対策について、FP3級受験者向けに公式情報の確認方法と学習の進め方を整理します。,ライフプランニングと資金計画の出題傾向と対策について、受験を検討・準備中の方が迷いやすい点を整理します。公式情報を優先し、このサイトの演習・用語解説と組み合わせて学習を進めてください。,,20,分野別;6科目;FP3級,FP3級マスター編集部,資格学習サイトの編集チーム,公式情報確認担当,公開前に一次情報との照合を行う担当者,2026-06-09,日本FP協会（公式）|https://www.jafp.or.jp/,fp3_article_titles.csv から取り込み（2026-06-09）。本文は執筆前のカタログ行。,本記事を読むと、ライフプランニングと資金計画の出題傾向と対策について公式情報で確認すべき点と学習の進め方が分かります。,公式サイトで最新情報を確認する;関連分野の演習に取り組む;用語解説で弱点を補強する,試験要項・制度改正時に本文と参照元を見直します。,2026-06-09,2026-07-09,2026-06-09,draft,カタログ取り込み（2026-06-09）。公開前に本文を全面リライトしてください。,出題傾向の概要,本記事は現在執筆中です。公開時に、出題傾向の概要について公式情報を確認したうえで受験者が迷いやすい点を整理します。制度の数値や期限は、試験実施団体の最新の受験案内で必ず確認してください。それまでの間は、同じカテゴリの他記事やこのサイトの過去問・用語解説を活用してください。,頻出論点と押さえるポイント,本記事は現在執筆中です。公開時に、頻出論点と押さえるポイントについて公式情報を確認したうえで受験者が迷いやすい点を整理します。制度の数値や期限は、試験実施団体の最新の受験案内で必ず確認してください。それまでの間は、同じカテゴリの他記事やこのサイトの過去問・用語解説を活用してください。,計算・暗記のコツ,本記事は現在執筆中です。公開時に、計算・暗記のコツについて公式情報を確認したうえで受験者が迷いやすい点を整理します。制度の数値や期限は、試験実施団体の最新の受験案内で必ず確認してください。それまでの間は、同じカテゴリの他記事やこのサイトの過去問・用語解説を活用してください。,このサイトでの演習の使い方,本記事は現在執筆中です。公開時に、このサイトでの演習の使い方について公式情報を確認したうえで受験者が迷いやすい点を整理します。制度の数値や期限は、試験実施団体の最新の受験案内で必ず確認してください。それまでの間は、同じカテゴリの他記事やこのサイトの過去問・用語解説を活用してください。,直前期の確認事項,本記事は現在執筆中です。公開時に、直前期の確認事項について公式情報を確認したうえで受験者が迷いやすい点を整理します。制度の数値や期限は、試験実施団体の最新の受験案内で必ず確認してください。それまでの間は、同じカテゴリの他記事やこのサイトの過去問・用語解説を活用してください。,,,,,ライフプランニングと資金計画の出題傾向と対策について最初に確認することは？,試験実施団体の公式サイトで最新の受験案内・出題範囲を確認してください。数値や期限は年度で変わることがあります。,このサイトではどう学習を進めればよいですか？,過去問・実践演習で弱点を見つけ、用語解説で理解を深め、間違えた問題は復習リストに残して解き直してください。,field-risk-insurance:リスク管理（保険）の頻出論点と対策;field-asset-management:金融資産運用の頻出論点と対策,
field-risk-insurance,分野別対策（6科目別）,リスク管理（保険）の頻出論点と対策,リスク管理（保険）の頻出論点と対策について、FP3級受験者向けに公式情報の確認方法と学習の進め方を整理します。,リスク管理（保険）の頻出論点と対策について、受験を検討・準備中の方が迷いやすい点を整理します。公式情報を優先し、このサイトの演習・用語解説と組み合わせて学習を進めてください。,,21,分野別;6科目;FP3級,FP3級マスター編集部,資格学習サイトの編集チーム,公式情報確認担当,公開前に一次情報との照合を行う担当者,2026-06-09,日本FP協会（公式）|https://www.jafp.or.jp/,fp3_article_titles.csv から取り込み（2026-06-09）。本文は執筆前のカタログ行。,本記事を読むと、リスク管理（保険）の頻出論点と対策について公式情報で確認すべき点と学習の進め方が分かります。,公式サイトで最新情報を確認する;関連分野の演習に取り組む;用語解説で弱点を補強する,試験要項・制度改正時に本文と参照元を見直します。,2026-06-09,2026-07-09,2026-06-09,draft,カタログ取り込み（2026-06-09）。公開前に本文を全面リライトしてください。,出題傾向の概要,本記事は現在執筆中です。公開時に、出題傾向の概要について公式情報を確認したうえで受験者が迷いやすい点を整理します。制度の数値や期限は、試験実施団体の最新の受験案内で必ず確認してください。それまでの間は、同じカテゴリの他記事やこのサイトの過去問・用語解説を活用してください。,頻出論点と押さえるポイント,本記事は現在執筆中です。公開時に、頻出論点と押さえるポイントについて公式情報を確認したうえで受験者が迷いやすい点を整理します。制度の数値や期限は、試験実施団体の最新の受験案内で必ず確認してください。それまでの間は、同じカテゴリの他記事やこのサイトの過去問・用語解説を活用してください。,計算・暗記のコツ,本記事は現在執筆中です。公開時に、計算・暗記のコツについて公式情報を確認したうえで受験者が迷いやすい点を整理します。制度の数値や期限は、試験実施団体の最新の受験案内で必ず確認してください。それまでの間は、同じカテゴリの他記事やこのサイトの過去問・用語解説を活用してください。,このサイトでの演習の使い方,本記事は現在執筆中です。公開時に、このサイトでの演習の使い方について公式情報を確認したうえで受験者が迷いやすい点を整理します。制度の数値や期限は、試験実施団体の最新の受験案内で必ず確認してください。それまでの間は、同じカテゴリの他記事やこのサイトの過去問・用語解説を活用してください。,直前期の確認事項,本記事は現在執筆中です。公開時に、直前期の確認事項について公式情報を確認したうえで受験者が迷いやすい点を整理します。制度の数値や期限は、試験実施団体の最新の受験案内で必ず確認してください。それまでの間は、同じカテゴリの他記事やこのサイトの過去問・用語解説を活用してください。,,,,,リスク管理（保険）の頻出論点と対策について最初に確認することは？,試験実施団体の公式サイトで最新の受験案内・出題範囲を確認してください。数値や期限は年度で変わることがあります。,このサイトではどう学習を進めればよいですか？,過去問・実践演習で弱点を見つけ、用語解説で理解を深め、間違えた問題は復習リストに残して解き直してください。,field-life-plan:ライフプランニングと資金計画の出題傾向と対策;field-asset-management:金融資産運用の頻出論点と対策,
field-asset-management,分野別対策（6科目別）,金融資産運用の頻出論点と対策,金融資産運用の頻出論点と対策について、FP3級受験者向けに公式情報の確認方法と学習の進め方を整理します。,金融資産運用の頻出論点と対策について、受験を検討・準備中の方が迷いやすい点を整理します。公式情報を優先し、このサイトの演習・用語解説と組み合わせて学習を進めてください。,,22,分野別;6科目;FP3級,FP3級マスター編集部,資格学習サイトの編集チーム,公式情報確認担当,公開前に一次情報との照合を行う担当者,2026-06-09,日本FP協会（公式）|https://www.jafp.or.jp/,fp3_article_titles.csv から取り込み（2026-06-09）。本文は執筆前のカタログ行。,本記事を読むと、金融資産運用の頻出論点と対策について公式情報で確認すべき点と学習の進め方が分かります。,公式サイトで最新情報を確認する;関連分野の演習に取り組む;用語解説で弱点を補強する,試験要項・制度改正時に本文と参照元を見直します。,2026-06-09,2026-07-09,2026-06-09,draft,カタログ取り込み（2026-06-09）。公開前に本文を全面リライトしてください。,出題傾向の概要,本記事は現在執筆中です。公開時に、出題傾向の概要について公式情報を確認したうえで受験者が迷いやすい点を整理します。制度の数値や期限は、試験実施団体の最新の受験案内で必ず確認してください。それまでの間は、同じカテゴリの他記事やこのサイトの過去問・用語解説を活用してください。,頻出論点と押さえるポイント,本記事は現在執筆中です。公開時に、頻出論点と押さえるポイントについて公式情報を確認したうえで受験者が迷いやすい点を整理します。制度の数値や期限は、試験実施団体の最新の受験案内で必ず確認してください。それまでの間は、同じカテゴリの他記事やこのサイトの過去問・用語解説を活用してください。,計算・暗記のコツ,本記事は現在執筆中です。公開時に、計算・暗記のコツについて公式情報を確認したうえで受験者が迷いやすい点を整理します。制度の数値や期限は、試験実施団体の最新の受験案内で必ず確認してください。それまでの間は、同じカテゴリの他記事やこのサイトの過去問・用語解説を活用してください。,このサイトでの演習の使い方,本記事は現在執筆中です。公開時に、このサイトでの演習の使い方について公式情報を確認したうえで受験者が迷いやすい点を整理します。制度の数値や期限は、試験実施団体の最新の受験案内で必ず確認してください。それまでの間は、同じカテゴリの他記事やこのサイトの過去問・用語解説を活用してください。,直前期の確認事項,本記事は現在執筆中です。公開時に、直前期の確認事項について公式情報を確認したうえで受験者が迷いやすい点を整理します。制度の数値や期限は、試験実施団体の最新の受験案内で必ず確認してください。それまでの間は、同じカテゴリの他記事やこのサイトの過去問・用語解説を活用してください。,,,,,金融資産運用の頻出論点と対策について最初に確認することは？,試験実施団体の公式サイトで最新の受験案内・出題範囲を確認してください。数値や期限は年度で変わることがあります。,このサイトではどう学習を進めればよいですか？,過去問・実践演習で弱点を見つけ、用語解説で理解を深め、間違えた問題は復習リストに残して解き直してください。,field-life-plan:ライフプランニングと資金計画の出題傾向と対策;field-risk-insurance:リスク管理（保険）の頻出論点と対策,
field-tax-planning,分野別対策（6科目別）,タックスプランニング（税金）の頻出論点と対策,タックスプランニング（税金）の頻出論点と対策について、FP3級受験者向けに公式情報の確認方法と学習の進め方を整理します。,タックスプランニング（税金）の頻出論点と対策について、受験を検討・準備中の方が迷いやすい点を整理します。公式情報を優先し、このサイトの演習・用語解説と組み合わせて学習を進めてください。,,23,分野別;6科目;FP3級,FP3級マスター編集部,資格学習サイトの編集チーム,公式情報確認担当,公開前に一次情報との照合を行う担当者,2026-06-09,日本FP協会（公式）|https://www.jafp.or.jp/,fp3_article_titles.csv から取り込み（2026-06-09）。本文は執筆前のカタログ行。,本記事を読むと、タックスプランニング（税金）の頻出論点と対策について公式情報で確認すべき点と学習の進め方が分かります。,公式サイトで最新情報を確認する;関連分野の演習に取り組む;用語解説で弱点を補強する,試験要項・制度改正時に本文と参照元を見直します。,2026-06-09,2026-07-09,2026-06-09,draft,カタログ取り込み（2026-06-09）。公開前に本文を全面リライトしてください。,出題傾向の概要,本記事は現在執筆中です。公開時に、出題傾向の概要について公式情報を確認したうえで受験者が迷いやすい点を整理します。制度の数値や期限は、試験実施団体の最新の受験案内で必ず確認してください。それまでの間は、同じカテゴリの他記事やこのサイトの過去問・用語解説を活用してください。,頻出論点と押さえるポイント,本記事は現在執筆中です。公開時に、頻出論点と押さえるポイントについて公式情報を確認したうえで受験者が迷いやすい点を整理します。制度の数値や期限は、試験実施団体の最新の受験案内で必ず確認してください。それまでの間は、同じカテゴリの他記事やこのサイトの過去問・用語解説を活用してください。,計算・暗記のコツ,本記事は現在執筆中です。公開時に、計算・暗記のコツについて公式情報を確認したうえで受験者が迷いやすい点を整理します。制度の数値や期限は、試験実施団体の最新の受験案内で必ず確認してください。それまでの間は、同じカテゴリの他記事やこのサイトの過去問・用語解説を活用してください。,このサイトでの演習の使い方,本記事は現在執筆中です。公開時に、このサイトでの演習の使い方について公式情報を確認したうえで受験者が迷いやすい点を整理します。制度の数値や期限は、試験実施団体の最新の受験案内で必ず確認してください。それまでの間は、同じカテゴリの他記事やこのサイトの過去問・用語解説を活用してください。,直前期の確認事項,本記事は現在執筆中です。公開時に、直前期の確認事項について公式情報を確認したうえで受験者が迷いやすい点を整理します。制度の数値や期限は、試験実施団体の最新の受験案内で必ず確認してください。それまでの間は、同じカテゴリの他記事やこのサイトの過去問・用語解説を活用してください。,,,,,タックスプランニング（税金）の頻出論点と対策について最初に確認することは？,試験実施団体の公式サイトで最新の受験案内・出題範囲を確認してください。数値や期限は年度で変わることがあります。,このサイトではどう学習を進めればよいですか？,過去問・実践演習で弱点を見つけ、用語解説で理解を深め、間違えた問題は復習リストに残して解き直してください。,field-life-plan:ライフプランニングと資金計画の出題傾向と対策;field-risk-insurance:リスク管理（保険）の頻出論点と対策,
field-real-estate,分野別対策（6科目別）,不動産の頻出論点と対策,不動産の頻出論点と対策について、FP3級受験者向けに公式情報の確認方法と学習の進め方を整理します。,不動産の頻出論点と対策について、受験を検討・準備中の方が迷いやすい点を整理します。公式情報を優先し、このサイトの演習・用語解説と組み合わせて学習を進めてください。,,24,分野別;6科目;FP3級,FP3級マスター編集部,資格学習サイトの編集チーム,公式情報確認担当,公開前に一次情報との照合を行う担当者,2026-06-09,日本FP協会（公式）|https://www.jafp.or.jp/,fp3_article_titles.csv から取り込み（2026-06-09）。本文は執筆前のカタログ行。,本記事を読むと、不動産の頻出論点と対策について公式情報で確認すべき点と学習の進め方が分かります。,公式サイトで最新情報を確認する;関連分野の演習に取り組む;用語解説で弱点を補強する,試験要項・制度改正時に本文と参照元を見直します。,2026-06-09,2026-07-09,2026-06-09,draft,カタログ取り込み（2026-06-09）。公開前に本文を全面リライトしてください。,出題傾向の概要,本記事は現在執筆中です。公開時に、出題傾向の概要について公式情報を確認したうえで受験者が迷いやすい点を整理します。制度の数値や期限は、試験実施団体の最新の受験案内で必ず確認してください。それまでの間は、同じカテゴリの他記事やこのサイトの過去問・用語解説を活用してください。,頻出論点と押さえるポイント,本記事は現在執筆中です。公開時に、頻出論点と押さえるポイントについて公式情報を確認したうえで受験者が迷いやすい点を整理します。制度の数値や期限は、試験実施団体の最新の受験案内で必ず確認してください。それまでの間は、同じカテゴリの他記事やこのサイトの過去問・用語解説を活用してください。,計算・暗記のコツ,本記事は現在執筆中です。公開時に、計算・暗記のコツについて公式情報を確認したうえで受験者が迷いやすい点を整理します。制度の数値や期限は、試験実施団体の最新の受験案内で必ず確認してください。それまでの間は、同じカテゴリの他記事やこのサイトの過去問・用語解説を活用してください。,このサイトでの演習の使い方,本記事は現在執筆中です。公開時に、このサイトでの演習の使い方について公式情報を確認したうえで受験者が迷いやすい点を整理します。制度の数値や期限は、試験実施団体の最新の受験案内で必ず確認してください。それまでの間は、同じカテゴリの他記事やこのサイトの過去問・用語解説を活用してください。,直前期の確認事項,本記事は現在執筆中です。公開時に、直前期の確認事項について公式情報を確認したうえで受験者が迷いやすい点を整理します。制度の数値や期限は、試験実施団体の最新の受験案内で必ず確認してください。それまでの間は、同じカテゴリの他記事やこのサイトの過去問・用語解説を活用してください。,,,,,不動産の頻出論点と対策について最初に確認することは？,試験実施団体の公式サイトで最新の受験案内・出題範囲を確認してください。数値や期限は年度で変わることがあります。,このサイトではどう学習を進めればよいですか？,過去問・実践演習で弱点を見つけ、用語解説で理解を深め、間違えた問題は復習リストに残して解き直してください。,field-life-plan:ライフプランニングと資金計画の出題傾向と対策;field-risk-insurance:リスク管理（保険）の頻出論点と対策,
field-inheritance-succession,分野別対策（6科目別）,相続・事業承継の頻出論点と対策,相続・事業承継の頻出論点と対策について、FP3級受験者向けに公式情報の確認方法と学習の進め方を整理します。,相続・事業承継の頻出論点と対策について、受験を検討・準備中の方が迷いやすい点を整理します。公式情報を優先し、このサイトの演習・用語解説と組み合わせて学習を進めてください。,,25,分野別;6科目;FP3級,FP3級マスター編集部,資格学習サイトの編集チーム,公式情報確認担当,公開前に一次情報との照合を行う担当者,2026-06-09,日本FP協会（公式）|https://www.jafp.or.jp/,fp3_article_titles.csv から取り込み（2026-06-09）。本文は執筆前のカタログ行。,本記事を読むと、相続・事業承継の頻出論点と対策について公式情報で確認すべき点と学習の進め方が分かります。,公式サイトで最新情報を確認する;関連分野の演習に取り組む;用語解説で弱点を補強する,試験要項・制度改正時に本文と参照元を見直します。,2026-06-09,2026-07-09,2026-06-09,draft,カタログ取り込み（2026-06-09）。公開前に本文を全面リライトしてください。,出題傾向の概要,本記事は現在執筆中です。公開時に、出題傾向の概要について公式情報を確認したうえで受験者が迷いやすい点を整理します。制度の数値や期限は、試験実施団体の最新の受験案内で必ず確認してください。それまでの間は、同じカテゴリの他記事やこのサイトの過去問・用語解説を活用してください。,頻出論点と押さえるポイント,本記事は現在執筆中です。公開時に、頻出論点と押さえるポイントについて公式情報を確認したうえで受験者が迷いやすい点を整理します。制度の数値や期限は、試験実施団体の最新の受験案内で必ず確認してください。それまでの間は、同じカテゴリの他記事やこのサイトの過去問・用語解説を活用してください。,計算・暗記のコツ,本記事は現在執筆中です。公開時に、計算・暗記のコツについて公式情報を確認したうえで受験者が迷いやすい点を整理します。制度の数値や期限は、試験実施団体の最新の受験案内で必ず確認してください。それまでの間は、同じカテゴリの他記事やこのサイトの過去問・用語解説を活用してください。,このサイトでの演習の使い方,本記事は現在執筆中です。公開時に、このサイトでの演習の使い方について公式情報を確認したうえで受験者が迷いやすい点を整理します。制度の数値や期限は、試験実施団体の最新の受験案内で必ず確認してください。それまでの間は、同じカテゴリの他記事やこのサイトの過去問・用語解説を活用してください。,直前期の確認事項,本記事は現在執筆中です。公開時に、直前期の確認事項について公式情報を確認したうえで受験者が迷いやすい点を整理します。制度の数値や期限は、試験実施団体の最新の受験案内で必ず確認してください。それまでの間は、同じカテゴリの他記事やこのサイトの過去問・用語解説を活用してください。,,,,,相続・事業承継の頻出論点と対策について最初に確認することは？,試験実施団体の公式サイトで最新の受験案内・出題範囲を確認してください。数値や期限は年度で変わることがあります。,このサイトではどう学習を進めればよいですか？,過去問・実践演習で弱点を見つけ、用語解説で理解を深め、間違えた問題は復習リストに残して解き直してください。,field-life-plan:ライフプランニングと資金計画の出題傾向と対策;field-risk-insurance:リスク管理（保険）の頻出論点と対策,
field-social-insurance,分野別対策（6科目別）,社会保険（健康保険・年金）の計算問題の解き方,社会保険（健康保険・年金）の計算問題の解き方について、FP3級受験者向けに公式情報の確認方法と学習の進め方を整理します。,社会保険（健康保険・年金）の計算問題の解き方について、受験を検討・準備中の方が迷いやすい点を整理します。公式情報を優先し、このサイトの演習・用語解説と組み合わせて学習を進めてください。,,26,分野別;6科目;FP3級,FP3級マスター編集部,資格学習サイトの編集チーム,公式情報確認担当,公開前に一次情報との照合を行う担当者,2026-06-09,日本FP協会（公式）|https://www.jafp.or.jp/,fp3_article_titles.csv から取り込み（2026-06-09）。本文は執筆前のカタログ行。,本記事を読むと、社会保険（健康保険・年金）の計算問題の解き方について公式情報で確認すべき点と学習の進め方が分かります。,公式サイトで最新情報を確認する;関連分野の演習に取り組む;用語解説で弱点を補強する,試験要項・制度改正時に本文と参照元を見直します。,2026-06-09,2026-07-09,2026-06-09,draft,カタログ取り込み（2026-06-09）。公開前に本文を全面リライトしてください。,出題傾向の概要,本記事は現在執筆中です。公開時に、出題傾向の概要について公式情報を確認したうえで受験者が迷いやすい点を整理します。制度の数値や期限は、試験実施団体の最新の受験案内で必ず確認してください。それまでの間は、同じカテゴリの他記事やこのサイトの過去問・用語解説を活用してください。,頻出論点と押さえるポイント,本記事は現在執筆中です。公開時に、頻出論点と押さえるポイントについて公式情報を確認したうえで受験者が迷いやすい点を整理します。制度の数値や期限は、試験実施団体の最新の受験案内で必ず確認してください。それまでの間は、同じカテゴリの他記事やこのサイトの過去問・用語解説を活用してください。,計算・暗記のコツ,本記事は現在執筆中です。公開時に、計算・暗記のコツについて公式情報を確認したうえで受験者が迷いやすい点を整理します。制度の数値や期限は、試験実施団体の最新の受験案内で必ず確認してください。それまでの間は、同じカテゴリの他記事やこのサイトの過去問・用語解説を活用してください。,このサイトでの演習の使い方,本記事は現在執筆中です。公開時に、このサイトでの演習の使い方について公式情報を確認したうえで受験者が迷いやすい点を整理します。制度の数値や期限は、試験実施団体の最新の受験案内で必ず確認してください。それまでの間は、同じカテゴリの他記事やこのサイトの過去問・用語解説を活用してください。,直前期の確認事項,本記事は現在執筆中です。公開時に、直前期の確認事項について公式情報を確認したうえで受験者が迷いやすい点を整理します。制度の数値や期限は、試験実施団体の最新の受験案内で必ず確認してください。それまでの間は、同じカテゴリの他記事やこのサイトの過去問・用語解説を活用してください。,,,,,社会保険（健康保険・年金）の計算問題の解き方について最初に確認することは？,試験実施団体の公式サイトで最新の受験案内・出題範囲を確認してください。数値や期限は年度で変わることがあります。,このサイトではどう学習を進めればよいですか？,過去問・実践演習で弱点を見つけ、用語解説で理解を深め、間違えた問題は復習リストに残して解き直してください。,field-life-plan:ライフプランニングと資金計画の出題傾向と対策;field-risk-insurance:リスク管理（保険）の頻出論点と対策,
field-life-nonlife-insurance,分野別対策（6科目別）,生命保険・損害保険の種類と試験での出題パターン,生命保険・損害保険の種類と試験での出題パターンについて、FP3級受験者向けに公式情報の確認方法と学習の進め方を整理します。,生命保険・損害保険の種類と試験での出題パターンについて、受験を検討・準備中の方が迷いやすい点を整理します。公式情報を優先し、このサイトの演習・用語解説と組み合わせて学習を進めてください。,,27,分野別;6科目;FP3級,FP3級マスター編集部,資格学習サイトの編集チーム,公式情報確認担当,公開前に一次情報との照合を行う担当者,2026-06-09,日本FP協会（公式）|https://www.jafp.or.jp/,fp3_article_titles.csv から取り込み（2026-06-09）。本文は執筆前のカタログ行。,本記事を読むと、生命保険・損害保険の種類と試験での出題パターンについて公式情報で確認すべき点と学習の進め方が分かります。,公式サイトで最新情報を確認する;関連分野の演習に取り組む;用語解説で弱点を補強する,試験要項・制度改正時に本文と参照元を見直します。,2026-06-09,2026-07-09,2026-06-09,draft,カタログ取り込み（2026-06-09）。公開前に本文を全面リライトしてください。,出題傾向の概要,本記事は現在執筆中です。公開時に、出題傾向の概要について公式情報を確認したうえで受験者が迷いやすい点を整理します。制度の数値や期限は、試験実施団体の最新の受験案内で必ず確認してください。それまでの間は、同じカテゴリの他記事やこのサイトの過去問・用語解説を活用してください。,頻出論点と押さえるポイント,本記事は現在執筆中です。公開時に、頻出論点と押さえるポイントについて公式情報を確認したうえで受験者が迷いやすい点を整理します。制度の数値や期限は、試験実施団体の最新の受験案内で必ず確認してください。それまでの間は、同じカテゴリの他記事やこのサイトの過去問・用語解説を活用してください。,計算・暗記のコツ,本記事は現在執筆中です。公開時に、計算・暗記のコツについて公式情報を確認したうえで受験者が迷いやすい点を整理します。制度の数値や期限は、試験実施団体の最新の受験案内で必ず確認してください。それまでの間は、同じカテゴリの他記事やこのサイトの過去問・用語解説を活用してください。,このサイトでの演習の使い方,本記事は現在執筆中です。公開時に、このサイトでの演習の使い方について公式情報を確認したうえで受験者が迷いやすい点を整理します。制度の数値や期限は、試験実施団体の最新の受験案内で必ず確認してください。それまでの間は、同じカテゴリの他記事やこのサイトの過去問・用語解説を活用してください。,直前期の確認事項,本記事は現在執筆中です。公開時に、直前期の確認事項について公式情報を確認したうえで受験者が迷いやすい点を整理します。制度の数値や期限は、試験実施団体の最新の受験案内で必ず確認してください。それまでの間は、同じカテゴリの他記事やこのサイトの過去問・用語解説を活用してください。,,,,,生命保険・損害保険の種類と試験での出題パターンについて最初に確認することは？,試験実施団体の公式サイトで最新の受験案内・出題範囲を確認してください。数値や期限は年度で変わることがあります。,このサイトではどう学習を進めればよいですか？,過去問・実践演習で弱点を見つけ、用語解説で理解を深め、間違えた問題は復習リストに残して解き直してください。,field-life-plan:ライフプランニングと資金計画の出題傾向と対策;field-risk-insurance:リスク管理（保険）の頻出論点と対策,
field-nisa-ideco,分野別対策（6科目別）,NISAとiDeCoの出題内容と最新制度変更点,NISAとiDeCoの出題内容と最新制度変更点について、FP3級受験者向けに公式情報の確認方法と学習の進め方を整理します。,NISAとiDeCoの出題内容と最新制度変更点について、受験を検討・準備中の方が迷いやすい点を整理します。公式情報を優先し、このサイトの演習・用語解説と組み合わせて学習を進めてください。,,28,分野別;6科目;FP3級,FP3級マスター編集部,資格学習サイトの編集チーム,公式情報確認担当,公開前に一次情報との照合を行う担当者,2026-06-09,日本FP協会（公式）|https://www.jafp.or.jp/,fp3_article_titles.csv から取り込み（2026-06-09）。本文は執筆前のカタログ行。,本記事を読むと、NISAとiDeCoの出題内容と最新制度変更点について公式情報で確認すべき点と学習の進め方が分かります。,公式サイトで最新情報を確認する;関連分野の演習に取り組む;用語解説で弱点を補強する,試験要項・制度改正時に本文と参照元を見直します。,2026-06-09,2026-07-09,2026-06-09,draft,カタログ取り込み（2026-06-09）。公開前に本文を全面リライトしてください。,出題傾向の概要,本記事は現在執筆中です。公開時に、出題傾向の概要について公式情報を確認したうえで受験者が迷いやすい点を整理します。制度の数値や期限は、試験実施団体の最新の受験案内で必ず確認してください。それまでの間は、同じカテゴリの他記事やこのサイトの過去問・用語解説を活用してください。,頻出論点と押さえるポイント,本記事は現在執筆中です。公開時に、頻出論点と押さえるポイントについて公式情報を確認したうえで受験者が迷いやすい点を整理します。制度の数値や期限は、試験実施団体の最新の受験案内で必ず確認してください。それまでの間は、同じカテゴリの他記事やこのサイトの過去問・用語解説を活用してください。,計算・暗記のコツ,本記事は現在執筆中です。公開時に、計算・暗記のコツについて公式情報を確認したうえで受験者が迷いやすい点を整理します。制度の数値や期限は、試験実施団体の最新の受験案内で必ず確認してください。それまでの間は、同じカテゴリの他記事やこのサイトの過去問・用語解説を活用してください。,このサイトでの演習の使い方,本記事は現在執筆中です。公開時に、このサイトでの演習の使い方について公式情報を確認したうえで受験者が迷いやすい点を整理します。制度の数値や期限は、試験実施団体の最新の受験案内で必ず確認してください。それまでの間は、同じカテゴリの他記事やこのサイトの過去問・用語解説を活用してください。,直前期の確認事項,本記事は現在執筆中です。公開時に、直前期の確認事項について公式情報を確認したうえで受験者が迷いやすい点を整理します。制度の数値や期限は、試験実施団体の最新の受験案内で必ず確認してください。それまでの間は、同じカテゴリの他記事やこのサイトの過去問・用語解説を活用してください。,,,,,NISAとiDeCoの出題内容と最新制度変更点について最初に確認することは？,試験実施団体の公式サイトで最新の受験案内・出題範囲を確認してください。数値や期限は年度で変わることがあります。,このサイトではどう学習を進めればよいですか？,過去問・実践演習で弱点を見つけ、用語解説で理解を深め、間違えた問題は復習リストに残して解き直してください。,field-life-plan:ライフプランニングと資金計画の出題傾向と対策;field-risk-insurance:リスク管理（保険）の頻出論点と対策,
field-income-tax-calc,分野別対策（6科目別）,所得税の計算問題（給与所得・事業所得）の解き方,所得税の計算問題（給与所得・事業所得）の解き方について、FP3級受験者向けに公式情報の確認方法と学習の進め方を整理します。,所得税の計算問題（給与所得・事業所得）の解き方について、受験を検討・準備中の方が迷いやすい点を整理します。公式情報を優先し、このサイトの演習・用語解説と組み合わせて学習を進めてください。,,29,分野別;6科目;FP3級,FP3級マスター編集部,資格学習サイトの編集チーム,公式情報確認担当,公開前に一次情報との照合を行う担当者,2026-06-09,日本FP協会（公式）|https://www.jafp.or.jp/,fp3_article_titles.csv から取り込み（2026-06-09）。本文は執筆前のカタログ行。,本記事を読むと、所得税の計算問題（給与所得・事業所得）の解き方について公式情報で確認すべき点と学習の進め方が分かります。,公式サイトで最新情報を確認する;関連分野の演習に取り組む;用語解説で弱点を補強する,試験要項・制度改正時に本文と参照元を見直します。,2026-06-09,2026-07-09,2026-06-09,draft,カタログ取り込み（2026-06-09）。公開前に本文を全面リライトしてください。,出題傾向の概要,本記事は現在執筆中です。公開時に、出題傾向の概要について公式情報を確認したうえで受験者が迷いやすい点を整理します。制度の数値や期限は、試験実施団体の最新の受験案内で必ず確認してください。それまでの間は、同じカテゴリの他記事やこのサイトの過去問・用語解説を活用してください。,頻出論点と押さえるポイント,本記事は現在執筆中です。公開時に、頻出論点と押さえるポイントについて公式情報を確認したうえで受験者が迷いやすい点を整理します。制度の数値や期限は、試験実施団体の最新の受験案内で必ず確認してください。それまでの間は、同じカテゴリの他記事やこのサイトの過去問・用語解説を活用してください。,計算・暗記のコツ,本記事は現在執筆中です。公開時に、計算・暗記のコツについて公式情報を確認したうえで受験者が迷いやすい点を整理します。制度の数値や期限は、試験実施団体の最新の受験案内で必ず確認してください。それまでの間は、同じカテゴリの他記事やこのサイトの過去問・用語解説を活用してください。,このサイトでの演習の使い方,本記事は現在執筆中です。公開時に、このサイトでの演習の使い方について公式情報を確認したうえで受験者が迷いやすい点を整理します。制度の数値や期限は、試験実施団体の最新の受験案内で必ず確認してください。それまでの間は、同じカテゴリの他記事やこのサイトの過去問・用語解説を活用してください。,直前期の確認事項,本記事は現在執筆中です。公開時に、直前期の確認事項について公式情報を確認したうえで受験者が迷いやすい点を整理します。制度の数値や期限は、試験実施団体の最新の受験案内で必ず確認してください。それまでの間は、同じカテゴリの他記事やこのサイトの過去問・用語解説を活用してください。,,,,,所得税の計算問題（給与所得・事業所得）の解き方について最初に確認することは？,試験実施団体の公式サイトで最新の受験案内・出題範囲を確認してください。数値や期限は年度で変わることがあります。,このサイトではどう学習を進めればよいですか？,過去問・実践演習で弱点を見つけ、用語解説で理解を深め、間違えた問題は復習リストに残して解き直してください。,field-life-plan:ライフプランニングと資金計画の出題傾向と対策;field-risk-insurance:リスク管理（保険）の頻出論点と対策,
field-inheritance-tax-basic,分野別対策（6科目別）,相続税の基礎控除・計算の解き方,相続税の基礎控除・計算の解き方について、FP3級受験者向けに公式情報の確認方法と学習の進め方を整理します。,相続税の基礎控除・計算の解き方について、受験を検討・準備中の方が迷いやすい点を整理します。公式情報を優先し、このサイトの演習・用語解説と組み合わせて学習を進めてください。,,30,分野別;6科目;FP3級,FP3級マスター編集部,資格学習サイトの編集チーム,公式情報確認担当,公開前に一次情報との照合を行う担当者,2026-06-09,日本FP協会（公式）|https://www.jafp.or.jp/,fp3_article_titles.csv から取り込み（2026-06-09）。本文は執筆前のカタログ行。,本記事を読むと、相続税の基礎控除・計算の解き方について公式情報で確認すべき点と学習の進め方が分かります。,公式サイトで最新情報を確認する;関連分野の演習に取り組む;用語解説で弱点を補強する,試験要項・制度改正時に本文と参照元を見直します。,2026-06-09,2026-07-09,2026-06-09,draft,カタログ取り込み（2026-06-09）。公開前に本文を全面リライトしてください。,出題傾向の概要,本記事は現在執筆中です。公開時に、出題傾向の概要について公式情報を確認したうえで受験者が迷いやすい点を整理します。制度の数値や期限は、試験実施団体の最新の受験案内で必ず確認してください。それまでの間は、同じカテゴリの他記事やこのサイトの過去問・用語解説を活用してください。,頻出論点と押さえるポイント,本記事は現在執筆中です。公開時に、頻出論点と押さえるポイントについて公式情報を確認したうえで受験者が迷いやすい点を整理します。制度の数値や期限は、試験実施団体の最新の受験案内で必ず確認してください。それまでの間は、同じカテゴリの他記事やこのサイトの過去問・用語解説を活用してください。,計算・暗記のコツ,本記事は現在執筆中です。公開時に、計算・暗記のコツについて公式情報を確認したうえで受験者が迷いやすい点を整理します。制度の数値や期限は、試験実施団体の最新の受験案内で必ず確認してください。それまでの間は、同じカテゴリの他記事やこのサイトの過去問・用語解説を活用してください。,このサイトでの演習の使い方,本記事は現在執筆中です。公開時に、このサイトでの演習の使い方について公式情報を確認したうえで受験者が迷いやすい点を整理します。制度の数値や期限は、試験実施団体の最新の受験案内で必ず確認してください。それまでの間は、同じカテゴリの他記事やこのサイトの過去問・用語解説を活用してください。,直前期の確認事項,本記事は現在執筆中です。公開時に、直前期の確認事項について公式情報を確認したうえで受験者が迷いやすい点を整理します。制度の数値や期限は、試験実施団体の最新の受験案内で必ず確認してください。それまでの間は、同じカテゴリの他記事やこのサイトの過去問・用語解説を活用してください。,,,,,相続税の基礎控除・計算の解き方について最初に確認することは？,試験実施団体の公式サイトで最新の受験案内・出題範囲を確認してください。数値や期限は年度で変わることがあります。,このサイトではどう学習を進めればよいですか？,過去問・実践演習で弱点を見つけ、用語解説で理解を深め、間違えた問題は復習リストに残して解き直してください。,field-life-plan:ライフプランニングと資金計画の出題傾向と対策;field-risk-insurance:リスク管理（保険）の頻出論点と対策,
field-gift-inheritance-tax,分野別対策（6科目別）,贈与税と相続税の違いと試験での出題パターン,贈与税と相続税の違いと試験での出題パターンについて、FP3級受験者向けに公式情報の確認方法と学習の進め方を整理します。,贈与税と相続税の違いと試験での出題パターンについて、受験を検討・準備中の方が迷いやすい点を整理します。公式情報を優先し、このサイトの演習・用語解説と組み合わせて学習を進めてください。,,31,分野別;6科目;FP3級,FP3級マスター編集部,資格学習サイトの編集チーム,公式情報確認担当,公開前に一次情報との照合を行う担当者,2026-06-09,日本FP協会（公式）|https://www.jafp.or.jp/,fp3_article_titles.csv から取り込み（2026-06-09）。本文は執筆前のカタログ行。,本記事を読むと、贈与税と相続税の違いと試験での出題パターンについて公式情報で確認すべき点と学習の進め方が分かります。,公式サイトで最新情報を確認する;関連分野の演習に取り組む;用語解説で弱点を補強する,試験要項・制度改正時に本文と参照元を見直します。,2026-06-09,2026-07-09,2026-06-09,draft,カタログ取り込み（2026-06-09）。公開前に本文を全面リライトしてください。,出題傾向の概要,本記事は現在執筆中です。公開時に、出題傾向の概要について公式情報を確認したうえで受験者が迷いやすい点を整理します。制度の数値や期限は、試験実施団体の最新の受験案内で必ず確認してください。それまでの間は、同じカテゴリの他記事やこのサイトの過去問・用語解説を活用してください。,頻出論点と押さえるポイント,本記事は現在執筆中です。公開時に、頻出論点と押さえるポイントについて公式情報を確認したうえで受験者が迷いやすい点を整理します。制度の数値や期限は、試験実施団体の最新の受験案内で必ず確認してください。それまでの間は、同じカテゴリの他記事やこのサイトの過去問・用語解説を活用してください。,計算・暗記のコツ,本記事は現在執筆中です。公開時に、計算・暗記のコツについて公式情報を確認したうえで受験者が迷いやすい点を整理します。制度の数値や期限は、試験実施団体の最新の受験案内で必ず確認してください。それまでの間は、同じカテゴリの他記事やこのサイトの過去問・用語解説を活用してください。,このサイトでの演習の使い方,本記事は現在執筆中です。公開時に、このサイトでの演習の使い方について公式情報を確認したうえで受験者が迷いやすい点を整理します。制度の数値や期限は、試験実施団体の最新の受験案内で必ず確認してください。それまでの間は、同じカテゴリの他記事やこのサイトの過去問・用語解説を活用してください。,直前期の確認事項,本記事は現在執筆中です。公開時に、直前期の確認事項について公式情報を確認したうえで受験者が迷いやすい点を整理します。制度の数値や期限は、試験実施団体の最新の受験案内で必ず確認してください。それまでの間は、同じカテゴリの他記事やこのサイトの過去問・用語解説を活用してください。,,,,,贈与税と相続税の違いと試験での出題パターンについて最初に確認することは？,試験実施団体の公式サイトで最新の受験案内・出題範囲を確認してください。数値や期限は年度で変わることがあります。,このサイトではどう学習を進めればよいですか？,過去問・実践演習で弱点を見つけ、用語解説で理解を深め、間違えた問題は復習リストに残して解き直してください。,field-life-plan:ライフプランニングと資金計画の出題傾向と対策;field-risk-insurance:リスク管理（保険）の頻出論点と対策,
field-housing-loan,分野別対策（6科目別）,住宅ローンに関する出題と対策,住宅ローンに関する出題と対策について、FP3級受験者向けに公式情報の確認方法と学習の進め方を整理します。,住宅ローンに関する出題と対策について、受験を検討・準備中の方が迷いやすい点を整理します。公式情報を優先し、このサイトの演習・用語解説と組み合わせて学習を進めてください。,,32,分野別;6科目;FP3級,FP3級マスター編集部,資格学習サイトの編集チーム,公式情報確認担当,公開前に一次情報との照合を行う担当者,2026-06-09,日本FP協会（公式）|https://www.jafp.or.jp/,fp3_article_titles.csv から取り込み（2026-06-09）。本文は執筆前のカタログ行。,本記事を読むと、住宅ローンに関する出題と対策について公式情報で確認すべき点と学習の進め方が分かります。,公式サイトで最新情報を確認する;関連分野の演習に取り組む;用語解説で弱点を補強する,試験要項・制度改正時に本文と参照元を見直します。,2026-06-09,2026-07-09,2026-06-09,draft,カタログ取り込み（2026-06-09）。公開前に本文を全面リライトしてください。,出題傾向の概要,本記事は現在執筆中です。公開時に、出題傾向の概要について公式情報を確認したうえで受験者が迷いやすい点を整理します。制度の数値や期限は、試験実施団体の最新の受験案内で必ず確認してください。それまでの間は、同じカテゴリの他記事やこのサイトの過去問・用語解説を活用してください。,頻出論点と押さえるポイント,本記事は現在執筆中です。公開時に、頻出論点と押さえるポイントについて公式情報を確認したうえで受験者が迷いやすい点を整理します。制度の数値や期限は、試験実施団体の最新の受験案内で必ず確認してください。それまでの間は、同じカテゴリの他記事やこのサイトの過去問・用語解説を活用してください。,計算・暗記のコツ,本記事は現在執筆中です。公開時に、計算・暗記のコツについて公式情報を確認したうえで受験者が迷いやすい点を整理します。制度の数値や期限は、試験実施団体の最新の受験案内で必ず確認してください。それまでの間は、同じカテゴリの他記事やこのサイトの過去問・用語解説を活用してください。,このサイトでの演習の使い方,本記事は現在執筆中です。公開時に、このサイトでの演習の使い方について公式情報を確認したうえで受験者が迷いやすい点を整理します。制度の数値や期限は、試験実施団体の最新の受験案内で必ず確認してください。それまでの間は、同じカテゴリの他記事やこのサイトの過去問・用語解説を活用してください。,直前期の確認事項,本記事は現在執筆中です。公開時に、直前期の確認事項について公式情報を確認したうえで受験者が迷いやすい点を整理します。制度の数値や期限は、試験実施団体の最新の受験案内で必ず確認してください。それまでの間は、同じカテゴリの他記事やこのサイトの過去問・用語解説を活用してください。,,,,,住宅ローンに関する出題と対策について最初に確認することは？,試験実施団体の公式サイトで最新の受験案内・出題範囲を確認してください。数値や期限は年度で変わることがあります。,このサイトではどう学習を進めればよいですか？,過去問・実践演習で弱点を見つけ、用語解説で理解を深め、間違えた問題は復習リストに残して解き直してください。,field-life-plan:ライフプランニングと資金計画の出題傾向と対策;field-risk-insurance:リスク管理（保険）の頻出論点と対策,
field-real-estate-trade-lease,分野別対策（6科目別）,不動産の売買・賃貸借に関する出題パターン,不動産の売買・賃貸借に関する出題パターンについて、FP3級受験者向けに公式情報の確認方法と学習の進め方を整理します。,不動産の売買・賃貸借に関する出題パターンについて、受験を検討・準備中の方が迷いやすい点を整理します。公式情報を優先し、このサイトの演習・用語解説と組み合わせて学習を進めてください。,,33,分野別;6科目;FP3級,FP3級マスター編集部,資格学習サイトの編集チーム,公式情報確認担当,公開前に一次情報との照合を行う担当者,2026-06-09,日本FP協会（公式）|https://www.jafp.or.jp/,fp3_article_titles.csv から取り込み（2026-06-09）。本文は執筆前のカタログ行。,本記事を読むと、不動産の売買・賃貸借に関する出題パターンについて公式情報で確認すべき点と学習の進め方が分かります。,公式サイトで最新情報を確認する;関連分野の演習に取り組む;用語解説で弱点を補強する,試験要項・制度改正時に本文と参照元を見直します。,2026-06-09,2026-07-09,2026-06-09,draft,カタログ取り込み（2026-06-09）。公開前に本文を全面リライトしてください。,出題傾向の概要,本記事は現在執筆中です。公開時に、出題傾向の概要について公式情報を確認したうえで受験者が迷いやすい点を整理します。制度の数値や期限は、試験実施団体の最新の受験案内で必ず確認してください。それまでの間は、同じカテゴリの他記事やこのサイトの過去問・用語解説を活用してください。,頻出論点と押さえるポイント,本記事は現在執筆中です。公開時に、頻出論点と押さえるポイントについて公式情報を確認したうえで受験者が迷いやすい点を整理します。制度の数値や期限は、試験実施団体の最新の受験案内で必ず確認してください。それまでの間は、同じカテゴリの他記事やこのサイトの過去問・用語解説を活用してください。,計算・暗記のコツ,本記事は現在執筆中です。公開時に、計算・暗記のコツについて公式情報を確認したうえで受験者が迷いやすい点を整理します。制度の数値や期限は、試験実施団体の最新の受験案内で必ず確認してください。それまでの間は、同じカテゴリの他記事やこのサイトの過去問・用語解説を活用してください。,このサイトでの演習の使い方,本記事は現在執筆中です。公開時に、このサイトでの演習の使い方について公式情報を確認したうえで受験者が迷いやすい点を整理します。制度の数値や期限は、試験実施団体の最新の受験案内で必ず確認してください。それまでの間は、同じカテゴリの他記事やこのサイトの過去問・用語解説を活用してください。,直前期の確認事項,本記事は現在執筆中です。公開時に、直前期の確認事項について公式情報を確認したうえで受験者が迷いやすい点を整理します。制度の数値や期限は、試験実施団体の最新の受験案内で必ず確認してください。それまでの間は、同じカテゴリの他記事やこのサイトの過去問・用語解説を活用してください。,,,,,不動産の売買・賃貸借に関する出題パターンについて最初に確認することは？,試験実施団体の公式サイトで最新の受験案内・出題範囲を確認してください。数値や期限は年度で変わることがあります。,このサイトではどう学習を進めればよいですか？,過去問・実践演習で弱点を見つけ、用語解説で理解を深め、間違えた問題は復習リストに残して解き直してください。,field-life-plan:ライフプランニングと資金計画の出題傾向と対策;field-risk-insurance:リスク管理（保険）の頻出論点と対策,
field-stocks-bonds-funds,分野別対策（6科目別）,株式・債券・投資信託の基礎と試験での出題,株式・債券・投資信託の基礎と試験での出題について、FP3級受験者向けに公式情報の確認方法と学習の進め方を整理します。,株式・債券・投資信託の基礎と試験での出題について、受験を検討・準備中の方が迷いやすい点を整理します。公式情報を優先し、このサイトの演習・用語解説と組み合わせて学習を進めてください。,,34,分野別;6科目;FP3級,FP3級マスター編集部,資格学習サイトの編集チーム,公式情報確認担当,公開前に一次情報との照合を行う担当者,2026-06-09,日本FP協会（公式）|https://www.jafp.or.jp/,fp3_article_titles.csv から取り込み（2026-06-09）。本文は執筆前のカタログ行。,本記事を読むと、株式・債券・投資信託の基礎と試験での出題について公式情報で確認すべき点と学習の進め方が分かります。,公式サイトで最新情報を確認する;関連分野の演習に取り組む;用語解説で弱点を補強する,試験要項・制度改正時に本文と参照元を見直します。,2026-06-09,2026-07-09,2026-06-09,draft,カタログ取り込み（2026-06-09）。公開前に本文を全面リライトしてください。,出題傾向の概要,本記事は現在執筆中です。公開時に、出題傾向の概要について公式情報を確認したうえで受験者が迷いやすい点を整理します。制度の数値や期限は、試験実施団体の最新の受験案内で必ず確認してください。それまでの間は、同じカテゴリの他記事やこのサイトの過去問・用語解説を活用してください。,頻出論点と押さえるポイント,本記事は現在執筆中です。公開時に、頻出論点と押さえるポイントについて公式情報を確認したうえで受験者が迷いやすい点を整理します。制度の数値や期限は、試験実施団体の最新の受験案内で必ず確認してください。それまでの間は、同じカテゴリの他記事やこのサイトの過去問・用語解説を活用してください。,計算・暗記のコツ,本記事は現在執筆中です。公開時に、計算・暗記のコツについて公式情報を確認したうえで受験者が迷いやすい点を整理します。制度の数値や期限は、試験実施団体の最新の受験案内で必ず確認してください。それまでの間は、同じカテゴリの他記事やこのサイトの過去問・用語解説を活用してください。,このサイトでの演習の使い方,本記事は現在執筆中です。公開時に、このサイトでの演習の使い方について公式情報を確認したうえで受験者が迷いやすい点を整理します。制度の数値や期限は、試験実施団体の最新の受験案内で必ず確認してください。それまでの間は、同じカテゴリの他記事やこのサイトの過去問・用語解説を活用してください。,直前期の確認事項,本記事は現在執筆中です。公開時に、直前期の確認事項について公式情報を確認したうえで受験者が迷いやすい点を整理します。制度の数値や期限は、試験実施団体の最新の受験案内で必ず確認してください。それまでの間は、同じカテゴリの他記事やこのサイトの過去問・用語解説を活用してください。,,,,,株式・債券・投資信託の基礎と試験での出題について最初に確認することは？,試験実施団体の公式サイトで最新の受験案内・出題範囲を確認してください。数値や期限は年度で変わることがあります。,このサイトではどう学習を進めればよいですか？,過去問・実践演習で弱点を見つけ、用語解説で理解を深め、間違えた問題は復習リストに残して解き直してください。,field-life-plan:ライフプランニングと資金計画の出題傾向と対策;field-risk-insurance:リスク管理（保険）の頻出論点と対策,
field-fx-interest,分野別対策（6科目別）,為替・金利と金融商品の出題傾向,為替・金利と金融商品の出題傾向について、FP3級受験者向けに公式情報の確認方法と学習の進め方を整理します。,為替・金利と金融商品の出題傾向について、受験を検討・準備中の方が迷いやすい点を整理します。公式情報を優先し、このサイトの演習・用語解説と組み合わせて学習を進めてください。,,35,分野別;6科目;FP3級,FP3級マスター編集部,資格学習サイトの編集チーム,公式情報確認担当,公開前に一次情報との照合を行う担当者,2026-06-09,日本FP協会（公式）|https://www.jafp.or.jp/,fp3_article_titles.csv から取り込み（2026-06-09）。本文は執筆前のカタログ行。,本記事を読むと、為替・金利と金融商品の出題傾向について公式情報で確認すべき点と学習の進め方が分かります。,公式サイトで最新情報を確認する;関連分野の演習に取り組む;用語解説で弱点を補強する,試験要項・制度改正時に本文と参照元を見直します。,2026-06-09,2026-07-09,2026-06-09,draft,カタログ取り込み（2026-06-09）。公開前に本文を全面リライトしてください。,出題傾向の概要,本記事は現在執筆中です。公開時に、出題傾向の概要について公式情報を確認したうえで受験者が迷いやすい点を整理します。制度の数値や期限は、試験実施団体の最新の受験案内で必ず確認してください。それまでの間は、同じカテゴリの他記事やこのサイトの過去問・用語解説を活用してください。,頻出論点と押さえるポイント,本記事は現在執筆中です。公開時に、頻出論点と押さえるポイントについて公式情報を確認したうえで受験者が迷いやすい点を整理します。制度の数値や期限は、試験実施団体の最新の受験案内で必ず確認してください。それまでの間は、同じカテゴリの他記事やこのサイトの過去問・用語解説を活用してください。,計算・暗記のコツ,本記事は現在執筆中です。公開時に、計算・暗記のコツについて公式情報を確認したうえで受験者が迷いやすい点を整理します。制度の数値や期限は、試験実施団体の最新の受験案内で必ず確認してください。それまでの間は、同じカテゴリの他記事やこのサイトの過去問・用語解説を活用してください。,このサイトでの演習の使い方,本記事は現在執筆中です。公開時に、このサイトでの演習の使い方について公式情報を確認したうえで受験者が迷いやすい点を整理します。制度の数値や期限は、試験実施団体の最新の受験案内で必ず確認してください。それまでの間は、同じカテゴリの他記事やこのサイトの過去問・用語解説を活用してください。,直前期の確認事項,本記事は現在執筆中です。公開時に、直前期の確認事項について公式情報を確認したうえで受験者が迷いやすい点を整理します。制度の数値や期限は、試験実施団体の最新の受験案内で必ず確認してください。それまでの間は、同じカテゴリの他記事やこのサイトの過去問・用語解説を活用してください。,,,,,為替・金利と金融商品の出題傾向について最初に確認することは？,試験実施団体の公式サイトで最新の受験案内・出題範囲を確認してください。数値や期限は年度で変わることがあります。,このサイトではどう学習を進めればよいですか？,過去問・実践演習で弱点を見つけ、用語解説で理解を深め、間違えた問題は復習リストに残して解き直してください。,field-life-plan:ライフプランニングと資金計画の出題傾向と対策;field-risk-insurance:リスク管理（保険）の頻出論点と対策,
field-public-pension,分野別対策（6科目別）,公的年金（老齢・障害・遺族）の出題パターン,公的年金（老齢・障害・遺族）の出題パターンについて、FP3級受験者向けに公式情報の確認方法と学習の進め方を整理します。,公的年金（老齢・障害・遺族）の出題パターンについて、受験を検討・準備中の方が迷いやすい点を整理します。公式情報を優先し、このサイトの演習・用語解説と組み合わせて学習を進めてください。,,36,分野別;6科目;FP3級,FP3級マスター編集部,資格学習サイトの編集チーム,公式情報確認担当,公開前に一次情報との照合を行う担当者,2026-06-09,日本FP協会（公式）|https://www.jafp.or.jp/,fp3_article_titles.csv から取り込み（2026-06-09）。本文は執筆前のカタログ行。,本記事を読むと、公的年金（老齢・障害・遺族）の出題パターンについて公式情報で確認すべき点と学習の進め方が分かります。,公式サイトで最新情報を確認する;関連分野の演習に取り組む;用語解説で弱点を補強する,試験要項・制度改正時に本文と参照元を見直します。,2026-06-09,2026-07-09,2026-06-09,draft,カタログ取り込み（2026-06-09）。公開前に本文を全面リライトしてください。,出題傾向の概要,本記事は現在執筆中です。公開時に、出題傾向の概要について公式情報を確認したうえで受験者が迷いやすい点を整理します。制度の数値や期限は、試験実施団体の最新の受験案内で必ず確認してください。それまでの間は、同じカテゴリの他記事やこのサイトの過去問・用語解説を活用してください。,頻出論点と押さえるポイント,本記事は現在執筆中です。公開時に、頻出論点と押さえるポイントについて公式情報を確認したうえで受験者が迷いやすい点を整理します。制度の数値や期限は、試験実施団体の最新の受験案内で必ず確認してください。それまでの間は、同じカテゴリの他記事やこのサイトの過去問・用語解説を活用してください。,計算・暗記のコツ,本記事は現在執筆中です。公開時に、計算・暗記のコツについて公式情報を確認したうえで受験者が迷いやすい点を整理します。制度の数値や期限は、試験実施団体の最新の受験案内で必ず確認してください。それまでの間は、同じカテゴリの他記事やこのサイトの過去問・用語解説を活用してください。,このサイトでの演習の使い方,本記事は現在執筆中です。公開時に、このサイトでの演習の使い方について公式情報を確認したうえで受験者が迷いやすい点を整理します。制度の数値や期限は、試験実施団体の最新の受験案内で必ず確認してください。それまでの間は、同じカテゴリの他記事やこのサイトの過去問・用語解説を活用してください。,直前期の確認事項,本記事は現在執筆中です。公開時に、直前期の確認事項について公式情報を確認したうえで受験者が迷いやすい点を整理します。制度の数値や期限は、試験実施団体の最新の受験案内で必ず確認してください。それまでの間は、同じカテゴリの他記事やこのサイトの過去問・用語解説を活用してください。,,,,,公的年金（老齢・障害・遺族）の出題パターンについて最初に確認することは？,試験実施団体の公式サイトで最新の受験案内・出題範囲を確認してください。数値や期限は年度で変わることがあります。,このサイトではどう学習を進めればよいですか？,過去問・実践演習で弱点を見つけ、用語解説で理解を深め、間違えた問題は復習リストに残して解き直してください。,field-life-plan:ライフプランニングと資金計画の出題傾向と対策;field-risk-insurance:リスク管理（保険）の頻出論点と対策,
field-medical-nursing-insurance,分野別対策（6科目別）,医療保険・介護保険の出題傾向と覚え方,医療保険・介護保険の出題傾向と覚え方について、FP3級受験者向けに公式情報の確認方法と学習の進め方を整理します。,医療保険・介護保険の出題傾向と覚え方について、受験を検討・準備中の方が迷いやすい点を整理します。公式情報を優先し、このサイトの演習・用語解説と組み合わせて学習を進めてください。,,37,分野別;6科目;FP3級,FP3級マスター編集部,資格学習サイトの編集チーム,公式情報確認担当,公開前に一次情報との照合を行う担当者,2026-06-09,日本FP協会（公式）|https://www.jafp.or.jp/,fp3_article_titles.csv から取り込み（2026-06-09）。本文は執筆前のカタログ行。,本記事を読むと、医療保険・介護保険の出題傾向と覚え方について公式情報で確認すべき点と学習の進め方が分かります。,公式サイトで最新情報を確認する;関連分野の演習に取り組む;用語解説で弱点を補強する,試験要項・制度改正時に本文と参照元を見直します。,2026-06-09,2026-07-09,2026-06-09,draft,カタログ取り込み（2026-06-09）。公開前に本文を全面リライトしてください。,出題傾向の概要,本記事は現在執筆中です。公開時に、出題傾向の概要について公式情報を確認したうえで受験者が迷いやすい点を整理します。制度の数値や期限は、試験実施団体の最新の受験案内で必ず確認してください。それまでの間は、同じカテゴリの他記事やこのサイトの過去問・用語解説を活用してください。,頻出論点と押さえるポイント,本記事は現在執筆中です。公開時に、頻出論点と押さえるポイントについて公式情報を確認したうえで受験者が迷いやすい点を整理します。制度の数値や期限は、試験実施団体の最新の受験案内で必ず確認してください。それまでの間は、同じカテゴリの他記事やこのサイトの過去問・用語解説を活用してください。,計算・暗記のコツ,本記事は現在執筆中です。公開時に、計算・暗記のコツについて公式情報を確認したうえで受験者が迷いやすい点を整理します。制度の数値や期限は、試験実施団体の最新の受験案内で必ず確認してください。それまでの間は、同じカテゴリの他記事やこのサイトの過去問・用語解説を活用してください。,このサイトでの演習の使い方,本記事は現在執筆中です。公開時に、このサイトでの演習の使い方について公式情報を確認したうえで受験者が迷いやすい点を整理します。制度の数値や期限は、試験実施団体の最新の受験案内で必ず確認してください。それまでの間は、同じカテゴリの他記事やこのサイトの過去問・用語解説を活用してください。,直前期の確認事項,本記事は現在執筆中です。公開時に、直前期の確認事項について公式情報を確認したうえで受験者が迷いやすい点を整理します。制度の数値や期限は、試験実施団体の最新の受験案内で必ず確認してください。それまでの間は、同じカテゴリの他記事やこのサイトの過去問・用語解説を活用してください。,,,,,医療保険・介護保険の出題傾向と覚え方について最初に確認することは？,試験実施団体の公式サイトで最新の受験案内・出題範囲を確認してください。数値や期限は年度で変わることがあります。,このサイトではどう学習を進めればよいですか？,過去問・実践演習で弱点を見つけ、用語解説で理解を深め、間違えた問題は復習リストに残して解き直してください。,field-life-plan:ライフプランニングと資金計画の出題傾向と対策;field-risk-insurance:リスク管理（保険）の頻出論点と対策,
field-cashflow-balance,分野別対策（6科目別）,キャッシュフロー表・個人バランスシートの計算問題,キャッシュフロー表・個人バランスシートの計算問題について、FP3級受験者向けに公式情報の確認方法と学習の進め方を整理します。,キャッシュフロー表・個人バランスシートの計算問題について、受験を検討・準備中の方が迷いやすい点を整理します。公式情報を優先し、このサイトの演習・用語解説と組み合わせて学習を進めてください。,,38,分野別;6科目;FP3級,FP3級マスター編集部,資格学習サイトの編集チーム,公式情報確認担当,公開前に一次情報との照合を行う担当者,2026-06-09,日本FP協会（公式）|https://www.jafp.or.jp/,fp3_article_titles.csv から取り込み（2026-06-09）。本文は執筆前のカタログ行。,本記事を読むと、キャッシュフロー表・個人バランスシートの計算問題について公式情報で確認すべき点と学習の進め方が分かります。,公式サイトで最新情報を確認する;関連分野の演習に取り組む;用語解説で弱点を補強する,試験要項・制度改正時に本文と参照元を見直します。,2026-06-09,2026-07-09,2026-06-09,draft,カタログ取り込み（2026-06-09）。公開前に本文を全面リライトしてください。,出題傾向の概要,本記事は現在執筆中です。公開時に、出題傾向の概要について公式情報を確認したうえで受験者が迷いやすい点を整理します。制度の数値や期限は、試験実施団体の最新の受験案内で必ず確認してください。それまでの間は、同じカテゴリの他記事やこのサイトの過去問・用語解説を活用してください。,頻出論点と押さえるポイント,本記事は現在執筆中です。公開時に、頻出論点と押さえるポイントについて公式情報を確認したうえで受験者が迷いやすい点を整理します。制度の数値や期限は、試験実施団体の最新の受験案内で必ず確認してください。それまでの間は、同じカテゴリの他記事やこのサイトの過去問・用語解説を活用してください。,計算・暗記のコツ,本記事は現在執筆中です。公開時に、計算・暗記のコツについて公式情報を確認したうえで受験者が迷いやすい点を整理します。制度の数値や期限は、試験実施団体の最新の受験案内で必ず確認してください。それまでの間は、同じカテゴリの他記事やこのサイトの過去問・用語解説を活用してください。,このサイトでの演習の使い方,本記事は現在執筆中です。公開時に、このサイトでの演習の使い方について公式情報を確認したうえで受験者が迷いやすい点を整理します。制度の数値や期限は、試験実施団体の最新の受験案内で必ず確認してください。それまでの間は、同じカテゴリの他記事やこのサイトの過去問・用語解説を活用してください。,直前期の確認事項,本記事は現在執筆中です。公開時に、直前期の確認事項について公式情報を確認したうえで受験者が迷いやすい点を整理します。制度の数値や期限は、試験実施団体の最新の受験案内で必ず確認してください。それまでの間は、同じカテゴリの他記事やこのサイトの過去問・用語解説を活用してください。,,,,,キャッシュフロー表・個人バランスシートの計算問題について最初に確認することは？,試験実施団体の公式サイトで最新の受験案内・出題範囲を確認してください。数値や期限は年度で変わることがあります。,このサイトではどう学習を進めればよいですか？,過去問・実践演習で弱点を見つけ、用語解説で理解を深め、間違えた問題は復習リストに残して解き直してください。,field-life-plan:ライフプランニングと資金計画の出題傾向と対策;field-risk-insurance:リスク管理（保険）の頻出論点と対策,
field-six-subjects-scoring,分野別対策（6科目別）,6科目の得点配分と捨て科目の考え方,6科目の得点配分と捨て科目の考え方について、FP3級受験者向けに公式情報の確認方法と学習の進め方を整理します。,6科目の得点配分と捨て科目の考え方について、受験を検討・準備中の方が迷いやすい点を整理します。公式情報を優先し、このサイトの演習・用語解説と組み合わせて学習を進めてください。,,39,分野別;6科目;FP3級,FP3級マスター編集部,資格学習サイトの編集チーム,公式情報確認担当,公開前に一次情報との照合を行う担当者,2026-06-09,日本FP協会（公式）|https://www.jafp.or.jp/,fp3_article_titles.csv から取り込み（2026-06-09）。本文は執筆前のカタログ行。,本記事を読むと、6科目の得点配分と捨て科目の考え方について公式情報で確認すべき点と学習の進め方が分かります。,公式サイトで最新情報を確認する;関連分野の演習に取り組む;用語解説で弱点を補強する,試験要項・制度改正時に本文と参照元を見直します。,2026-06-09,2026-07-09,2026-06-09,draft,カタログ取り込み（2026-06-09）。公開前に本文を全面リライトしてください。,出題傾向の概要,本記事は現在執筆中です。公開時に、出題傾向の概要について公式情報を確認したうえで受験者が迷いやすい点を整理します。制度の数値や期限は、試験実施団体の最新の受験案内で必ず確認してください。それまでの間は、同じカテゴリの他記事やこのサイトの過去問・用語解説を活用してください。,頻出論点と押さえるポイント,本記事は現在執筆中です。公開時に、頻出論点と押さえるポイントについて公式情報を確認したうえで受験者が迷いやすい点を整理します。制度の数値や期限は、試験実施団体の最新の受験案内で必ず確認してください。それまでの間は、同じカテゴリの他記事やこのサイトの過去問・用語解説を活用してください。,計算・暗記のコツ,本記事は現在執筆中です。公開時に、計算・暗記のコツについて公式情報を確認したうえで受験者が迷いやすい点を整理します。制度の数値や期限は、試験実施団体の最新の受験案内で必ず確認してください。それまでの間は、同じカテゴリの他記事やこのサイトの過去問・用語解説を活用してください。,このサイトでの演習の使い方,本記事は現在執筆中です。公開時に、このサイトでの演習の使い方について公式情報を確認したうえで受験者が迷いやすい点を整理します。制度の数値や期限は、試験実施団体の最新の受験案内で必ず確認してください。それまでの間は、同じカテゴリの他記事やこのサイトの過去問・用語解説を活用してください。,直前期の確認事項,本記事は現在執筆中です。公開時に、直前期の確認事項について公式情報を確認したうえで受験者が迷いやすい点を整理します。制度の数値や期限は、試験実施団体の最新の受験案内で必ず確認してください。それまでの間は、同じカテゴリの他記事やこのサイトの過去問・用語解説を活用してください。,,,,,6科目の得点配分と捨て科目の考え方について最初に確認することは？,試験実施団体の公式サイトで最新の受験案内・出題範囲を確認してください。数値や期限は年度で変わることがあります。,このサイトではどう学習を進めればよいですか？,過去問・実践演習で弱点を見つけ、用語解説で理解を深め、間違えた問題は復習リストに残して解き直してください。,field-life-plan:ライフプランニングと資金計画の出題傾向と対策;field-risk-insurance:リスク管理（保険）の頻出論点と対策,
exam-wp-written-vs-practical,学科・実技の違いと対策,学科試験と実技試験の違いと対策の分け方,学科試験と実技試験の違いと対策の分け方について、FP3級受験者向けに公式情報の確認方法と学習の進め方を整理します。,学科試験と実技試験の違いと対策の分け方について、受験を検討・準備中の方が迷いやすい点を整理します。公式情報を優先し、このサイトの演習・用語解説と組み合わせて学習を進めてください。,,30,学科;実技;FP3級,FP3級マスター編集部,資格学習サイトの編集チーム,公式情報確認担当,公開前に一次情報との照合を行う担当者,2026-06-09,日本FP協会（公式）|https://www.jafp.or.jp/,fp3_article_titles.csv から取り込み（2026-06-09）。本文は執筆前のカタログ行。,本記事を読むと、学科試験と実技試験の違いと対策の分け方について公式情報で確認すべき点と学習の進め方が分かります。,公式サイトで最新情報を確認する;関連分野の演習に取り組む;用語解説で弱点を補強する,試験要項・制度改正時に本文と参照元を見直します。,2026-06-09,2026-07-09,2026-06-09,draft,カタログ取り込み（2026-06-09）。公開前に本文を全面リライトしてください。,学科試験と実技試験の違い,本記事は現在執筆中です。公開時に、学科試験と実技試験の違いについて公式情報を確認したうえで受験者が迷いやすい点を整理します。制度の数値や期限は、試験実施団体の最新の受験案内で必ず確認してください。それまでの間は、同じカテゴリの他記事やこのサイトの過去問・用語解説を活用してください。,選び方と受験の組み合わせ,本記事は現在執筆中です。公開時に、選び方と受験の組み合わせについて公式情報を確認したうえで受験者が迷いやすい点を整理します。制度の数値や期限は、試験実施団体の最新の受験案内で必ず確認してください。それまでの間は、同じカテゴリの他記事やこのサイトの過去問・用語解説を活用してください。,実技試験の対策の進め方,本記事は現在執筆中です。公開時に、実技試験の対策の進め方について公式情報を確認したうえで受験者が迷いやすい点を整理します。制度の数値や期限は、試験実施団体の最新の受験案内で必ず確認してください。それまでの間は、同じカテゴリの他記事やこのサイトの過去問・用語解説を活用してください。,落ちやすいパターン,本記事は現在執筆中です。公開時に、落ちやすいパターンについて公式情報を確認したうえで受験者が迷いやすい点を整理します。制度の数値や期限は、試験実施団体の最新の受験案内で必ず確認してください。それまでの間は、同じカテゴリの他記事やこのサイトの過去問・用語解説を活用してください。,次に確認すること,本記事は現在執筆中です。公開時に、次に確認することについて公式情報を確認したうえで受験者が迷いやすい点を整理します。制度の数値や期限は、試験実施団体の最新の受験案内で必ず確認してください。それまでの間は、同じカテゴリの他記事やこのサイトの過去問・用語解説を活用してください。,,,,,学科試験と実技試験の違いと対策の分け方について最初に確認することは？,試験実施団体の公式サイトで最新の受験案内・出題範囲を確認してください。数値や期限は年度で変わることがあります。,このサイトではどう学習を進めればよいですか？,過去問・実践演習で弱点を見つけ、用語解説で理解を深め、間違えた問題は復習リストに残して解き直してください。,exam-wp-practical-exam-choice:実技試験（日本FP協会・きんざい）の選び方;exam-wp-kinyu-personal-asset:きんざい実技「個人資産相談業務」の対策,
exam-wp-practical-exam-choice,学科・実技の違いと対策,実技試験（日本FP協会・きんざい）の選び方,実技試験（日本FP協会・きんざい）の選び方について、FP3級受験者向けに公式情報の確認方法と学習の進め方を整理します。,実技試験（日本FP協会・きんざい）の選び方について、受験を検討・準備中の方が迷いやすい点を整理します。公式情報を優先し、このサイトの演習・用語解説と組み合わせて学習を進めてください。,,31,学科;実技;FP3級,FP3級マスター編集部,資格学習サイトの編集チーム,公式情報確認担当,公開前に一次情報との照合を行う担当者,2026-06-09,日本FP協会（公式）|https://www.jafp.or.jp/,fp3_article_titles.csv から取り込み（2026-06-09）。本文は執筆前のカタログ行。,本記事を読むと、実技試験（日本FP協会・きんざい）の選び方について公式情報で確認すべき点と学習の進め方が分かります。,公式サイトで最新情報を確認する;関連分野の演習に取り組む;用語解説で弱点を補強する,試験要項・制度改正時に本文と参照元を見直します。,2026-06-09,2026-07-09,2026-06-09,draft,カタログ取り込み（2026-06-09）。公開前に本文を全面リライトしてください。,学科試験と実技試験の違い,本記事は現在執筆中です。公開時に、学科試験と実技試験の違いについて公式情報を確認したうえで受験者が迷いやすい点を整理します。制度の数値や期限は、試験実施団体の最新の受験案内で必ず確認してください。それまでの間は、同じカテゴリの他記事やこのサイトの過去問・用語解説を活用してください。,選び方と受験の組み合わせ,本記事は現在執筆中です。公開時に、選び方と受験の組み合わせについて公式情報を確認したうえで受験者が迷いやすい点を整理します。制度の数値や期限は、試験実施団体の最新の受験案内で必ず確認してください。それまでの間は、同じカテゴリの他記事やこのサイトの過去問・用語解説を活用してください。,実技試験の対策の進め方,本記事は現在執筆中です。公開時に、実技試験の対策の進め方について公式情報を確認したうえで受験者が迷いやすい点を整理します。制度の数値や期限は、試験実施団体の最新の受験案内で必ず確認してください。それまでの間は、同じカテゴリの他記事やこのサイトの過去問・用語解説を活用してください。,落ちやすいパターン,本記事は現在執筆中です。公開時に、落ちやすいパターンについて公式情報を確認したうえで受験者が迷いやすい点を整理します。制度の数値や期限は、試験実施団体の最新の受験案内で必ず確認してください。それまでの間は、同じカテゴリの他記事やこのサイトの過去問・用語解説を活用してください。,次に確認すること,本記事は現在執筆中です。公開時に、次に確認することについて公式情報を確認したうえで受験者が迷いやすい点を整理します。制度の数値や期限は、試験実施団体の最新の受験案内で必ず確認してください。それまでの間は、同じカテゴリの他記事やこのサイトの過去問・用語解説を活用してください。,,,,,実技試験（日本FP協会・きんざい）の選び方について最初に確認することは？,試験実施団体の公式サイトで最新の受験案内・出題範囲を確認してください。数値や期限は年度で変わることがあります。,このサイトではどう学習を進めればよいですか？,過去問・実践演習で弱点を見つけ、用語解説で理解を深め、間違えた問題は復習リストに残して解き直してください。,exam-wp-written-vs-practical:学科試験と実技試験の違いと対策の分け方;exam-wp-kinyu-personal-asset:きんざい実技「個人資産相談業務」の対策,
exam-wp-kinyu-personal-asset,学科・実技の違いと対策,きんざい実技「個人資産相談業務」の対策,きんざい実技「個人資産相談業務」の対策について、FP3級受験者向けに公式情報の確認方法と学習の進め方を整理します。,きんざい実技「個人資産相談業務」の対策について、受験を検討・準備中の方が迷いやすい点を整理します。公式情報を優先し、このサイトの演習・用語解説と組み合わせて学習を進めてください。,,32,学科;実技;FP3級,FP3級マスター編集部,資格学習サイトの編集チーム,公式情報確認担当,公開前に一次情報との照合を行う担当者,2026-06-09,日本FP協会（公式）|https://www.jafp.or.jp/,fp3_article_titles.csv から取り込み（2026-06-09）。本文は執筆前のカタログ行。,本記事を読むと、きんざい実技「個人資産相談業務」の対策について公式情報で確認すべき点と学習の進め方が分かります。,公式サイトで最新情報を確認する;関連分野の演習に取り組む;用語解説で弱点を補強する,試験要項・制度改正時に本文と参照元を見直します。,2026-06-09,2026-07-09,2026-06-09,draft,カタログ取り込み（2026-06-09）。公開前に本文を全面リライトしてください。,学科試験と実技試験の違い,本記事は現在執筆中です。公開時に、学科試験と実技試験の違いについて公式情報を確認したうえで受験者が迷いやすい点を整理します。制度の数値や期限は、試験実施団体の最新の受験案内で必ず確認してください。それまでの間は、同じカテゴリの他記事やこのサイトの過去問・用語解説を活用してください。,選び方と受験の組み合わせ,本記事は現在執筆中です。公開時に、選び方と受験の組み合わせについて公式情報を確認したうえで受験者が迷いやすい点を整理します。制度の数値や期限は、試験実施団体の最新の受験案内で必ず確認してください。それまでの間は、同じカテゴリの他記事やこのサイトの過去問・用語解説を活用してください。,実技試験の対策の進め方,本記事は現在執筆中です。公開時に、実技試験の対策の進め方について公式情報を確認したうえで受験者が迷いやすい点を整理します。制度の数値や期限は、試験実施団体の最新の受験案内で必ず確認してください。それまでの間は、同じカテゴリの他記事やこのサイトの過去問・用語解説を活用してください。,落ちやすいパターン,本記事は現在執筆中です。公開時に、落ちやすいパターンについて公式情報を確認したうえで受験者が迷いやすい点を整理します。制度の数値や期限は、試験実施団体の最新の受験案内で必ず確認してください。それまでの間は、同じカテゴリの他記事やこのサイトの過去問・用語解説を活用してください。,次に確認すること,本記事は現在執筆中です。公開時に、次に確認することについて公式情報を確認したうえで受験者が迷いやすい点を整理します。制度の数値や期限は、試験実施団体の最新の受験案内で必ず確認してください。それまでの間は、同じカテゴリの他記事やこのサイトの過去問・用語解説を活用してください。,,,,,きんざい実技「個人資産相談業務」の対策について最初に確認することは？,試験実施団体の公式サイトで最新の受験案内・出題範囲を確認してください。数値や期限は年度で変わることがあります。,このサイトではどう学習を進めればよいですか？,過去問・実践演習で弱点を見つけ、用語解説で理解を深め、間違えた問題は復習リストに残して解き直してください。,exam-wp-written-vs-practical:学科試験と実技試験の違いと対策の分け方;exam-wp-practical-exam-choice:実技試験（日本FP協会・きんざい）の選び方,
exam-wp-kinyu-hoken-consult,学科・実技の違いと対策,きんざい実技「保険顧客資産相談業務」の対策,きんざい実技「保険顧客資産相談業務」の対策について、FP3級受験者向けに公式情報の確認方法と学習の進め方を整理します。,きんざい実技「保険顧客資産相談業務」の対策について、受験を検討・準備中の方が迷いやすい点を整理します。公式情報を優先し、このサイトの演習・用語解説と組み合わせて学習を進めてください。,,33,学科;実技;FP3級,FP3級マスター編集部,資格学習サイトの編集チーム,公式情報確認担当,公開前に一次情報との照合を行う担当者,2026-06-09,日本FP協会（公式）|https://www.jafp.or.jp/,fp3_article_titles.csv から取り込み（2026-06-09）。本文は執筆前のカタログ行。,本記事を読むと、きんざい実技「保険顧客資産相談業務」の対策について公式情報で確認すべき点と学習の進め方が分かります。,公式サイトで最新情報を確認する;関連分野の演習に取り組む;用語解説で弱点を補強する,試験要項・制度改正時に本文と参照元を見直します。,2026-06-09,2026-07-09,2026-06-09,draft,カタログ取り込み（2026-06-09）。公開前に本文を全面リライトしてください。,学科試験と実技試験の違い,本記事は現在執筆中です。公開時に、学科試験と実技試験の違いについて公式情報を確認したうえで受験者が迷いやすい点を整理します。制度の数値や期限は、試験実施団体の最新の受験案内で必ず確認してください。それまでの間は、同じカテゴリの他記事やこのサイトの過去問・用語解説を活用してください。,選び方と受験の組み合わせ,本記事は現在執筆中です。公開時に、選び方と受験の組み合わせについて公式情報を確認したうえで受験者が迷いやすい点を整理します。制度の数値や期限は、試験実施団体の最新の受験案内で必ず確認してください。それまでの間は、同じカテゴリの他記事やこのサイトの過去問・用語解説を活用してください。,実技試験の対策の進め方,本記事は現在執筆中です。公開時に、実技試験の対策の進め方について公式情報を確認したうえで受験者が迷いやすい点を整理します。制度の数値や期限は、試験実施団体の最新の受験案内で必ず確認してください。それまでの間は、同じカテゴリの他記事やこのサイトの過去問・用語解説を活用してください。,落ちやすいパターン,本記事は現在執筆中です。公開時に、落ちやすいパターンについて公式情報を確認したうえで受験者が迷いやすい点を整理します。制度の数値や期限は、試験実施団体の最新の受験案内で必ず確認してください。それまでの間は、同じカテゴリの他記事やこのサイトの過去問・用語解説を活用してください。,次に確認すること,本記事は現在執筆中です。公開時に、次に確認することについて公式情報を確認したうえで受験者が迷いやすい点を整理します。制度の数値や期限は、試験実施団体の最新の受験案内で必ず確認してください。それまでの間は、同じカテゴリの他記事やこのサイトの過去問・用語解説を活用してください。,,,,,きんざい実技「保険顧客資産相談業務」の対策について最初に確認することは？,試験実施団体の公式サイトで最新の受験案内・出題範囲を確認してください。数値や期限は年度で変わることがあります。,このサイトではどう学習を進めればよいですか？,過去問・実践演習で弱点を見つけ、用語解説で理解を深め、間違えた問題は復習リストに残して解き直してください。,exam-wp-written-vs-practical:学科試験と実技試験の違いと対策の分け方;exam-wp-practical-exam-choice:実技試験（日本FP協会・きんざい）の選び方,
exam-wp-jafp-asset-design,学科・実技の違いと対策,日本FP協会実技「資産設計提案業務」の対策,日本FP協会実技「資産設計提案業務」の対策について、FP3級受験者向けに公式情報の確認方法と学習の進め方を整理します。,日本FP協会実技「資産設計提案業務」の対策について、受験を検討・準備中の方が迷いやすい点を整理します。公式情報を優先し、このサイトの演習・用語解説と組み合わせて学習を進めてください。,,34,学科;実技;FP3級,FP3級マスター編集部,資格学習サイトの編集チーム,公式情報確認担当,公開前に一次情報との照合を行う担当者,2026-06-09,日本FP協会（公式）|https://www.jafp.or.jp/,fp3_article_titles.csv から取り込み（2026-06-09）。本文は執筆前のカタログ行。,本記事を読むと、日本FP協会実技「資産設計提案業務」の対策について公式情報で確認すべき点と学習の進め方が分かります。,公式サイトで最新情報を確認する;関連分野の演習に取り組む;用語解説で弱点を補強する,試験要項・制度改正時に本文と参照元を見直します。,2026-06-09,2026-07-09,2026-06-09,draft,カタログ取り込み（2026-06-09）。公開前に本文を全面リライトしてください。,学科試験と実技試験の違い,本記事は現在執筆中です。公開時に、学科試験と実技試験の違いについて公式情報を確認したうえで受験者が迷いやすい点を整理します。制度の数値や期限は、試験実施団体の最新の受験案内で必ず確認してください。それまでの間は、同じカテゴリの他記事やこのサイトの過去問・用語解説を活用してください。,選び方と受験の組み合わせ,本記事は現在執筆中です。公開時に、選び方と受験の組み合わせについて公式情報を確認したうえで受験者が迷いやすい点を整理します。制度の数値や期限は、試験実施団体の最新の受験案内で必ず確認してください。それまでの間は、同じカテゴリの他記事やこのサイトの過去問・用語解説を活用してください。,実技試験の対策の進め方,本記事は現在執筆中です。公開時に、実技試験の対策の進め方について公式情報を確認したうえで受験者が迷いやすい点を整理します。制度の数値や期限は、試験実施団体の最新の受験案内で必ず確認してください。それまでの間は、同じカテゴリの他記事やこのサイトの過去問・用語解説を活用してください。,落ちやすいパターン,本記事は現在執筆中です。公開時に、落ちやすいパターンについて公式情報を確認したうえで受験者が迷いやすい点を整理します。制度の数値や期限は、試験実施団体の最新の受験案内で必ず確認してください。それまでの間は、同じカテゴリの他記事やこのサイトの過去問・用語解説を活用してください。,次に確認すること,本記事は現在執筆中です。公開時に、次に確認することについて公式情報を確認したうえで受験者が迷いやすい点を整理します。制度の数値や期限は、試験実施団体の最新の受験案内で必ず確認してください。それまでの間は、同じカテゴリの他記事やこのサイトの過去問・用語解説を活用してください。,,,,,日本FP協会実技「資産設計提案業務」の対策について最初に確認することは？,試験実施団体の公式サイトで最新の受験案内・出題範囲を確認してください。数値や期限は年度で変わることがあります。,このサイトではどう学習を進めればよいですか？,過去問・実践演習で弱点を見つけ、用語解説で理解を深め、間違えた問題は復習リストに残して解き直してください。,exam-wp-written-vs-practical:学科試験と実技試験の違いと対策の分け方;exam-wp-practical-exam-choice:実技試験（日本FP協会・きんざい）の選び方,
exam-wp-practical-fail-patterns,学科・実技の違いと対策,実技試験で落ちやすいパターンと対策,実技試験で落ちやすいパターンと対策について、FP3級受験者向けに公式情報の確認方法と学習の進め方を整理します。,実技試験で落ちやすいパターンと対策について、受験を検討・準備中の方が迷いやすい点を整理します。公式情報を優先し、このサイトの演習・用語解説と組み合わせて学習を進めてください。,,35,学科;実技;FP3級,FP3級マスター編集部,資格学習サイトの編集チーム,公式情報確認担当,公開前に一次情報との照合を行う担当者,2026-06-09,日本FP協会（公式）|https://www.jafp.or.jp/,fp3_article_titles.csv から取り込み（2026-06-09）。本文は執筆前のカタログ行。,本記事を読むと、実技試験で落ちやすいパターンと対策について公式情報で確認すべき点と学習の進め方が分かります。,公式サイトで最新情報を確認する;関連分野の演習に取り組む;用語解説で弱点を補強する,試験要項・制度改正時に本文と参照元を見直します。,2026-06-09,2026-07-09,2026-06-09,draft,カタログ取り込み（2026-06-09）。公開前に本文を全面リライトしてください。,学科試験と実技試験の違い,本記事は現在執筆中です。公開時に、学科試験と実技試験の違いについて公式情報を確認したうえで受験者が迷いやすい点を整理します。制度の数値や期限は、試験実施団体の最新の受験案内で必ず確認してください。それまでの間は、同じカテゴリの他記事やこのサイトの過去問・用語解説を活用してください。,選び方と受験の組み合わせ,本記事は現在執筆中です。公開時に、選び方と受験の組み合わせについて公式情報を確認したうえで受験者が迷いやすい点を整理します。制度の数値や期限は、試験実施団体の最新の受験案内で必ず確認してください。それまでの間は、同じカテゴリの他記事やこのサイトの過去問・用語解説を活用してください。,実技試験の対策の進め方,本記事は現在執筆中です。公開時に、実技試験の対策の進め方について公式情報を確認したうえで受験者が迷いやすい点を整理します。制度の数値や期限は、試験実施団体の最新の受験案内で必ず確認してください。それまでの間は、同じカテゴリの他記事やこのサイトの過去問・用語解説を活用してください。,落ちやすいパターン,本記事は現在執筆中です。公開時に、落ちやすいパターンについて公式情報を確認したうえで受験者が迷いやすい点を整理します。制度の数値や期限は、試験実施団体の最新の受験案内で必ず確認してください。それまでの間は、同じカテゴリの他記事やこのサイトの過去問・用語解説を活用してください。,次に確認すること,本記事は現在執筆中です。公開時に、次に確認することについて公式情報を確認したうえで受験者が迷いやすい点を整理します。制度の数値や期限は、試験実施団体の最新の受験案内で必ず確認してください。それまでの間は、同じカテゴリの他記事やこのサイトの過去問・用語解説を活用してください。,,,,,実技試験で落ちやすいパターンと対策について最初に確認することは？,試験実施団体の公式サイトで最新の受験案内・出題範囲を確認してください。数値や期限は年度で変わることがあります。,このサイトではどう学習を進めればよいですか？,過去問・実践演習で弱点を見つけ、用語解説で理解を深め、間違えた問題は復習リストに残して解き直してください。,exam-wp-written-vs-practical:学科試験と実技試験の違いと対策の分け方;exam-wp-practical-exam-choice:実技試験（日本FP協会・きんざい）の選び方,
exam-wp-written-pass-practical-fail,学科・実技の違いと対策,学科は合格・実技は不合格だった場合の対処法,学科は合格・実技は不合格だった場合の対処法について、FP3級受験者向けに公式情報の確認方法と学習の進め方を整理します。,学科は合格・実技は不合格だった場合の対処法について、受験を検討・準備中の方が迷いやすい点を整理します。公式情報を優先し、このサイトの演習・用語解説と組み合わせて学習を進めてください。,,36,学科;実技;FP3級,FP3級マスター編集部,資格学習サイトの編集チーム,公式情報確認担当,公開前に一次情報との照合を行う担当者,2026-06-09,日本FP協会（公式）|https://www.jafp.or.jp/,fp3_article_titles.csv から取り込み（2026-06-09）。本文は執筆前のカタログ行。,本記事を読むと、学科は合格・実技は不合格だった場合の対処法について公式情報で確認すべき点と学習の進め方が分かります。,公式サイトで最新情報を確認する;関連分野の演習に取り組む;用語解説で弱点を補強する,試験要項・制度改正時に本文と参照元を見直します。,2026-06-09,2026-07-09,2026-06-09,draft,カタログ取り込み（2026-06-09）。公開前に本文を全面リライトしてください。,学科試験と実技試験の違い,本記事は現在執筆中です。公開時に、学科試験と実技試験の違いについて公式情報を確認したうえで受験者が迷いやすい点を整理します。制度の数値や期限は、試験実施団体の最新の受験案内で必ず確認してください。それまでの間は、同じカテゴリの他記事やこのサイトの過去問・用語解説を活用してください。,選び方と受験の組み合わせ,本記事は現在執筆中です。公開時に、選び方と受験の組み合わせについて公式情報を確認したうえで受験者が迷いやすい点を整理します。制度の数値や期限は、試験実施団体の最新の受験案内で必ず確認してください。それまでの間は、同じカテゴリの他記事やこのサイトの過去問・用語解説を活用してください。,実技試験の対策の進め方,本記事は現在執筆中です。公開時に、実技試験の対策の進め方について公式情報を確認したうえで受験者が迷いやすい点を整理します。制度の数値や期限は、試験実施団体の最新の受験案内で必ず確認してください。それまでの間は、同じカテゴリの他記事やこのサイトの過去問・用語解説を活用してください。,落ちやすいパターン,本記事は現在執筆中です。公開時に、落ちやすいパターンについて公式情報を確認したうえで受験者が迷いやすい点を整理します。制度の数値や期限は、試験実施団体の最新の受験案内で必ず確認してください。それまでの間は、同じカテゴリの他記事やこのサイトの過去問・用語解説を活用してください。,次に確認すること,本記事は現在執筆中です。公開時に、次に確認することについて公式情報を確認したうえで受験者が迷いやすい点を整理します。制度の数値や期限は、試験実施団体の最新の受験案内で必ず確認してください。それまでの間は、同じカテゴリの他記事やこのサイトの過去問・用語解説を活用してください。,,,,,学科は合格・実技は不合格だった場合の対処法について最初に確認することは？,試験実施団体の公式サイトで最新の受験案内・出題範囲を確認してください。数値や期限は年度で変わることがあります。,このサイトではどう学習を進めればよいですか？,過去問・実践演習で弱点を見つけ、用語解説で理解を深め、間違えた問題は復習リストに残して解き直してください。,exam-wp-written-vs-practical:学科試験と実技試験の違いと対策の分け方;exam-wp-practical-exam-choice:実技試験（日本FP協会・きんざい）の選び方,
exam-wp-practical-past-questions,学科・実技の違いと対策,実技試験の過去問の探し方と活用法,実技試験の過去問の探し方と活用法について、FP3級受験者向けに公式情報の確認方法と学習の進め方を整理します。,実技試験の過去問の探し方と活用法について、受験を検討・準備中の方が迷いやすい点を整理します。公式情報を優先し、このサイトの演習・用語解説と組み合わせて学習を進めてください。,,37,学科;実技;FP3級,FP3級マスター編集部,資格学習サイトの編集チーム,公式情報確認担当,公開前に一次情報との照合を行う担当者,2026-06-09,日本FP協会（公式）|https://www.jafp.or.jp/,fp3_article_titles.csv から取り込み（2026-06-09）。本文は執筆前のカタログ行。,本記事を読むと、実技試験の過去問の探し方と活用法について公式情報で確認すべき点と学習の進め方が分かります。,公式サイトで最新情報を確認する;関連分野の演習に取り組む;用語解説で弱点を補強する,試験要項・制度改正時に本文と参照元を見直します。,2026-06-09,2026-07-09,2026-06-09,draft,カタログ取り込み（2026-06-09）。公開前に本文を全面リライトしてください。,学科試験と実技試験の違い,本記事は現在執筆中です。公開時に、学科試験と実技試験の違いについて公式情報を確認したうえで受験者が迷いやすい点を整理します。制度の数値や期限は、試験実施団体の最新の受験案内で必ず確認してください。それまでの間は、同じカテゴリの他記事やこのサイトの過去問・用語解説を活用してください。,選び方と受験の組み合わせ,本記事は現在執筆中です。公開時に、選び方と受験の組み合わせについて公式情報を確認したうえで受験者が迷いやすい点を整理します。制度の数値や期限は、試験実施団体の最新の受験案内で必ず確認してください。それまでの間は、同じカテゴリの他記事やこのサイトの過去問・用語解説を活用してください。,実技試験の対策の進め方,本記事は現在執筆中です。公開時に、実技試験の対策の進め方について公式情報を確認したうえで受験者が迷いやすい点を整理します。制度の数値や期限は、試験実施団体の最新の受験案内で必ず確認してください。それまでの間は、同じカテゴリの他記事やこのサイトの過去問・用語解説を活用してください。,落ちやすいパターン,本記事は現在執筆中です。公開時に、落ちやすいパターンについて公式情報を確認したうえで受験者が迷いやすい点を整理します。制度の数値や期限は、試験実施団体の最新の受験案内で必ず確認してください。それまでの間は、同じカテゴリの他記事やこのサイトの過去問・用語解説を活用してください。,次に確認すること,本記事は現在執筆中です。公開時に、次に確認することについて公式情報を確認したうえで受験者が迷いやすい点を整理します。制度の数値や期限は、試験実施団体の最新の受験案内で必ず確認してください。それまでの間は、同じカテゴリの他記事やこのサイトの過去問・用語解説を活用してください。,,,,,実技試験の過去問の探し方と活用法について最初に確認することは？,試験実施団体の公式サイトで最新の受験案内・出題範囲を確認してください。数値や期限は年度で変わることがあります。,このサイトではどう学習を進めればよいですか？,過去問・実践演習で弱点を見つけ、用語解説で理解を深め、間違えた問題は復習リストに残して解き直してください。,exam-wp-written-vs-practical:学科試験と実技試験の違いと対策の分け方;exam-wp-practical-exam-choice:実技試験（日本FP協会・きんざい）の選び方,
compare-jafp-vs-kinyu,比較・選択系,日本FP協会ときんざいの違い・どちらで受験すべきか,日本FP協会ときんざいの違い・どちらで受験すべきかについて、FP3級受験者向けに公式情報の確認方法と学習の進め方を整理します。,日本FP協会ときんざいの違い・どちらで受験すべきかについて、受験を検討・準備中の方が迷いやすい点を整理します。公式情報を優先し、このサイトの演習・用語解説と組み合わせて学習を進めてください。,,40,比較;選択;FP3級,FP3級マスター編集部,資格学習サイトの編集チーム,公式情報確認担当,公開前に一次情報との照合を行う担当者,2026-06-09,日本FP協会（公式）|https://www.jafp.or.jp/,fp3_article_titles.csv から取り込み（2026-06-09）。本文は執筆前のカタログ行。,本記事を読むと、日本FP協会ときんざいの違い・どちらで受験すべきかについて公式情報で確認すべき点と学習の進め方が分かります。,公式サイトで最新情報を確認する;関連分野の演習に取り組む;用語解説で弱点を補強する,試験要項・制度改正時に本文と参照元を見直します。,2026-06-09,2026-07-09,2026-06-09,draft,カタログ取り込み（2026-06-09）。公開前に本文を全面リライトしてください。,比較のポイント,本記事は現在執筆中です。公開時に、比較のポイントについて公式情報を確認したうえで受験者が迷いやすい点を整理します。制度の数値や期限は、試験実施団体の最新の受験案内で必ず確認してください。それまでの間は、同じカテゴリの他記事やこのサイトの過去問・用語解説を活用してください。,それぞれの特徴,本記事は現在執筆中です。公開時に、それぞれの特徴について公式情報を確認したうえで受験者が迷いやすい点を整理します。制度の数値や期限は、試験実施団体の最新の受験案内で必ず確認してください。それまでの間は、同じカテゴリの他記事やこのサイトの過去問・用語解説を活用してください。,FP3級受験者へのおすすめ,本記事は現在執筆中です。公開時に、FP3級受験者へのおすすめについて公式情報を確認したうえで受験者が迷いやすい点を整理します。制度の数値や期限は、試験実施団体の最新の受験案内で必ず確認してください。それまでの間は、同じカテゴリの他記事やこのサイトの過去問・用語解説を活用してください。,学習への影響,本記事は現在執筆中です。公開時に、学習への影響について公式情報を確認したうえで受験者が迷いやすい点を整理します。制度の数値や期限は、試験実施団体の最新の受験案内で必ず確認してください。それまでの間は、同じカテゴリの他記事やこのサイトの過去問・用語解説を活用してください。,判断のまとめ,本記事は現在執筆中です。公開時に、判断のまとめについて公式情報を確認したうえで受験者が迷いやすい点を整理します。制度の数値や期限は、試験実施団体の最新の受験案内で必ず確認してください。それまでの間は、同じカテゴリの他記事やこのサイトの過去問・用語解説を活用してください。,,,,,日本FP協会ときんざいの違い・どちらで受験すべきかについて最初に確認することは？,試験実施団体の公式サイトで最新の受験案内・出題範囲を確認してください。数値や期限は年度で変わることがあります。,このサイトではどう学習を進めればよいですか？,過去問・実践演習で弱点を見つけ、用語解説で理解を深め、間違えた問題は復習リストに残して解き直してください。,compare-self-study-vs-correspondence:独学と通信講座の費用・合格率の実際の差;compare-past-questions-only:テキストなしで過去問だけで合格できるか,
compare-self-study-vs-correspondence,比較・選択系,独学と通信講座の費用・合格率の実際の差,独学と通信講座の費用・合格率の実際の差について、FP3級受験者向けに公式情報の確認方法と学習の進め方を整理します。,独学と通信講座の費用・合格率の実際の差について、受験を検討・準備中の方が迷いやすい点を整理します。公式情報を優先し、このサイトの演習・用語解説と組み合わせて学習を進めてください。,,41,比較;選択;FP3級,FP3級マスター編集部,資格学習サイトの編集チーム,公式情報確認担当,公開前に一次情報との照合を行う担当者,2026-06-09,日本FP協会（公式）|https://www.jafp.or.jp/,fp3_article_titles.csv から取り込み（2026-06-09）。本文は執筆前のカタログ行。,本記事を読むと、独学と通信講座の費用・合格率の実際の差について公式情報で確認すべき点と学習の進め方が分かります。,公式サイトで最新情報を確認する;関連分野の演習に取り組む;用語解説で弱点を補強する,試験要項・制度改正時に本文と参照元を見直します。,2026-06-09,2026-07-09,2026-06-09,draft,カタログ取り込み（2026-06-09）。公開前に本文を全面リライトしてください。,比較のポイント,本記事は現在執筆中です。公開時に、比較のポイントについて公式情報を確認したうえで受験者が迷いやすい点を整理します。制度の数値や期限は、試験実施団体の最新の受験案内で必ず確認してください。それまでの間は、同じカテゴリの他記事やこのサイトの過去問・用語解説を活用してください。,それぞれの特徴,本記事は現在執筆中です。公開時に、それぞれの特徴について公式情報を確認したうえで受験者が迷いやすい点を整理します。制度の数値や期限は、試験実施団体の最新の受験案内で必ず確認してください。それまでの間は、同じカテゴリの他記事やこのサイトの過去問・用語解説を活用してください。,FP3級受験者へのおすすめ,本記事は現在執筆中です。公開時に、FP3級受験者へのおすすめについて公式情報を確認したうえで受験者が迷いやすい点を整理します。制度の数値や期限は、試験実施団体の最新の受験案内で必ず確認してください。それまでの間は、同じカテゴリの他記事やこのサイトの過去問・用語解説を活用してください。,学習への影響,本記事は現在執筆中です。公開時に、学習への影響について公式情報を確認したうえで受験者が迷いやすい点を整理します。制度の数値や期限は、試験実施団体の最新の受験案内で必ず確認してください。それまでの間は、同じカテゴリの他記事やこのサイトの過去問・用語解説を活用してください。,判断のまとめ,本記事は現在執筆中です。公開時に、判断のまとめについて公式情報を確認したうえで受験者が迷いやすい点を整理します。制度の数値や期限は、試験実施団体の最新の受験案内で必ず確認してください。それまでの間は、同じカテゴリの他記事やこのサイトの過去問・用語解説を活用してください。,,,,,独学と通信講座の費用・合格率の実際の差について最初に確認することは？,試験実施団体の公式サイトで最新の受験案内・出題範囲を確認してください。数値や期限は年度で変わることがあります。,このサイトではどう学習を進めればよいですか？,過去問・実践演習で弱点を見つけ、用語解説で理解を深め、間違えた問題は復習リストに残して解き直してください。,compare-jafp-vs-kinyu:日本FP協会ときんざいの違い・どちらで受験すべき;compare-past-questions-only:テキストなしで過去問だけで合格できるか,
compare-past-questions-only,比較・選択系,テキストなしで過去問だけで合格できるか,テキストなしで過去問だけで合格できるかについて、FP3級受験者向けに公式情報の確認方法と学習の進め方を整理します。,テキストなしで過去問だけで合格できるかについて、受験を検討・準備中の方が迷いやすい点を整理します。公式情報を優先し、このサイトの演習・用語解説と組み合わせて学習を進めてください。,,42,比較;選択;FP3級,FP3級マスター編集部,資格学習サイトの編集チーム,公式情報確認担当,公開前に一次情報との照合を行う担当者,2026-06-09,日本FP協会（公式）|https://www.jafp.or.jp/,fp3_article_titles.csv から取り込み（2026-06-09）。本文は執筆前のカタログ行。,本記事を読むと、テキストなしで過去問だけで合格できるかについて公式情報で確認すべき点と学習の進め方が分かります。,公式サイトで最新情報を確認する;関連分野の演習に取り組む;用語解説で弱点を補強する,試験要項・制度改正時に本文と参照元を見直します。,2026-06-09,2026-07-09,2026-06-09,draft,カタログ取り込み（2026-06-09）。公開前に本文を全面リライトしてください。,比較のポイント,本記事は現在執筆中です。公開時に、比較のポイントについて公式情報を確認したうえで受験者が迷いやすい点を整理します。制度の数値や期限は、試験実施団体の最新の受験案内で必ず確認してください。それまでの間は、同じカテゴリの他記事やこのサイトの過去問・用語解説を活用してください。,それぞれの特徴,本記事は現在執筆中です。公開時に、それぞれの特徴について公式情報を確認したうえで受験者が迷いやすい点を整理します。制度の数値や期限は、試験実施団体の最新の受験案内で必ず確認してください。それまでの間は、同じカテゴリの他記事やこのサイトの過去問・用語解説を活用してください。,FP3級受験者へのおすすめ,本記事は現在執筆中です。公開時に、FP3級受験者へのおすすめについて公式情報を確認したうえで受験者が迷いやすい点を整理します。制度の数値や期限は、試験実施団体の最新の受験案内で必ず確認してください。それまでの間は、同じカテゴリの他記事やこのサイトの過去問・用語解説を活用してください。,学習への影響,本記事は現在執筆中です。公開時に、学習への影響について公式情報を確認したうえで受験者が迷いやすい点を整理します。制度の数値や期限は、試験実施団体の最新の受験案内で必ず確認してください。それまでの間は、同じカテゴリの他記事やこのサイトの過去問・用語解説を活用してください。,判断のまとめ,本記事は現在執筆中です。公開時に、判断のまとめについて公式情報を確認したうえで受験者が迷いやすい点を整理します。制度の数値や期限は、試験実施団体の最新の受験案内で必ず確認してください。それまでの間は、同じカテゴリの他記事やこのサイトの過去問・用語解説を活用してください。,,,,,テキストなしで過去問だけで合格できるかについて最初に確認することは？,試験実施団体の公式サイトで最新の受験案内・出題範囲を確認してください。数値や期限は年度で変わることがあります。,このサイトではどう学習を進めればよいですか？,過去問・実践演習で弱点を見つけ、用語解説で理解を深め、間違えた問題は復習リストに残して解き直してください。,compare-jafp-vs-kinyu:日本FP協会ときんざいの違い・どちらで受験すべき;compare-self-study-vs-correspondence:独学と通信講座の費用・合格率の実際の差,
compare-textbook-vs-app,比較・選択系,紙のテキストとアプリ・動画教材の使い分け,紙のテキストとアプリ・動画教材の使い分けについて、FP3級受験者向けに公式情報の確認方法と学習の進め方を整理します。,紙のテキストとアプリ・動画教材の使い分けについて、受験を検討・準備中の方が迷いやすい点を整理します。公式情報を優先し、このサイトの演習・用語解説と組み合わせて学習を進めてください。,,43,比較;選択;FP3級,FP3級マスター編集部,資格学習サイトの編集チーム,公式情報確認担当,公開前に一次情報との照合を行う担当者,2026-06-09,日本FP協会（公式）|https://www.jafp.or.jp/,fp3_article_titles.csv から取り込み（2026-06-09）。本文は執筆前のカタログ行。,本記事を読むと、紙のテキストとアプリ・動画教材の使い分けについて公式情報で確認すべき点と学習の進め方が分かります。,公式サイトで最新情報を確認する;関連分野の演習に取り組む;用語解説で弱点を補強する,試験要項・制度改正時に本文と参照元を見直します。,2026-06-09,2026-07-09,2026-06-09,draft,カタログ取り込み（2026-06-09）。公開前に本文を全面リライトしてください。,比較のポイント,本記事は現在執筆中です。公開時に、比較のポイントについて公式情報を確認したうえで受験者が迷いやすい点を整理します。制度の数値や期限は、試験実施団体の最新の受験案内で必ず確認してください。それまでの間は、同じカテゴリの他記事やこのサイトの過去問・用語解説を活用してください。,それぞれの特徴,本記事は現在執筆中です。公開時に、それぞれの特徴について公式情報を確認したうえで受験者が迷いやすい点を整理します。制度の数値や期限は、試験実施団体の最新の受験案内で必ず確認してください。それまでの間は、同じカテゴリの他記事やこのサイトの過去問・用語解説を活用してください。,FP3級受験者へのおすすめ,本記事は現在執筆中です。公開時に、FP3級受験者へのおすすめについて公式情報を確認したうえで受験者が迷いやすい点を整理します。制度の数値や期限は、試験実施団体の最新の受験案内で必ず確認してください。それまでの間は、同じカテゴリの他記事やこのサイトの過去問・用語解説を活用してください。,学習への影響,本記事は現在執筆中です。公開時に、学習への影響について公式情報を確認したうえで受験者が迷いやすい点を整理します。制度の数値や期限は、試験実施団体の最新の受験案内で必ず確認してください。それまでの間は、同じカテゴリの他記事やこのサイトの過去問・用語解説を活用してください。,判断のまとめ,本記事は現在執筆中です。公開時に、判断のまとめについて公式情報を確認したうえで受験者が迷いやすい点を整理します。制度の数値や期限は、試験実施団体の最新の受験案内で必ず確認してください。それまでの間は、同じカテゴリの他記事やこのサイトの過去問・用語解説を活用してください。,,,,,紙のテキストとアプリ・動画教材の使い分けについて最初に確認することは？,試験実施団体の公式サイトで最新の受験案内・出題範囲を確認してください。数値や期限は年度で変わることがあります。,このサイトではどう学習を進めればよいですか？,過去問・実践演習で弱点を見つけ、用語解説で理解を深め、間違えた問題は復習リストに残して解き直してください。,compare-jafp-vs-kinyu:日本FP協会ときんざいの違い・どちらで受験すべき;compare-self-study-vs-correspondence:独学と通信講座の費用・合格率の実際の差,
compare-one-shot-vs-retake,比較・選択系,1回で合格するのと複数回受験するのはどちらが現実的か,1回で合格するのと複数回受験するのはどちらが現実的かについて、FP3級受験者向けに公式情報の確認方法と学習の進め方を整理します。,1回で合格するのと複数回受験するのはどちらが現実的かについて、受験を検討・準備中の方が迷いやすい点を整理します。公式情報を優先し、このサイトの演習・用語解説と組み合わせて学習を進めてください。,,44,比較;選択;FP3級,FP3級マスター編集部,資格学習サイトの編集チーム,公式情報確認担当,公開前に一次情報との照合を行う担当者,2026-06-09,日本FP協会（公式）|https://www.jafp.or.jp/,fp3_article_titles.csv から取り込み（2026-06-09）。本文は執筆前のカタログ行。,本記事を読むと、1回で合格するのと複数回受験するのはどちらが現実的かについて公式情報で確認すべき点と学習の進め方が分かります。,公式サイトで最新情報を確認する;関連分野の演習に取り組む;用語解説で弱点を補強する,試験要項・制度改正時に本文と参照元を見直します。,2026-06-09,2026-07-09,2026-06-09,draft,カタログ取り込み（2026-06-09）。公開前に本文を全面リライトしてください。,比較のポイント,本記事は現在執筆中です。公開時に、比較のポイントについて公式情報を確認したうえで受験者が迷いやすい点を整理します。制度の数値や期限は、試験実施団体の最新の受験案内で必ず確認してください。それまでの間は、同じカテゴリの他記事やこのサイトの過去問・用語解説を活用してください。,それぞれの特徴,本記事は現在執筆中です。公開時に、それぞれの特徴について公式情報を確認したうえで受験者が迷いやすい点を整理します。制度の数値や期限は、試験実施団体の最新の受験案内で必ず確認してください。それまでの間は、同じカテゴリの他記事やこのサイトの過去問・用語解説を活用してください。,FP3級受験者へのおすすめ,本記事は現在執筆中です。公開時に、FP3級受験者へのおすすめについて公式情報を確認したうえで受験者が迷いやすい点を整理します。制度の数値や期限は、試験実施団体の最新の受験案内で必ず確認してください。それまでの間は、同じカテゴリの他記事やこのサイトの過去問・用語解説を活用してください。,学習への影響,本記事は現在執筆中です。公開時に、学習への影響について公式情報を確認したうえで受験者が迷いやすい点を整理します。制度の数値や期限は、試験実施団体の最新の受験案内で必ず確認してください。それまでの間は、同じカテゴリの他記事やこのサイトの過去問・用語解説を活用してください。,判断のまとめ,本記事は現在執筆中です。公開時に、判断のまとめについて公式情報を確認したうえで受験者が迷いやすい点を整理します。制度の数値や期限は、試験実施団体の最新の受験案内で必ず確認してください。それまでの間は、同じカテゴリの他記事やこのサイトの過去問・用語解説を活用してください。,,,,,1回で合格するのと複数回受験するのはどちらが現実的かについて最初に確認することは？,試験実施団体の公式サイトで最新の受験案内・出題範囲を確認してください。数値や期限は年度で変わることがあります。,このサイトではどう学習を進めればよいですか？,過去問・実践演習で弱点を見つけ、用語解説で理解を深め、間違えた問題は復習リストに残して解き直してください。,compare-jafp-vs-kinyu:日本FP協会ときんざいの違い・どちらで受験すべき;compare-self-study-vs-correspondence:独学と通信講座の費用・合格率の実際の差,
compare-fp3-vs-afp,比較・選択系,FP3級とAFP認定研修の違い,FP3級とAFP認定研修の違いについて、FP3級受験者向けに公式情報の確認方法と学習の進め方を整理します。,FP3級とAFP認定研修の違いについて、受験を検討・準備中の方が迷いやすい点を整理します。公式情報を優先し、このサイトの演習・用語解説と組み合わせて学習を進めてください。,,45,比較;選択;FP3級,FP3級マスター編集部,資格学習サイトの編集チーム,公式情報確認担当,公開前に一次情報との照合を行う担当者,2026-06-09,日本FP協会（公式）|https://www.jafp.or.jp/,fp3_article_titles.csv から取り込み（2026-06-09）。本文は執筆前のカタログ行。,本記事を読むと、FP3級とAFP認定研修の違いについて公式情報で確認すべき点と学習の進め方が分かります。,公式サイトで最新情報を確認する;関連分野の演習に取り組む;用語解説で弱点を補強する,試験要項・制度改正時に本文と参照元を見直します。,2026-06-09,2026-07-09,2026-06-09,draft,カタログ取り込み（2026-06-09）。公開前に本文を全面リライトしてください。,比較のポイント,本記事は現在執筆中です。公開時に、比較のポイントについて公式情報を確認したうえで受験者が迷いやすい点を整理します。制度の数値や期限は、試験実施団体の最新の受験案内で必ず確認してください。それまでの間は、同じカテゴリの他記事やこのサイトの過去問・用語解説を活用してください。,それぞれの特徴,本記事は現在執筆中です。公開時に、それぞれの特徴について公式情報を確認したうえで受験者が迷いやすい点を整理します。制度の数値や期限は、試験実施団体の最新の受験案内で必ず確認してください。それまでの間は、同じカテゴリの他記事やこのサイトの過去問・用語解説を活用してください。,FP3級受験者へのおすすめ,本記事は現在執筆中です。公開時に、FP3級受験者へのおすすめについて公式情報を確認したうえで受験者が迷いやすい点を整理します。制度の数値や期限は、試験実施団体の最新の受験案内で必ず確認してください。それまでの間は、同じカテゴリの他記事やこのサイトの過去問・用語解説を活用してください。,学習への影響,本記事は現在執筆中です。公開時に、学習への影響について公式情報を確認したうえで受験者が迷いやすい点を整理します。制度の数値や期限は、試験実施団体の最新の受験案内で必ず確認してください。それまでの間は、同じカテゴリの他記事やこのサイトの過去問・用語解説を活用してください。,判断のまとめ,本記事は現在執筆中です。公開時に、判断のまとめについて公式情報を確認したうえで受験者が迷いやすい点を整理します。制度の数値や期限は、試験実施団体の最新の受験案内で必ず確認してください。それまでの間は、同じカテゴリの他記事やこのサイトの過去問・用語解説を活用してください。,,,,,FP3級とAFP認定研修の違いについて最初に確認することは？,試験実施団体の公式サイトで最新の受験案内・出題範囲を確認してください。数値や期限は年度で変わることがあります。,このサイトではどう学習を進めればよいですか？,過去問・実践演習で弱点を見つけ、用語解説で理解を深め、間違えた問題は復習リストに残して解き直してください。,compare-jafp-vs-kinyu:日本FP協会ときんざいの違い・どちらで受験すべき;compare-self-study-vs-correspondence:独学と通信講座の費用・合格率の実際の差,
compare-fp3-vs-securities,比較・選択系,FP3級と証券外務員一種・二種の難易度比較,FP3級と証券外務員一種・二種の難易度比較について、FP3級受験者向けに公式情報の確認方法と学習の進め方を整理します。,FP3級と証券外務員一種・二種の難易度比較について、受験を検討・準備中の方が迷いやすい点を整理します。公式情報を優先し、このサイトの演習・用語解説と組み合わせて学習を進めてください。,,46,比較;選択;FP3級,FP3級マスター編集部,資格学習サイトの編集チーム,公式情報確認担当,公開前に一次情報との照合を行う担当者,2026-06-09,日本FP協会（公式）|https://www.jafp.or.jp/,fp3_article_titles.csv から取り込み（2026-06-09）。本文は執筆前のカタログ行。,本記事を読むと、FP3級と証券外務員一種・二種の難易度比較について公式情報で確認すべき点と学習の進め方が分かります。,公式サイトで最新情報を確認する;関連分野の演習に取り組む;用語解説で弱点を補強する,試験要項・制度改正時に本文と参照元を見直します。,2026-06-09,2026-07-09,2026-06-09,draft,カタログ取り込み（2026-06-09）。公開前に本文を全面リライトしてください。,比較のポイント,本記事は現在執筆中です。公開時に、比較のポイントについて公式情報を確認したうえで受験者が迷いやすい点を整理します。制度の数値や期限は、試験実施団体の最新の受験案内で必ず確認してください。それまでの間は、同じカテゴリの他記事やこのサイトの過去問・用語解説を活用してください。,それぞれの特徴,本記事は現在執筆中です。公開時に、それぞれの特徴について公式情報を確認したうえで受験者が迷いやすい点を整理します。制度の数値や期限は、試験実施団体の最新の受験案内で必ず確認してください。それまでの間は、同じカテゴリの他記事やこのサイトの過去問・用語解説を活用してください。,FP3級受験者へのおすすめ,本記事は現在執筆中です。公開時に、FP3級受験者へのおすすめについて公式情報を確認したうえで受験者が迷いやすい点を整理します。制度の数値や期限は、試験実施団体の最新の受験案内で必ず確認してください。それまでの間は、同じカテゴリの他記事やこのサイトの過去問・用語解説を活用してください。,学習への影響,本記事は現在執筆中です。公開時に、学習への影響について公式情報を確認したうえで受験者が迷いやすい点を整理します。制度の数値や期限は、試験実施団体の最新の受験案内で必ず確認してください。それまでの間は、同じカテゴリの他記事やこのサイトの過去問・用語解説を活用してください。,判断のまとめ,本記事は現在執筆中です。公開時に、判断のまとめについて公式情報を確認したうえで受験者が迷いやすい点を整理します。制度の数値や期限は、試験実施団体の最新の受験案内で必ず確認してください。それまでの間は、同じカテゴリの他記事やこのサイトの過去問・用語解説を活用してください。,,,,,FP3級と証券外務員一種・二種の難易度比較について最初に確認することは？,試験実施団体の公式サイトで最新の受験案内・出題範囲を確認してください。数値や期限は年度で変わることがあります。,このサイトではどう学習を進めればよいですか？,過去問・実践演習で弱点を見つけ、用語解説で理解を深め、間違えた問題は復習リストに残して解き直してください。,compare-jafp-vs-kinyu:日本FP協会ときんざいの違い・どちらで受験すべき;compare-self-study-vs-correspondence:独学と通信講座の費用・合格率の実際の差,
compare-fp3-vs-boki,比較・選択系,FP3級と簿記3級どちらを先に取るべきか,FP3級と簿記3級どちらを先に取るべきかについて、FP3級受験者向けに公式情報の確認方法と学習の進め方を整理します。,FP3級と簿記3級どちらを先に取るべきかについて、受験を検討・準備中の方が迷いやすい点を整理します。公式情報を優先し、このサイトの演習・用語解説と組み合わせて学習を進めてください。,,47,比較;選択;FP3級,FP3級マスター編集部,資格学習サイトの編集チーム,公式情報確認担当,公開前に一次情報との照合を行う担当者,2026-06-09,日本FP協会（公式）|https://www.jafp.or.jp/,fp3_article_titles.csv から取り込み（2026-06-09）。本文は執筆前のカタログ行。,本記事を読むと、FP3級と簿記3級どちらを先に取るべきかについて公式情報で確認すべき点と学習の進め方が分かります。,公式サイトで最新情報を確認する;関連分野の演習に取り組む;用語解説で弱点を補強する,試験要項・制度改正時に本文と参照元を見直します。,2026-06-09,2026-07-09,2026-06-09,draft,カタログ取り込み（2026-06-09）。公開前に本文を全面リライトしてください。,比較のポイント,本記事は現在執筆中です。公開時に、比較のポイントについて公式情報を確認したうえで受験者が迷いやすい点を整理します。制度の数値や期限は、試験実施団体の最新の受験案内で必ず確認してください。それまでの間は、同じカテゴリの他記事やこのサイトの過去問・用語解説を活用してください。,それぞれの特徴,本記事は現在執筆中です。公開時に、それぞれの特徴について公式情報を確認したうえで受験者が迷いやすい点を整理します。制度の数値や期限は、試験実施団体の最新の受験案内で必ず確認してください。それまでの間は、同じカテゴリの他記事やこのサイトの過去問・用語解説を活用してください。,FP3級受験者へのおすすめ,本記事は現在執筆中です。公開時に、FP3級受験者へのおすすめについて公式情報を確認したうえで受験者が迷いやすい点を整理します。制度の数値や期限は、試験実施団体の最新の受験案内で必ず確認してください。それまでの間は、同じカテゴリの他記事やこのサイトの過去問・用語解説を活用してください。,学習への影響,本記事は現在執筆中です。公開時に、学習への影響について公式情報を確認したうえで受験者が迷いやすい点を整理します。制度の数値や期限は、試験実施団体の最新の受験案内で必ず確認してください。それまでの間は、同じカテゴリの他記事やこのサイトの過去問・用語解説を活用してください。,判断のまとめ,本記事は現在執筆中です。公開時に、判断のまとめについて公式情報を確認したうえで受験者が迷いやすい点を整理します。制度の数値や期限は、試験実施団体の最新の受験案内で必ず確認してください。それまでの間は、同じカテゴリの他記事やこのサイトの過去問・用語解説を活用してください。,,,,,FP3級と簿記3級どちらを先に取るべきかについて最初に確認することは？,試験実施団体の公式サイトで最新の受験案内・出題範囲を確認してください。数値や期限は年度で変わることがあります。,このサイトではどう学習を進めればよいですか？,過去問・実践演習で弱点を見つけ、用語解説で理解を深め、間違えた問題は復習リストに残して解き直してください。,compare-jafp-vs-kinyu:日本FP協会ときんざいの違い・どちらで受験すべき;compare-self-study-vs-correspondence:独学と通信講座の費用・合格率の実際の差,
compare-am-pm-difficulty,比較・選択系,午前（学科）と午後（実技）の難易度の違い,午前（学科）と午後（実技）の難易度の違いについて、FP3級受験者向けに公式情報の確認方法と学習の進め方を整理します。,午前（学科）と午後（実技）の難易度の違いについて、受験を検討・準備中の方が迷いやすい点を整理します。公式情報を優先し、このサイトの演習・用語解説と組み合わせて学習を進めてください。,,48,比較;選択;FP3級,FP3級マスター編集部,資格学習サイトの編集チーム,公式情報確認担当,公開前に一次情報との照合を行う担当者,2026-06-09,日本FP協会（公式）|https://www.jafp.or.jp/,fp3_article_titles.csv から取り込み（2026-06-09）。本文は執筆前のカタログ行。,本記事を読むと、午前（学科）と午後（実技）の難易度の違いについて公式情報で確認すべき点と学習の進め方が分かります。,公式サイトで最新情報を確認する;関連分野の演習に取り組む;用語解説で弱点を補強する,試験要項・制度改正時に本文と参照元を見直します。,2026-06-09,2026-07-09,2026-06-09,draft,カタログ取り込み（2026-06-09）。公開前に本文を全面リライトしてください。,比較のポイント,本記事は現在執筆中です。公開時に、比較のポイントについて公式情報を確認したうえで受験者が迷いやすい点を整理します。制度の数値や期限は、試験実施団体の最新の受験案内で必ず確認してください。それまでの間は、同じカテゴリの他記事やこのサイトの過去問・用語解説を活用してください。,それぞれの特徴,本記事は現在執筆中です。公開時に、それぞれの特徴について公式情報を確認したうえで受験者が迷いやすい点を整理します。制度の数値や期限は、試験実施団体の最新の受験案内で必ず確認してください。それまでの間は、同じカテゴリの他記事やこのサイトの過去問・用語解説を活用してください。,FP3級受験者へのおすすめ,本記事は現在執筆中です。公開時に、FP3級受験者へのおすすめについて公式情報を確認したうえで受験者が迷いやすい点を整理します。制度の数値や期限は、試験実施団体の最新の受験案内で必ず確認してください。それまでの間は、同じカテゴリの他記事やこのサイトの過去問・用語解説を活用してください。,学習への影響,本記事は現在執筆中です。公開時に、学習への影響について公式情報を確認したうえで受験者が迷いやすい点を整理します。制度の数値や期限は、試験実施団体の最新の受験案内で必ず確認してください。それまでの間は、同じカテゴリの他記事やこのサイトの過去問・用語解説を活用してください。,判断のまとめ,本記事は現在執筆中です。公開時に、判断のまとめについて公式情報を確認したうえで受験者が迷いやすい点を整理します。制度の数値や期限は、試験実施団体の最新の受験案内で必ず確認してください。それまでの間は、同じカテゴリの他記事やこのサイトの過去問・用語解説を活用してください。,,,,,午前（学科）と午後（実技）の難易度の違いについて最初に確認することは？,試験実施団体の公式サイトで最新の受験案内・出題範囲を確認してください。数値や期限は年度で変わることがあります。,このサイトではどう学習を進めればよいですか？,過去問・実践演習で弱点を見つけ、用語解説で理解を深め、間違えた問題は復習リストに残して解き直してください。,compare-jafp-vs-kinyu:日本FP協会ときんざいの違い・どちらで受験すべき;compare-self-study-vs-correspondence:独学と通信講座の費用・合格率の実際の差,
compare-paper-vs-cbt,比較・選択系,紙試験（きんざい）とCBT試験の対策の違い,紙試験（きんざい）とCBT試験の対策の違いについて、FP3級受験者向けに公式情報の確認方法と学習の進め方を整理します。,紙試験（きんざい）とCBT試験の対策の違いについて、受験を検討・準備中の方が迷いやすい点を整理します。公式情報を優先し、このサイトの演習・用語解説と組み合わせて学習を進めてください。,,49,比較;選択;FP3級,FP3級マスター編集部,資格学習サイトの編集チーム,公式情報確認担当,公開前に一次情報との照合を行う担当者,2026-06-09,日本FP協会（公式）|https://www.jafp.or.jp/,fp3_article_titles.csv から取り込み（2026-06-09）。本文は執筆前のカタログ行。,本記事を読むと、紙試験（きんざい）とCBT試験の対策の違いについて公式情報で確認すべき点と学習の進め方が分かります。,公式サイトで最新情報を確認する;関連分野の演習に取り組む;用語解説で弱点を補強する,試験要項・制度改正時に本文と参照元を見直します。,2026-06-09,2026-07-09,2026-06-09,draft,カタログ取り込み（2026-06-09）。公開前に本文を全面リライトしてください。,比較のポイント,本記事は現在執筆中です。公開時に、比較のポイントについて公式情報を確認したうえで受験者が迷いやすい点を整理します。制度の数値や期限は、試験実施団体の最新の受験案内で必ず確認してください。それまでの間は、同じカテゴリの他記事やこのサイトの過去問・用語解説を活用してください。,それぞれの特徴,本記事は現在執筆中です。公開時に、それぞれの特徴について公式情報を確認したうえで受験者が迷いやすい点を整理します。制度の数値や期限は、試験実施団体の最新の受験案内で必ず確認してください。それまでの間は、同じカテゴリの他記事やこのサイトの過去問・用語解説を活用してください。,FP3級受験者へのおすすめ,本記事は現在執筆中です。公開時に、FP3級受験者へのおすすめについて公式情報を確認したうえで受験者が迷いやすい点を整理します。制度の数値や期限は、試験実施団体の最新の受験案内で必ず確認してください。それまでの間は、同じカテゴリの他記事やこのサイトの過去問・用語解説を活用してください。,学習への影響,本記事は現在執筆中です。公開時に、学習への影響について公式情報を確認したうえで受験者が迷いやすい点を整理します。制度の数値や期限は、試験実施団体の最新の受験案内で必ず確認してください。それまでの間は、同じカテゴリの他記事やこのサイトの過去問・用語解説を活用してください。,判断のまとめ,本記事は現在執筆中です。公開時に、判断のまとめについて公式情報を確認したうえで受験者が迷いやすい点を整理します。制度の数値や期限は、試験実施団体の最新の受験案内で必ず確認してください。それまでの間は、同じカテゴリの他記事やこのサイトの過去問・用語解説を活用してください。,,,,,紙試験（きんざい）とCBT試験の対策の違いについて最初に確認することは？,試験実施団体の公式サイトで最新の受験案内・出題範囲を確認してください。数値や期限は年度で変わることがあります。,このサイトではどう学習を進めればよいですか？,過去問・実践演習で弱点を見つけ、用語解説で理解を深め、間違えた問題は復習リストに残して解き直してください。,compare-jafp-vs-kinyu:日本FP協会ときんざいの違い・どちらで受験すべき;compare-self-study-vs-correspondence:独学と通信講座の費用・合格率の実際の差,
after-pass-fp2-roadmap,合格後・活用,FP3級合格後にFP2級を目指すロードマップ,FP3級合格後にFP2級を目指すロードマップについて、FP3級受験者向けに公式情報の確認方法と学習の進め方を整理します。,FP3級合格後にFP2級を目指すロードマップについて、受験を検討・準備中の方が迷いやすい点を整理します。公式情報を優先し、このサイトの演習・用語解説と組み合わせて学習を進めてください。,,50,合格後;活用;FP3級,FP3級マスター編集部,資格学習サイトの編集チーム,公式情報確認担当,公開前に一次情報との照合を行う担当者,2026-06-09,日本FP協会（公式）|https://www.jafp.or.jp/,fp3_article_titles.csv から取り込み（2026-06-09）。本文は執筆前のカタログ行。,本記事を読むと、FP3級合格後にFP2級を目指すロードマップについて公式情報で確認すべき点と学習の進め方が分かります。,公式サイトで最新情報を確認する;関連分野の演習に取り組む;用語解説で弱点を補強する,試験要項・制度改正時に本文と参照元を見直します。,2026-06-09,2026-07-09,2026-06-09,draft,カタログ取り込み（2026-06-09）。公開前に本文を全面リライトしてください。,合格後にできること,本記事は現在執筆中です。公開時に、合格後にできることについて公式情報を確認したうえで受験者が迷いやすい点を整理します。制度の数値や期限は、試験実施団体の最新の受験案内で必ず確認してください。それまでの間は、同じカテゴリの他記事やこのサイトの過去問・用語解説を活用してください。,資格の活用シーン,本記事は現在執筆中です。公開時に、資格の活用シーンについて公式情報を確認したうえで受験者が迷いやすい点を整理します。制度の数値や期限は、試験実施団体の最新の受験案内で必ず確認してください。それまでの間は、同じカテゴリの他記事やこのサイトの過去問・用語解説を活用してください。,履歴書・職場での記載,本記事は現在執筆中です。公開時に、履歴書・職場での記載について公式情報を確認したうえで受験者が迷いやすい点を整理します。制度の数値や期限は、試験実施団体の最新の受験案内で必ず確認してください。それまでの間は、同じカテゴリの他記事やこのサイトの過去問・用語解説を活用してください。,継続学習と上位資格,本記事は現在執筆中です。公開時に、継続学習と上位資格について公式情報を確認したうえで受験者が迷いやすい点を整理します。制度の数値や期限は、試験実施団体の最新の受験案内で必ず確認してください。それまでの間は、同じカテゴリの他記事やこのサイトの過去問・用語解説を活用してください。,よくある誤解,本記事は現在執筆中です。公開時に、よくある誤解について公式情報を確認したうえで受験者が迷いやすい点を整理します。制度の数値や期限は、試験実施団体の最新の受験案内で必ず確認してください。それまでの間は、同じカテゴリの他記事やこのサイトの過去問・用語解説を活用してください。,,,,,FP3級合格後にFP2級を目指すロードマップについて最初に確認することは？,試験実施団体の公式サイトで最新の受験案内・出題範囲を確認してください。数値や期限は年度で変わることがあります。,このサイトではどう学習を進めればよいですか？,過去問・実践演習で弱点を見つけ、用語解説で理解を深め、間違えた問題は復習リストに残して解き直してください。,after-pass-resume-cv:FP3級合格を履歴書・職務経歴書に書く方法;after-pass-business-card:FP3級合格を名刺に記載できるかできないか,
after-pass-resume-cv,合格後・活用,FP3級合格を履歴書・職務経歴書に書く方法,FP3級合格を履歴書・職務経歴書に書く方法について、FP3級受験者向けに公式情報の確認方法と学習の進め方を整理します。,FP3級合格を履歴書・職務経歴書に書く方法について、受験を検討・準備中の方が迷いやすい点を整理します。公式情報を優先し、このサイトの演習・用語解説と組み合わせて学習を進めてください。,,51,合格後;活用;FP3級,FP3級マスター編集部,資格学習サイトの編集チーム,公式情報確認担当,公開前に一次情報との照合を行う担当者,2026-06-09,日本FP協会（公式）|https://www.jafp.or.jp/,fp3_article_titles.csv から取り込み（2026-06-09）。本文は執筆前のカタログ行。,本記事を読むと、FP3級合格を履歴書・職務経歴書に書く方法について公式情報で確認すべき点と学習の進め方が分かります。,公式サイトで最新情報を確認する;関連分野の演習に取り組む;用語解説で弱点を補強する,試験要項・制度改正時に本文と参照元を見直します。,2026-06-09,2026-07-09,2026-06-09,draft,カタログ取り込み（2026-06-09）。公開前に本文を全面リライトしてください。,合格後にできること,本記事は現在執筆中です。公開時に、合格後にできることについて公式情報を確認したうえで受験者が迷いやすい点を整理します。制度の数値や期限は、試験実施団体の最新の受験案内で必ず確認してください。それまでの間は、同じカテゴリの他記事やこのサイトの過去問・用語解説を活用してください。,資格の活用シーン,本記事は現在執筆中です。公開時に、資格の活用シーンについて公式情報を確認したうえで受験者が迷いやすい点を整理します。制度の数値や期限は、試験実施団体の最新の受験案内で必ず確認してください。それまでの間は、同じカテゴリの他記事やこのサイトの過去問・用語解説を活用してください。,履歴書・職場での記載,本記事は現在執筆中です。公開時に、履歴書・職場での記載について公式情報を確認したうえで受験者が迷いやすい点を整理します。制度の数値や期限は、試験実施団体の最新の受験案内で必ず確認してください。それまでの間は、同じカテゴリの他記事やこのサイトの過去問・用語解説を活用してください。,継続学習と上位資格,本記事は現在執筆中です。公開時に、継続学習と上位資格について公式情報を確認したうえで受験者が迷いやすい点を整理します。制度の数値や期限は、試験実施団体の最新の受験案内で必ず確認してください。それまでの間は、同じカテゴリの他記事やこのサイトの過去問・用語解説を活用してください。,よくある誤解,本記事は現在執筆中です。公開時に、よくある誤解について公式情報を確認したうえで受験者が迷いやすい点を整理します。制度の数値や期限は、試験実施団体の最新の受験案内で必ず確認してください。それまでの間は、同じカテゴリの他記事やこのサイトの過去問・用語解説を活用してください。,,,,,FP3級合格を履歴書・職務経歴書に書く方法について最初に確認することは？,試験実施団体の公式サイトで最新の受験案内・出題範囲を確認してください。数値や期限は年度で変わることがあります。,このサイトではどう学習を進めればよいですか？,過去問・実践演習で弱点を見つけ、用語解説で理解を深め、間違えた問題は復習リストに残して解き直してください。,after-pass-fp2-roadmap:FP3級合格後にFP2級を目指すロードマップ;after-pass-business-card:FP3級合格を名刺に記載できるかできないか,
after-pass-business-card,合格後・活用,FP3級合格を名刺に記載できるかできないか,FP3級合格を名刺に記載できるかできないかについて、FP3級受験者向けに公式情報の確認方法と学習の進め方を整理します。,FP3級合格を名刺に記載できるかできないかについて、受験を検討・準備中の方が迷いやすい点を整理します。公式情報を優先し、このサイトの演習・用語解説と組み合わせて学習を進めてください。,,52,合格後;活用;FP3級,FP3級マスター編集部,資格学習サイトの編集チーム,公式情報確認担当,公開前に一次情報との照合を行う担当者,2026-06-09,日本FP協会（公式）|https://www.jafp.or.jp/,fp3_article_titles.csv から取り込み（2026-06-09）。本文は執筆前のカタログ行。,本記事を読むと、FP3級合格を名刺に記載できるかできないかについて公式情報で確認すべき点と学習の進め方が分かります。,公式サイトで最新情報を確認する;関連分野の演習に取り組む;用語解説で弱点を補強する,試験要項・制度改正時に本文と参照元を見直します。,2026-06-09,2026-07-09,2026-06-09,draft,カタログ取り込み（2026-06-09）。公開前に本文を全面リライトしてください。,合格後にできること,本記事は現在執筆中です。公開時に、合格後にできることについて公式情報を確認したうえで受験者が迷いやすい点を整理します。制度の数値や期限は、試験実施団体の最新の受験案内で必ず確認してください。それまでの間は、同じカテゴリの他記事やこのサイトの過去問・用語解説を活用してください。,資格の活用シーン,本記事は現在執筆中です。公開時に、資格の活用シーンについて公式情報を確認したうえで受験者が迷いやすい点を整理します。制度の数値や期限は、試験実施団体の最新の受験案内で必ず確認してください。それまでの間は、同じカテゴリの他記事やこのサイトの過去問・用語解説を活用してください。,履歴書・職場での記載,本記事は現在執筆中です。公開時に、履歴書・職場での記載について公式情報を確認したうえで受験者が迷いやすい点を整理します。制度の数値や期限は、試験実施団体の最新の受験案内で必ず確認してください。それまでの間は、同じカテゴリの他記事やこのサイトの過去問・用語解説を活用してください。,継続学習と上位資格,本記事は現在執筆中です。公開時に、継続学習と上位資格について公式情報を確認したうえで受験者が迷いやすい点を整理します。制度の数値や期限は、試験実施団体の最新の受験案内で必ず確認してください。それまでの間は、同じカテゴリの他記事やこのサイトの過去問・用語解説を活用してください。,よくある誤解,本記事は現在執筆中です。公開時に、よくある誤解について公式情報を確認したうえで受験者が迷いやすい点を整理します。制度の数値や期限は、試験実施団体の最新の受験案内で必ず確認してください。それまでの間は、同じカテゴリの他記事やこのサイトの過去問・用語解説を活用してください。,,,,,FP3級合格を名刺に記載できるかできないかについて最初に確認することは？,試験実施団体の公式サイトで最新の受験案内・出題範囲を確認してください。数値や期限は年度で変わることがあります。,このサイトではどう学習を進めればよいですか？,過去問・実践演習で弱点を見つけ、用語解説で理解を深め、間違えた問題は復習リストに残して解き直してください。,after-pass-fp2-roadmap:FP3級合格後にFP2級を目指すロードマップ;after-pass-resume-cv:FP3級合格を履歴書・職務経歴書に書く方法,
after-pass-independent-practice,合格後・活用,FP3級取得後に独立・開業はできるか,FP3級取得後に独立・開業はできるかについて、FP3級受験者向けに公式情報の確認方法と学習の進め方を整理します。,FP3級取得後に独立・開業はできるかについて、受験を検討・準備中の方が迷いやすい点を整理します。公式情報を優先し、このサイトの演習・用語解説と組み合わせて学習を進めてください。,,53,合格後;活用;FP3級,FP3級マスター編集部,資格学習サイトの編集チーム,公式情報確認担当,公開前に一次情報との照合を行う担当者,2026-06-09,日本FP協会（公式）|https://www.jafp.or.jp/,fp3_article_titles.csv から取り込み（2026-06-09）。本文は執筆前のカタログ行。,本記事を読むと、FP3級取得後に独立・開業はできるかについて公式情報で確認すべき点と学習の進め方が分かります。,公式サイトで最新情報を確認する;関連分野の演習に取り組む;用語解説で弱点を補強する,試験要項・制度改正時に本文と参照元を見直します。,2026-06-09,2026-07-09,2026-06-09,draft,カタログ取り込み（2026-06-09）。公開前に本文を全面リライトしてください。,合格後にできること,本記事は現在執筆中です。公開時に、合格後にできることについて公式情報を確認したうえで受験者が迷いやすい点を整理します。制度の数値や期限は、試験実施団体の最新の受験案内で必ず確認してください。それまでの間は、同じカテゴリの他記事やこのサイトの過去問・用語解説を活用してください。,資格の活用シーン,本記事は現在執筆中です。公開時に、資格の活用シーンについて公式情報を確認したうえで受験者が迷いやすい点を整理します。制度の数値や期限は、試験実施団体の最新の受験案内で必ず確認してください。それまでの間は、同じカテゴリの他記事やこのサイトの過去問・用語解説を活用してください。,履歴書・職場での記載,本記事は現在執筆中です。公開時に、履歴書・職場での記載について公式情報を確認したうえで受験者が迷いやすい点を整理します。制度の数値や期限は、試験実施団体の最新の受験案内で必ず確認してください。それまでの間は、同じカテゴリの他記事やこのサイトの過去問・用語解説を活用してください。,継続学習と上位資格,本記事は現在執筆中です。公開時に、継続学習と上位資格について公式情報を確認したうえで受験者が迷いやすい点を整理します。制度の数値や期限は、試験実施団体の最新の受験案内で必ず確認してください。それまでの間は、同じカテゴリの他記事やこのサイトの過去問・用語解説を活用してください。,よくある誤解,本記事は現在執筆中です。公開時に、よくある誤解について公式情報を確認したうえで受験者が迷いやすい点を整理します。制度の数値や期限は、試験実施団体の最新の受験案内で必ず確認してください。それまでの間は、同じカテゴリの他記事やこのサイトの過去問・用語解説を活用してください。,,,,,FP3級取得後に独立・開業はできるかについて最初に確認することは？,試験実施団体の公式サイトで最新の受験案内・出題範囲を確認してください。数値や期限は年度で変わることがあります。,このサイトではどう学習を進めればよいですか？,過去問・実践演習で弱点を見つけ、用語解説で理解を深め、間違えた問題は復習リストに残して解き直してください。,after-pass-fp2-roadmap:FP3級合格後にFP2級を目指すロードマップ;after-pass-resume-cv:FP3級合格を履歴書・職務経歴書に書く方法,
after-pass-continuing-education,合格後・活用,FP資格の継続教育・更新制度の仕組み,FP資格の継続教育・更新制度の仕組みについて、FP3級受験者向けに公式情報の確認方法と学習の進め方を整理します。,FP資格の継続教育・更新制度の仕組みについて、受験を検討・準備中の方が迷いやすい点を整理します。公式情報を優先し、このサイトの演習・用語解説と組み合わせて学習を進めてください。,,54,合格後;活用;FP3級,FP3級マスター編集部,資格学習サイトの編集チーム,公式情報確認担当,公開前に一次情報との照合を行う担当者,2026-06-09,日本FP協会（公式）|https://www.jafp.or.jp/,fp3_article_titles.csv から取り込み（2026-06-09）。本文は執筆前のカタログ行。,本記事を読むと、FP資格の継続教育・更新制度の仕組みについて公式情報で確認すべき点と学習の進め方が分かります。,公式サイトで最新情報を確認する;関連分野の演習に取り組む;用語解説で弱点を補強する,試験要項・制度改正時に本文と参照元を見直します。,2026-06-09,2026-07-09,2026-06-09,draft,カタログ取り込み（2026-06-09）。公開前に本文を全面リライトしてください。,合格後にできること,本記事は現在執筆中です。公開時に、合格後にできることについて公式情報を確認したうえで受験者が迷いやすい点を整理します。制度の数値や期限は、試験実施団体の最新の受験案内で必ず確認してください。それまでの間は、同じカテゴリの他記事やこのサイトの過去問・用語解説を活用してください。,資格の活用シーン,本記事は現在執筆中です。公開時に、資格の活用シーンについて公式情報を確認したうえで受験者が迷いやすい点を整理します。制度の数値や期限は、試験実施団体の最新の受験案内で必ず確認してください。それまでの間は、同じカテゴリの他記事やこのサイトの過去問・用語解説を活用してください。,履歴書・職場での記載,本記事は現在執筆中です。公開時に、履歴書・職場での記載について公式情報を確認したうえで受験者が迷いやすい点を整理します。制度の数値や期限は、試験実施団体の最新の受験案内で必ず確認してください。それまでの間は、同じカテゴリの他記事やこのサイトの過去問・用語解説を活用してください。,継続学習と上位資格,本記事は現在執筆中です。公開時に、継続学習と上位資格について公式情報を確認したうえで受験者が迷いやすい点を整理します。制度の数値や期限は、試験実施団体の最新の受験案内で必ず確認してください。それまでの間は、同じカテゴリの他記事やこのサイトの過去問・用語解説を活用してください。,よくある誤解,本記事は現在執筆中です。公開時に、よくある誤解について公式情報を確認したうえで受験者が迷いやすい点を整理します。制度の数値や期限は、試験実施団体の最新の受験案内で必ず確認してください。それまでの間は、同じカテゴリの他記事やこのサイトの過去問・用語解説を活用してください。,,,,,FP資格の継続教育・更新制度の仕組みについて最初に確認することは？,試験実施団体の公式サイトで最新の受験案内・出題範囲を確認してください。数値や期限は年度で変わることがあります。,このサイトではどう学習を進めればよいですか？,過去問・実践演習で弱点を見つけ、用語解説で理解を深め、間違えた問題は復習リストに残して解き直してください。,after-pass-fp2-roadmap:FP3級合格後にFP2級を目指すロードマップ;after-pass-resume-cv:FP3級合格を履歴書・職務経歴書に書く方法,
after-pass-afp-cfp-route,合格後・活用,AFPとCFPへの道：FP3級からの上位資格ルート,AFPとCFPへの道：FP3級からの上位資格ルートについて、FP3級受験者向けに公式情報の確認方法と学習の進め方を整理します。,AFPとCFPへの道：FP3級からの上位資格ルートについて、受験を検討・準備中の方が迷いやすい点を整理します。公式情報を優先し、このサイトの演習・用語解説と組み合わせて学習を進めてください。,,55,合格後;活用;FP3級,FP3級マスター編集部,資格学習サイトの編集チーム,公式情報確認担当,公開前に一次情報との照合を行う担当者,2026-06-09,日本FP協会（公式）|https://www.jafp.or.jp/,fp3_article_titles.csv から取り込み（2026-06-09）。本文は執筆前のカタログ行。,本記事を読むと、AFPとCFPへの道：FP3級からの上位資格ルートについて公式情報で確認すべき点と学習の進め方が分かります。,公式サイトで最新情報を確認する;関連分野の演習に取り組む;用語解説で弱点を補強する,試験要項・制度改正時に本文と参照元を見直します。,2026-06-09,2026-07-09,2026-06-09,draft,カタログ取り込み（2026-06-09）。公開前に本文を全面リライトしてください。,合格後にできること,本記事は現在執筆中です。公開時に、合格後にできることについて公式情報を確認したうえで受験者が迷いやすい点を整理します。制度の数値や期限は、試験実施団体の最新の受験案内で必ず確認してください。それまでの間は、同じカテゴリの他記事やこのサイトの過去問・用語解説を活用してください。,資格の活用シーン,本記事は現在執筆中です。公開時に、資格の活用シーンについて公式情報を確認したうえで受験者が迷いやすい点を整理します。制度の数値や期限は、試験実施団体の最新の受験案内で必ず確認してください。それまでの間は、同じカテゴリの他記事やこのサイトの過去問・用語解説を活用してください。,履歴書・職場での記載,本記事は現在執筆中です。公開時に、履歴書・職場での記載について公式情報を確認したうえで受験者が迷いやすい点を整理します。制度の数値や期限は、試験実施団体の最新の受験案内で必ず確認してください。それまでの間は、同じカテゴリの他記事やこのサイトの過去問・用語解説を活用してください。,継続学習と上位資格,本記事は現在執筆中です。公開時に、継続学習と上位資格について公式情報を確認したうえで受験者が迷いやすい点を整理します。制度の数値や期限は、試験実施団体の最新の受験案内で必ず確認してください。それまでの間は、同じカテゴリの他記事やこのサイトの過去問・用語解説を活用してください。,よくある誤解,本記事は現在執筆中です。公開時に、よくある誤解について公式情報を確認したうえで受験者が迷いやすい点を整理します。制度の数値や期限は、試験実施団体の最新の受験案内で必ず確認してください。それまでの間は、同じカテゴリの他記事やこのサイトの過去問・用語解説を活用してください。,,,,,AFPとCFPへの道：FP3級からの上位資格ルートについて最初に確認することは？,試験実施団体の公式サイトで最新の受験案内・出題範囲を確認してください。数値や期限は年度で変わることがあります。,このサイトではどう学習を進めればよいですか？,過去問・実践演習で弱点を見つけ、用語解説で理解を深め、間違えた問題は復習リストに残して解き直してください。,after-pass-fp2-roadmap:FP3級合格後にFP2級を目指すロードマップ;after-pass-resume-cv:FP3級合格を履歴書・職務経歴書に書く方法,
after-pass-books-after-pass,合格後・活用,FP3級合格後に読むべき書籍・勉強の続け方,FP3級合格後に読むべき書籍・勉強の続け方について、FP3級受験者向けに公式情報の確認方法と学習の進め方を整理します。,FP3級合格後に読むべき書籍・勉強の続け方について、受験を検討・準備中の方が迷いやすい点を整理します。公式情報を優先し、このサイトの演習・用語解説と組み合わせて学習を進めてください。,,56,合格後;活用;FP3級,FP3級マスター編集部,資格学習サイトの編集チーム,公式情報確認担当,公開前に一次情報との照合を行う担当者,2026-06-09,日本FP協会（公式）|https://www.jafp.or.jp/,fp3_article_titles.csv から取り込み（2026-06-09）。本文は執筆前のカタログ行。,本記事を読むと、FP3級合格後に読むべき書籍・勉強の続け方について公式情報で確認すべき点と学習の進め方が分かります。,公式サイトで最新情報を確認する;関連分野の演習に取り組む;用語解説で弱点を補強する,試験要項・制度改正時に本文と参照元を見直します。,2026-06-09,2026-07-09,2026-06-09,draft,カタログ取り込み（2026-06-09）。公開前に本文を全面リライトしてください。,合格後にできること,本記事は現在執筆中です。公開時に、合格後にできることについて公式情報を確認したうえで受験者が迷いやすい点を整理します。制度の数値や期限は、試験実施団体の最新の受験案内で必ず確認してください。それまでの間は、同じカテゴリの他記事やこのサイトの過去問・用語解説を活用してください。,資格の活用シーン,本記事は現在執筆中です。公開時に、資格の活用シーンについて公式情報を確認したうえで受験者が迷いやすい点を整理します。制度の数値や期限は、試験実施団体の最新の受験案内で必ず確認してください。それまでの間は、同じカテゴリの他記事やこのサイトの過去問・用語解説を活用してください。,履歴書・職場での記載,本記事は現在執筆中です。公開時に、履歴書・職場での記載について公式情報を確認したうえで受験者が迷いやすい点を整理します。制度の数値や期限は、試験実施団体の最新の受験案内で必ず確認してください。それまでの間は、同じカテゴリの他記事やこのサイトの過去問・用語解説を活用してください。,継続学習と上位資格,本記事は現在執筆中です。公開時に、継続学習と上位資格について公式情報を確認したうえで受験者が迷いやすい点を整理します。制度の数値や期限は、試験実施団体の最新の受験案内で必ず確認してください。それまでの間は、同じカテゴリの他記事やこのサイトの過去問・用語解説を活用してください。,よくある誤解,本記事は現在執筆中です。公開時に、よくある誤解について公式情報を確認したうえで受験者が迷いやすい点を整理します。制度の数値や期限は、試験実施団体の最新の受験案内で必ず確認してください。それまでの間は、同じカテゴリの他記事やこのサイトの過去問・用語解説を活用してください。,,,,,FP3級合格後に読むべき書籍・勉強の続け方について最初に確認することは？,試験実施団体の公式サイトで最新の受験案内・出題範囲を確認してください。数値や期限は年度で変わることがあります。,このサイトではどう学習を進めればよいですか？,過去問・実践演習で弱点を見つけ、用語解説で理解を深め、間違えた問題は復習リストに残して解き直してください。,after-pass-fp2-roadmap:FP3級合格後にFP2級を目指すロードマップ;after-pass-resume-cv:FP3級合格を履歴書・職務経歴書に書く方法,
after-pass-household-asset-mgmt,合格後・活用,FP3級の知識を家計・資産管理に活かす方法,FP3級の知識を家計・資産管理に活かす方法について、FP3級受験者向けに公式情報の確認方法と学習の進め方を整理します。,FP3級の知識を家計・資産管理に活かす方法について、受験を検討・準備中の方が迷いやすい点を整理します。公式情報を優先し、このサイトの演習・用語解説と組み合わせて学習を進めてください。,,57,合格後;活用;FP3級,FP3級マスター編集部,資格学習サイトの編集チーム,公式情報確認担当,公開前に一次情報との照合を行う担当者,2026-06-09,日本FP協会（公式）|https://www.jafp.or.jp/,fp3_article_titles.csv から取り込み（2026-06-09）。本文は執筆前のカタログ行。,本記事を読むと、FP3級の知識を家計・資産管理に活かす方法について公式情報で確認すべき点と学習の進め方が分かります。,公式サイトで最新情報を確認する;関連分野の演習に取り組む;用語解説で弱点を補強する,試験要項・制度改正時に本文と参照元を見直します。,2026-06-09,2026-07-09,2026-06-09,draft,カタログ取り込み（2026-06-09）。公開前に本文を全面リライトしてください。,合格後にできること,本記事は現在執筆中です。公開時に、合格後にできることについて公式情報を確認したうえで受験者が迷いやすい点を整理します。制度の数値や期限は、試験実施団体の最新の受験案内で必ず確認してください。それまでの間は、同じカテゴリの他記事やこのサイトの過去問・用語解説を活用してください。,資格の活用シーン,本記事は現在執筆中です。公開時に、資格の活用シーンについて公式情報を確認したうえで受験者が迷いやすい点を整理します。制度の数値や期限は、試験実施団体の最新の受験案内で必ず確認してください。それまでの間は、同じカテゴリの他記事やこのサイトの過去問・用語解説を活用してください。,履歴書・職場での記載,本記事は現在執筆中です。公開時に、履歴書・職場での記載について公式情報を確認したうえで受験者が迷いやすい点を整理します。制度の数値や期限は、試験実施団体の最新の受験案内で必ず確認してください。それまでの間は、同じカテゴリの他記事やこのサイトの過去問・用語解説を活用してください。,継続学習と上位資格,本記事は現在執筆中です。公開時に、継続学習と上位資格について公式情報を確認したうえで受験者が迷いやすい点を整理します。制度の数値や期限は、試験実施団体の最新の受験案内で必ず確認してください。それまでの間は、同じカテゴリの他記事やこのサイトの過去問・用語解説を活用してください。,よくある誤解,本記事は現在執筆中です。公開時に、よくある誤解について公式情報を確認したうえで受験者が迷いやすい点を整理します。制度の数値や期限は、試験実施団体の最新の受験案内で必ず確認してください。それまでの間は、同じカテゴリの他記事やこのサイトの過去問・用語解説を活用してください。,,,,,FP3級の知識を家計・資産管理に活かす方法について最初に確認することは？,試験実施団体の公式サイトで最新の受験案内・出題範囲を確認してください。数値や期限は年度で変わることがあります。,このサイトではどう学習を進めればよいですか？,過去問・実践演習で弱点を見つけ、用語解説で理解を深め、間違えた問題は復習リストに残して解き直してください。,after-pass-fp2-roadmap:FP3級合格後にFP2級を目指すロードマップ;after-pass-resume-cv:FP3級合格を履歴書・職務経歴書に書く方法,
after-pass-career-non-finance,合格後・活用,FP3級合格者の就職・転職への活かし方（金融以外）,FP3級合格者の就職・転職への活かし方（金融以外）について、FP3級受験者向けに公式情報の確認方法と学習の進め方を整理します。,FP3級合格者の就職・転職への活かし方（金融以外）について、受験を検討・準備中の方が迷いやすい点を整理します。公式情報を優先し、このサイトの演習・用語解説と組み合わせて学習を進めてください。,,58,合格後;活用;FP3級,FP3級マスター編集部,資格学習サイトの編集チーム,公式情報確認担当,公開前に一次情報との照合を行う担当者,2026-06-09,日本FP協会（公式）|https://www.jafp.or.jp/,fp3_article_titles.csv から取り込み（2026-06-09）。本文は執筆前のカタログ行。,本記事を読むと、FP3級合格者の就職・転職への活かし方（金融以外）について公式情報で確認すべき点と学習の進め方が分かります。,公式サイトで最新情報を確認する;関連分野の演習に取り組む;用語解説で弱点を補強する,試験要項・制度改正時に本文と参照元を見直します。,2026-06-09,2026-07-09,2026-06-09,draft,カタログ取り込み（2026-06-09）。公開前に本文を全面リライトしてください。,合格後にできること,本記事は現在執筆中です。公開時に、合格後にできることについて公式情報を確認したうえで受験者が迷いやすい点を整理します。制度の数値や期限は、試験実施団体の最新の受験案内で必ず確認してください。それまでの間は、同じカテゴリの他記事やこのサイトの過去問・用語解説を活用してください。,資格の活用シーン,本記事は現在執筆中です。公開時に、資格の活用シーンについて公式情報を確認したうえで受験者が迷いやすい点を整理します。制度の数値や期限は、試験実施団体の最新の受験案内で必ず確認してください。それまでの間は、同じカテゴリの他記事やこのサイトの過去問・用語解説を活用してください。,履歴書・職場での記載,本記事は現在執筆中です。公開時に、履歴書・職場での記載について公式情報を確認したうえで受験者が迷いやすい点を整理します。制度の数値や期限は、試験実施団体の最新の受験案内で必ず確認してください。それまでの間は、同じカテゴリの他記事やこのサイトの過去問・用語解説を活用してください。,継続学習と上位資格,本記事は現在執筆中です。公開時に、継続学習と上位資格について公式情報を確認したうえで受験者が迷いやすい点を整理します。制度の数値や期限は、試験実施団体の最新の受験案内で必ず確認してください。それまでの間は、同じカテゴリの他記事やこのサイトの過去問・用語解説を活用してください。,よくある誤解,本記事は現在執筆中です。公開時に、よくある誤解について公式情報を確認したうえで受験者が迷いやすい点を整理します。制度の数値や期限は、試験実施団体の最新の受験案内で必ず確認してください。それまでの間は、同じカテゴリの他記事やこのサイトの過去問・用語解説を活用してください。,,,,,FP3級合格者の就職・転職への活かし方（金融以外）について最初に確認することは？,試験実施団体の公式サイトで最新の受験案内・出題範囲を確認してください。数値や期限は年度で変わることがあります。,このサイトではどう学習を進めればよいですか？,過去問・実践演習で弱点を見つけ、用語解説で理解を深め、間違えた問題は復習リストに残して解き直してください。,after-pass-fp2-roadmap:FP3級合格後にFP2級を目指すロードマップ;after-pass-resume-cv:FP3級合格を履歴書・職務経歴書に書く方法,
after-pass-worthless-debate,合格後・活用,FP3級は意味がないと言われる理由と実際の有用性,FP3級は意味がないと言われる理由と実際の有用性について、FP3級受験者向けに公式情報の確認方法と学習の進め方を整理します。,FP3級は意味がないと言われる理由と実際の有用性について、受験を検討・準備中の方が迷いやすい点を整理します。公式情報を優先し、このサイトの演習・用語解説と組み合わせて学習を進めてください。,,59,合格後;活用;FP3級,FP3級マスター編集部,資格学習サイトの編集チーム,公式情報確認担当,公開前に一次情報との照合を行う担当者,2026-06-09,日本FP協会（公式）|https://www.jafp.or.jp/,fp3_article_titles.csv から取り込み（2026-06-09）。本文は執筆前のカタログ行。,本記事を読むと、FP3級は意味がないと言われる理由と実際の有用性について公式情報で確認すべき点と学習の進め方が分かります。,公式サイトで最新情報を確認する;関連分野の演習に取り組む;用語解説で弱点を補強する,試験要項・制度改正時に本文と参照元を見直します。,2026-06-09,2026-07-09,2026-06-09,draft,カタログ取り込み（2026-06-09）。公開前に本文を全面リライトしてください。,合格後にできること,本記事は現在執筆中です。公開時に、合格後にできることについて公式情報を確認したうえで受験者が迷いやすい点を整理します。制度の数値や期限は、試験実施団体の最新の受験案内で必ず確認してください。それまでの間は、同じカテゴリの他記事やこのサイトの過去問・用語解説を活用してください。,資格の活用シーン,本記事は現在執筆中です。公開時に、資格の活用シーンについて公式情報を確認したうえで受験者が迷いやすい点を整理します。制度の数値や期限は、試験実施団体の最新の受験案内で必ず確認してください。それまでの間は、同じカテゴリの他記事やこのサイトの過去問・用語解説を活用してください。,履歴書・職場での記載,本記事は現在執筆中です。公開時に、履歴書・職場での記載について公式情報を確認したうえで受験者が迷いやすい点を整理します。制度の数値や期限は、試験実施団体の最新の受験案内で必ず確認してください。それまでの間は、同じカテゴリの他記事やこのサイトの過去問・用語解説を活用してください。,継続学習と上位資格,本記事は現在執筆中です。公開時に、継続学習と上位資格について公式情報を確認したうえで受験者が迷いやすい点を整理します。制度の数値や期限は、試験実施団体の最新の受験案内で必ず確認してください。それまでの間は、同じカテゴリの他記事やこのサイトの過去問・用語解説を活用してください。,よくある誤解,本記事は現在執筆中です。公開時に、よくある誤解について公式情報を確認したうえで受験者が迷いやすい点を整理します。制度の数値や期限は、試験実施団体の最新の受験案内で必ず確認してください。それまでの間は、同じカテゴリの他記事やこのサイトの過去問・用語解説を活用してください。,,,,,FP3級は意味がないと言われる理由と実際の有用性について最初に確認することは？,試験実施団体の公式サイトで最新の受験案内・出題範囲を確認してください。数値や期限は年度で変わることがあります。,このサイトではどう学習を進めればよいですか？,過去問・実践演習で弱点を見つけ、用語解説で理解を深め、間違えた問題は復習リストに残して解き直してください。,after-pass-fp2-roadmap:FP3級合格後にFP2級を目指すロードマップ;after-pass-resume-cv:FP3級合格を履歴書・職務経歴書に書く方法,
after-pass-expiry-validity,合格後・活用,FP3級の有効期限・失効の有無,FP3級の有効期限・失効の有無について、FP3級受験者向けに公式情報の確認方法と学習の進め方を整理します。,FP3級の有効期限・失効の有無について、受験を検討・準備中の方が迷いやすい点を整理します。公式情報を優先し、このサイトの演習・用語解説と組み合わせて学習を進めてください。,,60,合格後;活用;FP3級,FP3級マスター編集部,資格学習サイトの編集チーム,公式情報確認担当,公開前に一次情報との照合を行う担当者,2026-06-09,日本FP協会（公式）|https://www.jafp.or.jp/,fp3_article_titles.csv から取り込み（2026-06-09）。本文は執筆前のカタログ行。,本記事を読むと、FP3級の有効期限・失効の有無について公式情報で確認すべき点と学習の進め方が分かります。,公式サイトで最新情報を確認する;関連分野の演習に取り組む;用語解説で弱点を補強する,試験要項・制度改正時に本文と参照元を見直します。,2026-06-09,2026-07-09,2026-06-09,draft,カタログ取り込み（2026-06-09）。公開前に本文を全面リライトしてください。,合格後にできること,本記事は現在執筆中です。公開時に、合格後にできることについて公式情報を確認したうえで受験者が迷いやすい点を整理します。制度の数値や期限は、試験実施団体の最新の受験案内で必ず確認してください。それまでの間は、同じカテゴリの他記事やこのサイトの過去問・用語解説を活用してください。,資格の活用シーン,本記事は現在執筆中です。公開時に、資格の活用シーンについて公式情報を確認したうえで受験者が迷いやすい点を整理します。制度の数値や期限は、試験実施団体の最新の受験案内で必ず確認してください。それまでの間は、同じカテゴリの他記事やこのサイトの過去問・用語解説を活用してください。,履歴書・職場での記載,本記事は現在執筆中です。公開時に、履歴書・職場での記載について公式情報を確認したうえで受験者が迷いやすい点を整理します。制度の数値や期限は、試験実施団体の最新の受験案内で必ず確認してください。それまでの間は、同じカテゴリの他記事やこのサイトの過去問・用語解説を活用してください。,継続学習と上位資格,本記事は現在執筆中です。公開時に、継続学習と上位資格について公式情報を確認したうえで受験者が迷いやすい点を整理します。制度の数値や期限は、試験実施団体の最新の受験案内で必ず確認してください。それまでの間は、同じカテゴリの他記事やこのサイトの過去問・用語解説を活用してください。,よくある誤解,本記事は現在執筆中です。公開時に、よくある誤解について公式情報を確認したうえで受験者が迷いやすい点を整理します。制度の数値や期限は、試験実施団体の最新の受験案内で必ず確認してください。それまでの間は、同じカテゴリの他記事やこのサイトの過去問・用語解説を活用してください。,,,,,FP3級の有効期限・失効の有無について最初に確認することは？,試験実施団体の公式サイトで最新の受験案内・出題範囲を確認してください。数値や期限は年度で変わることがあります。,このサイトではどう学習を進めればよいですか？,過去問・実践演習で弱点を見つけ、用語解説で理解を深め、間違えた問題は復習リストに残して解き直してください。,after-pass-fp2-roadmap:FP3級合格後にFP2級を目指すロードマップ;after-pass-resume-cv:FP3級合格を履歴書・職務経歴書に書く方法,
after-pass-jobs-careers,合格後・活用,FP3級を活かせる仕事・職種一覧,FP3級を活かせる仕事・職種一覧について、FP3級受験者向けに公式情報の確認方法と学習の進め方を整理します。,FP3級を活かせる仕事・職種一覧について、受験を検討・準備中の方が迷いやすい点を整理します。公式情報を優先し、このサイトの演習・用語解説と組み合わせて学習を進めてください。,,61,合格後;活用;FP3級,FP3級マスター編集部,資格学習サイトの編集チーム,公式情報確認担当,公開前に一次情報との照合を行う担当者,2026-06-09,日本FP協会（公式）|https://www.jafp.or.jp/,fp3_article_titles.csv から取り込み（2026-06-09）。本文は執筆前のカタログ行。,本記事を読むと、FP3級を活かせる仕事・職種一覧について公式情報で確認すべき点と学習の進め方が分かります。,公式サイトで最新情報を確認する;関連分野の演習に取り組む;用語解説で弱点を補強する,試験要項・制度改正時に本文と参照元を見直します。,2026-06-09,2026-07-09,2026-06-09,draft,カタログ取り込み（2026-06-09）。公開前に本文を全面リライトしてください。,合格後にできること,本記事は現在執筆中です。公開時に、合格後にできることについて公式情報を確認したうえで受験者が迷いやすい点を整理します。制度の数値や期限は、試験実施団体の最新の受験案内で必ず確認してください。それまでの間は、同じカテゴリの他記事やこのサイトの過去問・用語解説を活用してください。,資格の活用シーン,本記事は現在執筆中です。公開時に、資格の活用シーンについて公式情報を確認したうえで受験者が迷いやすい点を整理します。制度の数値や期限は、試験実施団体の最新の受験案内で必ず確認してください。それまでの間は、同じカテゴリの他記事やこのサイトの過去問・用語解説を活用してください。,履歴書・職場での記載,本記事は現在執筆中です。公開時に、履歴書・職場での記載について公式情報を確認したうえで受験者が迷いやすい点を整理します。制度の数値や期限は、試験実施団体の最新の受験案内で必ず確認してください。それまでの間は、同じカテゴリの他記事やこのサイトの過去問・用語解説を活用してください。,継続学習と上位資格,本記事は現在執筆中です。公開時に、継続学習と上位資格について公式情報を確認したうえで受験者が迷いやすい点を整理します。制度の数値や期限は、試験実施団体の最新の受験案内で必ず確認してください。それまでの間は、同じカテゴリの他記事やこのサイトの過去問・用語解説を活用してください。,よくある誤解,本記事は現在執筆中です。公開時に、よくある誤解について公式情報を確認したうえで受験者が迷いやすい点を整理します。制度の数値や期限は、試験実施団体の最新の受験案内で必ず確認してください。それまでの間は、同じカテゴリの他記事やこのサイトの過去問・用語解説を活用してください。,,,,,FP3級を活かせる仕事・職種一覧について最初に確認することは？,試験実施団体の公式サイトで最新の受験案内・出題範囲を確認してください。数値や期限は年度で変わることがあります。,このサイトではどう学習を進めればよいですか？,過去問・実践演習で弱点を見つけ、用語解説で理解を深め、間違えた問題は復習リストに残して解き直してください。,after-pass-fp2-roadmap:FP3級合格後にFP2級を目指すロードマップ;after-pass-resume-cv:FP3級合格を履歴書・職務経歴書に書く方法,
faq-study-hours,よくある質問,FP3級の勉強時間は何時間が目安か（正直な数字と根拠）,FP3級の勉強時間は何時間が目安か（正直な数字と根拠）について、FP3級受験者向けに公式情報の確認方法と学習の進め方を整理します。,FP3級の勉強時間は何時間が目安か（正直な数字と根拠）について、受験を検討・準備中の方が迷いやすい点を整理します。公式情報を優先し、このサイトの演習・用語解説と組み合わせて学習を進めてください。,,60,FAQ;よくある質問;FP3級,FP3級マスター編集部,資格学習サイトの編集チーム,公式情報確認担当,公開前に一次情報との照合を行う担当者,2026-06-09,日本FP協会（公式）|https://www.jafp.or.jp/,fp3_article_titles.csv から取り込み（2026-06-09）。本文は執筆前のカタログ行。,本記事を読むと、FP3級の勉強時間は何時間が目安か（正直な数字と根拠）について公式情報で確認すべき点と学習の進め方が分かります。,公式サイトで最新情報を確認する;関連分野の演習に取り組む;用語解説で弱点を補強する,試験要項・制度改正時に本文と参照元を見直します。,2026-06-09,2026-07-09,2026-06-09,draft,カタログ取り込み（2026-06-09）。公開前に本文を全面リライトしてください。,質問の背景,本記事は現在執筆中です。公開時に、質問の背景について公式情報を確認したうえで受験者が迷いやすい点を整理します。制度の数値や期限は、試験実施団体の最新の受験案内で必ず確認してください。それまでの間は、同じカテゴリの他記事やこのサイトの過去問・用語解説を活用してください。,公式情報で確認すること,本記事は現在執筆中です。公開時に、公式情報で確認することについて公式情報を確認したうえで受験者が迷いやすい点を整理します。制度の数値や期限は、試験実施団体の最新の受験案内で必ず確認してください。それまでの間は、同じカテゴリの他記事やこのサイトの過去問・用語解説を活用してください。,受験者が知っておきたい答え,本記事は現在執筆中です。公開時に、受験者が知っておきたい答えについて公式情報を確認したうえで受験者が迷いやすい点を整理します。制度の数値や期限は、試験実施団体の最新の受験案内で必ず確認してください。それまでの間は、同じカテゴリの他記事やこのサイトの過去問・用語解説を活用してください。,学習・受験への影響,本記事は現在執筆中です。公開時に、学習・受験への影響について公式情報を確認したうえで受験者が迷いやすい点を整理します。制度の数値や期限は、試験実施団体の最新の受験案内で必ず確認してください。それまでの間は、同じカテゴリの他記事やこのサイトの過去問・用語解説を活用してください。,関連する確認事項,本記事は現在執筆中です。公開時に、関連する確認事項について公式情報を確認したうえで受験者が迷いやすい点を整理します。制度の数値や期限は、試験実施団体の最新の受験案内で必ず確認してください。それまでの間は、同じカテゴリの他記事やこのサイトの過去問・用語解説を活用してください。,,,,,FP3級の勉強時間は何時間が目安か（正直な数字と根拠）について最初に確認することは？,試験実施団体の公式サイトで最新の受験案内・出題範囲を確認してください。数値や期限は年度で変わることがあります。,このサイトではどう学習を進めればよいですか？,過去問・実践演習で弱点を見つけ、用語解説で理解を深め、間違えた問題は復習リストに残して解き直してください。,faq-easy-meaningless-myth:FP3級は「意味ない」「簡単すぎる」は本当か;faq-high-pass-rate:FP3級の合格率が高い理由とそれでも落ちる人の特,
faq-easy-meaningless-myth,よくある質問,FP3級は「意味ない」「簡単すぎる」は本当か,FP3級は「意味ない」「簡単すぎる」は本当かについて、FP3級受験者向けに公式情報の確認方法と学習の進め方を整理します。,FP3級は「意味ない」「簡単すぎる」は本当かについて、受験を検討・準備中の方が迷いやすい点を整理します。公式情報を優先し、このサイトの演習・用語解説と組み合わせて学習を進めてください。,,61,FAQ;よくある質問;FP3級,FP3級マスター編集部,資格学習サイトの編集チーム,公式情報確認担当,公開前に一次情報との照合を行う担当者,2026-06-09,日本FP協会（公式）|https://www.jafp.or.jp/,fp3_article_titles.csv から取り込み（2026-06-09）。本文は執筆前のカタログ行。,本記事を読むと、FP3級は「意味ない」「簡単すぎる」は本当かについて公式情報で確認すべき点と学習の進め方が分かります。,公式サイトで最新情報を確認する;関連分野の演習に取り組む;用語解説で弱点を補強する,試験要項・制度改正時に本文と参照元を見直します。,2026-06-09,2026-07-09,2026-06-09,draft,カタログ取り込み（2026-06-09）。公開前に本文を全面リライトしてください。,質問の背景,本記事は現在執筆中です。公開時に、質問の背景について公式情報を確認したうえで受験者が迷いやすい点を整理します。制度の数値や期限は、試験実施団体の最新の受験案内で必ず確認してください。それまでの間は、同じカテゴリの他記事やこのサイトの過去問・用語解説を活用してください。,公式情報で確認すること,本記事は現在執筆中です。公開時に、公式情報で確認することについて公式情報を確認したうえで受験者が迷いやすい点を整理します。制度の数値や期限は、試験実施団体の最新の受験案内で必ず確認してください。それまでの間は、同じカテゴリの他記事やこのサイトの過去問・用語解説を活用してください。,受験者が知っておきたい答え,本記事は現在執筆中です。公開時に、受験者が知っておきたい答えについて公式情報を確認したうえで受験者が迷いやすい点を整理します。制度の数値や期限は、試験実施団体の最新の受験案内で必ず確認してください。それまでの間は、同じカテゴリの他記事やこのサイトの過去問・用語解説を活用してください。,学習・受験への影響,本記事は現在執筆中です。公開時に、学習・受験への影響について公式情報を確認したうえで受験者が迷いやすい点を整理します。制度の数値や期限は、試験実施団体の最新の受験案内で必ず確認してください。それまでの間は、同じカテゴリの他記事やこのサイトの過去問・用語解説を活用してください。,関連する確認事項,本記事は現在執筆中です。公開時に、関連する確認事項について公式情報を確認したうえで受験者が迷いやすい点を整理します。制度の数値や期限は、試験実施団体の最新の受験案内で必ず確認してください。それまでの間は、同じカテゴリの他記事やこのサイトの過去問・用語解説を活用してください。,,,,,FP3級は「意味ない」「簡単すぎる」は本当かについて最初に確認することは？,試験実施団体の公式サイトで最新の受験案内・出題範囲を確認してください。数値や期限は年度で変わることがあります。,このサイトではどう学習を進めればよいですか？,過去問・実践演習で弱点を見つけ、用語解説で理解を深め、間違えた問題は復習リストに残して解き直してください。,faq-study-hours:FP3級の勉強時間は何時間が目安か（正直な数字と;faq-high-pass-rate:FP3級の合格率が高い理由とそれでも落ちる人の特,
faq-high-pass-rate,よくある質問,FP3級の合格率が高い理由とそれでも落ちる人の特徴,FP3級の合格率が高い理由とそれでも落ちる人の特徴について、FP3級受験者向けに公式情報の確認方法と学習の進め方を整理します。,FP3級の合格率が高い理由とそれでも落ちる人の特徴について、受験を検討・準備中の方が迷いやすい点を整理します。公式情報を優先し、このサイトの演習・用語解説と組み合わせて学習を進めてください。,,62,FAQ;よくある質問;FP3級,FP3級マスター編集部,資格学習サイトの編集チーム,公式情報確認担当,公開前に一次情報との照合を行う担当者,2026-06-09,日本FP協会（公式）|https://www.jafp.or.jp/,fp3_article_titles.csv から取り込み（2026-06-09）。本文は執筆前のカタログ行。,本記事を読むと、FP3級の合格率が高い理由とそれでも落ちる人の特徴について公式情報で確認すべき点と学習の進め方が分かります。,公式サイトで最新情報を確認する;関連分野の演習に取り組む;用語解説で弱点を補強する,試験要項・制度改正時に本文と参照元を見直します。,2026-06-09,2026-07-09,2026-06-09,draft,カタログ取り込み（2026-06-09）。公開前に本文を全面リライトしてください。,質問の背景,本記事は現在執筆中です。公開時に、質問の背景について公式情報を確認したうえで受験者が迷いやすい点を整理します。制度の数値や期限は、試験実施団体の最新の受験案内で必ず確認してください。それまでの間は、同じカテゴリの他記事やこのサイトの過去問・用語解説を活用してください。,公式情報で確認すること,本記事は現在執筆中です。公開時に、公式情報で確認することについて公式情報を確認したうえで受験者が迷いやすい点を整理します。制度の数値や期限は、試験実施団体の最新の受験案内で必ず確認してください。それまでの間は、同じカテゴリの他記事やこのサイトの過去問・用語解説を活用してください。,受験者が知っておきたい答え,本記事は現在執筆中です。公開時に、受験者が知っておきたい答えについて公式情報を確認したうえで受験者が迷いやすい点を整理します。制度の数値や期限は、試験実施団体の最新の受験案内で必ず確認してください。それまでの間は、同じカテゴリの他記事やこのサイトの過去問・用語解説を活用してください。,学習・受験への影響,本記事は現在執筆中です。公開時に、学習・受験への影響について公式情報を確認したうえで受験者が迷いやすい点を整理します。制度の数値や期限は、試験実施団体の最新の受験案内で必ず確認してください。それまでの間は、同じカテゴリの他記事やこのサイトの過去問・用語解説を活用してください。,関連する確認事項,本記事は現在執筆中です。公開時に、関連する確認事項について公式情報を確認したうえで受験者が迷いやすい点を整理します。制度の数値や期限は、試験実施団体の最新の受験案内で必ず確認してください。それまでの間は、同じカテゴリの他記事やこのサイトの過去問・用語解説を活用してください。,,,,,FP3級の合格率が高い理由とそれでも落ちる人の特徴について最初に確認することは？,試験実施団体の公式サイトで最新の受験案内・出題範囲を確認してください。数値や期限は年度で変わることがあります。,このサイトではどう学習を進めればよいですか？,過去問・実践演習で弱点を見つけ、用語解説で理解を深め、間違えた問題は復習リストに残して解き直してください。,faq-study-hours:FP3級の勉強時間は何時間が目安か（正直な数字と;faq-easy-meaningless-myth:FP3級は「意味ない」「簡単すぎる」は本当か,
faq-self-study-months,よくある質問,FP3級は独学で何ヶ月かかるか,FP3級は独学で何ヶ月かかるかについて、FP3級受験者向けに公式情報の確認方法と学習の進め方を整理します。,FP3級は独学で何ヶ月かかるかについて、受験を検討・準備中の方が迷いやすい点を整理します。公式情報を優先し、このサイトの演習・用語解説と組み合わせて学習を進めてください。,,63,FAQ;よくある質問;FP3級,FP3級マスター編集部,資格学習サイトの編集チーム,公式情報確認担当,公開前に一次情報との照合を行う担当者,2026-06-09,日本FP協会（公式）|https://www.jafp.or.jp/,fp3_article_titles.csv から取り込み（2026-06-09）。本文は執筆前のカタログ行。,本記事を読むと、FP3級は独学で何ヶ月かかるかについて公式情報で確認すべき点と学習の進め方が分かります。,公式サイトで最新情報を確認する;関連分野の演習に取り組む;用語解説で弱点を補強する,試験要項・制度改正時に本文と参照元を見直します。,2026-06-09,2026-07-09,2026-06-09,draft,カタログ取り込み（2026-06-09）。公開前に本文を全面リライトしてください。,質問の背景,本記事は現在執筆中です。公開時に、質問の背景について公式情報を確認したうえで受験者が迷いやすい点を整理します。制度の数値や期限は、試験実施団体の最新の受験案内で必ず確認してください。それまでの間は、同じカテゴリの他記事やこのサイトの過去問・用語解説を活用してください。,公式情報で確認すること,本記事は現在執筆中です。公開時に、公式情報で確認することについて公式情報を確認したうえで受験者が迷いやすい点を整理します。制度の数値や期限は、試験実施団体の最新の受験案内で必ず確認してください。それまでの間は、同じカテゴリの他記事やこのサイトの過去問・用語解説を活用してください。,受験者が知っておきたい答え,本記事は現在執筆中です。公開時に、受験者が知っておきたい答えについて公式情報を確認したうえで受験者が迷いやすい点を整理します。制度の数値や期限は、試験実施団体の最新の受験案内で必ず確認してください。それまでの間は、同じカテゴリの他記事やこのサイトの過去問・用語解説を活用してください。,学習・受験への影響,本記事は現在執筆中です。公開時に、学習・受験への影響について公式情報を確認したうえで受験者が迷いやすい点を整理します。制度の数値や期限は、試験実施団体の最新の受験案内で必ず確認してください。それまでの間は、同じカテゴリの他記事やこのサイトの過去問・用語解説を活用してください。,関連する確認事項,本記事は現在執筆中です。公開時に、関連する確認事項について公式情報を確認したうえで受験者が迷いやすい点を整理します。制度の数値や期限は、試験実施団体の最新の受験案内で必ず確認してください。それまでの間は、同じカテゴリの他記事やこのサイトの過去問・用語解説を活用してください。,,,,,FP3級は独学で何ヶ月かかるかについて最初に確認することは？,試験実施団体の公式サイトで最新の受験案内・出題範囲を確認してください。数値や期限は年度で変わることがあります。,このサイトではどう学習を進めればよいですか？,過去問・実践演習で弱点を見つけ、用語解説で理解を深め、間違えた問題は復習リストに残して解き直してください。,faq-study-hours:FP3級の勉強時間は何時間が目安か（正直な数字と;faq-easy-meaningless-myth:FP3級は「意味ない」「簡単すぎる」は本当か,
faq-fail-patterns,よくある質問,FP3級に落ちた人の共通パターン,FP3級に落ちた人の共通パターンについて、FP3級受験者向けに公式情報の確認方法と学習の進め方を整理します。,FP3級に落ちた人の共通パターンについて、受験を検討・準備中の方が迷いやすい点を整理します。公式情報を優先し、このサイトの演習・用語解説と組み合わせて学習を進めてください。,,64,FAQ;よくある質問;FP3級,FP3級マスター編集部,資格学習サイトの編集チーム,公式情報確認担当,公開前に一次情報との照合を行う担当者,2026-06-09,日本FP協会（公式）|https://www.jafp.or.jp/,fp3_article_titles.csv から取り込み（2026-06-09）。本文は執筆前のカタログ行。,本記事を読むと、FP3級に落ちた人の共通パターンについて公式情報で確認すべき点と学習の進め方が分かります。,公式サイトで最新情報を確認する;関連分野の演習に取り組む;用語解説で弱点を補強する,試験要項・制度改正時に本文と参照元を見直します。,2026-06-09,2026-07-09,2026-06-09,draft,カタログ取り込み（2026-06-09）。公開前に本文を全面リライトしてください。,質問の背景,本記事は現在執筆中です。公開時に、質問の背景について公式情報を確認したうえで受験者が迷いやすい点を整理します。制度の数値や期限は、試験実施団体の最新の受験案内で必ず確認してください。それまでの間は、同じカテゴリの他記事やこのサイトの過去問・用語解説を活用してください。,公式情報で確認すること,本記事は現在執筆中です。公開時に、公式情報で確認することについて公式情報を確認したうえで受験者が迷いやすい点を整理します。制度の数値や期限は、試験実施団体の最新の受験案内で必ず確認してください。それまでの間は、同じカテゴリの他記事やこのサイトの過去問・用語解説を活用してください。,受験者が知っておきたい答え,本記事は現在執筆中です。公開時に、受験者が知っておきたい答えについて公式情報を確認したうえで受験者が迷いやすい点を整理します。制度の数値や期限は、試験実施団体の最新の受験案内で必ず確認してください。それまでの間は、同じカテゴリの他記事やこのサイトの過去問・用語解説を活用してください。,学習・受験への影響,本記事は現在執筆中です。公開時に、学習・受験への影響について公式情報を確認したうえで受験者が迷いやすい点を整理します。制度の数値や期限は、試験実施団体の最新の受験案内で必ず確認してください。それまでの間は、同じカテゴリの他記事やこのサイトの過去問・用語解説を活用してください。,関連する確認事項,本記事は現在執筆中です。公開時に、関連する確認事項について公式情報を確認したうえで受験者が迷いやすい点を整理します。制度の数値や期限は、試験実施団体の最新の受験案内で必ず確認してください。それまでの間は、同じカテゴリの他記事やこのサイトの過去問・用語解説を活用してください。,,,,,FP3級に落ちた人の共通パターンについて最初に確認することは？,試験実施団体の公式サイトで最新の受験案内・出題範囲を確認してください。数値や期限は年度で変わることがあります。,このサイトではどう学習を進めればよいですか？,過去問・実践演習で弱点を見つけ、用語解説で理解を深め、間違えた問題は復習リストに残して解き直してください。,faq-study-hours:FP3級の勉強時間は何時間が目安か（正直な数字と;faq-easy-meaningless-myth:FP3級は「意味ない」「簡単すぎる」は本当か,
faq-calculator-allowed,よくある質問,FP3級の試験当日に電卓は使えるか,FP3級の試験当日に電卓は使えるかについて、FP3級受験者向けに公式情報の確認方法と学習の進め方を整理します。,FP3級の試験当日に電卓は使えるかについて、受験を検討・準備中の方が迷いやすい点を整理します。公式情報を優先し、このサイトの演習・用語解説と組み合わせて学習を進めてください。,,65,FAQ;よくある質問;FP3級,FP3級マスター編集部,資格学習サイトの編集チーム,公式情報確認担当,公開前に一次情報との照合を行う担当者,2026-06-09,日本FP協会（公式）|https://www.jafp.or.jp/,fp3_article_titles.csv から取り込み（2026-06-09）。本文は執筆前のカタログ行。,本記事を読むと、FP3級の試験当日に電卓は使えるかについて公式情報で確認すべき点と学習の進め方が分かります。,公式サイトで最新情報を確認する;関連分野の演習に取り組む;用語解説で弱点を補強する,試験要項・制度改正時に本文と参照元を見直します。,2026-06-09,2026-07-09,2026-06-09,draft,カタログ取り込み（2026-06-09）。公開前に本文を全面リライトしてください。,質問の背景,本記事は現在執筆中です。公開時に、質問の背景について公式情報を確認したうえで受験者が迷いやすい点を整理します。制度の数値や期限は、試験実施団体の最新の受験案内で必ず確認してください。それまでの間は、同じカテゴリの他記事やこのサイトの過去問・用語解説を活用してください。,公式情報で確認すること,本記事は現在執筆中です。公開時に、公式情報で確認することについて公式情報を確認したうえで受験者が迷いやすい点を整理します。制度の数値や期限は、試験実施団体の最新の受験案内で必ず確認してください。それまでの間は、同じカテゴリの他記事やこのサイトの過去問・用語解説を活用してください。,受験者が知っておきたい答え,本記事は現在執筆中です。公開時に、受験者が知っておきたい答えについて公式情報を確認したうえで受験者が迷いやすい点を整理します。制度の数値や期限は、試験実施団体の最新の受験案内で必ず確認してください。それまでの間は、同じカテゴリの他記事やこのサイトの過去問・用語解説を活用してください。,学習・受験への影響,本記事は現在執筆中です。公開時に、学習・受験への影響について公式情報を確認したうえで受験者が迷いやすい点を整理します。制度の数値や期限は、試験実施団体の最新の受験案内で必ず確認してください。それまでの間は、同じカテゴリの他記事やこのサイトの過去問・用語解説を活用してください。,関連する確認事項,本記事は現在執筆中です。公開時に、関連する確認事項について公式情報を確認したうえで受験者が迷いやすい点を整理します。制度の数値や期限は、試験実施団体の最新の受験案内で必ず確認してください。それまでの間は、同じカテゴリの他記事やこのサイトの過去問・用語解説を活用してください。,,,,,FP3級の試験当日に電卓は使えるかについて最初に確認することは？,試験実施団体の公式サイトで最新の受験案内・出題範囲を確認してください。数値や期限は年度で変わることがあります。,このサイトではどう学習を進めればよいですか？,過去問・実践演習で弱点を見つけ、用語解説で理解を深め、間違えた問題は復習リストに残して解き直してください。,faq-study-hours:FP3級の勉強時間は何時間が目安か（正直な数字と;faq-easy-meaningless-myth:FP3級は「意味ない」「簡単すぎる」は本当か,
faq-exam-venues,よくある質問,FP3級の試験会場は全国どこにあるか,FP3級の試験会場は全国どこにあるかについて、FP3級受験者向けに公式情報の確認方法と学習の進め方を整理します。,FP3級の試験会場は全国どこにあるかについて、受験を検討・準備中の方が迷いやすい点を整理します。公式情報を優先し、このサイトの演習・用語解説と組み合わせて学習を進めてください。,,66,FAQ;よくある質問;FP3級,FP3級マスター編集部,資格学習サイトの編集チーム,公式情報確認担当,公開前に一次情報との照合を行う担当者,2026-06-09,日本FP協会（公式）|https://www.jafp.or.jp/,fp3_article_titles.csv から取り込み（2026-06-09）。本文は執筆前のカタログ行。,本記事を読むと、FP3級の試験会場は全国どこにあるかについて公式情報で確認すべき点と学習の進め方が分かります。,公式サイトで最新情報を確認する;関連分野の演習に取り組む;用語解説で弱点を補強する,試験要項・制度改正時に本文と参照元を見直します。,2026-06-09,2026-07-09,2026-06-09,draft,カタログ取り込み（2026-06-09）。公開前に本文を全面リライトしてください。,質問の背景,本記事は現在執筆中です。公開時に、質問の背景について公式情報を確認したうえで受験者が迷いやすい点を整理します。制度の数値や期限は、試験実施団体の最新の受験案内で必ず確認してください。それまでの間は、同じカテゴリの他記事やこのサイトの過去問・用語解説を活用してください。,公式情報で確認すること,本記事は現在執筆中です。公開時に、公式情報で確認することについて公式情報を確認したうえで受験者が迷いやすい点を整理します。制度の数値や期限は、試験実施団体の最新の受験案内で必ず確認してください。それまでの間は、同じカテゴリの他記事やこのサイトの過去問・用語解説を活用してください。,受験者が知っておきたい答え,本記事は現在執筆中です。公開時に、受験者が知っておきたい答えについて公式情報を確認したうえで受験者が迷いやすい点を整理します。制度の数値や期限は、試験実施団体の最新の受験案内で必ず確認してください。それまでの間は、同じカテゴリの他記事やこのサイトの過去問・用語解説を活用してください。,学習・受験への影響,本記事は現在執筆中です。公開時に、学習・受験への影響について公式情報を確認したうえで受験者が迷いやすい点を整理します。制度の数値や期限は、試験実施団体の最新の受験案内で必ず確認してください。それまでの間は、同じカテゴリの他記事やこのサイトの過去問・用語解説を活用してください。,関連する確認事項,本記事は現在執筆中です。公開時に、関連する確認事項について公式情報を確認したうえで受験者が迷いやすい点を整理します。制度の数値や期限は、試験実施団体の最新の受験案内で必ず確認してください。それまでの間は、同じカテゴリの他記事やこのサイトの過去問・用語解説を活用してください。,,,,,FP3級の試験会場は全国どこにあるかについて最初に確認することは？,試験実施団体の公式サイトで最新の受験案内・出題範囲を確認してください。数値や期限は年度で変わることがあります。,このサイトではどう学習を進めればよいですか？,過去問・実践演習で弱点を見つけ、用語解説で理解を深め、間違えた問題は復習リストに残して解き直してください。,faq-study-hours:FP3級の勉強時間は何時間が目安か（正直な数字と;faq-easy-meaningless-myth:FP3級は「意味ない」「簡単すぎる」は本当か,
faq-result-timing,よくある質問,FP3級の結果はいつわかるか（合否確認の方法）,FP3級の結果はいつわかるか（合否確認の方法）について、FP3級受験者向けに公式情報の確認方法と学習の進め方を整理します。,FP3級の結果はいつわかるか（合否確認の方法）について、受験を検討・準備中の方が迷いやすい点を整理します。公式情報を優先し、このサイトの演習・用語解説と組み合わせて学習を進めてください。,,67,FAQ;よくある質問;FP3級,FP3級マスター編集部,資格学習サイトの編集チーム,公式情報確認担当,公開前に一次情報との照合を行う担当者,2026-06-09,日本FP協会（公式）|https://www.jafp.or.jp/,fp3_article_titles.csv から取り込み（2026-06-09）。本文は執筆前のカタログ行。,本記事を読むと、FP3級の結果はいつわかるか（合否確認の方法）について公式情報で確認すべき点と学習の進め方が分かります。,公式サイトで最新情報を確認する;関連分野の演習に取り組む;用語解説で弱点を補強する,試験要項・制度改正時に本文と参照元を見直します。,2026-06-09,2026-07-09,2026-06-09,draft,カタログ取り込み（2026-06-09）。公開前に本文を全面リライトしてください。,質問の背景,本記事は現在執筆中です。公開時に、質問の背景について公式情報を確認したうえで受験者が迷いやすい点を整理します。制度の数値や期限は、試験実施団体の最新の受験案内で必ず確認してください。それまでの間は、同じカテゴリの他記事やこのサイトの過去問・用語解説を活用してください。,公式情報で確認すること,本記事は現在執筆中です。公開時に、公式情報で確認することについて公式情報を確認したうえで受験者が迷いやすい点を整理します。制度の数値や期限は、試験実施団体の最新の受験案内で必ず確認してください。それまでの間は、同じカテゴリの他記事やこのサイトの過去問・用語解説を活用してください。,受験者が知っておきたい答え,本記事は現在執筆中です。公開時に、受験者が知っておきたい答えについて公式情報を確認したうえで受験者が迷いやすい点を整理します。制度の数値や期限は、試験実施団体の最新の受験案内で必ず確認してください。それまでの間は、同じカテゴリの他記事やこのサイトの過去問・用語解説を活用してください。,学習・受験への影響,本記事は現在執筆中です。公開時に、学習・受験への影響について公式情報を確認したうえで受験者が迷いやすい点を整理します。制度の数値や期限は、試験実施団体の最新の受験案内で必ず確認してください。それまでの間は、同じカテゴリの他記事やこのサイトの過去問・用語解説を活用してください。,関連する確認事項,本記事は現在執筆中です。公開時に、関連する確認事項について公式情報を確認したうえで受験者が迷いやすい点を整理します。制度の数値や期限は、試験実施団体の最新の受験案内で必ず確認してください。それまでの間は、同じカテゴリの他記事やこのサイトの過去問・用語解説を活用してください。,,,,,FP3級の結果はいつわかるか（合否確認の方法）について最初に確認することは？,試験実施団体の公式サイトで最新の受験案内・出題範囲を確認してください。数値や期限は年度で変わることがあります。,このサイトではどう学習を進めればよいですか？,過去問・実践演習で弱点を見つけ、用語解説で理解を深め、間違えた問題は復習リストに残して解き直してください。,faq-study-hours:FP3級の勉強時間は何時間が目安か（正直な数字と;faq-easy-meaningless-myth:FP3級は「意味ない」「簡単すぎる」は本当か,
faq-exam-fee,よくある質問,FP3級の試験料はいくらか・支払い方法,FP3級の試験料はいくらか・支払い方法について、FP3級受験者向けに公式情報の確認方法と学習の進め方を整理します。,FP3級の試験料はいくらか・支払い方法について、受験を検討・準備中の方が迷いやすい点を整理します。公式情報を優先し、このサイトの演習・用語解説と組み合わせて学習を進めてください。,,68,FAQ;よくある質問;FP3級,FP3級マスター編集部,資格学習サイトの編集チーム,公式情報確認担当,公開前に一次情報との照合を行う担当者,2026-06-09,日本FP協会（公式）|https://www.jafp.or.jp/,fp3_article_titles.csv から取り込み（2026-06-09）。本文は執筆前のカタログ行。,本記事を読むと、FP3級の試験料はいくらか・支払い方法について公式情報で確認すべき点と学習の進め方が分かります。,公式サイトで最新情報を確認する;関連分野の演習に取り組む;用語解説で弱点を補強する,試験要項・制度改正時に本文と参照元を見直します。,2026-06-09,2026-07-09,2026-06-09,draft,カタログ取り込み（2026-06-09）。公開前に本文を全面リライトしてください。,質問の背景,本記事は現在執筆中です。公開時に、質問の背景について公式情報を確認したうえで受験者が迷いやすい点を整理します。制度の数値や期限は、試験実施団体の最新の受験案内で必ず確認してください。それまでの間は、同じカテゴリの他記事やこのサイトの過去問・用語解説を活用してください。,公式情報で確認すること,本記事は現在執筆中です。公開時に、公式情報で確認することについて公式情報を確認したうえで受験者が迷いやすい点を整理します。制度の数値や期限は、試験実施団体の最新の受験案内で必ず確認してください。それまでの間は、同じカテゴリの他記事やこのサイトの過去問・用語解説を活用してください。,受験者が知っておきたい答え,本記事は現在執筆中です。公開時に、受験者が知っておきたい答えについて公式情報を確認したうえで受験者が迷いやすい点を整理します。制度の数値や期限は、試験実施団体の最新の受験案内で必ず確認してください。それまでの間は、同じカテゴリの他記事やこのサイトの過去問・用語解説を活用してください。,学習・受験への影響,本記事は現在執筆中です。公開時に、学習・受験への影響について公式情報を確認したうえで受験者が迷いやすい点を整理します。制度の数値や期限は、試験実施団体の最新の受験案内で必ず確認してください。それまでの間は、同じカテゴリの他記事やこのサイトの過去問・用語解説を活用してください。,関連する確認事項,本記事は現在執筆中です。公開時に、関連する確認事項について公式情報を確認したうえで受験者が迷いやすい点を整理します。制度の数値や期限は、試験実施団体の最新の受験案内で必ず確認してください。それまでの間は、同じカテゴリの他記事やこのサイトの過去問・用語解説を活用してください。,,,,,FP3級の試験料はいくらか・支払い方法について最初に確認することは？,試験実施団体の公式サイトで最新の受験案内・出題範囲を確認してください。数値や期限は年度で変わることがあります。,このサイトではどう学習を進めればよいですか？,過去問・実践演習で弱点を見つけ、用語解説で理解を深め、間違えた問題は復習リストに残して解き直してください。,faq-study-hours:FP3級の勉強時間は何時間が目安か（正直な数字と;faq-easy-meaningless-myth:FP3級は「意味ない」「簡単すぎる」は本当か,
faq-cbt-exam,よくある質問,FP3級のCBT試験とはなにか・いつでも受けられるか,FP3級のCBT試験とはなにか・いつでも受けられるかについて、FP3級受験者向けに公式情報の確認方法と学習の進め方を整理します。,FP3級のCBT試験とはなにか・いつでも受けられるかについて、受験を検討・準備中の方が迷いやすい点を整理します。公式情報を優先し、このサイトの演習・用語解説と組み合わせて学習を進めてください。,,69,FAQ;よくある質問;FP3級,FP3級マスター編集部,資格学習サイトの編集チーム,公式情報確認担当,公開前に一次情報との照合を行う担当者,2026-06-09,日本FP協会（公式）|https://www.jafp.or.jp/,fp3_article_titles.csv から取り込み（2026-06-09）。本文は執筆前のカタログ行。,本記事を読むと、FP3級のCBT試験とはなにか・いつでも受けられるかについて公式情報で確認すべき点と学習の進め方が分かります。,公式サイトで最新情報を確認する;関連分野の演習に取り組む;用語解説で弱点を補強する,試験要項・制度改正時に本文と参照元を見直します。,2026-06-09,2026-07-09,2026-06-09,draft,カタログ取り込み（2026-06-09）。公開前に本文を全面リライトしてください。,質問の背景,本記事は現在執筆中です。公開時に、質問の背景について公式情報を確認したうえで受験者が迷いやすい点を整理します。制度の数値や期限は、試験実施団体の最新の受験案内で必ず確認してください。それまでの間は、同じカテゴリの他記事やこのサイトの過去問・用語解説を活用してください。,公式情報で確認すること,本記事は現在執筆中です。公開時に、公式情報で確認することについて公式情報を確認したうえで受験者が迷いやすい点を整理します。制度の数値や期限は、試験実施団体の最新の受験案内で必ず確認してください。それまでの間は、同じカテゴリの他記事やこのサイトの過去問・用語解説を活用してください。,受験者が知っておきたい答え,本記事は現在執筆中です。公開時に、受験者が知っておきたい答えについて公式情報を確認したうえで受験者が迷いやすい点を整理します。制度の数値や期限は、試験実施団体の最新の受験案内で必ず確認してください。それまでの間は、同じカテゴリの他記事やこのサイトの過去問・用語解説を活用してください。,学習・受験への影響,本記事は現在執筆中です。公開時に、学習・受験への影響について公式情報を確認したうえで受験者が迷いやすい点を整理します。制度の数値や期限は、試験実施団体の最新の受験案内で必ず確認してください。それまでの間は、同じカテゴリの他記事やこのサイトの過去問・用語解説を活用してください。,関連する確認事項,本記事は現在執筆中です。公開時に、関連する確認事項について公式情報を確認したうえで受験者が迷いやすい点を整理します。制度の数値や期限は、試験実施団体の最新の受験案内で必ず確認してください。それまでの間は、同じカテゴリの他記事やこのサイトの過去問・用語解説を活用してください。,,,,,FP3級のCBT試験とはなにか・いつでも受けられるかについて最初に確認することは？,試験実施団体の公式サイトで最新の受験案内・出題範囲を確認してください。数値や期限は年度で変わることがあります。,このサイトではどう学習を進めればよいですか？,過去問・実践演習で弱点を見つけ、用語解説で理解を深め、間違えた問題は復習リストに残して解き直してください。,faq-study-hours:FP3級の勉強時間は何時間が目安か（正直な数字と;faq-easy-meaningless-myth:FP3級は「意味ない」「簡単すぎる」は本当か,
faq-age-limit,よくある質問,FP3級に年齢制限はあるか,FP3級に年齢制限はあるかについて、FP3級受験者向けに公式情報の確認方法と学習の進め方を整理します。,FP3級に年齢制限はあるかについて、受験を検討・準備中の方が迷いやすい点を整理します。公式情報を優先し、このサイトの演習・用語解説と組み合わせて学習を進めてください。,,70,FAQ;よくある質問;FP3級,FP3級マスター編集部,資格学習サイトの編集チーム,公式情報確認担当,公開前に一次情報との照合を行う担当者,2026-06-09,日本FP協会（公式）|https://www.jafp.or.jp/,fp3_article_titles.csv から取り込み（2026-06-09）。本文は執筆前のカタログ行。,本記事を読むと、FP3級に年齢制限はあるかについて公式情報で確認すべき点と学習の進め方が分かります。,公式サイトで最新情報を確認する;関連分野の演習に取り組む;用語解説で弱点を補強する,試験要項・制度改正時に本文と参照元を見直します。,2026-06-09,2026-07-09,2026-06-09,draft,カタログ取り込み（2026-06-09）。公開前に本文を全面リライトしてください。,質問の背景,本記事は現在執筆中です。公開時に、質問の背景について公式情報を確認したうえで受験者が迷いやすい点を整理します。制度の数値や期限は、試験実施団体の最新の受験案内で必ず確認してください。それまでの間は、同じカテゴリの他記事やこのサイトの過去問・用語解説を活用してください。,公式情報で確認すること,本記事は現在執筆中です。公開時に、公式情報で確認することについて公式情報を確認したうえで受験者が迷いやすい点を整理します。制度の数値や期限は、試験実施団体の最新の受験案内で必ず確認してください。それまでの間は、同じカテゴリの他記事やこのサイトの過去問・用語解説を活用してください。,受験者が知っておきたい答え,本記事は現在執筆中です。公開時に、受験者が知っておきたい答えについて公式情報を確認したうえで受験者が迷いやすい点を整理します。制度の数値や期限は、試験実施団体の最新の受験案内で必ず確認してください。それまでの間は、同じカテゴリの他記事やこのサイトの過去問・用語解説を活用してください。,学習・受験への影響,本記事は現在執筆中です。公開時に、学習・受験への影響について公式情報を確認したうえで受験者が迷いやすい点を整理します。制度の数値や期限は、試験実施団体の最新の受験案内で必ず確認してください。それまでの間は、同じカテゴリの他記事やこのサイトの過去問・用語解説を活用してください。,関連する確認事項,本記事は現在執筆中です。公開時に、関連する確認事項について公式情報を確認したうえで受験者が迷いやすい点を整理します。制度の数値や期限は、試験実施団体の最新の受験案内で必ず確認してください。それまでの間は、同じカテゴリの他記事やこのサイトの過去問・用語解説を活用してください。,,,,,FP3級に年齢制限はあるかについて最初に確認することは？,試験実施団体の公式サイトで最新の受験案内・出題範囲を確認してください。数値や期限は年度で変わることがあります。,このサイトではどう学習を進めればよいですか？,過去問・実践演習で弱点を見つけ、用語解説で理解を深め、間違えた問題は復習リストに残して解き直してください。,faq-study-hours:FP3級の勉強時間は何時間が目安か（正直な数字と;faq-easy-meaningless-myth:FP3級は「意味ない」「簡単すぎる」は本当か,
faq-certificate-delivery,よくある質問,FP3級の合格証書はいつ届くか,FP3級の合格証書はいつ届くかについて、FP3級受験者向けに公式情報の確認方法と学習の進め方を整理します。,FP3級の合格証書はいつ届くかについて、受験を検討・準備中の方が迷いやすい点を整理します。公式情報を優先し、このサイトの演習・用語解説と組み合わせて学習を進めてください。,,71,FAQ;よくある質問;FP3級,FP3級マスター編集部,資格学習サイトの編集チーム,公式情報確認担当,公開前に一次情報との照合を行う担当者,2026-06-09,日本FP協会（公式）|https://www.jafp.or.jp/,fp3_article_titles.csv から取り込み（2026-06-09）。本文は執筆前のカタログ行。,本記事を読むと、FP3級の合格証書はいつ届くかについて公式情報で確認すべき点と学習の進め方が分かります。,公式サイトで最新情報を確認する;関連分野の演習に取り組む;用語解説で弱点を補強する,試験要項・制度改正時に本文と参照元を見直します。,2026-06-09,2026-07-09,2026-06-09,draft,カタログ取り込み（2026-06-09）。公開前に本文を全面リライトしてください。,質問の背景,本記事は現在執筆中です。公開時に、質問の背景について公式情報を確認したうえで受験者が迷いやすい点を整理します。制度の数値や期限は、試験実施団体の最新の受験案内で必ず確認してください。それまでの間は、同じカテゴリの他記事やこのサイトの過去問・用語解説を活用してください。,公式情報で確認すること,本記事は現在執筆中です。公開時に、公式情報で確認することについて公式情報を確認したうえで受験者が迷いやすい点を整理します。制度の数値や期限は、試験実施団体の最新の受験案内で必ず確認してください。それまでの間は、同じカテゴリの他記事やこのサイトの過去問・用語解説を活用してください。,受験者が知っておきたい答え,本記事は現在執筆中です。公開時に、受験者が知っておきたい答えについて公式情報を確認したうえで受験者が迷いやすい点を整理します。制度の数値や期限は、試験実施団体の最新の受験案内で必ず確認してください。それまでの間は、同じカテゴリの他記事やこのサイトの過去問・用語解説を活用してください。,学習・受験への影響,本記事は現在執筆中です。公開時に、学習・受験への影響について公式情報を確認したうえで受験者が迷いやすい点を整理します。制度の数値や期限は、試験実施団体の最新の受験案内で必ず確認してください。それまでの間は、同じカテゴリの他記事やこのサイトの過去問・用語解説を活用してください。,関連する確認事項,本記事は現在執筆中です。公開時に、関連する確認事項について公式情報を確認したうえで受験者が迷いやすい点を整理します。制度の数値や期限は、試験実施団体の最新の受験案内で必ず確認してください。それまでの間は、同じカテゴリの他記事やこのサイトの過去問・用語解説を活用してください。,,,,,FP3級の合格証書はいつ届くかについて最初に確認することは？,試験実施団体の公式サイトで最新の受験案内・出題範囲を確認してください。数値や期限は年度で変わることがあります。,このサイトではどう学習を進めればよいですか？,過去問・実践演習で弱点を見つけ、用語解説で理解を深め、間違えた問題は復習リストに残して解き直してください。,faq-study-hours:FP3級の勉強時間は何時間が目安か（正直な数字と;faq-easy-meaningless-myth:FP3級は「意味ない」「簡単すぎる」は本当か,
faq-cancel-application,よくある質問,FP3級の試験申込をキャンセルできるか,FP3級の試験申込をキャンセルできるかについて、FP3級受験者向けに公式情報の確認方法と学習の進め方を整理します。,FP3級の試験申込をキャンセルできるかについて、受験を検討・準備中の方が迷いやすい点を整理します。公式情報を優先し、このサイトの演習・用語解説と組み合わせて学習を進めてください。,,72,FAQ;よくある質問;FP3級,FP3級マスター編集部,資格学習サイトの編集チーム,公式情報確認担当,公開前に一次情報との照合を行う担当者,2026-06-09,日本FP協会（公式）|https://www.jafp.or.jp/,fp3_article_titles.csv から取り込み（2026-06-09）。本文は執筆前のカタログ行。,本記事を読むと、FP3級の試験申込をキャンセルできるかについて公式情報で確認すべき点と学習の進め方が分かります。,公式サイトで最新情報を確認する;関連分野の演習に取り組む;用語解説で弱点を補強する,試験要項・制度改正時に本文と参照元を見直します。,2026-06-09,2026-07-09,2026-06-09,draft,カタログ取り込み（2026-06-09）。公開前に本文を全面リライトしてください。,質問の背景,本記事は現在執筆中です。公開時に、質問の背景について公式情報を確認したうえで受験者が迷いやすい点を整理します。制度の数値や期限は、試験実施団体の最新の受験案内で必ず確認してください。それまでの間は、同じカテゴリの他記事やこのサイトの過去問・用語解説を活用してください。,公式情報で確認すること,本記事は現在執筆中です。公開時に、公式情報で確認することについて公式情報を確認したうえで受験者が迷いやすい点を整理します。制度の数値や期限は、試験実施団体の最新の受験案内で必ず確認してください。それまでの間は、同じカテゴリの他記事やこのサイトの過去問・用語解説を活用してください。,受験者が知っておきたい答え,本記事は現在執筆中です。公開時に、受験者が知っておきたい答えについて公式情報を確認したうえで受験者が迷いやすい点を整理します。制度の数値や期限は、試験実施団体の最新の受験案内で必ず確認してください。それまでの間は、同じカテゴリの他記事やこのサイトの過去問・用語解説を活用してください。,学習・受験への影響,本記事は現在執筆中です。公開時に、学習・受験への影響について公式情報を確認したうえで受験者が迷いやすい点を整理します。制度の数値や期限は、試験実施団体の最新の受験案内で必ず確認してください。それまでの間は、同じカテゴリの他記事やこのサイトの過去問・用語解説を活用してください。,関連する確認事項,本記事は現在執筆中です。公開時に、関連する確認事項について公式情報を確認したうえで受験者が迷いやすい点を整理します。制度の数値や期限は、試験実施団体の最新の受験案内で必ず確認してください。それまでの間は、同じカテゴリの他記事やこのサイトの過去問・用語解説を活用してください。,,,,,FP3級の試験申込をキャンセルできるかについて最初に確認することは？,試験実施団体の公式サイトで最新の受験案内・出題範囲を確認してください。数値や期限は年度で変わることがあります。,このサイトではどう学習を進めればよいですか？,過去問・実践演習で弱点を見つけ、用語解説で理解を深め、間違えた問題は復習リストに残して解き直してください。,faq-study-hours:FP3級の勉強時間は何時間が目安か（正直な数字と;faq-easy-meaningless-myth:FP3級は「意味ない」「簡単すぎる」は本当か,
faq-late-on-exam-day,よくある質問,FP3級の試験当日に遅刻した場合どうなるか,FP3級の試験当日に遅刻した場合どうなるかについて、FP3級受験者向けに公式情報の確認方法と学習の進め方を整理します。,FP3級の試験当日に遅刻した場合どうなるかについて、受験を検討・準備中の方が迷いやすい点を整理します。公式情報を優先し、このサイトの演習・用語解説と組み合わせて学習を進めてください。,,73,FAQ;よくある質問;FP3級,FP3級マスター編集部,資格学習サイトの編集チーム,公式情報確認担当,公開前に一次情報との照合を行う担当者,2026-06-09,日本FP協会（公式）|https://www.jafp.or.jp/,fp3_article_titles.csv から取り込み（2026-06-09）。本文は執筆前のカタログ行。,本記事を読むと、FP3級の試験当日に遅刻した場合どうなるかについて公式情報で確認すべき点と学習の進め方が分かります。,公式サイトで最新情報を確認する;関連分野の演習に取り組む;用語解説で弱点を補強する,試験要項・制度改正時に本文と参照元を見直します。,2026-06-09,2026-07-09,2026-06-09,draft,カタログ取り込み（2026-06-09）。公開前に本文を全面リライトしてください。,質問の背景,本記事は現在執筆中です。公開時に、質問の背景について公式情報を確認したうえで受験者が迷いやすい点を整理します。制度の数値や期限は、試験実施団体の最新の受験案内で必ず確認してください。それまでの間は、同じカテゴリの他記事やこのサイトの過去問・用語解説を活用してください。,公式情報で確認すること,本記事は現在執筆中です。公開時に、公式情報で確認することについて公式情報を確認したうえで受験者が迷いやすい点を整理します。制度の数値や期限は、試験実施団体の最新の受験案内で必ず確認してください。それまでの間は、同じカテゴリの他記事やこのサイトの過去問・用語解説を活用してください。,受験者が知っておきたい答え,本記事は現在執筆中です。公開時に、受験者が知っておきたい答えについて公式情報を確認したうえで受験者が迷いやすい点を整理します。制度の数値や期限は、試験実施団体の最新の受験案内で必ず確認してください。それまでの間は、同じカテゴリの他記事やこのサイトの過去問・用語解説を活用してください。,学習・受験への影響,本記事は現在執筆中です。公開時に、学習・受験への影響について公式情報を確認したうえで受験者が迷いやすい点を整理します。制度の数値や期限は、試験実施団体の最新の受験案内で必ず確認してください。それまでの間は、同じカテゴリの他記事やこのサイトの過去問・用語解説を活用してください。,関連する確認事項,本記事は現在執筆中です。公開時に、関連する確認事項について公式情報を確認したうえで受験者が迷いやすい点を整理します。制度の数値や期限は、試験実施団体の最新の受験案内で必ず確認してください。それまでの間は、同じカテゴリの他記事やこのサイトの過去問・用語解説を活用してください。,,,,,FP3級の試験当日に遅刻した場合どうなるかについて最初に確認することは？,試験実施団体の公式サイトで最新の受験案内・出題範囲を確認してください。数値や期限は年度で変わることがあります。,このサイトではどう学習を進めればよいですか？,過去問・実践演習で弱点を見つけ、用語解説で理解を深め、間違えた問題は復習リストに残して解き直してください。,faq-study-hours:FP3級の勉強時間は何時間が目安か（正直な数字と;faq-easy-meaningless-myth:FP3級は「意味ない」「簡単すぎる」は本当か,
faq-take-home-papers,よくある質問,FP3級の問題用紙・解答用紙は持ち帰れるか,FP3級の問題用紙・解答用紙は持ち帰れるかについて、FP3級受験者向けに公式情報の確認方法と学習の進め方を整理します。,FP3級の問題用紙・解答用紙は持ち帰れるかについて、受験を検討・準備中の方が迷いやすい点を整理します。公式情報を優先し、このサイトの演習・用語解説と組み合わせて学習を進めてください。,,74,FAQ;よくある質問;FP3級,FP3級マスター編集部,資格学習サイトの編集チーム,公式情報確認担当,公開前に一次情報との照合を行う担当者,2026-06-09,日本FP協会（公式）|https://www.jafp.or.jp/,fp3_article_titles.csv から取り込み（2026-06-09）。本文は執筆前のカタログ行。,本記事を読むと、FP3級の問題用紙・解答用紙は持ち帰れるかについて公式情報で確認すべき点と学習の進め方が分かります。,公式サイトで最新情報を確認する;関連分野の演習に取り組む;用語解説で弱点を補強する,試験要項・制度改正時に本文と参照元を見直します。,2026-06-09,2026-07-09,2026-06-09,draft,カタログ取り込み（2026-06-09）。公開前に本文を全面リライトしてください。,質問の背景,本記事は現在執筆中です。公開時に、質問の背景について公式情報を確認したうえで受験者が迷いやすい点を整理します。制度の数値や期限は、試験実施団体の最新の受験案内で必ず確認してください。それまでの間は、同じカテゴリの他記事やこのサイトの過去問・用語解説を活用してください。,公式情報で確認すること,本記事は現在執筆中です。公開時に、公式情報で確認することについて公式情報を確認したうえで受験者が迷いやすい点を整理します。制度の数値や期限は、試験実施団体の最新の受験案内で必ず確認してください。それまでの間は、同じカテゴリの他記事やこのサイトの過去問・用語解説を活用してください。,受験者が知っておきたい答え,本記事は現在執筆中です。公開時に、受験者が知っておきたい答えについて公式情報を確認したうえで受験者が迷いやすい点を整理します。制度の数値や期限は、試験実施団体の最新の受験案内で必ず確認してください。それまでの間は、同じカテゴリの他記事やこのサイトの過去問・用語解説を活用してください。,学習・受験への影響,本記事は現在執筆中です。公開時に、学習・受験への影響について公式情報を確認したうえで受験者が迷いやすい点を整理します。制度の数値や期限は、試験実施団体の最新の受験案内で必ず確認してください。それまでの間は、同じカテゴリの他記事やこのサイトの過去問・用語解説を活用してください。,関連する確認事項,本記事は現在執筆中です。公開時に、関連する確認事項について公式情報を確認したうえで受験者が迷いやすい点を整理します。制度の数値や期限は、試験実施団体の最新の受験案内で必ず確認してください。それまでの間は、同じカテゴリの他記事やこのサイトの過去問・用語解説を活用してください。,,,,,FP3級の問題用紙・解答用紙は持ち帰れるかについて最初に確認することは？,試験実施団体の公式サイトで最新の受験案内・出題範囲を確認してください。数値や期限は年度で変わることがあります。,このサイトではどう学習を進めればよいですか？,過去問・実践演習で弱点を見つけ、用語解説で理解を深め、間違えた問題は復習リストに残して解き直してください。,faq-study-hours:FP3級の勉強時間は何時間が目安か（正直な数字と;faq-easy-meaningless-myth:FP3級は「意味ない」「簡単すぎる」は本当か,
tools-free-past-question-sites,学習ツール・サイト活用,FP3級の無料過去問サイトの選び方と使い方,FP3級の無料過去問サイトの選び方と使い方について、FP3級受験者向けに公式情報の確認方法と学習の進め方を整理します。,FP3級の無料過去問サイトの選び方と使い方について、受験を検討・準備中の方が迷いやすい点を整理します。公式情報を優先し、このサイトの演習・用語解説と組み合わせて学習を進めてください。,,70,学習ツール;サイト活用;FP3級,FP3級マスター編集部,資格学習サイトの編集チーム,公式情報確認担当,公開前に一次情報との照合を行う担当者,2026-06-09,日本FP協会（公式）|https://www.jafp.or.jp/,fp3_article_titles.csv から取り込み（2026-06-09）。本文は執筆前のカタログ行。,本記事を読むと、FP3級の無料過去問サイトの選び方と使い方について公式情報で確認すべき点と学習の進め方が分かります。,公式サイトで最新情報を確認する;関連分野の演習に取り組む;用語解説で弱点を補強する,試験要項・制度改正時に本文と参照元を見直します。,2026-06-09,2026-07-09,2026-06-09,draft,カタログ取り込み（2026-06-09）。公開前に本文を全面リライトしてください。,ツール・サイトの選び方,本記事は現在執筆中です。公開時に、ツール・サイトの選び方について公式情報を確認したうえで受験者が迷いやすい点を整理します。制度の数値や期限は、試験実施団体の最新の受験案内で必ず確認してください。それまでの間は、同じカテゴリの他記事やこのサイトの過去問・用語解説を活用してください。,効果的な使い方,本記事は現在執筆中です。公開時に、効果的な使い方について公式情報を確認したうえで受験者が迷いやすい点を整理します。制度の数値や期限は、試験実施団体の最新の受験案内で必ず確認してください。それまでの間は、同じカテゴリの他記事やこのサイトの過去問・用語解説を活用してください。,学習フェーズ別の活用法,本記事は現在執筆中です。公開時に、学習フェーズ別の活用法について公式情報を確認したうえで受験者が迷いやすい点を整理します。制度の数値や期限は、試験実施団体の最新の受験案内で必ず確認してください。それまでの間は、同じカテゴリの他記事やこのサイトの過去問・用語解説を活用してください。,このサイトとの組み合わせ,本記事は現在執筆中です。公開時に、このサイトとの組み合わせについて公式情報を確認したうえで受験者が迷いやすい点を整理します。制度の数値や期限は、試験実施団体の最新の受験案内で必ず確認してください。それまでの間は、同じカテゴリの他記事やこのサイトの過去問・用語解説を活用してください。,続けるためのコツ,本記事は現在執筆中です。公開時に、続けるためのコツについて公式情報を確認したうえで受験者が迷いやすい点を整理します。制度の数値や期限は、試験実施団体の最新の受験案内で必ず確認してください。それまでの間は、同じカテゴリの他記事やこのサイトの過去問・用語解説を活用してください。,,,,,FP3級の無料過去問サイトの選び方と使い方について最初に確認することは？,試験実施団体の公式サイトで最新の受験案内・出題範囲を確認してください。数値や期限は年度で変わることがあります。,このサイトではどう学習を進めればよいですか？,過去問・実践演習で弱点を見つけ、用語解説で理解を深め、間違えた問題は復習リストに残して解き直してください。,tools-smartphone-app:スマホアプリでFP3級を勉強する方法と注意点;tools-commute-gap-time:通勤・隙間時間でFP3級を勉強するための工夫,
tools-smartphone-app,学習ツール・サイト活用,スマホアプリでFP3級を勉強する方法と注意点,スマホアプリでFP3級を勉強する方法と注意点について、FP3級受験者向けに公式情報の確認方法と学習の進め方を整理します。,スマホアプリでFP3級を勉強する方法と注意点について、受験を検討・準備中の方が迷いやすい点を整理します。公式情報を優先し、このサイトの演習・用語解説と組み合わせて学習を進めてください。,,71,学習ツール;サイト活用;FP3級,FP3級マスター編集部,資格学習サイトの編集チーム,公式情報確認担当,公開前に一次情報との照合を行う担当者,2026-06-09,日本FP協会（公式）|https://www.jafp.or.jp/,fp3_article_titles.csv から取り込み（2026-06-09）。本文は執筆前のカタログ行。,本記事を読むと、スマホアプリでFP3級を勉強する方法と注意点について公式情報で確認すべき点と学習の進め方が分かります。,公式サイトで最新情報を確認する;関連分野の演習に取り組む;用語解説で弱点を補強する,試験要項・制度改正時に本文と参照元を見直します。,2026-06-09,2026-07-09,2026-06-09,draft,カタログ取り込み（2026-06-09）。公開前に本文を全面リライトしてください。,ツール・サイトの選び方,本記事は現在執筆中です。公開時に、ツール・サイトの選び方について公式情報を確認したうえで受験者が迷いやすい点を整理します。制度の数値や期限は、試験実施団体の最新の受験案内で必ず確認してください。それまでの間は、同じカテゴリの他記事やこのサイトの過去問・用語解説を活用してください。,効果的な使い方,本記事は現在執筆中です。公開時に、効果的な使い方について公式情報を確認したうえで受験者が迷いやすい点を整理します。制度の数値や期限は、試験実施団体の最新の受験案内で必ず確認してください。それまでの間は、同じカテゴリの他記事やこのサイトの過去問・用語解説を活用してください。,学習フェーズ別の活用法,本記事は現在執筆中です。公開時に、学習フェーズ別の活用法について公式情報を確認したうえで受験者が迷いやすい点を整理します。制度の数値や期限は、試験実施団体の最新の受験案内で必ず確認してください。それまでの間は、同じカテゴリの他記事やこのサイトの過去問・用語解説を活用してください。,このサイトとの組み合わせ,本記事は現在執筆中です。公開時に、このサイトとの組み合わせについて公式情報を確認したうえで受験者が迷いやすい点を整理します。制度の数値や期限は、試験実施団体の最新の受験案内で必ず確認してください。それまでの間は、同じカテゴリの他記事やこのサイトの過去問・用語解説を活用してください。,続けるためのコツ,本記事は現在執筆中です。公開時に、続けるためのコツについて公式情報を確認したうえで受験者が迷いやすい点を整理します。制度の数値や期限は、試験実施団体の最新の受験案内で必ず確認してください。それまでの間は、同じカテゴリの他記事やこのサイトの過去問・用語解説を活用してください。,,,,,スマホアプリでFP3級を勉強する方法と注意点について最初に確認することは？,試験実施団体の公式サイトで最新の受験案内・出題範囲を確認してください。数値や期限は年度で変わることがあります。,このサイトではどう学習を進めればよいですか？,過去問・実践演習で弱点を見つけ、用語解説で理解を深め、間違えた問題は復習リストに残して解き直してください。,tools-free-past-question-sites:FP3級の無料過去問サイトの選び方と使い方;tools-commute-gap-time:通勤・隙間時間でFP3級を勉強するための工夫,
tools-commute-gap-time,学習ツール・サイト活用,通勤・隙間時間でFP3級を勉強するための工夫,通勤・隙間時間でFP3級を勉強するための工夫について、FP3級受験者向けに公式情報の確認方法と学習の進め方を整理します。,通勤・隙間時間でFP3級を勉強するための工夫について、受験を検討・準備中の方が迷いやすい点を整理します。公式情報を優先し、このサイトの演習・用語解説と組み合わせて学習を進めてください。,,72,学習ツール;サイト活用;FP3級,FP3級マスター編集部,資格学習サイトの編集チーム,公式情報確認担当,公開前に一次情報との照合を行う担当者,2026-06-09,日本FP協会（公式）|https://www.jafp.or.jp/,fp3_article_titles.csv から取り込み（2026-06-09）。本文は執筆前のカタログ行。,本記事を読むと、通勤・隙間時間でFP3級を勉強するための工夫について公式情報で確認すべき点と学習の進め方が分かります。,公式サイトで最新情報を確認する;関連分野の演習に取り組む;用語解説で弱点を補強する,試験要項・制度改正時に本文と参照元を見直します。,2026-06-09,2026-07-09,2026-06-09,draft,カタログ取り込み（2026-06-09）。公開前に本文を全面リライトしてください。,ツール・サイトの選び方,本記事は現在執筆中です。公開時に、ツール・サイトの選び方について公式情報を確認したうえで受験者が迷いやすい点を整理します。制度の数値や期限は、試験実施団体の最新の受験案内で必ず確認してください。それまでの間は、同じカテゴリの他記事やこのサイトの過去問・用語解説を活用してください。,効果的な使い方,本記事は現在執筆中です。公開時に、効果的な使い方について公式情報を確認したうえで受験者が迷いやすい点を整理します。制度の数値や期限は、試験実施団体の最新の受験案内で必ず確認してください。それまでの間は、同じカテゴリの他記事やこのサイトの過去問・用語解説を活用してください。,学習フェーズ別の活用法,本記事は現在執筆中です。公開時に、学習フェーズ別の活用法について公式情報を確認したうえで受験者が迷いやすい点を整理します。制度の数値や期限は、試験実施団体の最新の受験案内で必ず確認してください。それまでの間は、同じカテゴリの他記事やこのサイトの過去問・用語解説を活用してください。,このサイトとの組み合わせ,本記事は現在執筆中です。公開時に、このサイトとの組み合わせについて公式情報を確認したうえで受験者が迷いやすい点を整理します。制度の数値や期限は、試験実施団体の最新の受験案内で必ず確認してください。それまでの間は、同じカテゴリの他記事やこのサイトの過去問・用語解説を活用してください。,続けるためのコツ,本記事は現在執筆中です。公開時に、続けるためのコツについて公式情報を確認したうえで受験者が迷いやすい点を整理します。制度の数値や期限は、試験実施団体の最新の受験案内で必ず確認してください。それまでの間は、同じカテゴリの他記事やこのサイトの過去問・用語解説を活用してください。,,,,,通勤・隙間時間でFP3級を勉強するための工夫について最初に確認することは？,試験実施団体の公式サイトで最新の受験案内・出題範囲を確認してください。数値や期限は年度で変わることがあります。,このサイトではどう学習を進めればよいですか？,過去問・実践演習で弱点を見つけ、用語解説で理解を深め、間違えた問題は復習リストに残して解き直してください。,tools-free-past-question-sites:FP3級の無料過去問サイトの選び方と使い方;tools-smartphone-app:スマホアプリでFP3級を勉強する方法と注意点,
tools-audio-video,学習ツール・サイト活用,音声・動画でFP3級を学ぶ方法（動画サービス活用含む）,音声・動画でFP3級を学ぶ方法（動画サービス活用含む）について、FP3級受験者向けに公式情報の確認方法と学習の進め方を整理します。,音声・動画でFP3級を学ぶ方法（動画サービス活用含む）について、受験を検討・準備中の方が迷いやすい点を整理します。公式情報を優先し、このサイトの演習・用語解説と組み合わせて学習を進めてください。,,73,学習ツール;サイト活用;FP3級,FP3級マスター編集部,資格学習サイトの編集チーム,公式情報確認担当,公開前に一次情報との照合を行う担当者,2026-06-09,日本FP協会（公式）|https://www.jafp.or.jp/,fp3_article_titles.csv から取り込み（2026-06-09）。本文は執筆前のカタログ行。,本記事を読むと、音声・動画でFP3級を学ぶ方法（動画サービス活用含む）について公式情報で確認すべき点と学習の進め方が分かります。,公式サイトで最新情報を確認する;関連分野の演習に取り組む;用語解説で弱点を補強する,試験要項・制度改正時に本文と参照元を見直します。,2026-06-09,2026-07-09,2026-06-09,draft,カタログ取り込み（2026-06-09）。公開前に本文を全面リライトしてください。,ツール・サイトの選び方,本記事は現在執筆中です。公開時に、ツール・サイトの選び方について公式情報を確認したうえで受験者が迷いやすい点を整理します。制度の数値や期限は、試験実施団体の最新の受験案内で必ず確認してください。それまでの間は、同じカテゴリの他記事やこのサイトの過去問・用語解説を活用してください。,効果的な使い方,本記事は現在執筆中です。公開時に、効果的な使い方について公式情報を確認したうえで受験者が迷いやすい点を整理します。制度の数値や期限は、試験実施団体の最新の受験案内で必ず確認してください。それまでの間は、同じカテゴリの他記事やこのサイトの過去問・用語解説を活用してください。,学習フェーズ別の活用法,本記事は現在執筆中です。公開時に、学習フェーズ別の活用法について公式情報を確認したうえで受験者が迷いやすい点を整理します。制度の数値や期限は、試験実施団体の最新の受験案内で必ず確認してください。それまでの間は、同じカテゴリの他記事やこのサイトの過去問・用語解説を活用してください。,このサイトとの組み合わせ,本記事は現在執筆中です。公開時に、このサイトとの組み合わせについて公式情報を確認したうえで受験者が迷いやすい点を整理します。制度の数値や期限は、試験実施団体の最新の受験案内で必ず確認してください。それまでの間は、同じカテゴリの他記事やこのサイトの過去問・用語解説を活用してください。,続けるためのコツ,本記事は現在執筆中です。公開時に、続けるためのコツについて公式情報を確認したうえで受験者が迷いやすい点を整理します。制度の数値や期限は、試験実施団体の最新の受験案内で必ず確認してください。それまでの間は、同じカテゴリの他記事やこのサイトの過去問・用語解説を活用してください。,,,,,音声・動画でFP3級を学ぶ方法（動画サービス活用含む）について最初に確認することは？,試験実施団体の公式サイトで最新の受験案内・出題範囲を確認してください。数値や期限は年度で変わることがあります。,このサイトではどう学習を進めればよいですか？,過去問・実践演習で弱点を見つけ、用語解説で理解を深め、間違えた問題は復習リストに残して解き直してください。,tools-free-past-question-sites:FP3級の無料過去問サイトの選び方と使い方;tools-smartphone-app:スマホアプリでFP3級を勉強する方法と注意点,
tools-free-mock-exam,学習ツール・サイト活用,FP3級の模擬試験を無料で受ける方法,FP3級の模擬試験を無料で受ける方法について、FP3級受験者向けに公式情報の確認方法と学習の進め方を整理します。,FP3級の模擬試験を無料で受ける方法について、受験を検討・準備中の方が迷いやすい点を整理します。公式情報を優先し、このサイトの演習・用語解説と組み合わせて学習を進めてください。,,74,学習ツール;サイト活用;FP3級,FP3級マスター編集部,資格学習サイトの編集チーム,公式情報確認担当,公開前に一次情報との照合を行う担当者,2026-06-09,日本FP協会（公式）|https://www.jafp.or.jp/,fp3_article_titles.csv から取り込み（2026-06-09）。本文は執筆前のカタログ行。,本記事を読むと、FP3級の模擬試験を無料で受ける方法について公式情報で確認すべき点と学習の進め方が分かります。,公式サイトで最新情報を確認する;関連分野の演習に取り組む;用語解説で弱点を補強する,試験要項・制度改正時に本文と参照元を見直します。,2026-06-09,2026-07-09,2026-06-09,draft,カタログ取り込み（2026-06-09）。公開前に本文を全面リライトしてください。,ツール・サイトの選び方,本記事は現在執筆中です。公開時に、ツール・サイトの選び方について公式情報を確認したうえで受験者が迷いやすい点を整理します。制度の数値や期限は、試験実施団体の最新の受験案内で必ず確認してください。それまでの間は、同じカテゴリの他記事やこのサイトの過去問・用語解説を活用してください。,効果的な使い方,本記事は現在執筆中です。公開時に、効果的な使い方について公式情報を確認したうえで受験者が迷いやすい点を整理します。制度の数値や期限は、試験実施団体の最新の受験案内で必ず確認してください。それまでの間は、同じカテゴリの他記事やこのサイトの過去問・用語解説を活用してください。,学習フェーズ別の活用法,本記事は現在執筆中です。公開時に、学習フェーズ別の活用法について公式情報を確認したうえで受験者が迷いやすい点を整理します。制度の数値や期限は、試験実施団体の最新の受験案内で必ず確認してください。それまでの間は、同じカテゴリの他記事やこのサイトの過去問・用語解説を活用してください。,このサイトとの組み合わせ,本記事は現在執筆中です。公開時に、このサイトとの組み合わせについて公式情報を確認したうえで受験者が迷いやすい点を整理します。制度の数値や期限は、試験実施団体の最新の受験案内で必ず確認してください。それまでの間は、同じカテゴリの他記事やこのサイトの過去問・用語解説を活用してください。,続けるためのコツ,本記事は現在執筆中です。公開時に、続けるためのコツについて公式情報を確認したうえで受験者が迷いやすい点を整理します。制度の数値や期限は、試験実施団体の最新の受験案内で必ず確認してください。それまでの間は、同じカテゴリの他記事やこのサイトの過去問・用語解説を活用してください。,,,,,FP3級の模擬試験を無料で受ける方法について最初に確認することは？,試験実施団体の公式サイトで最新の受験案内・出題範囲を確認してください。数値や期限は年度で変わることがあります。,このサイトではどう学習を進めればよいですか？,過去問・実践演習で弱点を見つけ、用語解説で理解を深め、間違えた問題は復習リストに残して解き直してください。,tools-free-past-question-sites:FP3級の無料過去問サイトの選び方と使い方;tools-smartphone-app:スマホアプリでFP3級を勉強する方法と注意点,
tools-ichimon-vs-past,学習ツール・サイト活用,一問一答と過去問の学習フェーズ別の使い分け,一問一答と過去問の学習フェーズ別の使い分けについて、FP3級受験者向けに公式情報の確認方法と学習の進め方を整理します。,一問一答と過去問の学習フェーズ別の使い分けについて、受験を検討・準備中の方が迷いやすい点を整理します。公式情報を優先し、このサイトの演習・用語解説と組み合わせて学習を進めてください。,,75,学習ツール;サイト活用;FP3級,FP3級マスター編集部,資格学習サイトの編集チーム,公式情報確認担当,公開前に一次情報との照合を行う担当者,2026-06-09,日本FP協会（公式）|https://www.jafp.or.jp/,fp3_article_titles.csv から取り込み（2026-06-09）。本文は執筆前のカタログ行。,本記事を読むと、一問一答と過去問の学習フェーズ別の使い分けについて公式情報で確認すべき点と学習の進め方が分かります。,公式サイトで最新情報を確認する;関連分野の演習に取り組む;用語解説で弱点を補強する,試験要項・制度改正時に本文と参照元を見直します。,2026-06-09,2026-07-09,2026-06-09,draft,カタログ取り込み（2026-06-09）。公開前に本文を全面リライトしてください。,ツール・サイトの選び方,本記事は現在執筆中です。公開時に、ツール・サイトの選び方について公式情報を確認したうえで受験者が迷いやすい点を整理します。制度の数値や期限は、試験実施団体の最新の受験案内で必ず確認してください。それまでの間は、同じカテゴリの他記事やこのサイトの過去問・用語解説を活用してください。,効果的な使い方,本記事は現在執筆中です。公開時に、効果的な使い方について公式情報を確認したうえで受験者が迷いやすい点を整理します。制度の数値や期限は、試験実施団体の最新の受験案内で必ず確認してください。それまでの間は、同じカテゴリの他記事やこのサイトの過去問・用語解説を活用してください。,学習フェーズ別の活用法,本記事は現在執筆中です。公開時に、学習フェーズ別の活用法について公式情報を確認したうえで受験者が迷いやすい点を整理します。制度の数値や期限は、試験実施団体の最新の受験案内で必ず確認してください。それまでの間は、同じカテゴリの他記事やこのサイトの過去問・用語解説を活用してください。,このサイトとの組み合わせ,本記事は現在執筆中です。公開時に、このサイトとの組み合わせについて公式情報を確認したうえで受験者が迷いやすい点を整理します。制度の数値や期限は、試験実施団体の最新の受験案内で必ず確認してください。それまでの間は、同じカテゴリの他記事やこのサイトの過去問・用語解説を活用してください。,続けるためのコツ,本記事は現在執筆中です。公開時に、続けるためのコツについて公式情報を確認したうえで受験者が迷いやすい点を整理します。制度の数値や期限は、試験実施団体の最新の受験案内で必ず確認してください。それまでの間は、同じカテゴリの他記事やこのサイトの過去問・用語解説を活用してください。,,,,,一問一答と過去問の学習フェーズ別の使い分けについて最初に確認することは？,試験実施団体の公式サイトで最新の受験案内・出題範囲を確認してください。数値や期限は年度で変わることがあります。,このサイトではどう学習を進めればよいですか？,過去問・実践演習で弱点を見つけ、用語解説で理解を深め、間違えた問題は復習リストに残して解き直してください。,tools-free-past-question-sites:FP3級の無料過去問サイトの選び方と使い方;tools-smartphone-app:スマホアプリでFP3級を勉強する方法と注意点,
tools-glossary-systematic,学習ツール・サイト活用,FP3級の用語を体系的に覚えるための整理方法,FP3級の用語を体系的に覚えるための整理方法について、FP3級受験者向けに公式情報の確認方法と学習の進め方を整理します。,FP3級の用語を体系的に覚えるための整理方法について、受験を検討・準備中の方が迷いやすい点を整理します。公式情報を優先し、このサイトの演習・用語解説と組み合わせて学習を進めてください。,,76,学習ツール;サイト活用;FP3級,FP3級マスター編集部,資格学習サイトの編集チーム,公式情報確認担当,公開前に一次情報との照合を行う担当者,2026-06-09,日本FP協会（公式）|https://www.jafp.or.jp/,fp3_article_titles.csv から取り込み（2026-06-09）。本文は執筆前のカタログ行。,本記事を読むと、FP3級の用語を体系的に覚えるための整理方法について公式情報で確認すべき点と学習の進め方が分かります。,公式サイトで最新情報を確認する;関連分野の演習に取り組む;用語解説で弱点を補強する,試験要項・制度改正時に本文と参照元を見直します。,2026-06-09,2026-07-09,2026-06-09,draft,カタログ取り込み（2026-06-09）。公開前に本文を全面リライトしてください。,ツール・サイトの選び方,本記事は現在執筆中です。公開時に、ツール・サイトの選び方について公式情報を確認したうえで受験者が迷いやすい点を整理します。制度の数値や期限は、試験実施団体の最新の受験案内で必ず確認してください。それまでの間は、同じカテゴリの他記事やこのサイトの過去問・用語解説を活用してください。,効果的な使い方,本記事は現在執筆中です。公開時に、効果的な使い方について公式情報を確認したうえで受験者が迷いやすい点を整理します。制度の数値や期限は、試験実施団体の最新の受験案内で必ず確認してください。それまでの間は、同じカテゴリの他記事やこのサイトの過去問・用語解説を活用してください。,学習フェーズ別の活用法,本記事は現在執筆中です。公開時に、学習フェーズ別の活用法について公式情報を確認したうえで受験者が迷いやすい点を整理します。制度の数値や期限は、試験実施団体の最新の受験案内で必ず確認してください。それまでの間は、同じカテゴリの他記事やこのサイトの過去問・用語解説を活用してください。,このサイトとの組み合わせ,本記事は現在執筆中です。公開時に、このサイトとの組み合わせについて公式情報を確認したうえで受験者が迷いやすい点を整理します。制度の数値や期限は、試験実施団体の最新の受験案内で必ず確認してください。それまでの間は、同じカテゴリの他記事やこのサイトの過去問・用語解説を活用してください。,続けるためのコツ,本記事は現在執筆中です。公開時に、続けるためのコツについて公式情報を確認したうえで受験者が迷いやすい点を整理します。制度の数値や期限は、試験実施団体の最新の受験案内で必ず確認してください。それまでの間は、同じカテゴリの他記事やこのサイトの過去問・用語解説を活用してください。,,,,,FP3級の用語を体系的に覚えるための整理方法について最初に確認することは？,試験実施団体の公式サイトで最新の受験案内・出題範囲を確認してください。数値や期限は年度で変わることがあります。,このサイトではどう学習を進めればよいですか？,過去問・実践演習で弱点を見つけ、用語解説で理解を深め、間違えた問題は復習リストに残して解き直してください。,tools-free-past-question-sites:FP3級の無料過去問サイトの選び方と使い方;tools-smartphone-app:スマホアプリでFP3級を勉強する方法と注意点,
tools-mental-math-practice,学習ツール・サイト活用,計算問題を紙なしで解く練習の方法,計算問題を紙なしで解く練習の方法について、FP3級受験者向けに公式情報の確認方法と学習の進め方を整理します。,計算問題を紙なしで解く練習の方法について、受験を検討・準備中の方が迷いやすい点を整理します。公式情報を優先し、このサイトの演習・用語解説と組み合わせて学習を進めてください。,,77,学習ツール;サイト活用;FP3級,FP3級マスター編集部,資格学習サイトの編集チーム,公式情報確認担当,公開前に一次情報との照合を行う担当者,2026-06-09,日本FP協会（公式）|https://www.jafp.or.jp/,fp3_article_titles.csv から取り込み（2026-06-09）。本文は執筆前のカタログ行。,本記事を読むと、計算問題を紙なしで解く練習の方法について公式情報で確認すべき点と学習の進め方が分かります。,公式サイトで最新情報を確認する;関連分野の演習に取り組む;用語解説で弱点を補強する,試験要項・制度改正時に本文と参照元を見直します。,2026-06-09,2026-07-09,2026-06-09,draft,カタログ取り込み（2026-06-09）。公開前に本文を全面リライトしてください。,ツール・サイトの選び方,本記事は現在執筆中です。公開時に、ツール・サイトの選び方について公式情報を確認したうえで受験者が迷いやすい点を整理します。制度の数値や期限は、試験実施団体の最新の受験案内で必ず確認してください。それまでの間は、同じカテゴリの他記事やこのサイトの過去問・用語解説を活用してください。,効果的な使い方,本記事は現在執筆中です。公開時に、効果的な使い方について公式情報を確認したうえで受験者が迷いやすい点を整理します。制度の数値や期限は、試験実施団体の最新の受験案内で必ず確認してください。それまでの間は、同じカテゴリの他記事やこのサイトの過去問・用語解説を活用してください。,学習フェーズ別の活用法,本記事は現在執筆中です。公開時に、学習フェーズ別の活用法について公式情報を確認したうえで受験者が迷いやすい点を整理します。制度の数値や期限は、試験実施団体の最新の受験案内で必ず確認してください。それまでの間は、同じカテゴリの他記事やこのサイトの過去問・用語解説を活用してください。,このサイトとの組み合わせ,本記事は現在執筆中です。公開時に、このサイトとの組み合わせについて公式情報を確認したうえで受験者が迷いやすい点を整理します。制度の数値や期限は、試験実施団体の最新の受験案内で必ず確認してください。それまでの間は、同じカテゴリの他記事やこのサイトの過去問・用語解説を活用してください。,続けるためのコツ,本記事は現在執筆中です。公開時に、続けるためのコツについて公式情報を確認したうえで受験者が迷いやすい点を整理します。制度の数値や期限は、試験実施団体の最新の受験案内で必ず確認してください。それまでの間は、同じカテゴリの他記事やこのサイトの過去問・用語解説を活用してください。,,,,,計算問題を紙なしで解く練習の方法について最初に確認することは？,試験実施団体の公式サイトで最新の受験案内・出題範囲を確認してください。数値や期限は年度で変わることがあります。,このサイトではどう学習を進めればよいですか？,過去問・実践演習で弱点を見つけ、用語解説で理解を深め、間違えた問題は復習リストに残して解き直してください。,tools-free-past-question-sites:FP3級の無料過去問サイトの選び方と使い方;tools-smartphone-app:スマホアプリでFP3級を勉強する方法と注意点,
tools-wrong-answer-review,学習ツール・サイト活用,間違えた問題だけ効率よく復習する仕組みの作り方,間違えた問題だけ効率よく復習する仕組みの作り方について、FP3級受験者向けに公式情報の確認方法と学習の進め方を整理します。,間違えた問題だけ効率よく復習する仕組みの作り方について、受験を検討・準備中の方が迷いやすい点を整理します。公式情報を優先し、このサイトの演習・用語解説と組み合わせて学習を進めてください。,,78,学習ツール;サイト活用;FP3級,FP3級マスター編集部,資格学習サイトの編集チーム,公式情報確認担当,公開前に一次情報との照合を行う担当者,2026-06-09,日本FP協会（公式）|https://www.jafp.or.jp/,fp3_article_titles.csv から取り込み（2026-06-09）。本文は執筆前のカタログ行。,本記事を読むと、間違えた問題だけ効率よく復習する仕組みの作り方について公式情報で確認すべき点と学習の進め方が分かります。,公式サイトで最新情報を確認する;関連分野の演習に取り組む;用語解説で弱点を補強する,試験要項・制度改正時に本文と参照元を見直します。,2026-06-09,2026-07-09,2026-06-09,draft,カタログ取り込み（2026-06-09）。公開前に本文を全面リライトしてください。,ツール・サイトの選び方,本記事は現在執筆中です。公開時に、ツール・サイトの選び方について公式情報を確認したうえで受験者が迷いやすい点を整理します。制度の数値や期限は、試験実施団体の最新の受験案内で必ず確認してください。それまでの間は、同じカテゴリの他記事やこのサイトの過去問・用語解説を活用してください。,効果的な使い方,本記事は現在執筆中です。公開時に、効果的な使い方について公式情報を確認したうえで受験者が迷いやすい点を整理します。制度の数値や期限は、試験実施団体の最新の受験案内で必ず確認してください。それまでの間は、同じカテゴリの他記事やこのサイトの過去問・用語解説を活用してください。,学習フェーズ別の活用法,本記事は現在執筆中です。公開時に、学習フェーズ別の活用法について公式情報を確認したうえで受験者が迷いやすい点を整理します。制度の数値や期限は、試験実施団体の最新の受験案内で必ず確認してください。それまでの間は、同じカテゴリの他記事やこのサイトの過去問・用語解説を活用してください。,このサイトとの組み合わせ,本記事は現在執筆中です。公開時に、このサイトとの組み合わせについて公式情報を確認したうえで受験者が迷いやすい点を整理します。制度の数値や期限は、試験実施団体の最新の受験案内で必ず確認してください。それまでの間は、同じカテゴリの他記事やこのサイトの過去問・用語解説を活用してください。,続けるためのコツ,本記事は現在執筆中です。公開時に、続けるためのコツについて公式情報を確認したうえで受験者が迷いやすい点を整理します。制度の数値や期限は、試験実施団体の最新の受験案内で必ず確認してください。それまでの間は、同じカテゴリの他記事やこのサイトの過去問・用語解説を活用してください。,,,,,間違えた問題だけ効率よく復習する仕組みの作り方について最初に確認することは？,試験実施団体の公式サイトで最新の受験案内・出題範囲を確認してください。数値や期限は年度で変わることがあります。,このサイトではどう学習を進めればよいですか？,過去問・実践演習で弱点を見つけ、用語解説で理解を深め、間違えた問題は復習リストに残して解き直してください。,tools-free-past-question-sites:FP3級の無料過去問サイトの選び方と使い方;tools-smartphone-app:スマホアプリでFP3級を勉強する方法と注意点,
tools-progress-tracking,学習ツール・サイト活用,FP3級の学習進捗を可視化して継続する方法,FP3級の学習進捗を可視化して継続する方法について、FP3級受験者向けに公式情報の確認方法と学習の進め方を整理します。,FP3級の学習進捗を可視化して継続する方法について、受験を検討・準備中の方が迷いやすい点を整理します。公式情報を優先し、このサイトの演習・用語解説と組み合わせて学習を進めてください。,,79,学習ツール;サイト活用;FP3級,FP3級マスター編集部,資格学習サイトの編集チーム,公式情報確認担当,公開前に一次情報との照合を行う担当者,2026-06-09,日本FP協会（公式）|https://www.jafp.or.jp/,fp3_article_titles.csv から取り込み（2026-06-09）。本文は執筆前のカタログ行。,本記事を読むと、FP3級の学習進捗を可視化して継続する方法について公式情報で確認すべき点と学習の進め方が分かります。,公式サイトで最新情報を確認する;関連分野の演習に取り組む;用語解説で弱点を補強する,試験要項・制度改正時に本文と参照元を見直します。,2026-06-09,2026-07-09,2026-06-09,draft,カタログ取り込み（2026-06-09）。公開前に本文を全面リライトしてください。,ツール・サイトの選び方,本記事は現在執筆中です。公開時に、ツール・サイトの選び方について公式情報を確認したうえで受験者が迷いやすい点を整理します。制度の数値や期限は、試験実施団体の最新の受験案内で必ず確認してください。それまでの間は、同じカテゴリの他記事やこのサイトの過去問・用語解説を活用してください。,効果的な使い方,本記事は現在執筆中です。公開時に、効果的な使い方について公式情報を確認したうえで受験者が迷いやすい点を整理します。制度の数値や期限は、試験実施団体の最新の受験案内で必ず確認してください。それまでの間は、同じカテゴリの他記事やこのサイトの過去問・用語解説を活用してください。,学習フェーズ別の活用法,本記事は現在執筆中です。公開時に、学習フェーズ別の活用法について公式情報を確認したうえで受験者が迷いやすい点を整理します。制度の数値や期限は、試験実施団体の最新の受験案内で必ず確認してください。それまでの間は、同じカテゴリの他記事やこのサイトの過去問・用語解説を活用してください。,このサイトとの組み合わせ,本記事は現在執筆中です。公開時に、このサイトとの組み合わせについて公式情報を確認したうえで受験者が迷いやすい点を整理します。制度の数値や期限は、試験実施団体の最新の受験案内で必ず確認してください。それまでの間は、同じカテゴリの他記事やこのサイトの過去問・用語解説を活用してください。,続けるためのコツ,本記事は現在執筆中です。公開時に、続けるためのコツについて公式情報を確認したうえで受験者が迷いやすい点を整理します。制度の数値や期限は、試験実施団体の最新の受験案内で必ず確認してください。それまでの間は、同じカテゴリの他記事やこのサイトの過去問・用語解説を活用してください。,,,,,FP3級の学習進捗を可視化して継続する方法について最初に確認することは？,試験実施団体の公式サイトで最新の受験案内・出題範囲を確認してください。数値や期限は年度で変わることがあります。,このサイトではどう学習を進めればよいですか？,過去問・実践演習で弱点を見つけ、用語解説で理解を深め、間違えた問題は復習リストに残して解き直してください。,tools-free-past-question-sites:FP3級の無料過去問サイトの選び方と使い方;tools-smartphone-app:スマホアプリでFP3級を勉強する方法と注意点,
reform-fp3-2026-changes,制度・法改正対応,2026年度のFP3級試験で変わったポイントまとめ,2026年度のFP3級試験で変わったポイントまとめについて、FP3級受験者向けに公式情報の確認方法と学習の進め方を整理します。,2026年度のFP3級試験で変わったポイントまとめについて、受験を検討・準備中の方が迷いやすい点を整理します。公式情報を優先し、このサイトの演習・用語解説と組み合わせて学習を進めてください。,,80,法改正;制度変更;FP3級,FP3級マスター編集部,資格学習サイトの編集チーム,公式情報確認担当,公開前に一次情報との照合を行う担当者,2026-06-09,日本FP協会（公式）|https://www.jafp.or.jp/,fp3_article_titles.csv から取り込み（2026-06-09）。本文は執筆前のカタログ行。,本記事を読むと、2026年度のFP3級試験で変わったポイントまとめについて公式情報で確認すべき点と学習の進め方が分かります。,公式サイトで最新情報を確認する;関連分野の演習に取り組む;用語解説で弱点を補強する,試験要項・制度改正時に本文と参照元を見直します。,2026-06-09,2026-07-09,2026-06-09,draft,カタログ取り込み（2026-06-09）。公開前に本文を全面リライトしてください。,制度変更の概要,本記事は現在執筆中です。公開時に、制度変更の概要について公式情報を確認したうえで受験者が迷いやすい点を整理します。制度の数値や期限は、試験実施団体の最新の受験案内で必ず確認してください。それまでの間は、同じカテゴリの他記事やこのサイトの過去問・用語解説を活用してください。,FP3級出題への影響,本記事は現在執筆中です。公開時に、FP3級出題への影響について公式情報を確認したうえで受験者が迷いやすい点を整理します。制度の数値や期限は、試験実施団体の最新の受験案内で必ず確認してください。それまでの間は、同じカテゴリの他記事やこのサイトの過去問・用語解説を活用してください。,学習で押さえるポイント,本記事は現在執筆中です。公開時に、学習で押さえるポイントについて公式情報を確認したうえで受験者が迷いやすい点を整理します。制度の数値や期限は、試験実施団体の最新の受験案内で必ず確認してください。それまでの間は、同じカテゴリの他記事やこのサイトの過去問・用語解説を活用してください。,公式情報の確認先,本記事は現在執筆中です。公開時に、公式情報の確認先について公式情報を確認したうえで受験者が迷いやすい点を整理します。制度の数値や期限は、試験実施団体の最新の受験案内で必ず確認してください。それまでの間は、同じカテゴリの他記事やこのサイトの過去問・用語解説を活用してください。,直前までの見直し方,本記事は現在執筆中です。公開時に、直前までの見直し方について公式情報を確認したうえで受験者が迷いやすい点を整理します。制度の数値や期限は、試験実施団体の最新の受験案内で必ず確認してください。それまでの間は、同じカテゴリの他記事やこのサイトの過去問・用語解説を活用してください。,,,,,2026年度のFP3級試験で変わったポイントまとめについて最初に確認することは？,試験実施団体の公式サイトで最新の受験案内・出題範囲を確認してください。数値や期限は年度で変わることがあります。,このサイトではどう学習を進めればよいですか？,過去問・実践演習で弱点を見つけ、用語解説で理解を深め、間違えた問題は復習リストに残して解き直してください。,reform-new-nisa:新NISAの制度変更とFP3級出題への影響;reform-ideco-reform:iDeCoの制度変更とFP3級出題への影響,
reform-new-nisa,制度・法改正対応,新NISAの制度変更とFP3級出題への影響,新NISAの制度変更とFP3級出題への影響について、FP3級受験者向けに公式情報の確認方法と学習の進め方を整理します。,新NISAの制度変更とFP3級出題への影響について、受験を検討・準備中の方が迷いやすい点を整理します。公式情報を優先し、このサイトの演習・用語解説と組み合わせて学習を進めてください。,,81,法改正;制度変更;FP3級,FP3級マスター編集部,資格学習サイトの編集チーム,公式情報確認担当,公開前に一次情報との照合を行う担当者,2026-06-09,日本FP協会（公式）|https://www.jafp.or.jp/,fp3_article_titles.csv から取り込み（2026-06-09）。本文は執筆前のカタログ行。,本記事を読むと、新NISAの制度変更とFP3級出題への影響について公式情報で確認すべき点と学習の進め方が分かります。,公式サイトで最新情報を確認する;関連分野の演習に取り組む;用語解説で弱点を補強する,試験要項・制度改正時に本文と参照元を見直します。,2026-06-09,2026-07-09,2026-06-09,draft,カタログ取り込み（2026-06-09）。公開前に本文を全面リライトしてください。,制度変更の概要,本記事は現在執筆中です。公開時に、制度変更の概要について公式情報を確認したうえで受験者が迷いやすい点を整理します。制度の数値や期限は、試験実施団体の最新の受験案内で必ず確認してください。それまでの間は、同じカテゴリの他記事やこのサイトの過去問・用語解説を活用してください。,FP3級出題への影響,本記事は現在執筆中です。公開時に、FP3級出題への影響について公式情報を確認したうえで受験者が迷いやすい点を整理します。制度の数値や期限は、試験実施団体の最新の受験案内で必ず確認してください。それまでの間は、同じカテゴリの他記事やこのサイトの過去問・用語解説を活用してください。,学習で押さえるポイント,本記事は現在執筆中です。公開時に、学習で押さえるポイントについて公式情報を確認したうえで受験者が迷いやすい点を整理します。制度の数値や期限は、試験実施団体の最新の受験案内で必ず確認してください。それまでの間は、同じカテゴリの他記事やこのサイトの過去問・用語解説を活用してください。,公式情報の確認先,本記事は現在執筆中です。公開時に、公式情報の確認先について公式情報を確認したうえで受験者が迷いやすい点を整理します。制度の数値や期限は、試験実施団体の最新の受験案内で必ず確認してください。それまでの間は、同じカテゴリの他記事やこのサイトの過去問・用語解説を活用してください。,直前までの見直し方,本記事は現在執筆中です。公開時に、直前までの見直し方について公式情報を確認したうえで受験者が迷いやすい点を整理します。制度の数値や期限は、試験実施団体の最新の受験案内で必ず確認してください。それまでの間は、同じカテゴリの他記事やこのサイトの過去問・用語解説を活用してください。,,,,,新NISAの制度変更とFP3級出題への影響について最初に確認することは？,試験実施団体の公式サイトで最新の受験案内・出題範囲を確認してください。数値や期限は年度で変わることがあります。,このサイトではどう学習を進めればよいですか？,過去問・実践演習で弱点を見つけ、用語解説で理解を深め、間違えた問題は復習リストに残して解き直してください。,reform-fp3-2026-changes:2026年度のFP3級試験で変わったポイントまと;reform-ideco-reform:iDeCoの制度変更とFP3級出題への影響,
reform-ideco-reform,制度・法改正対応,iDeCoの制度変更とFP3級出題への影響,iDeCoの制度変更とFP3級出題への影響について、FP3級受験者向けに公式情報の確認方法と学習の進め方を整理します。,iDeCoの制度変更とFP3級出題への影響について、受験を検討・準備中の方が迷いやすい点を整理します。公式情報を優先し、このサイトの演習・用語解説と組み合わせて学習を進めてください。,,82,法改正;制度変更;FP3級,FP3級マスター編集部,資格学習サイトの編集チーム,公式情報確認担当,公開前に一次情報との照合を行う担当者,2026-06-09,日本FP協会（公式）|https://www.jafp.or.jp/,fp3_article_titles.csv から取り込み（2026-06-09）。本文は執筆前のカタログ行。,本記事を読むと、iDeCoの制度変更とFP3級出題への影響について公式情報で確認すべき点と学習の進め方が分かります。,公式サイトで最新情報を確認する;関連分野の演習に取り組む;用語解説で弱点を補強する,試験要項・制度改正時に本文と参照元を見直します。,2026-06-09,2026-07-09,2026-06-09,draft,カタログ取り込み（2026-06-09）。公開前に本文を全面リライトしてください。,制度変更の概要,本記事は現在執筆中です。公開時に、制度変更の概要について公式情報を確認したうえで受験者が迷いやすい点を整理します。制度の数値や期限は、試験実施団体の最新の受験案内で必ず確認してください。それまでの間は、同じカテゴリの他記事やこのサイトの過去問・用語解説を活用してください。,FP3級出題への影響,本記事は現在執筆中です。公開時に、FP3級出題への影響について公式情報を確認したうえで受験者が迷いやすい点を整理します。制度の数値や期限は、試験実施団体の最新の受験案内で必ず確認してください。それまでの間は、同じカテゴリの他記事やこのサイトの過去問・用語解説を活用してください。,学習で押さえるポイント,本記事は現在執筆中です。公開時に、学習で押さえるポイントについて公式情報を確認したうえで受験者が迷いやすい点を整理します。制度の数値や期限は、試験実施団体の最新の受験案内で必ず確認してください。それまでの間は、同じカテゴリの他記事やこのサイトの過去問・用語解説を活用してください。,公式情報の確認先,本記事は現在執筆中です。公開時に、公式情報の確認先について公式情報を確認したうえで受験者が迷いやすい点を整理します。制度の数値や期限は、試験実施団体の最新の受験案内で必ず確認してください。それまでの間は、同じカテゴリの他記事やこのサイトの過去問・用語解説を活用してください。,直前までの見直し方,本記事は現在執筆中です。公開時に、直前までの見直し方について公式情報を確認したうえで受験者が迷いやすい点を整理します。制度の数値や期限は、試験実施団体の最新の受験案内で必ず確認してください。それまでの間は、同じカテゴリの他記事やこのサイトの過去問・用語解説を活用してください。,,,,,iDeCoの制度変更とFP3級出題への影響について最初に確認することは？,試験実施団体の公式サイトで最新の受験案内・出題範囲を確認してください。数値や期限は年度で変わることがあります。,このサイトではどう学習を進めればよいですか？,過去問・実践演習で弱点を見つけ、用語解説で理解を深め、間違えた問題は復習リストに残して解き直してください。,reform-fp3-2026-changes:2026年度のFP3級試験で変わったポイントまと;reform-new-nisa:新NISAの制度変更とFP3級出題への影響,
reform-social-insurance-reform,制度・法改正対応,社会保険料・年金額の改定とFP3級への影響,社会保険料・年金額の改定とFP3級への影響について、FP3級受験者向けに公式情報の確認方法と学習の進め方を整理します。,社会保険料・年金額の改定とFP3級への影響について、受験を検討・準備中の方が迷いやすい点を整理します。公式情報を優先し、このサイトの演習・用語解説と組み合わせて学習を進めてください。,,83,法改正;制度変更;FP3級,FP3級マスター編集部,資格学習サイトの編集チーム,公式情報確認担当,公開前に一次情報との照合を行う担当者,2026-06-09,日本FP協会（公式）|https://www.jafp.or.jp/,fp3_article_titles.csv から取り込み（2026-06-09）。本文は執筆前のカタログ行。,本記事を読むと、社会保険料・年金額の改定とFP3級への影響について公式情報で確認すべき点と学習の進め方が分かります。,公式サイトで最新情報を確認する;関連分野の演習に取り組む;用語解説で弱点を補強する,試験要項・制度改正時に本文と参照元を見直します。,2026-06-09,2026-07-09,2026-06-09,draft,カタログ取り込み（2026-06-09）。公開前に本文を全面リライトしてください。,制度変更の概要,本記事は現在執筆中です。公開時に、制度変更の概要について公式情報を確認したうえで受験者が迷いやすい点を整理します。制度の数値や期限は、試験実施団体の最新の受験案内で必ず確認してください。それまでの間は、同じカテゴリの他記事やこのサイトの過去問・用語解説を活用してください。,FP3級出題への影響,本記事は現在執筆中です。公開時に、FP3級出題への影響について公式情報を確認したうえで受験者が迷いやすい点を整理します。制度の数値や期限は、試験実施団体の最新の受験案内で必ず確認してください。それまでの間は、同じカテゴリの他記事やこのサイトの過去問・用語解説を活用してください。,学習で押さえるポイント,本記事は現在執筆中です。公開時に、学習で押さえるポイントについて公式情報を確認したうえで受験者が迷いやすい点を整理します。制度の数値や期限は、試験実施団体の最新の受験案内で必ず確認してください。それまでの間は、同じカテゴリの他記事やこのサイトの過去問・用語解説を活用してください。,公式情報の確認先,本記事は現在執筆中です。公開時に、公式情報の確認先について公式情報を確認したうえで受験者が迷いやすい点を整理します。制度の数値や期限は、試験実施団体の最新の受験案内で必ず確認してください。それまでの間は、同じカテゴリの他記事やこのサイトの過去問・用語解説を活用してください。,直前までの見直し方,本記事は現在執筆中です。公開時に、直前までの見直し方について公式情報を確認したうえで受験者が迷いやすい点を整理します。制度の数値や期限は、試験実施団体の最新の受験案内で必ず確認してください。それまでの間は、同じカテゴリの他記事やこのサイトの過去問・用語解説を活用してください。,,,,,社会保険料・年金額の改定とFP3級への影響について最初に確認することは？,試験実施団体の公式サイトで最新の受験案内・出題範囲を確認してください。数値や期限は年度で変わることがあります。,このサイトではどう学習を進めればよいですか？,過去問・実践演習で弱点を見つけ、用語解説で理解を深め、間違えた問題は復習リストに残して解き直してください。,reform-fp3-2026-changes:2026年度のFP3級試験で変わったポイントまと;reform-new-nisa:新NISAの制度変更とFP3級出題への影響,
reform-inheritance-gift-reform,制度・法改正対応,相続・贈与税制の改正とFP3級出題への影響,相続・贈与税制の改正とFP3級出題への影響について、FP3級受験者向けに公式情報の確認方法と学習の進め方を整理します。,相続・贈与税制の改正とFP3級出題への影響について、受験を検討・準備中の方が迷いやすい点を整理します。公式情報を優先し、このサイトの演習・用語解説と組み合わせて学習を進めてください。,,84,法改正;制度変更;FP3級,FP3級マスター編集部,資格学習サイトの編集チーム,公式情報確認担当,公開前に一次情報との照合を行う担当者,2026-06-09,日本FP協会（公式）|https://www.jafp.or.jp/,fp3_article_titles.csv から取り込み（2026-06-09）。本文は執筆前のカタログ行。,本記事を読むと、相続・贈与税制の改正とFP3級出題への影響について公式情報で確認すべき点と学習の進め方が分かります。,公式サイトで最新情報を確認する;関連分野の演習に取り組む;用語解説で弱点を補強する,試験要項・制度改正時に本文と参照元を見直します。,2026-06-09,2026-07-09,2026-06-09,draft,カタログ取り込み（2026-06-09）。公開前に本文を全面リライトしてください。,制度変更の概要,本記事は現在執筆中です。公開時に、制度変更の概要について公式情報を確認したうえで受験者が迷いやすい点を整理します。制度の数値や期限は、試験実施団体の最新の受験案内で必ず確認してください。それまでの間は、同じカテゴリの他記事やこのサイトの過去問・用語解説を活用してください。,FP3級出題への影響,本記事は現在執筆中です。公開時に、FP3級出題への影響について公式情報を確認したうえで受験者が迷いやすい点を整理します。制度の数値や期限は、試験実施団体の最新の受験案内で必ず確認してください。それまでの間は、同じカテゴリの他記事やこのサイトの過去問・用語解説を活用してください。,学習で押さえるポイント,本記事は現在執筆中です。公開時に、学習で押さえるポイントについて公式情報を確認したうえで受験者が迷いやすい点を整理します。制度の数値や期限は、試験実施団体の最新の受験案内で必ず確認してください。それまでの間は、同じカテゴリの他記事やこのサイトの過去問・用語解説を活用してください。,公式情報の確認先,本記事は現在執筆中です。公開時に、公式情報の確認先について公式情報を確認したうえで受験者が迷いやすい点を整理します。制度の数値や期限は、試験実施団体の最新の受験案内で必ず確認してください。それまでの間は、同じカテゴリの他記事やこのサイトの過去問・用語解説を活用してください。,直前までの見直し方,本記事は現在執筆中です。公開時に、直前までの見直し方について公式情報を確認したうえで受験者が迷いやすい点を整理します。制度の数値や期限は、試験実施団体の最新の受験案内で必ず確認してください。それまでの間は、同じカテゴリの他記事やこのサイトの過去問・用語解説を活用してください。,,,,,相続・贈与税制の改正とFP3級出題への影響について最初に確認することは？,試験実施団体の公式サイトで最新の受験案内・出題範囲を確認してください。数値や期限は年度で変わることがあります。,このサイトではどう学習を進めればよいですか？,過去問・実践演習で弱点を見つけ、用語解説で理解を深め、間違えた問題は復習リストに残して解き直してください。,reform-fp3-2026-changes:2026年度のFP3級試験で変わったポイントまと;reform-new-nisa:新NISAの制度変更とFP3級出題への影響,
reform-medical-deduction,制度・法改正対応,医療費控除・セルフメディケーション税制の出題対応,医療費控除・セルフメディケーション税制の出題対応について、FP3級受験者向けに公式情報の確認方法と学習の進め方を整理します。,医療費控除・セルフメディケーション税制の出題対応について、受験を検討・準備中の方が迷いやすい点を整理します。公式情報を優先し、このサイトの演習・用語解説と組み合わせて学習を進めてください。,,85,法改正;制度変更;FP3級,FP3級マスター編集部,資格学習サイトの編集チーム,公式情報確認担当,公開前に一次情報との照合を行う担当者,2026-06-09,日本FP協会（公式）|https://www.jafp.or.jp/,fp3_article_titles.csv から取り込み（2026-06-09）。本文は執筆前のカタログ行。,本記事を読むと、医療費控除・セルフメディケーション税制の出題対応について公式情報で確認すべき点と学習の進め方が分かります。,公式サイトで最新情報を確認する;関連分野の演習に取り組む;用語解説で弱点を補強する,試験要項・制度改正時に本文と参照元を見直します。,2026-06-09,2026-07-09,2026-06-09,draft,カタログ取り込み（2026-06-09）。公開前に本文を全面リライトしてください。,制度変更の概要,本記事は現在執筆中です。公開時に、制度変更の概要について公式情報を確認したうえで受験者が迷いやすい点を整理します。制度の数値や期限は、試験実施団体の最新の受験案内で必ず確認してください。それまでの間は、同じカテゴリの他記事やこのサイトの過去問・用語解説を活用してください。,FP3級出題への影響,本記事は現在執筆中です。公開時に、FP3級出題への影響について公式情報を確認したうえで受験者が迷いやすい点を整理します。制度の数値や期限は、試験実施団体の最新の受験案内で必ず確認してください。それまでの間は、同じカテゴリの他記事やこのサイトの過去問・用語解説を活用してください。,学習で押さえるポイント,本記事は現在執筆中です。公開時に、学習で押さえるポイントについて公式情報を確認したうえで受験者が迷いやすい点を整理します。制度の数値や期限は、試験実施団体の最新の受験案内で必ず確認してください。それまでの間は、同じカテゴリの他記事やこのサイトの過去問・用語解説を活用してください。,公式情報の確認先,本記事は現在執筆中です。公開時に、公式情報の確認先について公式情報を確認したうえで受験者が迷いやすい点を整理します。制度の数値や期限は、試験実施団体の最新の受験案内で必ず確認してください。それまでの間は、同じカテゴリの他記事やこのサイトの過去問・用語解説を活用してください。,直前までの見直し方,本記事は現在執筆中です。公開時に、直前までの見直し方について公式情報を確認したうえで受験者が迷いやすい点を整理します。制度の数値や期限は、試験実施団体の最新の受験案内で必ず確認してください。それまでの間は、同じカテゴリの他記事やこのサイトの過去問・用語解説を活用してください。,,,,,医療費控除・セルフメディケーション税制の出題対応について最初に確認することは？,試験実施団体の公式サイトで最新の受験案内・出題範囲を確認してください。数値や期限は年度で変わることがあります。,このサイトではどう学習を進めればよいですか？,過去問・実践演習で弱点を見つけ、用語解説で理解を深め、間違えた問題は復習リストに残して解き直してください。,reform-fp3-2026-changes:2026年度のFP3級試験で変わったポイントまと;reform-new-nisa:新NISAの制度変更とFP3級出題への影響,
reform-tax-reform-2025-2026,制度・法改正対応,2025年・2026年税制改正とFP3級試験の出題ポイント,2025年・2026年税制改正とFP3級試験の出題ポイントについて、FP3級受験者向けに公式情報の確認方法と学習の進め方を整理します。,2025年・2026年税制改正とFP3級試験の出題ポイントについて、受験を検討・準備中の方が迷いやすい点を整理します。公式情報を優先し、このサイトの演習・用語解説と組み合わせて学習を進めてください。,,86,法改正;制度変更;FP3級,FP3級マスター編集部,資格学習サイトの編集チーム,公式情報確認担当,公開前に一次情報との照合を行う担当者,2026-06-09,日本FP協会（公式）|https://www.jafp.or.jp/,fp3_article_titles.csv から取り込み（2026-06-09）。本文は執筆前のカタログ行。,本記事を読むと、2025年・2026年税制改正とFP3級試験の出題ポイントについて公式情報で確認すべき点と学習の進め方が分かります。,公式サイトで最新情報を確認する;関連分野の演習に取り組む;用語解説で弱点を補強する,試験要項・制度改正時に本文と参照元を見直します。,2026-06-09,2026-07-09,2026-06-09,draft,カタログ取り込み（2026-06-09）。公開前に本文を全面リライトしてください。,制度変更の概要,本記事は現在執筆中です。公開時に、制度変更の概要について公式情報を確認したうえで受験者が迷いやすい点を整理します。制度の数値や期限は、試験実施団体の最新の受験案内で必ず確認してください。それまでの間は、同じカテゴリの他記事やこのサイトの過去問・用語解説を活用してください。,FP3級出題への影響,本記事は現在執筆中です。公開時に、FP3級出題への影響について公式情報を確認したうえで受験者が迷いやすい点を整理します。制度の数値や期限は、試験実施団体の最新の受験案内で必ず確認してください。それまでの間は、同じカテゴリの他記事やこのサイトの過去問・用語解説を活用してください。,学習で押さえるポイント,本記事は現在執筆中です。公開時に、学習で押さえるポイントについて公式情報を確認したうえで受験者が迷いやすい点を整理します。制度の数値や期限は、試験実施団体の最新の受験案内で必ず確認してください。それまでの間は、同じカテゴリの他記事やこのサイトの過去問・用語解説を活用してください。,公式情報の確認先,本記事は現在執筆中です。公開時に、公式情報の確認先について公式情報を確認したうえで受験者が迷いやすい点を整理します。制度の数値や期限は、試験実施団体の最新の受験案内で必ず確認してください。それまでの間は、同じカテゴリの他記事やこのサイトの過去問・用語解説を活用してください。,直前までの見直し方,本記事は現在執筆中です。公開時に、直前までの見直し方について公式情報を確認したうえで受験者が迷いやすい点を整理します。制度の数値や期限は、試験実施団体の最新の受験案内で必ず確認してください。それまでの間は、同じカテゴリの他記事やこのサイトの過去問・用語解説を活用してください。,,,,,2025年・2026年税制改正とFP3級試験の出題ポイントについて最初に確認することは？,試験実施団体の公式サイトで最新の受験案内・出題範囲を確認してください。数値や期限は年度で変わることがあります。,このサイトではどう学習を進めればよいですか？,過去問・実践演習で弱点を見つけ、用語解説で理解を深め、間違えた問題は復習リストに残して解き直してください。,reform-fp3-2026-changes:2026年度のFP3級試験で変わったポイントまと;reform-new-nisa:新NISAの制度変更とFP3級出題への影響,
reform-housing-loan,制度・法改正対応,住宅ローン控除の改正と試験での出題パターン,住宅ローン控除の改正と試験での出題パターンについて、FP3級受験者向けに公式情報の確認方法と学習の進め方を整理します。,住宅ローン控除の改正と試験での出題パターンについて、受験を検討・準備中の方が迷いやすい点を整理します。公式情報を優先し、このサイトの演習・用語解説と組み合わせて学習を進めてください。,,87,法改正;制度変更;FP3級,FP3級マスター編集部,資格学習サイトの編集チーム,公式情報確認担当,公開前に一次情報との照合を行う担当者,2026-06-09,日本FP協会（公式）|https://www.jafp.or.jp/,fp3_article_titles.csv から取り込み（2026-06-09）。本文は執筆前のカタログ行。,本記事を読むと、住宅ローン控除の改正と試験での出題パターンについて公式情報で確認すべき点と学習の進め方が分かります。,公式サイトで最新情報を確認する;関連分野の演習に取り組む;用語解説で弱点を補強する,試験要項・制度改正時に本文と参照元を見直します。,2026-06-09,2026-07-09,2026-06-09,draft,カタログ取り込み（2026-06-09）。公開前に本文を全面リライトしてください。,制度変更の概要,本記事は現在執筆中です。公開時に、制度変更の概要について公式情報を確認したうえで受験者が迷いやすい点を整理します。制度の数値や期限は、試験実施団体の最新の受験案内で必ず確認してください。それまでの間は、同じカテゴリの他記事やこのサイトの過去問・用語解説を活用してください。,FP3級出題への影響,本記事は現在執筆中です。公開時に、FP3級出題への影響について公式情報を確認したうえで受験者が迷いやすい点を整理します。制度の数値や期限は、試験実施団体の最新の受験案内で必ず確認してください。それまでの間は、同じカテゴリの他記事やこのサイトの過去問・用語解説を活用してください。,学習で押さえるポイント,本記事は現在執筆中です。公開時に、学習で押さえるポイントについて公式情報を確認したうえで受験者が迷いやすい点を整理します。制度の数値や期限は、試験実施団体の最新の受験案内で必ず確認してください。それまでの間は、同じカテゴリの他記事やこのサイトの過去問・用語解説を活用してください。,公式情報の確認先,本記事は現在執筆中です。公開時に、公式情報の確認先について公式情報を確認したうえで受験者が迷いやすい点を整理します。制度の数値や期限は、試験実施団体の最新の受験案内で必ず確認してください。それまでの間は、同じカテゴリの他記事やこのサイトの過去問・用語解説を活用してください。,直前までの見直し方,本記事は現在執筆中です。公開時に、直前までの見直し方について公式情報を確認したうえで受験者が迷いやすい点を整理します。制度の数値や期限は、試験実施団体の最新の受験案内で必ず確認してください。それまでの間は、同じカテゴリの他記事やこのサイトの過去問・用語解説を活用してください。,,,,,住宅ローン控除の改正と試験での出題パターンについて最初に確認することは？,試験実施団体の公式サイトで最新の受験案内・出題範囲を確認してください。数値や期限は年度で変わることがあります。,このサイトではどう学習を進めればよいですか？,過去問・実践演習で弱点を見つけ、用語解説で理解を深め、間違えた問題は復習リストに残して解き直してください。,reform-fp3-2026-changes:2026年度のFP3級試験で変わったポイントまと;reform-new-nisa:新NISAの制度変更とFP3級出題への影響,
reform-nursing-care-reform,制度・法改正対応,介護保険制度の改正とFP3級出題への影響,介護保険制度の改正とFP3級出題への影響について、FP3級受験者向けに公式情報の確認方法と学習の進め方を整理します。,介護保険制度の改正とFP3級出題への影響について、受験を検討・準備中の方が迷いやすい点を整理します。公式情報を優先し、このサイトの演習・用語解説と組み合わせて学習を進めてください。,,88,法改正;制度変更;FP3級,FP3級マスター編集部,資格学習サイトの編集チーム,公式情報確認担当,公開前に一次情報との照合を行う担当者,2026-06-09,日本FP協会（公式）|https://www.jafp.or.jp/,fp3_article_titles.csv から取り込み（2026-06-09）。本文は執筆前のカタログ行。,本記事を読むと、介護保険制度の改正とFP3級出題への影響について公式情報で確認すべき点と学習の進め方が分かります。,公式サイトで最新情報を確認する;関連分野の演習に取り組む;用語解説で弱点を補強する,試験要項・制度改正時に本文と参照元を見直します。,2026-06-09,2026-07-09,2026-06-09,draft,カタログ取り込み（2026-06-09）。公開前に本文を全面リライトしてください。,制度変更の概要,本記事は現在執筆中です。公開時に、制度変更の概要について公式情報を確認したうえで受験者が迷いやすい点を整理します。制度の数値や期限は、試験実施団体の最新の受験案内で必ず確認してください。それまでの間は、同じカテゴリの他記事やこのサイトの過去問・用語解説を活用してください。,FP3級出題への影響,本記事は現在執筆中です。公開時に、FP3級出題への影響について公式情報を確認したうえで受験者が迷いやすい点を整理します。制度の数値や期限は、試験実施団体の最新の受験案内で必ず確認してください。それまでの間は、同じカテゴリの他記事やこのサイトの過去問・用語解説を活用してください。,学習で押さえるポイント,本記事は現在執筆中です。公開時に、学習で押さえるポイントについて公式情報を確認したうえで受験者が迷いやすい点を整理します。制度の数値や期限は、試験実施団体の最新の受験案内で必ず確認してください。それまでの間は、同じカテゴリの他記事やこのサイトの過去問・用語解説を活用してください。,公式情報の確認先,本記事は現在執筆中です。公開時に、公式情報の確認先について公式情報を確認したうえで受験者が迷いやすい点を整理します。制度の数値や期限は、試験実施団体の最新の受験案内で必ず確認してください。それまでの間は、同じカテゴリの他記事やこのサイトの過去問・用語解説を活用してください。,直前までの見直し方,本記事は現在執筆中です。公開時に、直前までの見直し方について公式情報を確認したうえで受験者が迷いやすい点を整理します。制度の数値や期限は、試験実施団体の最新の受験案内で必ず確認してください。それまでの間は、同じカテゴリの他記事やこのサイトの過去問・用語解説を活用してください。,,,,,介護保険制度の改正とFP3級出題への影響について最初に確認することは？,試験実施団体の公式サイトで最新の受験案内・出題範囲を確認してください。数値や期限は年度で変わることがあります。,このサイトではどう学習を進めればよいですか？,過去問・実践演習で弱点を見つけ、用語解説で理解を深め、間違えた問題は復習リストに残して解き直してください。,reform-fp3-2026-changes:2026年度のFP3級試験で変わったポイントまと;reform-new-nisa:新NISAの制度変更とFP3級出題への影響,
reform-syllabus-update,制度・法改正対応,最新の出題範囲改定（シラバス変更）の確認方法,最新の出題範囲改定（シラバス変更）の確認方法について、FP3級受験者向けに公式情報の確認方法と学習の進め方を整理します。,最新の出題範囲改定（シラバス変更）の確認方法について、受験を検討・準備中の方が迷いやすい点を整理します。公式情報を優先し、このサイトの演習・用語解説と組み合わせて学習を進めてください。,,89,法改正;制度変更;FP3級,FP3級マスター編集部,資格学習サイトの編集チーム,公式情報確認担当,公開前に一次情報との照合を行う担当者,2026-06-09,日本FP協会（公式）|https://www.jafp.or.jp/,fp3_article_titles.csv から取り込み（2026-06-09）。本文は執筆前のカタログ行。,本記事を読むと、最新の出題範囲改定（シラバス変更）の確認方法について公式情報で確認すべき点と学習の進め方が分かります。,公式サイトで最新情報を確認する;関連分野の演習に取り組む;用語解説で弱点を補強する,試験要項・制度改正時に本文と参照元を見直します。,2026-06-09,2026-07-09,2026-06-09,draft,カタログ取り込み（2026-06-09）。公開前に本文を全面リライトしてください。,制度変更の概要,本記事は現在執筆中です。公開時に、制度変更の概要について公式情報を確認したうえで受験者が迷いやすい点を整理します。制度の数値や期限は、試験実施団体の最新の受験案内で必ず確認してください。それまでの間は、同じカテゴリの他記事やこのサイトの過去問・用語解説を活用してください。,FP3級出題への影響,本記事は現在執筆中です。公開時に、FP3級出題への影響について公式情報を確認したうえで受験者が迷いやすい点を整理します。制度の数値や期限は、試験実施団体の最新の受験案内で必ず確認してください。それまでの間は、同じカテゴリの他記事やこのサイトの過去問・用語解説を活用してください。,学習で押さえるポイント,本記事は現在執筆中です。公開時に、学習で押さえるポイントについて公式情報を確認したうえで受験者が迷いやすい点を整理します。制度の数値や期限は、試験実施団体の最新の受験案内で必ず確認してください。それまでの間は、同じカテゴリの他記事やこのサイトの過去問・用語解説を活用してください。,公式情報の確認先,本記事は現在執筆中です。公開時に、公式情報の確認先について公式情報を確認したうえで受験者が迷いやすい点を整理します。制度の数値や期限は、試験実施団体の最新の受験案内で必ず確認してください。それまでの間は、同じカテゴリの他記事やこのサイトの過去問・用語解説を活用してください。,直前までの見直し方,本記事は現在執筆中です。公開時に、直前までの見直し方について公式情報を確認したうえで受験者が迷いやすい点を整理します。制度の数値や期限は、試験実施団体の最新の受験案内で必ず確認してください。それまでの間は、同じカテゴリの他記事やこのサイトの過去問・用語解説を活用してください。,,,,,最新の出題範囲改定（シラバス変更）の確認方法について最初に確認することは？,試験実施団体の公式サイトで最新の受験案内・出題範囲を確認してください。数値や期限は年度で変わることがあります。,このサイトではどう学習を進めればよいですか？,過去問・実践演習で弱点を見つけ、用語解説で理解を深め、間違えた問題は復習リストに残して解き直してください。,reform-fp3-2026-changes:2026年度のFP3級試験で変わったポイントまと;reform-new-nisa:新NISAの制度変更とFP3級出題への影響,
